{"q_values": {"(5, 12, 4, 4)": [817.5631103515625, 844.1271362304688, 864.4619140625, 829.6251831054688, 838.2882080078125, 850.3631591796875, 845.8283081054688, 813.9110107421875], "(5, 13, 4, 5)": [725.163818359375, 869.1117553710938, 791.5367431640625, 821.5346069335938, 776.85986328125, 808.1869506835938, 810.103515625, 732.4769287109375], "(5, 13, 5, 5)": [0.0, 0.0, 0.0, 0.41078948974609375, 586.2997436523438, 26.524917602539062, 0.0, 0.0], "(5, 14, 4, 5)": [116.70567321777344, 372.3172302246094, 7.4967217445373535, 137.42095947265625, 21.366714477539062, 302.82916259765625, 857.18603515625, 270.8750305175781], "(5, 10, 4, 4)": [867.6983032226562, 486.64886474609375, 485.6416015625, 405.5123291015625, 444.64569091796875, 515.6484375, 307.2379455566406, 497.6584167480469], "(5, 11, 4, 4)": [865.3479614257812, 809.2229614257812, 814.74755859375, 834.32275390625, 739.3760986328125, 833.3219604492188, 841.37744140625, 793.4662475585938], "(5, 13, 4, 4)": [749.9277954101562, 786.607177734375, 852.4312133789062, 837.989013671875, 849.2703247070312, 865.2152099609375, 850.2162475585938, 816.4915161132812], "(5, 11, 4, 3)": [592.26904296875, 801.5276489257812, 704.6038208007812, 747.6376342773438, 568.7890014648438, 653.6783447265625, 867.5521240234375, 679.42578125], "(5, 12, 4, 3)": [240.2476806640625, 128.08370971679688, 181.03341674804688, 195.35711669921875, 268.8788757324219, 111.53858947753906, 811.5267944335938, 103.0135269165039], "(5, 10, 4, 3)": [194.33065795898438, 197.4456787109375, 149.48248291015625, 298.20782470703125, 237.61233520507812, 366.40411376953125, 162.98333740234375, 863.7002563476562], "(4, 11, 4, 4)": [81.39701080322266, 11.047247886657715, 218.28683471679688, 7.957756996154785, 7.857123851776123, 164.39962768554688, 730.63232421875, 165.87168884277344], "(4, 11, 4, 3)": [83.75000762939453, 83.51609802246094, 601.7489624023438, 0.816382646560669, 8.073808670043945, 22.456331253051758, 4.265824794769287, 1.0722614526748657], "(4, 12, 4, 4)": [24.066253662109375, 19.91161346435547, 27.560667037963867, 20.546131134033203, 25.326204299926758, 32.333282470703125, 22.558155059814453, 671.01220703125], "(4, 12, 4, 5)": [0.0, 0.0, 0.0, 0.0, 0.0, 23.29142189025879, 250.98190307617188, 656.306884765625], "(4, 13, 4, 5)": [43.10701370239258, 284.0889587402344, 43.08613967895508, 143.6031036376953, 103.35160827636719, 242.99734497070312, 694.5171508789062, 218.23561096191406], "(5, 12, 4, 5)": [867.9857788085938, 257.84307861328125, 758.796630859375, 487.09185791015625, 531.8191528320312, 488.50872802734375, 364.93145751953125, 139.8200225830078], "(5, 14, 4, 4)": [417.496826171875, 554.1369018554688, 417.53802490234375, 865.4783325195312, 474.6644287109375, 370.4505920410156, 687.833251953125, 582.33154296875], "(6, 11, 4, 4)": [41.815635681152344, 109.07936096191406, 587.282958984375, 84.06929016113281, 105.77618408203125, 64.50799560546875, 67.65753173828125, 57.09465408325195], "(4, 13, 4, 4)": [23.169479370117188, 32.58722686767578, 35.24568557739258, 82.27456665039062, 125.86317443847656, 119.21846008300781, 0.9227875471115112, 625.8004150390625], "(5, 11, 5, 4)": [0.0, 105.3128433227539, 640.9613037109375, 98.71923065185547, 63.64429473876953, 0.0, 42.599918365478516, 0.0], "(6, 12, 4, 4)": [119.78324890136719, 198.7601318359375, 283.30279541015625, 302.46380615234375, 195.0147705078125, 616.9368286132812, 161.38302612304688, 193.929931640625], "(6, 11, 4, 3)": [347.70550537109375, 155.6881866455078, 59.58693313598633, 752.8682861328125, 160.0922393798828, 85.54051971435547, 120.23701477050781, 92.74568176269531], "(6, 13, 4, 5)": [5.078495502471924, 75.78941345214844, 234.16746520996094, 6.526162624359131, 163.5504150390625, 810.536865234375, 201.9591064453125, 105.67522430419922], "(5, 13, 3, 3)": [106.88673400878906, 0.0, 0.29012343287467957, 234.00479125976562, 500.7601318359375, 0.0, 0.0, 0.0], "(5, 13, 3, 4)": [0.3785175383090973, 0.0, 0.29230788350105286, 20.55292320251465, 0.0, 0.0, 0.0, 675.9251708984375], "(4, 10, 4, 3)": [0.0, 0.0, 0.0, 0.0, 0.0, 376.75872802734375, 0.0, 0.0], "(6, 13, 4, 4)": [388.05426025390625, 516.5393676757812, 178.6702423095703, 416.2674865722656, 794.0733032226562, 287.9578857421875, 157.99038696289062, 511.29034423828125], "(4, 14, 4, 5)": [0.0, 0.0, 0.0, 0.0, 0.0, 27.61720848083496, 0.0, 0.0], "(5, 11, 4, 5)": [0.0, 0.0, 0.0, 0.0, 369.77093505859375, 0.0, 0.0, 0.29413026571273804], "(6, 14, 4, 4)": [0.0, 0.0, 73.54801177978516, 0.0, 0.0, 0.0, 0.0, 599.2509765625], "(5, 12, 5, 5)": [0.0, 0.0, 0.0, 634.562255859375, 0.0, 0.0, 0.0, 0.2992541193962097], "(6, 10, 4, 3)": [336.1316223144531, 0.0, 53.6630973815918, 80.48828125, 194.94442749023438, 0.0, 85.67740631103516, 0.0], "(4, 12, 3, 4)": [0.0, 0.5574724078178406, 0.0, 0.0, 0.8674305081367493, 6.4832329750061035, 0.0, 0.0], "(4, 10, 4, 4)": [229.4869384765625, 0.0, 0.0, 0.0, 0.0, 0.0, 0.0, 0.0], "(5, 12, 5, 4)": [664.3781127929688, 0.0, 0.0, 0.0, 0.0, 0.0, 0.0, 0.0], "(6, 12, 5, 4)": [0.0, 0.0, 0.0, 0.0, 1.7124499082565308, 0.0, 0.0, 0.0], "(6, 13, 5, 5)": [0.0, 76.28560638427734, 0.0, 0.0, 0.0, 0.0, 0.0, 0.0], "(5, 12, 3, 4)": [0.8051849603652954, 0.0, 0.0, 0.0, 0.0, 353.73089599609375, 0.0, 0.0], "(5, 12, 3, 3)": [137.94447326660156, 0.0, 0.4796856939792633, 0.0, 0.0, 0.0, 0.44636350870132446, 0.45150119066238403], "(6, 11, 5, 4)": [19.00995635986328, 0.0, 0.0, 0.0, 0.0, 0.0, 0.0, 0.0], "(5, 11, 3, 3)": [26.95513153076172, 0.2622501254081726, 0.0, 0.0, 0.0, 470.423828125, 0.0, 0.0], "(5, 13, 4, 3)": [268.9491882324219, 0.0, 0.0, 0.0, 0.0, 0.0, 0.0, 0.0], "(4, 12, 3, 3)": [0.29754021763801575, 0.0, 0.0, 0.0, 0.0, 0.0, 136.46775817871094, 0.0], "(4, 12, 4, 3)": [0.0, 0.0, 0.0, 293.92547607421875, 0.0, 8.845072746276855, 0.0, 0.0], "(4, 12, 5, 5)": [14.917142868041992, 0.0, 0.0, 0.0, 0.0, 0.0, 0.0, 0.0], "(4, 13, 5, 5)": [0.0, 0.0, 0.0, 106.54823303222656, 0.0, 0.0, 0.0, 0.0], "(4, 11, 3, 3)": [152.68446350097656, 0.0, 0.0, 0.0, 0.0, 0.0, 0.0, 0.0], "(5, 11, 5, 5)": [161.71200561523438, 0.0, 0.0, 0.0, 0.0, 0.0, 0.0, 0.0], "(6, 14, 4, 5)": [796.8248901367188, 0.0, 0.0, 0.0, 0.0, 0.0, 0.0, 0.0], "(5, 10, 3, 3)": [168.6194305419922, 0.0, 0.0, 0.0, 0.0, 0.0, 0.0, 0.0], "(6, 12, 4, 5)": [407.3897705078125, 0.0, 0.0, 0.0, 0.0, 0.0, 0.0, 0.0], "(5, 13, 5, 4)": [185.25308227539062, 0.0, 0.0, 0.0, 0.0, 0.0, 0.0, 0.0], "(7, 12, 4, 4)": [0.7196316719055176, 0.0, 0.0, 0.0, 0.0, 0.0, 0.0, 0.0], "(7, 12, 4, 3)": [0.7129526138305664, 0.0, 0.0, 0.0, 0.0, 0.0, 0.0, 0.0], "(6, 12, 4, 3)": [141.1689453125, 0.0, 0.0, 0.0, 0.0, 0.0, 0.0, 0.0]}}