{"q_values": {"(4, 7, 2, 2)": [565.9005126953125, 573.432373046875, 575.009033203125, 573.8482055664062], "(4, 8, 2, 2)": [491.2247619628906, 572.01171875, 566.4752807617188, 565.8524169921875], "(4, 8, 2, 3)": [507.1678161621094, 540.3942260742188, 522.683837890625, 489.140380859375], "(4, 9, 2, 3)": [521.3966064453125, 551.4363403320312, 518.1947021484375, 522.5296020507812], "(4, 10, 2, 2)": [559.9878540039062, 561.876953125, 557.869384765625, 554.5723266601562], "(4, 11, 2, 3)": [559.9342651367188, 539.6736450195312, 547.3578491210938, 549.6405029296875], "(4, 4, 2, 2)": [560.361572265625, 567.1868896484375, 565.4779052734375, 398.1300048828125], "(4, 1, 2, 2)": [566.4207763671875, 566.660888671875, 568.9935302734375, 569.13720703125], "(4, 9, 2, 2)": [565.26953125, 565.3565673828125, 568.1649780273438, 565.8151245117188], "(4, 11, 2, 2)": [563.0121459960938, 565.4862060546875, 561.227294921875, 561.1895141601562], "(4, 3, 2, 2)": [565.9393310546875, 567.0596923828125, 566.8486328125, 567.1031494140625], "(4, 2, 2, 2)": [563.2080688476562, 562.7550659179688, 562.7802124023438, 563.5467529296875], "(4, 10, 2, 3)": [549.97509765625, 550.9500122070312, 537.5460815429688, 536.8710327148438], "(4, 5, 2, 2)": [552.3851928710938, 563.0516357421875, 563.46923828125, 565.0018920898438], "(4, 3, 2, 1)": [528.30322265625, 537.0709228515625, 549.8792114257812, 524.8883056640625], "(4, 2, 2, 1)": [549.5956420898438, 547.460693359375, 551.1478271484375, 549.3162231445312], "(4, 1, 2, 1)": [554.5419311523438, 549.4071044921875, 558.0388793945312, 553.23291015625], "(4, 4, 3, 2)": [0.0, 0.0, 17.37079620361328, 0.2963447570800781], "(4, 5, 3, 2)": [56.914405822753906, 0.8042778372764587, 169.42767333984375, 0.0], "(5, 5, 2, 2)": [124.36944580078125, 126.66294860839844, 125.75044250488281, 112.62838745117188], "(5, 4, 2, 2)": [132.1571807861328, 109.47228240966797, 106.49259948730469, 105.10797882080078], "(5, 4, 2, 1)": [52.829261779785156, 58.0129280090332, 22.046340942382812, 16.859926223754883], "(5, 3, 2, 2)": [122.1753158569336, 139.076904296875, 172.26136779785156, 185.04470825195312], "(5, 3, 2, 1)": [131.18588256835938, 189.89755249023438, 183.25259399414062, 54.38878631591797], "(5, 2, 2, 1)": [55.75285339355469, 318.03155517578125, 166.51898193359375, 225.04856872558594], "(5, 1, 2, 1)": [410.70440673828125, 359.54534912109375, 332.0408630371094, 365.0390930175781], "(4, 6, 2, 2)": [548.7713012695312, 549.4450073242188, 565.3779907226562, 569.4166259765625], "(4, 4, 2, 1)": [521.0344848632812, 479.4777526855469, 496.097900390625, 545.3255004882812], "(4, 6, 2, 1)": [323.2200927734375, 427.0834045410156, 429.57232666015625, 526.9678344726562], "(3, 5, 2, 1)": [18.88278579711914, 76.95591735839844, 78.99494934082031, 164.37005615234375], "(3, 5, 2, 2)": [360.81182861328125, 389.7431335449219, 371.2261047363281, 359.79730224609375], "(3, 4, 2, 2)": [322.2844543457031, 356.395263671875, 341.3271179199219, 333.50506591796875], "(3, 3, 2, 2)": [386.9320068359375, 369.3959045410156, 353.0445861816406, 358.1952819824219], "(4, 5, 2, 1)": [487.7429504394531, 437.5399475097656, 496.20465087890625, 515.5100708007812], "(5, 9, 2, 2)": [315.9632568359375, 314.0688171386719, 387.687744140625, 299.80609130859375], "(5, 10, 2, 2)": [342.70672607421875, 391.8870849609375, 303.665771484375, 397.7486267089844], "(5, 11, 2, 2)": [469.2909851074219, 479.1258544921875, 431.12591552734375, 502.7065124511719], "(5, 11, 2, 3)": [456.3542785644531, 461.6151123046875, 383.30889892578125, 482.1033020019531], "(3, 10, 2, 2)": [325.4406433105469, 324.9325256347656, 386.49468994140625, 368.82647705078125], "(3, 11, 2, 2)": [394.9451599121094, 420.6944885253906, 457.208984375, 419.4656677246094], "(3, 11, 2, 3)": [478.38275146484375, 405.6483154296875, 416.68231201171875, 405.6463317871094], "(3, 2, 2, 1)": [290.3573913574219, 465.5400390625, 335.9525451660156, 430.13720703125], "(3, 1, 2, 1)": [539.1015014648438, 492.3375244140625, 504.12286376953125, 402.5663146972656], "(5, 6, 2, 2)": [106.96553039550781, 175.14402770996094, 148.5830535888672, 145.99606323242188], "(5, 7, 2, 2)": [280.8090515136719, 269.0766906738281, 305.79815673828125, 228.4797821044922], "(5, 8, 2, 2)": [266.0313415527344, 366.62872314453125, 268.4500732421875, 251.3711700439453], "(3, 3, 2, 1)": [181.529541015625, 153.9008331298828, 225.884521484375, 133.65805053710938], "(3, 2, 2, 2)": [421.4707946777344, 446.3603515625, 351.1365051269531, 383.4874267578125], "(3, 1, 2, 2)": [439.4458923339844, 401.6083679199219, 480.6326599121094, 428.8945007324219], "(4, 7, 2, 3)": [531.3472900390625, 442.15386962890625, 415.77593994140625, 389.5048522949219], "(4, 6, 2, 3)": [457.1690979003906, 311.2227783203125, 348.5775451660156, 399.99566650390625], "(5, 2, 2, 2)": [351.80975341796875, 278.83074951171875, 289.7317199707031, 236.8281707763672], "(5, 1, 2, 2)": [410.3977355957031, 347.7434387207031, 325.6092224121094, 372.6474609375], "(4, 1, 1, 1)": [0.25210437178611755, 5.429313659667969, 0.0, 9.75973892211914], "(3, 7, 2, 2)": [236.26504516601562, 298.8016357421875, 286.02880859375, 296.3858337402344], "(3, 6, 2, 2)": [305.7616271972656, 318.125244140625, 324.9751281738281, 319.00927734375], "(3, 7, 2, 3)": [0.2942289113998413, 93.72003173828125, 106.8709945678711, 177.8834228515625], "(3, 8, 2, 2)": [262.14410400390625, 242.9602508544922, 248.29676818847656, 256.47222900390625], "(4, 5, 2, 3)": [431.735107421875, 257.84765625, 231.6290740966797, 160.18798828125], "(5, 7, 2, 3)": [1.8727482557296753, 30.567346572875977, 45.36066436767578, 17.22482681274414], "(5, 9, 2, 3)": [245.15933227539062, 244.30816650390625, 296.9743957519531, 219.2164306640625], "(5, 10, 2, 3)": [325.0509948730469, 400.4975891113281, 331.04046630859375, 410.0506591796875], "(4, 8, 2, 1)": [0.0, 0.502674400806427, 223.56832885742188, 0.0], "(4, 7, 2, 1)": [234.0098419189453, 332.3355712890625, 389.6629333496094, 316.07666015625], "(3, 7, 2, 1)": [26.318790435791016, 0.0, 109.74894714355469, 50.967586517333984], "(3, 6, 2, 1)": [1.1921865940093994, 33.16288757324219, 1.0731793642044067, 1.513424038887024], "(3, 4, 2, 1)": [63.46796798706055, 63.4852409362793, 204.03543090820312, 204.59375], "(4, 2, 1, 1)": [1.8911234140396118, 0.0, 0.0, 144.67945861816406], "(3, 9, 2, 2)": [258.3790283203125, 217.11170959472656, 308.7275085449219, 215.3614501953125], "(4, 9, 3, 3)": [0.0, 0.0, 96.65620422363281, 0.0], "(5, 7, 2, 1)": [0.0, 0.2999727129936218, 0.0, 0.0], "(5, 6, 2, 1)": [0.0, 138.45193481445312, 1.6717110872268677, 7.383948802947998], "(5, 5, 2, 1)": [0.9062999486923218, 15.28024959564209, 51.41321563720703, 27.297216415405273], "(3, 10, 2, 3)": [325.9486083984375, 229.63377380371094, 219.16177368164062, 241.212890625], "(4, 7, 1, 2)": [0.0, 156.66885375976562, 0.0, 26.455190658569336], "(5, 8, 2, 3)": [179.56900024414062, 56.726951599121094, 24.279327392578125, 112.0029067993164], "(5, 4, 2, 3)": [0.0, 0.0, 0.0, 0.29761838912963867], "(5, 5, 2, 3)": [0.0, 0.0, 0.0, 0.5093917846679688], "(5, 6, 2, 3)": [0.0, 43.29901885986328, 0.0, 0.0], "(4, 8, 1, 2)": [0.0, 0.0, 148.39144897460938, 45.651588439941406], "(3, 9, 2, 3)": [265.45361328125, 241.63511657714844, 82.1607894897461, 91.55680847167969], "(5, 4, 3, 2)": [0.0, 0.0, 36.769866943359375, 0.3839492201805115], "(5, 5, 3, 2)": [0.0, 38.99137878417969, 21.702131271362305, 0.0], "(4, 11, 3, 3)": [98.69900512695312, 0.0, 65.29895782470703, 19.842451095581055], "(4, 7, 3, 3)": [0.0, 173.85986328125, 0.0, 0.0], "(3, 6, 1, 2)": [0.29982054233551025, 0.0, 0.0, 0.0], "(3, 6, 1, 1)": [0.0, 0.0, 0.0, 17.352617263793945], "(3, 5, 2, 3)": [0.0, 16.213441848754883, 0.0, 0.0], "(3, 8, 2, 3)": [99.8841781616211, 270.03485107421875, 34.24943542480469, 109.40910339355469], "(4, 9, 2, 1)": [0.0, 0.0, 174.05323791503906, 131.55894470214844], "(3, 8, 2, 1)": [0.5470467805862427, 0.0, 0.0, 0.0], "(4, 4, 2, 3)": [261.185791015625, 237.86477661132812, 235.22158813476562, 153.748779296875],