{"q_values": {"(2, 5, 2, 2)": [15.552081108093262, 15.718459129333496, 15.19345474243164, 15.283367156982422, 14.971070289611816], "(2, 6, 2, 2)": [13.777815818786621, 13.867510795593262, 13.418031692504883, 13.404809951782227, 12.940750122070312], "(2, 7, 2, 2)": [11.735673904418945, 11.51174545288086, 12.040294647216797, 11.62234878540039, 11.548848152160645], "(2, 3, 2, 2)": [17.818363189697266, 18.288562774658203, 18.195253372192383, 18.39850425720215, 18.326921463012695], "(2, 1, 2, 2)": [12.458137512207031, 12.960908889770508, 12.890564918518066, 12.935050964355469, 13.20943832397461], "(2, 2, 2, 2)": [16.43267822265625, 16.01370620727539, 15.974175453186035, 17.019197463989258, 16.513105392456055], "(2, 4, 2, 2)": [17.84392547607422, 18.31129264831543, 18.088388442993164, 17.940336227416992, 17.495220184326172], "(2, 6, 2, 3)": [2.140730381011963, 0.09369480609893799, 1.1838054656982422, 0.2835604250431061, 0.2346934974193573], "(2, 2, 2, 1)": [0.3453935980796814, 0.23221640288829803, 0.8259332180023193, 1.2168134450912476, 1.232744574546814], "(2, 1, 2, 1)": [0.6478691697120667, 2.013836622238159, 1.1912506818771362, 1.3701683282852173, 0.9581312537193298], "(2, 3, 2, 3)": [0.0, 0.0, 0.46920204162597656, 0.032436881214380264, 0.08449937403202057], "(2, 4, 2, 3)": [1.1828176975250244, 0.7886239290237427, 0.7994548678398132, 0.1034376472234726, 0.08233924210071564], "(2, 7, 2, 3)": [0.7158759832382202, 0.9073826670646667, 0.8465450406074524, 0.4610522985458374, 0.8227035999298096], "(2, 5, 2, 3)": [0.35962167382240295, 2.496847629547119, 0.4598390460014343, 0.161983460187912, 0.22443537414073944], "(2, 3, 2, 1)": [0.29734426736831665, 0.06735312938690186, 0.8821067810058594, 0.9090659618377686, 1.4711730480194092], "(1, 3, 2, 2)": [0.03237195312976837, 0.05994576960802078, 0.11503873765468597, 0.0, 0.06375851482152939], "(1, 2, 2, 2)": [0.09306858479976654, 0.05834776908159256, 0.12338942289352417, 0.12400844693183899, 0.16909128427505493], "(1, 4, 2, 2)": [0.0298090148717165, 0.03088744916021824, 0.0, 0.030841687694191933, 0.029994836077094078], "(1, 5, 2, 2)": [0.0, 0.028563519939780235, 0.03030121885240078, 0.0, 0.05870961397886276], "(1, 6, 2, 2)": [0.0, 0.0, 0.02715231664478779, 0.0, 0.02794872410595417], "(1, 7, 2, 2)": [0.026468448340892792, 0.022011570632457733, 0.025889473035931587, 0.0, 0.0], "(2, 2, 1, 1)": [0.0, 0.027112895622849464, 0.0, 0.0, 0.0], "(2, 1, 1, 1)": [0.0, 0.43154165148735046, 0.030107084661722183, 0.0, 0.0], "(2, 7, 3, 3)": [0.0, 0.05776429548859596, 0.1415756642818451, 0.2571549117565155, 0.02698582224547863], "(2, 4, 2, 1)": [0.0707380399107933, 0.0, 0.8729534149169922, 0.42049193382263184, 0.30191925168037415], "(3, 7, 2, 2)": [0.13570533692836761, 0.026425398886203766, 0.059909507632255554, 0.0, 0.31456756591796875], "(2, 5, 2, 1)": [0.0, 0.0, 0.2606073021888733, 0.0, 0.8393313884735107], "(2, 4, 1, 1)": [0.0, 0.0, 0.0, 0.27462631464004517, 0.0], "(1, 1, 2, 2)": [0.05774585157632828, 0.17991919815540314, 0.08555217832326889, 0.3587471544742584, 0.05755504220724106], "(3, 3, 2, 2)": [0.031427014619112015, 0.09137001633644104, 0.02900800295174122, 0.0, 0.05941818654537201], "(3, 2, 2, 2)": [0.02854262664914131, 0.02929040417075157, 0.0, 0.05524873733520508, 0.02872534655034542], "(3, 1, 2, 2)": [0.0, 0.05224895477294922, 0.0, 0.0, 0.1395261287689209], "(2, 6, 3, 3)": [0.0, 0.0, 0.04206636920571327, 0.0, 0.028548723086714745], "(3, 6, 2, 2)": [0.0, 0.0, 0.056039199233055115, 0.031321920454502106, 0.0]}}