{"q_values": {"(2, 5, 2, 2)": [45.709930419921875, 46.69993591308594, 46.041542053222656, 45.85001754760742, 45.27429962158203], "(2, 6, 2, 2)": [42.74394607543945, 43.108306884765625, 43.240482330322266, 42.27017593383789, 42.03797912597656], "(2, 7, 2, 2)": [40.34049606323242, 39.632999420166016, 39.355159759521484, 40.08097839355469, 39.48984909057617], "(2, 3, 2, 2)": [46.472137451171875, 47.24000930786133, 47.14653778076172, 47.50555419921875, 47.64263153076172], "(2, 1, 2, 2)": [40.750701904296875, 40.6606559753418, 40.51987838745117, 41.16759490966797, 40.88594436645508], "(2, 2, 2, 2)": [42.95540237426758, 44.451961517333984, 43.8736457824707, 44.76056671142578, 44.40314483642578], "(2, 4, 2, 2)": [48.25141143798828, 48.06208419799805, 47.8494873046875, 48.27972412109375, 45.90388107299805], "(2, 6, 2, 3)": [8.149934768676758, 5.601277828216553, 5.168956279754639, 2.6072592735290527, 1.3995048999786377], "(2, 2, 2, 1)": [1.531819462776184, 3.263054847717285, 6.18900728225708, 10.766487121582031, 9.276305198669434], "(2, 1, 2, 1)": [4.105375289916992, 9.3746337890625, 6.95041561126709, 12.73818588256836, 10.172530174255371], "(2, 3, 2, 3)": [1.039153814315796, 0.0, 0.5520365238189697, 0.17084389925003052, 0.21891337633132935], "(2, 4, 2, 3)": [6.438608169555664, 3.385981321334839, 2.6317849159240723, 0.6803709864616394, 0.5417654514312744], "(2, 7, 2, 3)": [9.996869087219238, 9.524770736694336, 5.872106552124023, 8.018750190734863, 7.121580600738525], "(2, 5, 2, 3)": [5.4535369873046875, 8.574858665466309, 2.1075241565704346, 1.0508943796157837, 1.0407288074493408], "(2, 3, 2, 1)": [1.164896845817566, 1.614328145980835, 3.990436553955078, 5.4455084800720215, 6.940101623535156], "(1, 3, 2, 2)": [0.3505230247974396, 0.4285127520561218, 0.34079036116600037, 0.31017839908599854, 0.36976560950279236], "(1, 2, 2, 2)": [0.2619498372077942, 0.2409517914056778, 0.19548487663269043, 0.29466208815574646, 0.3931884765625], "(1, 4, 2, 2)": [0.43972140550613403, 0.09644158184528351, 0.31870895624160767, 0.1349833607673645, 1.649765968322754], "(1, 5, 2, 2)": [0.15030032396316528, 0.06410548835992813, 0.06278898566961288, 0.06384299695491791, 0.11506765335798264], "(1, 6, 2, 2)": [0.03110424056649208, 0.0, 0.11243961751461029, 0.03069976344704628, 0.08443348109722137], "(1, 7, 2, 2)": [0.10358722507953644, 1.0058917999267578, 0.8218286037445068, 0.055757440626621246, 0.02785510942339897], "(2, 2, 1, 1)": [0.0, 0.027112895622849464, 0.0, 0.18569433689117432, 0.0], "(2, 1, 1, 1)": [0.0, 1.5863369703292847, 0.030107084661722183, 0.0, 0.0], "(2, 7, 3, 3)": [0.0, 0.05776429548859596, 0.1415756642818451, 0.2571549117565155, 0.02698582224547863], "(2, 4, 2, 1)": [0.5686455965042114, 0.1212521493434906, 3.1220602989196777, 3.8254950046539307, 7.66834020614624], "(3, 7, 2, 2)": [0.23357167840003967, 0.08028365671634674, 0.16224715113639832, 2.0796051025390625, 0.9763550162315369], "(2, 5, 2, 1)": [0.08282316476106644, 0.12114623934030533, 0.4749678671360016, 1.395713448524475, 0.8393313884735107], "(2, 4, 1, 1)": [0.0, 0.0, 0.0, 0.27462631464004517, 0.0], "(1, 1, 2, 2)": [0.912964403629303, 2.520625114440918, 1.6431634426116943, 0.8059766292572021, 1.5533559322357178], "(3, 3, 2, 2)": [0.3442489206790924, 0.34291917085647583, 0.22949717938899994, 0.41799360513687134, 0.4082474708557129], "(3, 2, 2, 2)": [0.09082020074129105, 0.058674752712249756, 0.09438984096050262, 0.1961231529712677, 0.09898647665977478], "(3, 1, 2, 2)": [0.47081196308135986, 0.05224895477294922, 0.09707868099212646, 0.7941216230392456, 0.6077009439468384], "(2, 6, 3, 3)": [0.0, 0.0, 0.04206636920571327, 0.0, 0.028548723086714745], "(3, 6, 2, 2)": [0.0, 0.05788857489824295, 0.056039199233055115, 0.0846005529165268, 0.028098978102207184], "(3, 5, 2, 2)": [0.030487850308418274, 0.06105691194534302, 0.0873577892780304, 0.062337540090084076, 0.032284703105688095], "(3, 4, 2, 2)": [0.22531715035438538, 0.2196331024169922, 0.27378782629966736, 0.12929514050483704, 0.22191914916038513], "(3, 2, 2, 1)": [0.1850464940071106, 0.0, 0.0, 0.07696384191513062, 0.0], "(3, 3, 2, 1)": [0.03402762860059738, 0.0, 0.0, 0.0, 0.0], "(1, 5, 2, 3)": [0.0, 0.0, 0.02904522605240345, 0.0, 0.028267191722989082], "(1, 6, 2, 3)": [0.0, 0.0, 0.02719924785196781, 0.0, 0.0], "(1, 7, 2, 3)": [0.05551398545503616, 0.0, 0.0, 0.0, 0.0], "(2, 2, 2, 3)": [0.0, 1.1963582038879395, 0.0, 0.0, 0.0], "(3, 6, 2, 3)": [0.0, 0.0, 0.0, 0.027122829109430313, 0.0], "(3, 7, 2, 3)": [0.0, 0.0, 0.0, 0.0, 0.025836193934082985], "(3, 7, 3, 3)": [0.0, 0.0, 1.2083364725112915, 0.0, 0.0]}}