{"q_values": {"(2, 5, 2, 2)": [102.35901641845703, 102.56706237792969, 102.9281005859375, 100.77898406982422, 102.02754211425781], "(2, 6, 2, 2)": [98.56373596191406, 99.69706726074219, 98.63279724121094, 97.7158203125, 97.04608154296875], "(2, 7, 2, 2)": [96.86774444580078, 96.75409698486328, 97.54606628417969, 95.82598876953125, 95.36534118652344], "(2, 3, 2, 2)": [103.19242095947266, 103.64677429199219, 104.26573181152344, 104.37194061279297, 103.29662322998047], "(2, 1, 2, 2)": [94.78157043457031, 97.40962982177734, 97.3751220703125, 97.33485412597656, 97.7169189453125], "(2, 2, 2, 2)": [98.70423126220703, 98.38666534423828, 96.30514526367188, 99.78363037109375, 99.81194305419922], "(2, 4, 2, 2)": [104.2582778930664, 105.4110107421875, 105.72234344482422, 105.5090103149414, 104.07128143310547], "(2, 6, 2, 3)": [50.5172004699707, 32.9996452331543, 16.67588996887207, 15.144514083862305, 12.042771339416504], "(2, 2, 2, 1)": [15.062737464904785, 13.158109664916992, 29.422372817993164, 43.85667419433594, 54.74384307861328], "(2, 1, 2, 1)": [30.839351654052734, 32.32868194580078, 42.51417541503906, 51.05806350708008, 41.4011344909668], "(2, 3, 2, 3)": [4.09667444229126, 5.947934150695801, 2.520867347717285, 0.5471572875976562, 0.4756007790565491], "(2, 4, 2, 3)": [31.57526206970215, 17.83673858642578, 10.034074783325195, 4.882601737976074, 1.6755595207214355], "(2, 7, 2, 3)": [46.72243881225586, 51.852821350097656, 30.90338134765625, 30.35881233215332, 32.447715759277344], "(2, 5, 2, 3)": [22.480913162231445, 37.486793518066406, 10.961562156677246, 9.900866508483887, 10.000561714172363], "(2, 3, 2, 1)": [11.570884704589844, 14.440619468688965, 21.05367088317871, 22.680191040039062, 38.953887939453125], "(1, 3, 2, 2)": [1.0150325298309326, 0.8013079166412354, 1.0314494371414185, 0.6005451679229736, 0.8067885637283325], "(1, 2, 2, 2)": [0.7339991927146912, 0.5074823498725891, 0.7361646890640259, 0.6265977621078491, 0.7955493927001953], "(1, 4, 2, 2)": [0.6372720003128052, 0.7641780376434326, 0.9829975366592407, 0.6780588030815125, 1.9077092409133911], "(1, 5, 2, 2)": [0.531173050403595, 0.35419854521751404, 0.4301215708255768, 0.34220895171165466, 0.25404664874076843], "(1, 6, 2, 2)": [0.18246117234230042, 0.24583488702774048, 0.22484718263149261, 0.36209967732429504, 0.3195189833641052], "(1, 7, 2, 2)": [1.3043855428695679, 1.120646595954895, 5.5791826248168945, 1.7696928977966309, 0.09117370843887329], "(2, 2, 1, 1)": [0.0, 0.10020878165960312, 0.0, 1.7267414331436157, 0.0], "(2, 1, 1, 1)": [0.0, 3.4409642219543457, 0.030107084661722183, 1.3627827167510986, 0.0], "(2, 7, 3, 3)": [0.0, 0.6914678812026978, 3.04805326461792, 0.2571549117565155, 0.07240787893533707], "(2, 4, 2, 1)": [4.5131425857543945, 3.6290366649627686, 17.54336166381836, 14.673830032348633, 25.568477630615234], "(3, 7, 2, 2)": [2.0034372806549072, 2.855268955230713, 3.590006113052368, 7.141504287719727, 10.612109184265137], "(2, 5, 2, 1)": [0.08282316476106644, 1.0065871477127075, 4.9424357414245605, 11.779308319091797, 10.975191116333008], "(2, 4, 1, 1)": [0.0, 0.0, 0.0, 0.27462631464004517, 0.0], "(1, 1, 2, 2)": [2.756057024002075, 7.128128528594971, 3.6173791885375977, 1.3653150796890259, 1.757682204246521], "(3, 3, 2, 2)": [0.6869981288909912, 0.5557790398597717, 0.4189983308315277, 0.5851276516914368, 0.8145120143890381], "(3, 2, 2, 2)": [0.42612242698669434, 0.25813448429107666, 0.7882623076438904, 0.4579341411590576, 3.1981287002563477], "(3, 1, 2, 2)": [2.423586368560791, 3.8267452716827393, 3.6419076919555664, 6.291084289550781, 1.6710554361343384], "(2, 6, 3, 3)": [3.555499315261841, 0.0, 0.04206636920571327, 0.0, 0.028548723086714745], "(3, 6, 2, 2)": [0.9438689947128296, 0.6694381833076477, 1.389076828956604, 1.424734354019165, 0.6639593839645386], "(3, 5, 2, 2)": [0.7331374883651733, 0.6661692261695862, 0.9319965839385986, 0.7764666080474854, 0.6946558952331543], "(3, 4, 2, 2)": [0.38689035177230835, 0.619404673576355, 0.8871918320655823, 0.49455589056015015, 0.5706034302711487], "(3, 2, 2, 1)": [0.1850464940071106, 0.0, 0.026972761377692223, 0.07696384191513062, 0.0], "(3, 3, 2, 1)": [0.8156927824020386, 0.0, 0.0, 0.0, 0.0], "(1, 5, 2, 3)": [0.0, 0.0, 0.02904522605240345, 0.0, 0.028267191722989082], "(1, 6, 2, 3)": [0.0, 0.035319190472364426, 0.09176702797412872, 0.0, 0.028125043958425522], "(1, 7, 2, 3)": [0.16905412077903748, 0.0, 0.0, 2.3841440677642822, 0.0], "(2, 2, 2, 3)": [0.0, 1.1963582038879395, 0.0, 0.0, 0.0], "(3, 6, 2, 3)": [0.0, 0.0, 0.0, 0.027122829109430313, 0.0], "(3, 7, 2, 3)": [0.0, 0.0, 0.0, 0.0, 0.025836193934082985], "(3, 7, 3, 3)": [0.0, 0.0, 1.2083364725112915, 0.0, 0.0], "(2, 6, 2, 1)": [0.6556119918823242, 0.09890739619731903, 0.0, 0.0, 0.0], "(1, 1, 2, 1)": [0.0, 3.295747756958008, 0.0726991593837738, 0.0, 1.8950012922286987], "(3, 5, 3, 2)": [0.0341029092669487, 0.0, 0.0, 0.0, 0.0], "(3, 5, 2, 1)": [0.0, 0.35878854990005493, 0.0, 0.0, 0.0], "(2, 3, 1, 1)": [0.0, 0.0, 0.9743215441703796, 0.9465529322624207, 0.0], "(3, 4, 2, 3)": [0.0, 0.03956315293908119, 0.0, 0.0, 0.0], "(3, 4, 3, 3)": [0.05014127492904663, 0.0, 0.0, 0.0, 0.0], "(3, 1, 2, 1)": [0.0, 0.0, 0.0, 0.0, 2.823518753051758]}}