{"q_values": {"(2, 5, 2, 2)": [2.4200541973114014, 2.037189245223999, 2.48323655128479, 2.521610736846924, 2.4312965869903564], "(2, 6, 2, 2)": [2.25156831741333, 2.4759957790374756, 2.4018943309783936, 2.387265682220459, 2.5048043727874756], "(2, 7, 2, 2)": [1.5460172891616821, 1.7287384271621704, 1.766424298286438, 1.40748131275177, 1.1710035800933838], "(2, 3, 2, 2)": [2.5179522037506104, 2.793097734451294, 2.924355983734131, 2.9858765602111816, 2.7326881885528564], "(2, 1, 2, 2)": [1.4405477046966553, 1.4822516441345215, 1.5494136810302734, 1.2997568845748901, 1.4244130849838257], "(2, 2, 2, 2)": [1.9362138509750366, 2.0635435581207275, 2.069187879562378, 1.861757516860962, 1.870517373085022], "(2, 4, 2, 2)": [2.7941224575042725, 2.5373048782348633, 2.7261362075805664, 2.5811707973480225, 2.3666818141937256], "(2, 6, 2, 3)": [0.15352880954742432, 0.09369480609893799, 0.11796265840530396, 0.09343647211790085, 0.030564721673727036], "(2, 2, 2, 1)": [0.056219663470983505, 0.08485645055770874, 0.027122413739562035, 0.05416405573487282, 0.08631445467472076], "(2, 1, 2, 1)": [0.01270944345742464, -0.005799051374197006, 0.01606867089867592, 0.04064575955271721, 0.14956414699554443], "(2, 3, 2, 3)": [0.0, 0.0, 0.029986724257469177, 0.032436881214380264, 0.0], "(2, 4, 2, 3)": [0.08161292225122452, 0.03955402597784996, 0.0, 0.03240720182657242, 0.03230297565460205], "(2, 7, 2, 3)": [0.15083274245262146, 0.06736397743225098, 0.0010687224566936493, 0.0260331891477108, 0.03139845281839371], "(2, 5, 2, 3)": [0.0, 0.08693847805261612, 0.06387467682361603, 0.06048983335494995, 0.03357153758406639], "(2, 3, 2, 1)": [0.0, 0.0292651429772377, 0.03123447671532631, 0.08701244741678238, 0.0], "(1, 3, 2, 2)": [0.03237195312976837, 0.05994576960802078, 0.11503873765468597, 0.0, 0.06375851482152939], "(1, 2, 2, 2)": [0.062440983951091766, 0.03231523558497429, 0.09375461935997009, 0.06349636614322662, 0.14120541512966156], "(1, 4, 2, 2)": [0.0298090148717165, 0.03088744916021824, 0.0, 0.030841687694191933, 0.029994836077094078], "(1, 5, 2, 2)": [0.0, 0.028563519939780235, 0.03030121885240078, 0.0, 0.05870961397886276], "(1, 6, 2, 2)": [0.0, 0.0, 0.02715231664478779, 0.0, 0.02794872410595417], "(1, 7, 2, 2)": [0.026468448340892792, 0.022011570632457733, 0.025889473035931587, 0.0, 0.0]}}