{"q_values": {"(2, 5, 2, 2)": [21.306289672851562, 21.263160705566406, 21.555578231811523, 21.197900772094727, 21.105783462524414], "(2, 6, 2, 2)": [19.77638053894043, 19.747222900390625, 19.692136764526367, 19.59372329711914, 19.18484878540039], "(2, 7, 2, 2)": [18.428728103637695, 18.238765716552734, 17.84944725036621, 17.923503875732422, 17.6292724609375], "(2, 3, 2, 2)": [23.09929847717285, 23.335628509521484, 23.246397018432617, 23.56990623474121, 23.201980590820312], "(2, 1, 2, 2)": [17.014270782470703, 17.239179611206055, 17.636144638061523, 17.63204574584961, 17.738149642944336], "(2, 2, 2, 2)": [20.95589256286621, 21.400239944458008, 21.20576286315918, 21.64507484436035, 21.659259796142578], "(2, 4, 2, 2)": [23.26116943359375, 23.55696678161621, 23.59292984008789, 23.41843032836914, 23.452964782714844], "(2, 6, 2, 3)": [2.968494415283203, 0.1950676143169403, 1.1838054656982422, 0.36691969633102417, 0.30977755784988403], "(2, 2, 2, 1)": [0.3453935980796814, 0.4052528142929077, 0.8259332180023193, 3.3319196701049805, 2.2526047229766846], "(2, 1, 2, 1)": [1.8143320083618164, 2.5382893085479736, 2.6056621074676514, 2.791222333908081, 1.4146980047225952], "(2, 3, 2, 3)": [0.0, 0.0, 0.46920204162597656, 0.032436881214380264, 0.08449937403202057], "(2, 4, 2, 3)": [1.1828176975250244, 0.7886239290237427, 0.7994548678398132, 0.20502802729606628, 0.08233924210071564], "(2, 7, 2, 3)": [1.577844262123108, 1.8991377353668213, 1.862764835357666, 1.0102885961532593, 1.6476765871047974], "(2, 5, 2, 3)": [0.8992400169372559, 3.059134006500244, 0.4598390460014343, 0.161983460187912, 0.3227311372756958], "(2, 3, 2, 1)": [0.36169153451919556, 0.2494499385356903, 0.9934276342391968, 2.057760000228882, 2.6724448204040527], "(1, 3, 2, 2)": [0.03237195312976837, 0.05994576960802078, 0.11503873765468597, 0.0, 0.06375851482152939], "(1, 2, 2, 2)": [0.09306858479976654, 0.05834776908159256, 0.12338942289352417, 0.12400844693183899, 0.16909128427505493], "(1, 4, 2, 2)": [0.0298090148717165, 0.03088744916021824, 0.0, 0.030841687694191933, 0.029994836077094078], "(1, 5, 2, 2)": [0.0, 0.028563519939780235, 0.03030121885240078, 0.0, 0.05870961397886276], "(1, 6, 2, 2)": [0.0, 0.0, 0.02715231664478779, 0.0, 0.02794872410595417], "(1, 7, 2, 2)": [0.026468448340892792, 0.022011570632457733, 0.025889473035931587, 0.0, 0.0], "(2, 2, 1, 1)": [0.0, 0.027112895622849464, 0.0, 0.0, 0.0], "(2, 1, 1, 1)": [0.0, 0.43154165148735046, 0.030107084661722183, 0.0, 0.0], "(2, 7, 3, 3)": [0.0, 0.05776429548859596, 0.1415756642818451, 0.2571549117565155, 0.02698582224547863], "(2, 4, 2, 1)": [0.0707380399107933, 0.0, 0.8729534149169922, 1.0057215690612793, 0.30191925168037415], "(3, 7, 2, 2)": [0.13570533692836761, 0.026425398886203766, 0.059909507632255554, 0.0, 0.31456756591796875], "(2, 5, 2, 1)": [0.0, 0.0, 0.2606073021888733, 0.0, 0.8393313884735107], "(2, 4, 1, 1)": [0.0, 0.0, 0.0, 0.27462631464004517, 0.0], "(1, 1, 2, 2)": [0.05774585157632828, 0.17991919815540314, 0.08555217832326889, 0.3587471544742584, 0.05755504220724106], "(3, 3, 2, 2)": [0.18430328369140625, 0.18068012595176697, 0.09536192566156387, 0.06530633568763733, 0.12124989926815033], "(3, 2, 2, 2)": [0.09082020074129105, 0.058674752712249756, 0.09438984096050262, 0.1961231529712677, 0.09898647665977478], "(3, 1, 2, 2)": [0.47081196308135986, 0.05224895477294922, 0.09707868099212646, 0.0765293687582016, 0.6077009439468384], "(2, 6, 3, 3)": [0.0, 0.0, 0.04206636920571327, 0.0, 0.028548723086714745], "(3, 6, 2, 2)": [0.0, 0.0, 0.056039199233055115, 0.031321920454502106, 0.0]}}