{"q_values": {"(2, 5, 2, 2)": [56.196067810058594, 58.781761169433594, 58.68618392944336, 58.46186447143555, 58.259220123291016], "(2, 6, 2, 2)": [55.63322448730469, 55.42265319824219, 55.30880355834961, 54.003440856933594, 55.15484619140625], "(2, 7, 2, 2)": [53.020042419433594, 52.88845443725586, 52.62224578857422, 52.626277923583984, 51.575809478759766], "(2, 3, 2, 2)": [55.778282165527344, 58.03667068481445, 58.14857482910156, 57.82255554199219, 57.953582763671875], "(2, 1, 2, 2)": [52.50945281982422, 52.27100372314453, 52.68545913696289, 52.709659576416016, 53.24143600463867], "(2, 2, 2, 2)": [54.11821365356445, 55.14818572998047, 54.31477355957031, 55.16022491455078, 55.74204635620117], "(2, 4, 2, 2)": [59.647071838378906, 58.713871002197266, 59.65350341796875, 60.20539093017578, 59.326812744140625], "(2, 6, 2, 3)": [16.340240478515625, 10.72901439666748, 6.051624298095703, 3.9860541820526123, 3.03633451461792], "(2, 2, 2, 1)": [3.313042163848877, 4.745094299316406, 10.916248321533203, 16.65174674987793, 16.099515914916992], "(2, 1, 2, 1)": [9.355724334716797, 13.354844093322754, 12.193988800048828, 15.877861022949219, 14.155830383300781], "(2, 3, 2, 3)": [1.039153814315796, 1.543266773223877, 0.5520365238189697, 0.17084389925003052, 0.4756007790565491], "(2, 4, 2, 3)": [7.775167465209961, 4.836563587188721, 4.1205573081970215, 1.92023503780365, 0.5417654514312744], "(2, 7, 2, 3)": [13.131404876708984, 19.25395393371582, 9.848128318786621, 12.799882888793945, 10.707784652709961], "(2, 5, 2, 3)": [12.028183937072754, 14.353869438171387, 4.774602890014648, 2.2406015396118164, 2.073573350906372], "(2, 3, 2, 1)": [2.9557502269744873, 3.7012579441070557, 5.863440990447998, 13.276102066040039, 11.136292457580566], "(1, 3, 2, 2)": [0.3843967020511627, 0.4285127520561218, 0.34079036116600037, 0.3427889347076416, 0.36976560950279236], "(1, 2, 2, 2)": [0.4284763038158417, 0.2409517914056778, 0.4961946904659271, 0.4282160997390747, 0.5119485855102539], "(1, 4, 2, 2)": [0.43972140550613403, 0.09644158184528351, 0.31870895624160767, 0.24019911885261536, 1.679690957069397], "(1, 5, 2, 2)": [0.2673240005970001, 0.09802493453025818, 0.1614760458469391, 0.20438089966773987, 0.11506765335798264], "(1, 6, 2, 2)": [0.18246117234230042, 0.24583488702774048, 0.22484718263149261, 0.2500620186328888, 0.2283288985490799], "(1, 7, 2, 2)": [1.3043855428695679, 1.0748647451400757, 0.8535882830619812, 1.7696928977966309, 0.09117370843887329], "(2, 2, 1, 1)": [0.0, 0.10020878165960312, 0.0, 0.18569433689117432, 0.0], "(2, 1, 1, 1)": [0.0, 1.5863369703292847, 0.030107084661722183, 1.3627827167510986, 0.0], "(2, 7, 3, 3)": [0.0, 0.05776429548859596, 0.1415756642818451, 0.2571549117565155, 0.02698582224547863], "(2, 4, 2, 1)": [0.5686455965042114, 0.7866793870925903, 3.1220602989196777, 5.538666248321533, 13.16988468170166], "(3, 7, 2, 2)": [0.23357167840003967, 0.08028365671634674, 0.16224715113639832, 2.0796051025390625, 2.608546257019043], "(2, 5, 2, 1)": [0.08282316476106644, 0.12114623934030533, 2.0869860649108887, 2.799514055252075, 5.574034690856934], "(2, 4, 1, 1)": [0.0, 0.0, 0.0, 0.27462631464004517, 0.0], "(1, 1, 2, 2)": [2.761969566345215, 2.520625114440918, 1.8874238729476929, 1.2471399307250977, 1.7634952068328857], "(3, 3, 2, 2)": [0.3442489206790924, 0.37076589465141296, 0.22949717938899994, 0.41799360513687134, 0.46801531314849854], "(3, 2, 2, 2)": [0.13994140923023224, 0.1899457573890686, 0.1902363896369934, 0.2804628908634186, 0.16177836060523987], "(3, 1, 2, 2)": [1.992139220237732, 0.05224895477294922, 0.22016648948192596, 0.8473643660545349, 0.6720149517059326], "(2, 6, 3, 3)": [0.0, 0.0, 0.04206636920571327, 0.0, 0.028548723086714745], "(3, 6, 2, 2)": [0.0, 0.05788857489824295, 0.08534608036279678, 0.22493724524974823, 0.028098978102207184], "(3, 5, 2, 2)": [0.030487850308418274, 0.06105691194534302, 0.11611316353082657, 0.15151746571063995, 0.032284703105688095], "(3, 4, 2, 2)": [0.22531715035438538, 0.2827922999858856, 0.30377131700515747, 0.16445834934711456, 0.278331995010376], "(3, 2, 2, 1)": [0.1850464940071106, 0.0, 0.0, 0.07696384191513062, 0.0], "(3, 3, 2, 1)": [0.03402762860059738, 0.0, 0.0, 0.0, 0.0], "(1, 5, 2, 3)": [0.0, 0.0, 0.02904522605240345, 0.0, 0.028267191722989082], "(1, 6, 2, 3)": [0.0, 0.0, 0.02719924785196781, 0.0, 0.0], "(1, 7, 2, 3)": [0.05551398545503616, 0.0, 0.0, 0.0, 0.0], "(2, 2, 2, 3)": [0.0, 1.1963582038879395, 0.0, 0.0, 0.0], "(3, 6, 2, 3)": [0.0, 0.0, 0.0, 0.027122829109430313, 0.0], "(3, 7, 2, 3)": [0.0, 0.0, 0.0, 0.0, 0.025836193934082985], "(3, 7, 3, 3)": [0.0, 0.0, 1.2083364725112915, 0.0, 0.0], "(2, 6, 2, 1)": [0.11305541545152664, 0.09890739619731903, 0.0, 0.0, 0.0]}}