{"q_values": {"(2, 5, 2, 2)": [10.218677520751953, 10.170427322387695, 10.368491172790527, 10.238327026367188, 10.050456047058105], "(2, 6, 2, 2)": [9.388567924499512, 9.339759826660156, 9.166193962097168, 9.377822875976562, 8.84053897857666], "(2, 7, 2, 2)": [7.367794990539551, 7.206455230712891, 7.412468910217285, 7.5811872482299805, 7.333511829376221], "(2, 3, 2, 2)": [11.973077774047852, 12.107181549072266, 12.345613479614258, 12.338788986206055, 12.305834770202637], "(2, 1, 2, 2)": [7.665644645690918, 7.633363723754883, 7.64160680770874, 7.648423671722412, 7.5374836921691895], "(2, 2, 2, 2)": [9.238302230834961, 10.015974998474121, 10.3656005859375, 10.304159164428711, 10.691527366638184], "(2, 4, 2, 2)": [11.890900611877441, 11.876338958740234, 12.305560111999512, 11.407098770141602, 11.6845703125], "(2, 6, 2, 3)": [1.1721277236938477, 0.09369480609893799, 0.8767133355140686, 0.23615343868732452, 0.14815062284469604], "(2, 2, 2, 1)": [0.10594938695430756, 0.23221640288829803, 0.6598795652389526, 0.769672155380249, 0.5658625364303589], "(2, 1, 2, 1)": [0.38135430216789246, 0.2935069501399994, 0.5130710005760193, 1.1290059089660645, 0.6444230079650879], "(2, 3, 2, 3)": [0.0, 0.0, 0.029986724257469177, 0.032436881214380264, 0.08449937403202057], "(2, 4, 2, 3)": [0.8033573627471924, 0.34544092416763306, 0.3554948568344116, 0.1034376472234726, 0.03230297565460205], "(2, 7, 2, 3)": [0.7158759832382202, 0.4534701108932495, 0.31963732838630676, 0.4203509986400604, 0.08376970887184143], "(2, 5, 2, 3)": [0.0, 0.7040606737136841, 0.06387467682361603, 0.09474295377731323, 0.22443537414073944], "(2, 3, 2, 1)": [0.1430562436580658, 0.06735312938690186, 0.2313169538974762, 0.8792891502380371, 0.1670352667570114], "(1, 3, 2, 2)": [0.03237195312976837, 0.05994576960802078, 0.11503873765468597, 0.0, 0.06375851482152939], "(1, 2, 2, 2)": [0.09306858479976654, 0.05834776908159256, 0.09375461935997009, 0.12400844693183899, 0.16909128427505493], "(1, 4, 2, 2)": [0.0298090148717165, 0.03088744916021824, 0.0, 0.030841687694191933, 0.029994836077094078], "(1, 5, 2, 2)": [0.0, 0.028563519939780235, 0.03030121885240078, 0.0, 0.05870961397886276], "(1, 6, 2, 2)": [0.0, 0.0, 0.02715231664478779, 0.0, 0.02794872410595417], "(1, 7, 2, 2)": [0.026468448340892792, 0.022011570632457733, 0.025889473035931587, 0.0, 0.0], "(2, 2, 1, 1)": [0.0, 0.027112895622849464, 0.0, 0.0, 0.0], "(2, 1, 1, 1)": [0.0, 0.0, 0.030107084661722183, 0.0, 0.0], "(2, 7, 3, 3)": [0.0, 0.05776429548859596, 0.1415756642818451, 0.0, 0.02698582224547863], "(2, 4, 2, 1)": [0.029954886063933372, 0.0, 0.3904584050178528, 0.0, 0.30191925168037415], "(3, 7, 2, 2)": [0.13570533692836761, 0.026425398886203766, 0.0, 0.0, 0.026288628578186035], "(2, 5, 2, 1)": [0.0, 0.0, 0.2606073021888733, 0.0, 0.0], "(2, 4, 1, 1)": [0.0, 0.0, 0.0, 0.27462631464004517, 0.0], "(1, 1, 2, 2)": [0.026648754253983498, 0.17991919815540314, 0.026522856205701828, 0.0, 0.026991890743374825], "(3, 3, 2, 2)": [0.031427014619112015, 0.09137001633644104, 0.02900800295174122, 0.0, 0.05941818654537201], "(3, 2, 2, 2)": [0.02854262664914131, 0.02929040417075157, 0.0, 0.05524873733520508, 0.02872534655034542], "(3, 1, 2, 2)": [0.0, 0.05224895477294922, 0.0, 0.0, 0.1395261287689209], "(2, 6, 3, 3)": [0.0, 0.0, 0.04206636920571327, 0.0, 0.028548723086714745]}}