{"q_values": {"(2, 5, 2, 2)": [24.410097122192383, 24.15594482421875, 24.340993881225586, 24.193328857421875, 22.97657012939453], "(2, 6, 2, 2)": [21.886322021484375, 21.724933624267578, 21.900449752807617, 21.45387840270996, 21.369943618774414], "(2, 7, 2, 2)": [20.984556198120117, 20.30183219909668, 20.522014617919922, 20.7447452545166, 19.544456481933594], "(2, 3, 2, 2)": [25.300559997558594, 26.064207077026367, 25.831069946289062, 25.45866584777832, 26.009265899658203], "(2, 1, 2, 2)": [19.722000122070312, 20.260723114013672, 20.54436683654785, 20.205469131469727, 20.25459098815918], "(2, 2, 2, 2)": [23.261642456054688, 23.895795822143555, 23.898319244384766, 24.00067901611328, 24.15982437133789], "(2, 4, 2, 2)": [24.729787826538086, 25.21961784362793, 25.8877010345459, 25.688356399536133, 25.11313247680664], "(2, 6, 2, 3)": [3.526085376739502, 0.8720746040344238, 1.8007352352142334, 0.7123515605926514, 0.4344969093799591], "(2, 2, 2, 1)": [0.3453935980796814, 0.7388173341751099, 1.0386078357696533, 4.586294174194336, 2.2526047229766846], "(2, 1, 2, 1)": [1.8143320083618164, 3.7335472106933594, 3.1700050830841064, 4.4540605545043945, 2.514998197555542], "(2, 3, 2, 3)": [0.0, 0.0, 0.46920204162597656, 0.032436881214380264, 0.08449937403202057], "(2, 4, 2, 3)": [1.1828176975250244, 2.2325072288513184, 0.7994548678398132, 0.27535736560821533, 0.08233924210071564], "(2, 7, 2, 3)": [2.1307947635650635, 1.8991377353668213, 2.8206844329833984, 1.600702166557312, 2.2701759338378906], "(2, 5, 2, 3)": [0.8992400169372559, 4.307490348815918, 0.5804838538169861, 0.161983460187912, 0.3227311372756958], "(2, 3, 2, 1)": [0.6859862208366394, 0.2494499385356903, 0.9934276342391968, 2.057760000228882, 3.3894686698913574], "(1, 3, 2, 2)": [0.03237195312976837, 0.05994576960802078, 0.11503873765468597, 0.0, 0.06375851482152939], "(1, 2, 2, 2)": [0.09306858479976654, 0.05834776908159256, 0.12338942289352417, 0.12400844693183899, 0.16909128427505493], "(1, 4, 2, 2)": [0.0298090148717165, 0.03088744916021824, 0.0, 0.030841687694191933, 0.029994836077094078], "(1, 5, 2, 2)": [0.0, 0.028563519939780235, 0.03030121885240078, 0.0, 0.05870961397886276], "(1, 6, 2, 2)": [0.0, 0.0, 0.02715231664478779, 0.0, 0.02794872410595417], "(1, 7, 2, 2)": [0.026468448340892792, 0.022011570632457733, 0.025889473035931587, 0.0, 0.0], "(2, 2, 1, 1)": [0.0, 0.027112895622849464, 0.0, 0.0, 0.0], "(2, 1, 1, 1)": [0.0, 0.43154165148735046, 0.030107084661722183, 0.0, 0.0], "(2, 7, 3, 3)": [0.0, 0.05776429548859596, 0.1415756642818451, 0.2571549117565155, 0.02698582224547863], "(2, 4, 2, 1)": [0.0707380399107933, 0.0, 1.6455579996109009, 1.7640810012817383, 0.30191925168037415], "(3, 7, 2, 2)": [0.13570533692836761, 0.026425398886203766, 0.059909507632255554, 0.0, 0.8988103270530701], "(2, 5, 2, 1)": [0.0, 0.0, 0.2606073021888733, 0.0, 0.8393313884735107], "(2, 4, 1, 1)": [0.0, 0.0, 0.0, 0.27462631464004517, 0.0], "(1, 1, 2, 2)": [0.7461152672767639, 0.33550429344177246, 0.08555217832326889, 0.43645814061164856, 0.09307825565338135], "(3, 3, 2, 2)": [0.18430328369140625, 0.18068012595176697, 0.09536192566156387, 0.06530633568763733, 0.12124989926815033], "(3, 2, 2, 2)": [0.09082020074129105, 0.058674752712249756, 0.09438984096050262, 0.1961231529712677, 0.09898647665977478], "(3, 1, 2, 2)": [0.47081196308135986, 0.05224895477294922, 0.09707868099212646, 0.0765293687582016, 0.6077009439468384], "(2, 6, 3, 3)": [0.0, 0.0, 0.04206636920571327, 0.0, 0.028548723086714745], "(3, 6, 2, 2)": [0.0, 0.0, 0.056039199233055115, 0.031321920454502106, 0.0]}}