{"q_values": {"(2, 5, 2, 2)": [106.75814056396484, 106.95886993408203, 107.28235626220703, 104.87826538085938, 106.63104248046875], "(2, 6, 2, 2)": [104.39020538330078, 104.48260498046875, 103.17718505859375, 103.4947738647461, 101.97513580322266], "(2, 7, 2, 2)": [101.2709732055664, 100.697998046875, 101.331787109375, 100.93115997314453, 99.81130981445312], "(2, 3, 2, 2)": [103.21761322021484, 106.83073425292969, 106.93374633789062, 108.0788803100586, 107.16735076904297], "(2, 1, 2, 2)": [99.57482147216797, 99.37066650390625, 100.01600646972656, 100.28543853759766, 100.46515655517578], "(2, 2, 2, 2)": [99.18802642822266, 101.42985534667969, 102.39936065673828, 103.33274841308594, 99.54290771484375], "(2, 4, 2, 2)": [105.28539276123047, 108.21855926513672, 108.75715637207031, 107.46235656738281, 106.4422836303711], "(2, 6, 2, 3)": [52.02507400512695, 32.9996452331543, 19.236221313476562, 15.144514083862305, 13.263970375061035], "(2, 2, 2, 1)": [18.650543212890625, 13.158109664916992, 33.00376892089844, 45.629356384277344, 57.469764709472656], "(2, 1, 2, 1)": [31.470834732055664, 32.960853576660156, 44.39713668823242, 53.97358322143555, 43.1785888671875], "(2, 3, 2, 3)": [4.09667444229126, 11.992481231689453, 2.520867347717285, 0.5471572875976562, 0.6694294810295105], "(2, 4, 2, 3)": [33.791290283203125, 17.83673858642578, 10.034074783325195, 5.890580177307129, 1.6755595207214355], "(2, 7, 2, 3)": [48.272857666015625, 53.17584991455078, 35.51616287231445, 32.473663330078125, 33.055198669433594], "(2, 5, 2, 3)": [22.480913162231445, 39.589080810546875, 10.961562156677246, 9.900866508483887, 10.000561714172363], "(2, 3, 2, 1)": [11.570884704589844, 14.440619468688965, 21.05367088317871, 30.04172134399414, 38.953887939453125], "(1, 3, 2, 2)": [1.0150325298309326, 0.8013079166412354, 1.0314494371414185, 0.6005451679229736, 0.8067885637283325], "(1, 2, 2, 2)": [0.7339991927146912, 0.5074823498725891, 0.7361646890640259, 0.6265977621078491, 0.7955493927001953], "(1, 4, 2, 2)": [0.6372720003128052, 0.7641780376434326, 0.9829975366592407, 0.6780588030815125, 1.9077092409133911], "(1, 5, 2, 2)": [0.531173050403595, 0.35419854521751404, 0.4301215708255768, 0.34220895171165466, 0.25404664874076843], "(1, 6, 2, 2)": [0.2506307363510132, 0.24583488702774048, 0.4126211404800415, 0.44593411684036255, 0.3195189833641052], "(1, 7, 2, 2)": [4.531023979187012, 1.281006097793579, 5.656029224395752, 1.9110904932022095, 0.09117370843887329], "(2, 2, 1, 1)": [0.0, 0.10020878165960312, 0.0, 1.7267414331436157, 0.0], "(2, 1, 1, 1)": [0.0, 3.4409642219543457, 0.030107084661722183, 1.3627827167510986, 0.0], "(2, 7, 3, 3)": [0.0, 0.6914678812026978, 3.04805326461792, 0.2571549117565155, 0.07240787893533707], "(2, 4, 2, 1)": [4.5131425857543945, 4.718512535095215, 17.54336166381836, 14.673830032348633, 25.568477630615234], "(3, 7, 2, 2)": [5.089312553405762, 3.692927598953247, 3.590006113052368, 7.355467319488525, 13.433150291442871], "(2, 5, 2, 1)": [0.08282316476106644, 1.0065871477127075, 4.9424357414245605, 11.779308319091797, 10.975191116333008], "(2, 4, 1, 1)": [0.0, 0.0, 0.0, 0.27462631464004517, 0.0], "(1, 1, 2, 2)": [2.756057024002075, 7.128128528594971, 3.6173791885375977, 1.3653150796890259, 1.757682204246521], "(3, 3, 2, 2)": [0.6869981288909912, 0.5557790398597717, 0.4629622995853424, 0.5851276516914368, 0.8737064003944397], "(3, 2, 2, 2)": [0.42612242698669434, 0.25813448429107666, 0.7882623076438904, 0.4579341411590576, 3.1981287002563477], "(3, 1, 2, 2)": [2.423586368560791, 3.8267452716827393, 3.6419076919555664, 6.291084289550781, 1.6710554361343384], "(2, 6, 3, 3)": [3.555499315261841, 0.0, 0.04206636920571327, 0.0, 0.028548723086714745], "(3, 6, 2, 2)": [0.9865253567695618, 0.6694381833076477, 1.7772879600524902, 1.7814946174621582, 0.822648823261261], "(3, 5, 2, 2)": [0.8402971625328064, 0.8464161157608032, 1.049719214439392, 0.9268810749053955, 0.8770767450332642], "(3, 4, 2, 2)": [0.38689035177230835, 0.619404673576355, 0.9171841144561768, 0.537542998790741, 0.610984742641449], "(3, 2, 2, 1)": [0.1850464940071106, 0.0, 0.026972761377692223, 0.07696384191513062, 0.0], "(3, 3, 2, 1)": [0.8156927824020386, 0.0, 0.0, 0.0, 0.0], "(1, 5, 2, 3)": [0.0, 0.0, 0.02904522605240345, 0.0, 0.028267191722989082], "(1, 6, 2, 3)": [0.0, 0.035319190472364426, 0.09176702797412872, 0.0, 0.028125043958425522], "(1, 7, 2, 3)": [0.16905412077903748, 0.0, 0.0, 2.3841440677642822, 0.0], "(2, 2, 2, 3)": [0.0, 1.1963582038879395, 0.0, 0.0, 0.0], "(3, 6, 2, 3)": [0.0, 0.0, 0.0, 0.027122829109430313, 0.0], "(3, 7, 2, 3)": [0.0, 0.0, 0.0, 0.0, 0.025836193934082985], "(3, 7, 3, 3)": [0.0, 0.0, 1.2083364725112915, 0.0, 0.0], "(2, 6, 2, 1)": [0.6556119918823242, 0.09890739619731903, 0.0, 0.0, 0.0], "(1, 1, 2, 1)": [0.0, 3.295747756958008, 0.0726991593837738, 0.0, 1.8950012922286987], "(3, 5, 3, 2)": [0.0341029092669487, 0.0, 0.0, 0.0, 0.0], "(3, 5, 2, 1)": [0.0, 0.35878854990005493, 0.0, 0.0, 0.0], "(2, 3, 1, 1)": [0.0, 0.0, 0.9743215441703796, 0.9465529322624207, 0.0], "(3, 4, 2, 3)": [0.0, 0.03956315293908119, 0.0, 0.0, 0.0], "(3, 4, 3, 3)": [0.05014127492904663, 0.0, 0.0, 0.0, 0.0], "(3, 1, 2, 1)": [0.0, 0.0, 0.0, 0.0, 2.823518753051758]}}