{"q_values": {"(2, 5, 2, 2)": [5.385650157928467, 5.368649005889893, 5.459192752838135, 5.557069301605225, 5.349812030792236], "(2, 6, 2, 2)": [4.737731456756592, 4.721532344818115, 4.714476585388184, 4.658154487609863, 4.60577917098999], "(2, 7, 2, 2)": [3.473153591156006, 3.0685248374938965, 3.2140989303588867, 3.010443925857544, 2.931513547897339], "(2, 3, 2, 2)": [5.470426082611084, 5.710736274719238, 5.418420314788818, 5.419781684875488, 5.669095516204834], "(2, 1, 2, 2)": [3.007997989654541, 3.204533815383911, 3.0825345516204834, 3.0579023361206055, 3.158200740814209], "(2, 2, 2, 2)": [4.3513407707214355, 4.476109027862549, 4.698519706726074, 4.701756000518799, 4.3971381187438965], "(2, 4, 2, 2)": [4.9995574951171875, 5.067719459533691, 5.151142597198486, 5.099434852600098, 5.163690567016602], "(2, 6, 2, 3)": [0.40423834323883057, 0.09369480609893799, 0.34667953848838806, 0.09343647211790085, 0.1231154203414917], "(2, 2, 2, 1)": [0.056219663470983505, 0.08485645055770874, 0.056341901421546936, 0.05416405573487282, 0.20094271004199982], "(2, 1, 2, 1)": [0.08802111446857452, -0.005799051374197006, 0.046915359795093536, 0.1235141009092331, 0.2519647479057312], "(2, 3, 2, 3)": [0.0, 0.0, 0.029986724257469177, 0.032436881214380264, 0.0], "(2, 4, 2, 3)": [0.08161292225122452, 0.34544092416763306, 0.0, 0.03240720182657242, 0.03230297565460205], "(2, 7, 2, 3)": [0.34653833508491516, 0.13636870682239532, 0.072474405169487, 0.14686009287834167, 0.08376970887184143], "(2, 5, 2, 3)": [0.0, 0.08693847805261612, 0.06387467682361603, 0.09474295377731323, 0.06436984241008759], "(2, 3, 2, 1)": [0.06575340032577515, 0.0292651429772377, 0.03123447671532631, 0.31308239698410034, 0.1670352667570114], "(1, 3, 2, 2)": [0.03237195312976837, 0.05994576960802078, 0.11503873765468597, 0.0, 0.06375851482152939], "(1, 2, 2, 2)": [0.062440983951091766, 0.03231523558497429, 0.09375461935997009, 0.06349636614322662, 0.14120541512966156], "(1, 4, 2, 2)": [0.0298090148717165, 0.03088744916021824, 0.0, 0.030841687694191933, 0.029994836077094078], "(1, 5, 2, 2)": [0.0, 0.028563519939780235, 0.03030121885240078, 0.0, 0.05870961397886276], "(1, 6, 2, 2)": [0.0, 0.0, 0.02715231664478779, 0.0, 0.02794872410595417], "(1, 7, 2, 2)": [0.026468448340892792, 0.022011570632457733, 0.025889473035931587, 0.0, 0.0], "(2, 2, 1, 1)": [0.0, 0.027112895622849464, 0.0, 0.0, 0.0], "(2, 1, 1, 1)": [0.0, 0.0, 0.030107084661722183, 0.0, 0.0], "(2, 7, 3, 3)": [0.0, 0.05776429548859596, 0.0, 0.0, 0.0], "(2, 4, 2, 1)": [0.0, 0.0, 0.15880565345287323, 0.0, 0.0]}}