{"q_values": {"(2, 5, 2, 2)": [73.56773376464844, 74.69092559814453, 74.47512817382812, 73.96674346923828, 74.20586395263672], "(2, 6, 2, 2)": [71.0478744506836, 70.25552368164062, 70.31562042236328, 69.43565368652344, 68.11112976074219], "(2, 7, 2, 2)": [67.37760162353516, 68.01915740966797, 67.7438735961914, 67.42554473876953, 66.17290496826172], "(2, 3, 2, 2)": [68.44921875, 72.81129455566406, 73.39220428466797, 73.58245849609375, 73.31239318847656], "(2, 1, 2, 2)": [63.97047424316406, 66.34796142578125, 66.35122680664062, 66.68368530273438, 66.92813110351562], "(2, 2, 2, 2)": [67.36547088623047, 67.38169860839844, 68.89779663085938, 69.3121109008789, 69.22531127929688], "(2, 4, 2, 2)": [75.6535415649414, 75.91305541992188, 76.31430053710938, 75.6569595336914, 75.18589782714844], "(2, 6, 2, 3)": [20.524946212768555, 15.102295875549316, 12.085775375366211, 6.627713680267334, 5.747195720672607], "(2, 2, 2, 1)": [6.058462142944336, 5.130043029785156, 17.596044540405273, 28.11136817932129, 21.493812561035156], "(2, 1, 2, 1)": [15.020424842834473, 18.330516815185547, 21.01539421081543, 30.799217224121094, 27.12824249267578], "(2, 3, 2, 3)": [1.039153814315796, 3.4647936820983887, 2.520867347717285, 0.5471572875976562, 0.4756007790565491], "(2, 4, 2, 3)": [14.33016300201416, 8.586450576782227, 4.309765815734863, 3.3698813915252686, 0.5417654514312744], "(2, 7, 2, 3)": [19.856592178344727, 29.968090057373047, 19.854280471801758, 14.713907241821289, 15.91756534576416], "(2, 5, 2, 3)": [18.448532104492188, 20.61791229248047, 10.187713623046875, 3.7059731483459473, 3.5316293239593506], "(2, 3, 2, 1)": [3.9747180938720703, 4.788473129272461, 10.704792022705078, 14.747727394104004, 31.501890182495117], "(1, 3, 2, 2)": [0.8375546932220459, 0.7021524906158447, 0.5452763438224792, 0.5629960298538208, 0.5410987734794617], "(1, 2, 2, 2)": [0.7339991927146912, 0.5074823498725891, 0.7361646890640259, 0.6265977621078491, 0.7955493927001953], "(1, 4, 2, 2)": [0.46926602721214294, 0.09644158184528351, 0.4580909013748169, 0.24019911885261536, 1.679690957069397], "(1, 5, 2, 2)": [0.2673240005970001, 0.09802493453025818, 0.1614760458469391, 0.20438089966773987, 0.11506765335798264], "(1, 6, 2, 2)": [0.18246117234230042, 0.24583488702774048, 0.22484718263149261, 0.2500620186328888, 0.2283288985490799], "(1, 7, 2, 2)": [1.3043855428695679, 1.0748647451400757, 0.8535882830619812, 1.7696928977966309, 0.09117370843887329], "(2, 2, 1, 1)": [0.0, 0.10020878165960312, 0.0, 0.18569433689117432, 0.0], "(2, 1, 1, 1)": [0.0, 3.4409642219543457, 0.030107084661722183, 1.3627827167510986, 0.0], "(2, 7, 3, 3)": [0.0, 0.6914678812026978, 0.1415756642818451, 0.2571549117565155, 0.02698582224547863], "(2, 4, 2, 1)": [1.3731937408447266, 0.7866793870925903, 7.147581577301025, 5.538666248321533, 14.746269226074219], "(3, 7, 2, 2)": [0.539661705493927, 0.211381733417511, 0.32006579637527466, 2.2207229137420654, 4.513729095458984], "(2, 5, 2, 1)": [0.08282316476106644, 0.36436912417411804, 2.0869860649108887, 6.841119766235352, 10.975191116333008], "(2, 4, 1, 1)": [0.0, 0.0, 0.0, 0.27462631464004517, 0.0], "(1, 1, 2, 2)": [2.756057024002075, 4.333320617675781, 3.518826961517334, 1.2471399307250977, 1.757682204246521], "(3, 3, 2, 2)": [0.5041021108627319, 0.4059509038925171, 0.2644299566745758, 0.48399847745895386, 0.6088771224021912], "(3, 2, 2, 2)": [0.17618975043296814, 0.22095677256584167, 0.35322272777557373, 0.39180988073349, 0.5029842853546143], "(3, 1, 2, 2)": [2.096470832824707, 3.6474409103393555, 0.4556899666786194, 1.2456892728805542, 1.158024787902832], "(2, 6, 3, 3)": [0.0, 0.0, 0.04206636920571327, 0.0, 0.028548723086714745], "(3, 6, 2, 2)": [0.30599990487098694, 0.09058313071727753, 0.17767758667469025, 0.25253963470458984, 0.19580446183681488], "(3, 5, 2, 2)": [0.2696285545825958, 0.19922330975532532, 0.27373751997947693, 0.3286876678466797, 0.0686543732881546], "(3, 4, 2, 2)": [0.3127354085445404, 0.4436121881008148, 0.49022001028060913, 0.3411720097064972, 0.3322811424732208], "(3, 2, 2, 1)": [0.1850464940071106, 0.0, 0.0, 0.07696384191513062, 0.0], "(3, 3, 2, 1)": [0.8156927824020386, 0.0, 0.0, 0.0, 0.0], "(1, 5, 2, 3)": [0.0, 0.0, 0.02904522605240345, 0.0, 0.028267191722989082], "(1, 6, 2, 3)": [0.0, 0.0, 0.02719924785196781, 0.0, 0.0], "(1, 7, 2, 3)": [0.05551398545503616, 0.0, 0.0, 0.0, 0.0], "(2, 2, 2, 3)": [0.0, 1.1963582038879395, 0.0, 0.0, 0.0], "(3, 6, 2, 3)": [0.0, 0.0, 0.0, 0.027122829109430313, 0.0], "(3, 7, 2, 3)": [0.0, 0.0, 0.0, 0.0, 0.025836193934082985], "(3, 7, 3, 3)": [0.0, 0.0, 1.2083364725112915, 0.0, 0.0], "(2, 6, 2, 1)": [0.3061390817165375, 0.09890739619731903, 0.0, 0.0, 0.0], "(1, 1, 2, 1)": [0.0, 3.295747756958008, 0.0726991593837738, 0.0, 1.8950012922286987], "(3, 5, 3, 2)": [0.0341029092669487, 0.0, 0.0, 0.0, 0.0], "(3, 5, 2, 1)": [0.0, 0.35878854990005493, 0.0, 0.0, 0.0]}}