{"q_values": {"(2, 5, 2, 2)": [61.58797073364258, 61.42588424682617, 61.91622543334961, 61.528839111328125, 60.26081848144531], "(2, 6, 2, 2)": [58.11080551147461, 58.724605560302734, 58.58108139038086, 57.7258415222168, 57.61954116821289], "(2, 7, 2, 2)": [55.400482177734375, 55.17340850830078, 55.55865478515625, 55.362117767333984, 54.96634292602539], "(2, 3, 2, 2)": [60.82888412475586, 60.42998123168945, 61.162940979003906, 61.42271423339844, 60.793819427490234], "(2, 1, 2, 2)": [54.31884002685547, 55.09436798095703, 55.454933166503906, 55.50545883178711, 55.25618362426758], "(2, 2, 2, 2)": [55.35268783569336, 58.46452331542969, 58.4842643737793, 58.9970588684082, 57.952266693115234], "(2, 4, 2, 2)": [62.76804733276367, 62.61745834350586, 62.61518096923828, 62.118194580078125, 59.971923828125], "(2, 6, 2, 3)": [16.340240478515625, 10.72901439666748, 7.51479434967041, 3.9860541820526123, 3.549464464187622], "(2, 2, 2, 1)": [3.313042163848877, 5.130043029785156, 10.916248321533203, 20.1978759765625, 16.099515914916992], "(2, 1, 2, 1)": [10.811768531799316, 13.657922744750977, 14.012621879577637, 19.33181381225586, 16.68500328063965], "(2, 3, 2, 3)": [1.039153814315796, 1.543266773223877, 0.5520365238189697, 0.5471572875976562, 0.4756007790565491], "(2, 4, 2, 3)": [11.011316299438477, 6.5727458000183105, 4.309765815734863, 2.1753673553466797, 0.5417654514312744], "(2, 7, 2, 3)": [15.502639770507812, 20.3426513671875, 11.510164260864258, 12.799882888793945, 12.093466758728027], "(2, 5, 2, 3)": [13.554293632507324, 14.353869438171387, 6.425574779510498, 2.2406015396118164, 2.073573350906372], "(2, 3, 2, 1)": [2.9557502269744873, 4.118371963500977, 5.863440990447998, 13.276102066040039, 13.948613166809082], "(1, 3, 2, 2)": [0.47817134857177734, 0.5173019766807556, 0.43923988938331604, 0.37609025835990906, 0.4328927993774414], "(1, 2, 2, 2)": [0.5558476448059082, 0.27728796005249023, 0.5253916382789612, 0.4282160997390747, 0.5119485855102539], "(1, 4, 2, 2)": [0.46926602721214294, 0.09644158184528351, 0.4580909013748169, 0.24019911885261536, 1.679690957069397], "(1, 5, 2, 2)": [0.2673240005970001, 0.09802493453025818, 0.1614760458469391, 0.20438089966773987, 0.11506765335798264], "(1, 6, 2, 2)": [0.18246117234230042, 0.24583488702774048, 0.22484718263149261, 0.2500620186328888, 0.2283288985490799], "(1, 7, 2, 2)": [1.3043855428695679, 1.0748647451400757, 0.8535882830619812, 1.7696928977966309, 0.09117370843887329], "(2, 2, 1, 1)": [0.0, 0.10020878165960312, 0.0, 0.18569433689117432, 0.0], "(2, 1, 1, 1)": [0.0, 1.5863369703292847, 0.030107084661722183, 1.3627827167510986, 0.0], "(2, 7, 3, 3)": [0.0, 0.05776429548859596, 0.1415756642818451, 0.2571549117565155, 0.02698582224547863], "(2, 4, 2, 1)": [0.5686455965042114, 0.7866793870925903, 3.1220602989196777, 5.538666248321533, 13.16988468170166], "(3, 7, 2, 2)": [0.23357167840003967, 0.08028365671634674, 0.16224715113639832, 2.0796051025390625, 2.608546257019043], "(2, 5, 2, 1)": [0.08282316476106644, 0.12114623934030533, 2.0869860649108887, 2.799514055252075, 7.2343926429748535], "(2, 4, 1, 1)": [0.0, 0.0, 0.0, 0.27462631464004517, 0.0], "(1, 1, 2, 2)": [2.705103874206543, 2.520625114440918, 1.8874238729476929, 1.2471399307250977, 1.7634952068328857], "(3, 3, 2, 2)": [0.3442489206790924, 0.37076589465141296, 0.22949717938899994, 0.41799360513687134, 0.46801531314849854], "(3, 2, 2, 2)": [0.13994140923023224, 0.1899457573890686, 0.1902363896369934, 0.2804628908634186, 0.16177836060523987], "(3, 1, 2, 2)": [1.992139220237732, 0.05224895477294922, 0.22016648948192596, 0.8473643660545349, 0.6720149517059326], "(2, 6, 3, 3)": [0.0, 0.0, 0.04206636920571327, 0.0, 0.028548723086714745], "(3, 6, 2, 2)": [0.0, 0.05788857489824295, 0.08534608036279678, 0.22493724524974823, 0.028098978102207184], "(3, 5, 2, 2)": [0.030487850308418274, 0.06105691194534302, 0.11611316353082657, 0.15151746571063995, 0.032284703105688095], "(3, 4, 2, 2)": [0.22531715035438538, 0.2827922999858856, 0.30377131700515747, 0.16445834934711456, 0.278331995010376], "(3, 2, 2, 1)": [0.1850464940071106, 0.0, 0.0, 0.07696384191513062, 0.0], "(3, 3, 2, 1)": [0.03402762860059738, 0.0, 0.0, 0.0, 0.0], "(1, 5, 2, 3)": [0.0, 0.0, 0.02904522605240345, 0.0, 0.028267191722989082], "(1, 6, 2, 3)": [0.0, 0.0, 0.02719924785196781, 0.0, 0.0], "(1, 7, 2, 3)": [0.05551398545503616, 0.0, 0.0, 0.0, 0.0], "(2, 2, 2, 3)": [0.0, 1.1963582038879395, 0.0, 0.0, 0.0], "(3, 6, 2, 3)": [0.0, 0.0, 0.0, 0.027122829109430313, 0.0], "(3, 7, 2, 3)": [0.0, 0.0, 0.0, 0.0, 0.025836193934082985], "(3, 7, 3, 3)": [0.0, 0.0, 1.2083364725112915, 0.0, 0.0], "(2, 6, 2, 1)": [0.3061390817165375, 0.09890739619731903, 0.0, 0.0, 0.0], "(1, 1, 2, 1)": [0.0, 1.5522114038467407, 0.0, 0.0, 0.0]}}