{"q_values": {"(2, 5, 2, 2)": [0.0, 0.03134327381849289, 0.05915599316358566, 0.0, 0.0887177363038063], "(2, 6, 2, 2)": [0.0, 0.0847637951374054, 0.02699180692434311, 0.029958631843328476, 0.029813027009367943], "(2, 7, 2, 2)": [0.0, 0.02662307769060135, -0.039734967052936554, 0.05219126120209694, 0.0], "(2, 3, 2, 2)": [0.0, 0.0, 0.0, 0.0, 0.0]}}