{"q_values": {"(2, 5, 2, 2)": [141.65362548828125, 143.3805389404297, 144.29067993164062, 144.3833770751953, 141.93136596679688], "(2, 6, 2, 2)": [141.49046325683594, 139.8997344970703, 140.26914978027344, 139.74301147460938, 137.14569091796875], "(2, 7, 2, 2)": [134.75343322753906, 135.7981719970703, 134.64373779296875, 134.6365509033203, 134.1870880126953], "(2, 3, 2, 2)": [143.69322204589844, 144.36000061035156, 144.85687255859375, 144.59295654296875, 144.3375701904297], "(2, 1, 2, 2)": [137.6883087158203, 139.6169891357422, 140.1985626220703, 139.98788452148438, 140.147705078125], "(2, 2, 2, 2)": [141.6279754638672, 142.70225524902344, 143.05145263671875, 142.51840209960938, 142.54893493652344], "(2, 4, 2, 2)": [144.8301544189453, 145.7589111328125, 146.40679931640625, 146.20150756835938, 145.78253173828125], "(2, 6, 2, 3)": [69.48918914794922, 56.0327262878418, 25.965513229370117, 25.513750076293945, 30.873165130615234], "(2, 2, 2, 1)": [30.250591278076172, 29.391382217407227, 47.0523681640625, 69.82475280761719, 80.16372680664062], "(2, 1, 2, 1)": [45.204280853271484, 52.96036911010742, 66.1346206665039, 82.66663360595703, 69.987548828125], "(2, 3, 2, 3)": [7.851452350616455, 22.32402801513672, 14.922185897827148, 2.7168564796447754, 4.068398952484131], "(2, 4, 2, 3)": [49.79167175292969, 31.43271255493164, 25.877418518066406, 15.502613067626953, 9.980008125305176], "(2, 7, 2, 3)": [62.89868927001953, 81.14109802246094, 52.882415771484375, 44.17655944824219, 59.88603210449219], "(2, 5, 2, 3)": [41.765682220458984, 73.91719818115234, 25.5531005859375, 21.46355438232422, 17.396671295166016], "(2, 3, 2, 1)": [23.694307327270508, 25.414199829101562, 27.900012969970703, 55.24751281738281, 75.36824798583984], "(1, 3, 2, 2)": [1.2441651821136475, 0.8426582217216492, 1.0314494371414185, 0.6955554485321045, 1.0202138423919678], "(1, 2, 2, 2)": [0.7937558889389038, 0.5074823498725891, 0.8664369583129883, 0.8944664597511292, 0.8829364776611328], "(1, 4, 2, 2)": [0.8394832611083984, 1.0728377103805542, 1.33189857006073, 1.2634984254837036, 1.9906342029571533], "(1, 5, 2, 2)": [1.2127196788787842, 0.8638348579406738, 0.8431707620620728, 0.5485296249389648, 0.7110170125961304], "(1, 6, 2, 2)": [0.5806207060813904, 0.6897463202476501, 1.057052731513977, 0.6206117868423462, 0.7956440448760986], "(1, 7, 2, 2)": [6.125290393829346, 5.575949668884277, 15.315380096435547, 7.338771820068359, 1.4875497817993164], "(2, 2, 1, 1)": [0.0, 0.10020878165960312, 0.0, 3.8676881790161133, 0.0], "(2, 1, 1, 1)": [0.0, 3.4409642219543457, 0.030107084661722183, 1.3627827167510986, 0.0], "(2, 7, 3, 3)": [0.0, 0.6914678812026978, 4.989872932434082, 0.2571549117565155, 0.07240787893533707], "(2, 4, 2, 1)": [7.876869201660156, 11.20873737335205, 32.35090255737305, 27.88770294189453, 44.922630310058594], "(3, 7, 2, 2)": [6.395088195800781, 8.586624145507812, 14.109075546264648, 15.395313262939453, 13.638975143432617], "(2, 5, 2, 1)": [0.08282316476106644, 3.1631627082824707, 11.892035484313965, 14.877151489257812, 17.720678329467773], "(2, 4, 1, 1)": [0.0, 0.0, 0.0, 0.27462631464004517, 0.0], "(1, 1, 2, 2)": [3.0405948162078857, 7.128128528594971, 7.682807922363281, 1.5805970430374146, 2.517247438430786], "(3, 3, 2, 2)": [1.053163766860962, 0.9875090718269348, 0.8577623963356018, 0.9038673639297485, 1.4767320156097412], "(3, 2, 2, 2)": [2.695871353149414, 0.46619731187820435, 1.470310091972351, 0.5679980516433716, 3.2220208644866943], "(3, 1, 2, 2)": [3.54647159576416, 7.64810848236084, 14.824685096740723, 6.896708965301514, 3.7126564979553223], "(2, 6, 3, 3)": [5.161429405212402, 0.0, 0.04206636920571327, 0.11858318746089935, 0.028548723086714745], "(3, 6, 2, 2)": [1.2835776805877686, 0.9693775177001953, 2.159235715866089, 3.1251330375671387, 1.6199288368225098], "(3, 5, 2, 2)": [4.579554557800293, 1.6134088039398193, 6.26749324798584, 1.650334119796753, 1.6029744148254395], "(3, 4, 2, 2)": [4.952960014343262, 1.0110485553741455, 1.3873625993728638, 1.1009018421173096, 1.3544118404388428], "(3, 2, 2, 1)": [0.1850464940071106, 0.03355620056390762, 0.14991502463817596, 0.3272126615047455, 0.0], "(3, 3, 2, 1)": [0.8156927824020386, 0.0, 0.0, 0.0, 0.0], "(1, 5, 2, 3)": [0.0, 0.0, 0.02904522605240345, 0.0, 0.028267191722989082], "(1, 6, 2, 3)": [0.0, 0.035319190472364426, 0.09176702797412872, 0.0, 0.028125043958425522], "(1, 7, 2, 3)": [0.16905412077903748, 0.0, 0.0, 2.3841440677642822, 0.0], "(2, 2, 2, 3)": [0.0, 1.1963582038879395, 0.0, 0.0, 0.0], "(3, 6, 2, 3)": [0.0, 0.0, 0.0, 0.027122829109430313, 0.0], "(3, 7, 2, 3)": [0.0, 0.0, 0.0, 0.0, 0.025836193934082985], "(3, 7, 3, 3)": [0.0, 0.0, 1.2083364725112915, 0.0, 0.0], "(2, 6, 2, 1)": [1.1118086576461792, 0.09890739619731903, 0.0, 0.0, 0.0], "(1, 1, 2, 1)": [0.0, 3.295747756958008, 0.0726991593837738, 0.0, 1.8950012922286987], "(3, 5, 3, 2)": [0.0341029092669487, 0.0, 0.0, 0.0, 0.0], "(3, 5, 2, 1)": [0.0, 0.35878854990005493, 0.0, 0.0, 0.0], "(2, 3, 1, 1)": [0.0, 0.0, 0.9743215441703796, 0.9465529322624207, 0.0], "(3, 4, 2, 3)": [0.0, 0.03956315293908119, 0.0, 0.0, 0.0], "(3, 4, 3, 3)": [0.05014127492904663, 0.0, 0.0, 0.0, 0.0], "(3, 1, 2, 1)": [0.0, 0.0, 0.0, 0.0, 2.823518753051758], "(2, 5, 3, 3)": [0.0, 0.0, 0.13491299748420715, 0.0, 0.02916325069963932], "(3, 4, 3, 2)": [0.07161689549684525, 0.0, 0.0, 0.0, 0.0]}}