{"q_values": {"(2, 5, 2, 2)": [97.99485778808594, 96.90229034423828, 97.61075592041016, 95.69200134277344, 95.92681121826172], "(2, 6, 2, 2)": [92.1082534790039, 92.09730529785156, 91.97925567626953, 90.73470306396484, 90.44651794433594], "(2, 7, 2, 2)": [89.30533599853516, 89.28594970703125, 89.91047668457031, 89.07833862304688, 87.80236053466797], "(2, 3, 2, 2)": [97.20588684082031, 98.1122817993164, 98.61045837402344, 98.0634536743164, 99.075927734375], "(2, 1, 2, 2)": [87.23052978515625, 90.58966064453125, 90.88793182373047, 90.5879898071289, 90.455810546875], "(2, 2, 2, 2)": [91.07996368408203, 90.41332244873047, 92.64242553710938, 93.12704467773438, 92.29503631591797], "(2, 4, 2, 2)": [99.38959503173828, 101.12139129638672, 100.3786849975586, 99.86228942871094, 98.77649688720703], "(2, 6, 2, 3)": [41.22135925292969, 27.072216033935547, 15.646232604980469, 14.30929946899414, 11.202786445617676], "(2, 2, 2, 1)": [12.84914779663086, 10.871076583862305, 26.587440490722656, 40.54800033569336, 47.726097106933594], "(2, 1, 2, 1)": [25.993249893188477, 30.492931365966797, 34.259857177734375, 48.11639404296875, 39.85728073120117], "(2, 3, 2, 3)": [1.039153814315796, 5.947934150695801, 2.520867347717285, 0.5471572875976562, 0.4756007790565491], "(2, 4, 2, 3)": [24.81257438659668, 15.228240013122559, 10.034074783325195, 4.882601737976074, 0.5417654514312744], "(2, 7, 2, 3)": [37.20448303222656, 46.426273345947266, 27.096994400024414, 29.713844299316406, 30.506959915161133], "(2, 5, 2, 3)": [22.480913162231445, 37.3418083190918, 10.961562156677246, 6.503868579864502, 8.222001075744629], "(2, 3, 2, 1)": [9.306360244750977, 11.976588249206543, 16.139820098876953, 22.680191040039062, 38.953887939453125], "(1, 3, 2, 2)": [1.0150325298309326, 0.8013079166412354, 1.0314494371414185, 0.6005451679229736, 0.8067885637283325], "(1, 2, 2, 2)": [0.7339991927146912, 0.5074823498725891, 0.7361646890640259, 0.6265977621078491, 0.7955493927001953], "(1, 4, 2, 2)": [0.6372720003128052, 0.7641780376434326, 0.9829975366592407, 0.6780588030815125, 1.9077092409133911], "(1, 5, 2, 2)": [0.531173050403595, 0.35419854521751404, 0.4301215708255768, 0.34220895171165466, 0.25404664874076843], "(1, 6, 2, 2)": [0.18246117234230042, 0.24583488702774048, 0.22484718263149261, 0.36209967732429504, 0.3195189833641052], "(1, 7, 2, 2)": [1.3043855428695679, 1.120646595954895, 5.5791826248168945, 1.7696928977966309, 0.09117370843887329], "(2, 2, 1, 1)": [0.0, 0.10020878165960312, 0.0, 0.18569433689117432, 0.0], "(2, 1, 1, 1)": [0.0, 3.4409642219543457, 0.030107084661722183, 1.3627827167510986, 0.0], "(2, 7, 3, 3)": [0.0, 0.6914678812026978, 0.1415756642818451, 0.2571549117565155, 0.02698582224547863], "(2, 4, 2, 1)": [2.791083574295044, 2.9941751956939697, 14.92192268371582, 11.904583930969238, 23.15899085998535], "(3, 7, 2, 2)": [2.0034372806549072, 2.855268955230713, 3.590006113052368, 7.141504287719727, 10.612109184265137], "(2, 5, 2, 1)": [0.08282316476106644, 1.0065871477127075, 4.9424357414245605, 9.070085525512695, 10.975191116333008], "(2, 4, 1, 1)": [0.0, 0.0, 0.0, 0.27462631464004517, 0.0], "(1, 1, 2, 2)": [2.756057024002075, 4.333320617675781, 3.518826961517334, 1.2471399307250977, 1.757682204246521], "(3, 3, 2, 2)": [0.6869981288909912, 0.5557790398597717, 0.4189983308315277, 0.5851276516914368, 0.8145120143890381], "(3, 2, 2, 2)": [0.42612242698669434, 0.25813448429107666, 0.7882623076438904, 0.4579341411590576, 3.1981287002563477], "(3, 1, 2, 2)": [2.423586368560791, 3.8267452716827393, 3.6419076919555664, 6.291084289550781, 1.6710554361343384], "(2, 6, 3, 3)": [3.555499315261841, 0.0, 0.04206636920571327, 0.0, 0.028548723086714745], "(3, 6, 2, 2)": [0.9438689947128296, 0.6694381833076477, 1.389076828956604, 1.424734354019165, 0.6639593839645386], "(3, 5, 2, 2)": [0.7331374883651733, 0.6661692261695862, 0.9319965839385986, 0.7764666080474854, 0.6946558952331543], "(3, 4, 2, 2)": [0.38689035177230835, 0.619404673576355, 0.8871918320655823, 0.49455589056015015, 0.5706034302711487], "(3, 2, 2, 1)": [0.1850464940071106, 0.0, 0.026972761377692223, 0.07696384191513062, 0.0], "(3, 3, 2, 1)": [0.8156927824020386, 0.0, 0.0, 0.0, 0.0], "(1, 5, 2, 3)": [0.0, 0.0, 0.02904522605240345, 0.0, 0.028267191722989082], "(1, 6, 2, 3)": [0.0, 0.035319190472364426, 0.09176702797412872, 0.0, 0.028125043958425522], "(1, 7, 2, 3)": [0.16905412077903748, 0.0, 0.0, 2.3841440677642822, 0.0], "(2, 2, 2, 3)": [0.0, 1.1963582038879395, 0.0, 0.0, 0.0], "(3, 6, 2, 3)": [0.0, 0.0, 0.0, 0.027122829109430313, 0.0], "(3, 7, 2, 3)": [0.0, 0.0, 0.0, 0.0, 0.025836193934082985], "(3, 7, 3, 3)": [0.0, 0.0, 1.2083364725112915, 0.0, 0.0], "(2, 6, 2, 1)": [0.6556119918823242, 0.09890739619731903, 0.0, 0.0, 0.0], "(1, 1, 2, 1)": [0.0, 3.295747756958008, 0.0726991593837738, 0.0, 1.8950012922286987], "(3, 5, 3, 2)": [0.0341029092669487, 0.0, 0.0, 0.0, 0.0], "(3, 5, 2, 1)": [0.0, 0.35878854990005493, 0.0, 0.0, 0.0], "(2, 3, 1, 1)": [0.0, 0.0, 0.9743215441703796, 0.9465529322624207, 0.0], "(3, 4, 2, 3)": [0.0, 0.03956315293908119, 0.0, 0.0, 0.0], "(3, 4, 3, 3)": [0.05014127492904663, 0.0, 0.0, 0.0, 0.0], "(3, 1, 2, 1)": [0.0, 0.0, 0.0, 0.0, 2.823518753051758]}}