{"q_values": {"(2, 5, 2, 2)": [12.264020919799805, 11.93777084350586, 11.961423873901367, 11.935572624206543, 11.651294708251953], "(2, 6, 2, 2)": [10.939970016479492, 11.115121841430664, 11.004039764404297, 11.364877700805664, 10.20128059387207], "(2, 7, 2, 2)": [9.336992263793945, 9.315020561218262, 9.413983345031738, 9.315601348876953, 8.855005264282227], "(2, 3, 2, 2)": [13.857207298278809, 14.584351539611816, 14.616592407226562, 14.641578674316406, 14.954349517822266], "(2, 1, 2, 2)": [9.617425918579102, 10.070409774780273, 10.166082382202148, 10.250367164611816, 10.210260391235352], "(2, 2, 2, 2)": [11.95988655090332, 12.314400672912598, 12.549553871154785, 12.336625099182129, 12.661994934082031], "(2, 4, 2, 2)": [14.982109069824219, 15.00840950012207, 14.871832847595215, 14.600536346435547, 14.770358085632324], "(2, 6, 2, 3)": [2.140730381011963, 0.09369480609893799, 1.1838054656982422, 0.2835604250431061, 0.2346934974193573], "(2, 2, 2, 1)": [0.17042657732963562, 0.23221640288829803, 0.7743998169898987, 0.769672155380249, 0.9120450019836426], "(2, 1, 2, 1)": [0.5829956531524658, 1.3024685382843018, 1.1912506818771362, 1.3701683282852173, 0.6444230079650879], "(2, 3, 2, 3)": [0.0, 0.0, 0.46920204162597656, 0.032436881214380264, 0.08449937403202057], "(2, 4, 2, 3)": [1.1828176975250244, 0.34544092416763306, 0.3554948568344116, 0.1034376472234726, 0.08233924210071564], "(2, 7, 2, 3)": [0.7158759832382202, 0.9073826670646667, 0.8465450406074524, 0.4610522985458374, 0.8227035999298096], "(2, 5, 2, 3)": [0.35962167382240295, 1.002927541732788, 0.4598390460014343, 0.09474295377731323, 0.22443537414073944], "(2, 3, 2, 1)": [0.1430562436580658, 0.06735312938690186, 0.2313169538974762, 0.8792891502380371, 0.5493056774139404], "(1, 3, 2, 2)": [0.03237195312976837, 0.05994576960802078, 0.11503873765468597, 0.0, 0.06375851482152939], "(1, 2, 2, 2)": [0.09306858479976654, 0.05834776908159256, 0.09375461935997009, 0.12400844693183899, 0.16909128427505493], "(1, 4, 2, 2)": [0.0298090148717165, 0.03088744916021824, 0.0, 0.030841687694191933, 0.029994836077094078], "(1, 5, 2, 2)": [0.0, 0.028563519939780235, 0.03030121885240078, 0.0, 0.05870961397886276], "(1, 6, 2, 2)": [0.0, 0.0, 0.02715231664478779, 0.0, 0.02794872410595417], "(1, 7, 2, 2)": [0.026468448340892792, 0.022011570632457733, 0.025889473035931587, 0.0, 0.0], "(2, 2, 1, 1)": [0.0, 0.027112895622849464, 0.0, 0.0, 0.0], "(2, 1, 1, 1)": [0.0, 0.0, 0.030107084661722183, 0.0, 0.0], "(2, 7, 3, 3)": [0.0, 0.05776429548859596, 0.1415756642818451, 0.2571549117565155, 0.02698582224547863], "(2, 4, 2, 1)": [0.0707380399107933, 0.0, 0.3904584050178528, 0.42049193382263184, 0.30191925168037415], "(3, 7, 2, 2)": [0.13570533692836761, 0.026425398886203766, 0.059909507632255554, 0.0, 0.31456756591796875], "(2, 5, 2, 1)": [0.0, 0.0, 0.2606073021888733, 0.0, 0.351386696100235], "(2, 4, 1, 1)": [0.0, 0.0, 0.0, 0.27462631464004517, 0.0], "(1, 1, 2, 2)": [0.026648754253983498, 0.17991919815540314, 0.026522856205701828, 0.0, 0.026991890743374825], "(3, 3, 2, 2)": [0.031427014619112015, 0.09137001633644104, 0.02900800295174122, 0.0, 0.05941818654537201], "(3, 2, 2, 2)": [0.02854262664914131, 0.02929040417075157, 0.0, 0.05524873733520508, 0.02872534655034542], "(3, 1, 2, 2)": [0.0, 0.05224895477294922, 0.0, 0.0, 0.1395261287689209], "(2, 6, 3, 3)": [0.0, 0.0, 0.04206636920571327, 0.0, 0.028548723086714745], "(3, 6, 2, 2)": [0.0, 0.0, 0.056039199233055115, 0.031321920454502106, 0.0]}}