{"q_values": {"(2, 5, 2, 2)": [86.93585968017578, 87.47605895996094, 85.88673400878906, 86.12754821777344, 85.81148529052734], "(2, 6, 2, 2)": [81.13591766357422, 82.18260192871094, 82.25579071044922, 80.53841400146484, 79.09172058105469], "(2, 7, 2, 2)": [77.516357421875, 77.15401458740234, 78.06863403320312, 77.18404388427734, 73.87061309814453], "(2, 3, 2, 2)": [83.81645202636719, 85.72245788574219, 84.54737854003906, 86.87298583984375, 86.26131439208984], "(2, 1, 2, 2)": [75.46463775634766, 78.32049560546875, 78.43805694580078, 78.13074493408203, 78.88427734375], "(2, 2, 2, 2)": [80.06461334228516, 80.71721649169922, 81.65579223632812, 81.77010345458984, 81.41705322265625], "(2, 4, 2, 2)": [87.03019714355469, 88.5274429321289, 88.29997253417969, 88.46434020996094, 83.07718658447266], "(2, 6, 2, 3)": [28.377193450927734, 24.527589797973633, 13.226713180541992, 8.047928810119629, 9.620628356933594], "(2, 2, 2, 1)": [10.148971557617188, 7.67351770401001, 23.422712326049805, 35.8173942565918, 33.80928039550781], "(2, 1, 2, 1)": [19.207361221313477, 21.39179229736328, 27.041723251342773, 40.338645935058594, 35.43277359008789], "(2, 3, 2, 3)": [1.039153814315796, 5.947934150695801, 2.520867347717285, 0.5471572875976562, 0.4756007790565491], "(2, 4, 2, 3)": [20.421693801879883, 15.228240013122559, 7.501264572143555, 4.882601737976074, 0.5417654514312744], "(2, 7, 2, 3)": [30.606260299682617, 39.4104118347168, 23.458740234375, 25.087194442749023, 24.048416137695312], "(2, 5, 2, 3)": [20.374671936035156, 24.202177047729492, 10.961562156677246, 5.084530353546143, 5.941076755523682], "(2, 3, 2, 1)": [8.220784187316895, 8.2535982131958, 13.276239395141602, 18.623249053955078, 35.65403747558594], "(1, 3, 2, 2)": [0.8375546932220459, 0.7021524906158447, 0.5452763438224792, 0.5629960298538208, 0.5410987734794617], "(1, 2, 2, 2)": [0.7339991927146912, 0.5074823498725891, 0.7361646890640259, 0.6265977621078491, 0.7955493927001953], "(1, 4, 2, 2)": [0.46926602721214294, 0.5380858778953552, 0.6564270853996277, 0.31606626510620117, 1.7574816942214966], "(1, 5, 2, 2)": [0.39831799268722534, 0.09802493453025818, 0.22991801798343658, 0.2392503172159195, 0.17790883779525757], "(1, 6, 2, 2)": [0.18246117234230042, 0.24583488702774048, 0.22484718263149261, 0.32264333963394165, 0.2283288985490799], "(1, 7, 2, 2)": [1.3043855428695679, 1.120646595954895, 2.9944121837615967, 1.7696928977966309, 0.09117370843887329], "(2, 2, 1, 1)": [0.0, 0.10020878165960312, 0.0, 0.18569433689117432, 0.0], "(2, 1, 1, 1)": [0.0, 3.4409642219543457, 0.030107084661722183, 1.3627827167510986, 0.0], "(2, 7, 3, 3)": [0.0, 0.6914678812026978, 0.1415756642818451, 0.2571549117565155, 0.02698582224547863], "(2, 4, 2, 1)": [2.791083574295044, 1.814785361289978, 9.780492782592773, 9.462990760803223, 20.77176284790039], "(3, 7, 2, 2)": [2.0034372806549072, 2.855268955230713, 3.590006113052368, 7.141504287719727, 10.612109184265137], "(2, 5, 2, 1)": [0.08282316476106644, 0.36436912417411804, 2.0869860649108887, 9.070085525512695, 10.975191116333008], "(2, 4, 1, 1)": [0.0, 0.0, 0.0, 0.27462631464004517, 0.0], "(1, 1, 2, 2)": [2.756057024002075, 4.333320617675781, 3.518826961517334, 1.2471399307250977, 1.757682204246521], "(3, 3, 2, 2)": [0.5041021108627319, 0.4788578152656555, 0.34280598163604736, 0.5851276516914368, 0.7848781943321228], "(3, 2, 2, 2)": [0.28955212235450745, 0.25813448429107666, 0.4859929084777832, 0.4579341411590576, 0.5316854119300842], "(3, 1, 2, 2)": [2.176166296005249, 3.7258384227752686, 0.8130538463592529, 6.135150909423828, 1.158024787902832], "(2, 6, 3, 3)": [3.555499315261841, 0.0, 0.04206636920571327, 0.0, 0.028548723086714745], "(3, 6, 2, 2)": [0.8228042125701904, 0.6694381833076477, 1.3581669330596924, 1.424734354019165, 0.6639593839645386], "(3, 5, 2, 2)": [0.5844006538391113, 0.51102215051651, 0.7634598612785339, 0.7066936492919922, 0.5644239187240601], "(3, 4, 2, 2)": [0.38689035177230835, 0.547351062297821, 0.6733735799789429, 0.4127371609210968, 0.5317119359970093], "(3, 2, 2, 1)": [0.1850464940071106, 0.0, 0.0, 0.07696384191513062, 0.0], "(3, 3, 2, 1)": [0.8156927824020386, 0.0, 0.0, 0.0, 0.0], "(1, 5, 2, 3)": [0.0, 0.0, 0.02904522605240345, 0.0, 0.028267191722989082], "(1, 6, 2, 3)": [0.0, 0.035319190472364426, 0.02719924785196781, 0.0, 0.0], "(1, 7, 2, 3)": [0.05551398545503616, 0.0, 0.0, 0.0, 0.0], "(2, 2, 2, 3)": [0.0, 1.1963582038879395, 0.0, 0.0, 0.0], "(3, 6, 2, 3)": [0.0, 0.0, 0.0, 0.027122829109430313, 0.0], "(3, 7, 2, 3)": [0.0, 0.0, 0.0, 0.0, 0.025836193934082985], "(3, 7, 3, 3)": [0.0, 0.0, 1.2083364725112915, 0.0, 0.0], "(2, 6, 2, 1)": [0.6556119918823242, 0.09890739619731903, 0.0, 0.0, 0.0], "(1, 1, 2, 1)": [0.0, 3.295747756958008, 0.0726991593837738, 0.0, 1.8950012922286987], "(3, 5, 3, 2)": [0.0341029092669487, 0.0, 0.0, 0.0, 0.0], "(3, 5, 2, 1)": [0.0, 0.35878854990005493, 0.0, 0.0, 0.0], "(2, 3, 1, 1)": [0.0, 0.0, 0.9743215441703796, 0.9465529322624207, 0.0], "(3, 4, 2, 3)": [0.0, 0.03956315293908119, 0.0, 0.0, 0.0], "(3, 4, 3, 3)": [0.05014127492904663, 0.0, 0.0, 0.0, 0.0]}}