{"q_values": {"(2, 5, 2, 2)": [33.68714141845703, 33.605567932128906, 33.56680679321289, 33.62059783935547, 32.804752349853516], "(2, 6, 2, 2)": [31.957231521606445, 32.11285400390625, 31.578824996948242, 31.612565994262695, 31.235868453979492], "(2, 7, 2, 2)": [28.4789981842041, 28.818218231201172, 28.51940155029297, 28.418045043945312, 27.781665802001953], "(2, 3, 2, 2)": [33.100704193115234, 33.81904983520508, 33.992637634277344, 33.71631622314453, 34.08515548706055], "(2, 1, 2, 2)": [27.200162887573242, 26.73641586303711, 27.009902954101562, 27.51791763305664, 27.315507888793945], "(2, 2, 2, 2)": [29.0078125, 30.323291778564453, 29.93637466430664, 30.55412483215332, 29.892932891845703], "(2, 4, 2, 2)": [35.15675735473633, 35.46940994262695, 35.28303909301758, 35.16981506347656, 34.6302490234375], "(2, 6, 2, 3)": [6.235980033874512, 3.229816436767578, 2.6722583770751953, 1.3036599159240723, 0.9776543974876404], "(2, 2, 2, 1)": [0.9036423563957214, 1.750490427017212, 3.5579447746276855, 7.339611053466797, 4.427545070648193], "(2, 1, 2, 1)": [2.826519012451172, 6.328720569610596, 4.966708183288574, 8.8325834274292, 5.143396854400635], "(2, 3, 2, 3)": [1.039153814315796, 0.0, 0.5520365238189697, 0.17084389925003052, 0.21891337633132935], "(2, 4, 2, 3)": [1.997800588607788, 2.2325072288513184, 2.4831888675689697, 0.5119802355766296, 0.08233924210071564], "(2, 7, 2, 3)": [6.777950286865234, 5.003139019012451, 2.9645442962646484, 2.289236068725586, 4.151919841766357], "(2, 5, 2, 3)": [3.3817708492279053, 5.105457782745361, 1.6543697118759155, 0.6060736775398254, 0.49569225311279297], "(2, 3, 2, 1)": [0.6951689720153809, 0.6416869759559631, 0.9934276342391968, 4.51810359954834, 3.3894686698913574], "(1, 3, 2, 2)": [0.22220806777477264, 0.2983335554599762, 0.21072590351104736, 0.06880096346139908, 0.3111870586872101], "(1, 2, 2, 2)": [0.22971054911613464, 0.20735640823841095, 0.12338942289352417, 0.22896386682987213, 0.3070755898952484], "(1, 4, 2, 2)": [0.2696196138858795, 0.09644158184528351, 0.24669581651687622, 0.0994260311126709, 0.25424325466156006], "(1, 5, 2, 2)": [0.15030032396316528, 0.06410548835992813, 0.06278898566961288, 0.06384299695491791, 0.11506765335798264], "(1, 6, 2, 2)": [0.03110424056649208, 0.0, 0.11243961751461029, 0.03069976344704628, 0.08443348109722137], "(1, 7, 2, 2)": [0.10358722507953644, 1.0058917999267578, 0.8218286037445068, 0.055757440626621246, 0.02785510942339897], "(2, 2, 1, 1)": [0.0, 0.027112895622849464, 0.0, 0.18569433689117432, 0.0], "(2, 1, 1, 1)": [0.0, 0.43154165148735046, 0.030107084661722183, 0.0, 0.0], "(2, 7, 3, 3)": [0.0, 0.05776429548859596, 0.1415756642818451, 0.2571549117565155, 0.02698582224547863], "(2, 4, 2, 1)": [0.19989976286888123, 0.0, 1.6790645122528076, 2.666069984436035, 3.0417568683624268], "(3, 7, 2, 2)": [0.13570533692836761, 0.026425398886203766, 0.11174212396144867, 0.7662144899368286, 0.9515679478645325], "(2, 5, 2, 1)": [0.08282316476106644, 0.0, 0.2606073021888733, 0.0, 0.8393313884735107], "(2, 4, 1, 1)": [0.0, 0.0, 0.0, 0.27462631464004517, 0.0], "(1, 1, 2, 2)": [0.8639992475509644, 0.41728633642196655, 1.6177120208740234, 0.645442008972168, 0.23189111053943634], "(3, 3, 2, 2)": [0.3442489206790924, 0.3108828365802765, 0.16359856724739075, 0.2964683771133423, 0.31676146388053894], "(3, 2, 2, 2)": [0.09082020074129105, 0.058674752712249756, 0.09438984096050262, 0.1961231529712677, 0.09898647665977478], "(3, 1, 2, 2)": [0.47081196308135986, 0.05224895477294922, 0.09707868099212646, 0.7941216230392456, 0.6077009439468384], "(2, 6, 3, 3)": [0.0, 0.0, 0.04206636920571327, 0.0, 0.028548723086714745], "(3, 6, 2, 2)": [0.0, 0.05788857489824295, 0.056039199233055115, 0.0846005529165268, 0.0], "(3, 5, 2, 2)": [0.030487850308418274, 0.06105691194534302, 0.0873577892780304, 0.0, 0.0], "(3, 4, 2, 2)": [0.1263079047203064, 0.15693342685699463, 0.18859100341796875, 0.09560516476631165, 0.12465699017047882], "(3, 2, 2, 1)": [0.1850464940071106, 0.0, 0.0, 0.07696384191513062, 0.0], "(3, 3, 2, 1)": [0.03402762860059738, 0.0, 0.0, 0.0, 0.0], "(1, 5, 2, 3)": [0.0, 0.0, 0.02904522605240345, 0.0, 0.028267191722989082], "(1, 6, 2, 3)": [0.0, 0.0, 0.02719924785196781, 0.0, 0.0], "(1, 7, 2, 3)": [0.05551398545503616, 0.0, 0.0, 0.0, 0.0]}}