{"q_values": {"(2, 5, 2, 2)": [99.71994018554688, 99.28890991210938, 99.73299407958984, 100.18299865722656, 95.79076385498047], "(2, 6, 2, 2)": [95.71501159667969, 95.7959213256836, 95.81258392333984, 95.48125457763672, 94.70455169677734], "(2, 7, 2, 2)": [93.74658966064453, 93.02140045166016, 93.66385650634766, 93.02437591552734, 91.74742126464844], "(2, 3, 2, 2)": [97.78250122070312, 100.64485168457031, 101.02117156982422, 100.8717269897461, 100.46383666992188], "(2, 1, 2, 2)": [92.72423553466797, 93.50313568115234, 93.7104721069336, 93.5458755493164, 93.54485321044922], "(2, 2, 2, 2)": [93.53640747070312, 95.88928985595703, 95.80044555664062, 96.95890808105469, 96.59554290771484], "(2, 4, 2, 2)": [102.39322662353516, 102.46482849121094, 102.7844467163086, 102.30758666992188, 100.29894256591797], "(2, 6, 2, 3)": [44.46950912475586, 32.9996452331543, 15.646232604980469, 15.144514083862305, 12.042771339416504], "(2, 2, 2, 1)": [13.965357780456543, 13.158109664916992, 28.61048126220703, 42.19353103637695, 50.61732864379883], "(2, 1, 2, 1)": [27.396957397460938, 32.32868194580078, 34.700927734375, 49.64598083496094, 41.4011344909668], "(2, 3, 2, 3)": [1.039153814315796, 5.947934150695801, 2.520867347717285, 0.5471572875976562, 0.4756007790565491], "(2, 4, 2, 3)": [27.145593643188477, 17.83673858642578, 10.034074783325195, 4.882601737976074, 1.6755595207214355], "(2, 7, 2, 3)": [41.987701416015625, 50.35704803466797, 29.014158248901367, 29.713844299316406, 30.506959915161133], "(2, 5, 2, 3)": [22.480913162231445, 37.486793518066406, 10.961562156677246, 8.660865783691406, 10.000561714172363], "(2, 3, 2, 1)": [10.529770851135254, 11.976588249206543, 18.674476623535156, 22.680191040039062, 38.953887939453125], "(1, 3, 2, 2)": [1.0150325298309326, 0.8013079166412354, 1.0314494371414185, 0.6005451679229736, 0.8067885637283325], "(1, 2, 2, 2)": [0.7339991927146912, 0.5074823498725891, 0.7361646890640259, 0.6265977621078491, 0.7955493927001953], "(1, 4, 2, 2)": [0.6372720003128052, 0.7641780376434326, 0.9829975366592407, 0.6780588030815125, 1.9077092409133911], "(1, 5, 2, 2)": [0.531173050403595, 0.35419854521751404, 0.4301215708255768, 0.34220895171165466, 0.25404664874076843], "(1, 6, 2, 2)": [0.18246117234230042, 0.24583488702774048, 0.22484718263149261, 0.36209967732429504, 0.3195189833641052], "(1, 7, 2, 2)": [1.3043855428695679, 1.120646595954895, 5.5791826248168945, 1.7696928977966309, 0.09117370843887329], "(2, 2, 1, 1)": [0.0, 0.10020878165960312, 0.0, 0.18569433689117432, 0.0], "(2, 1, 1, 1)": [0.0, 3.4409642219543457, 0.030107084661722183, 1.3627827167510986, 0.0], "(2, 7, 3, 3)": [0.0, 0.6914678812026978, 3.04805326461792, 0.2571549117565155, 0.07240787893533707], "(2, 4, 2, 1)": [2.791083574295044, 2.9941751956939697, 17.54336166381836, 11.904583930969238, 23.15899085998535], "(3, 7, 2, 2)": [2.0034372806549072, 2.855268955230713, 3.590006113052368, 7.141504287719727, 10.612109184265137], "(2, 5, 2, 1)": [0.08282316476106644, 1.0065871477127075, 4.9424357414245605, 11.779308319091797, 10.975191116333008], "(2, 4, 1, 1)": [0.0, 0.0, 0.0, 0.27462631464004517, 0.0], "(1, 1, 2, 2)": [2.756057024002075, 4.333320617675781, 3.518826961517334, 1.2471399307250977, 1.757682204246521], "(3, 3, 2, 2)": [0.6869981288909912, 0.5557790398597717, 0.4189983308315277, 0.5851276516914368, 0.8145120143890381], "(3, 2, 2, 2)": [0.42612242698669434, 0.25813448429107666, 0.7882623076438904, 0.4579341411590576, 3.1981287002563477], "(3, 1, 2, 2)": [2.423586368560791, 3.8267452716827393, 3.6419076919555664, 6.291084289550781, 1.6710554361343384], "(2, 6, 3, 3)": [3.555499315261841, 0.0, 0.04206636920571327, 0.0, 0.028548723086714745], "(3, 6, 2, 2)": [0.9438689947128296, 0.6694381833076477, 1.389076828956604, 1.424734354019165, 0.6639593839645386], "(3, 5, 2, 2)": [0.7331374883651733, 0.6661692261695862, 0.9319965839385986, 0.7764666080474854, 0.6946558952331543], "(3, 4, 2, 2)": [0.38689035177230835, 0.619404673576355, 0.8871918320655823, 0.49455589056015015, 0.5706034302711487], "(3, 2, 2, 1)": [0.1850464940071106, 0.0, 0.026972761377692223, 0.07696384191513062, 0.0], "(3, 3, 2, 1)": [0.8156927824020386, 0.0, 0.0, 0.0, 0.0], "(1, 5, 2, 3)": [0.0, 0.0, 0.02904522605240345, 0.0, 0.028267191722989082], "(1, 6, 2, 3)": [0.0, 0.035319190472364426, 0.09176702797412872, 0.0, 0.028125043958425522], "(1, 7, 2, 3)": [0.16905412077903748, 0.0, 0.0, 2.3841440677642822, 0.0], "(2, 2, 2, 3)": [0.0, 1.1963582038879395, 0.0, 0.0, 0.0], "(3, 6, 2, 3)": [0.0, 0.0, 0.0, 0.027122829109430313, 0.0], "(3, 7, 2, 3)": [0.0, 0.0, 0.0, 0.0, 0.025836193934082985], "(3, 7, 3, 3)": [0.0, 0.0, 1.2083364725112915, 0.0, 0.0], "(2, 6, 2, 1)": [0.6556119918823242, 0.09890739619731903, 0.0, 0.0, 0.0], "(1, 1, 2, 1)": [0.0, 3.295747756958008, 0.0726991593837738, 0.0, 1.8950012922286987], "(3, 5, 3, 2)": [0.0341029092669487, 0.0, 0.0, 0.0, 0.0], "(3, 5, 2, 1)": [0.0, 0.35878854990005493, 0.0, 0.0, 0.0], "(2, 3, 1, 1)": [0.0, 0.0, 0.9743215441703796, 0.9465529322624207, 0.0], "(3, 4, 2, 3)": [0.0, 0.03956315293908119, 0.0, 0.0, 0.0], "(3, 4, 3, 3)": [0.05014127492904663, 0.0, 0.0, 0.0, 0.0], "(3, 1, 2, 1)": [0.0, 0.0, 0.0, 0.0, 2.823518753051758]}}