{"q_values": {"(2, 5, 2, 2)": [64.18659210205078, 64.38993072509766, 64.57855987548828, 64.00593566894531, 63.77839660644531], "(2, 6, 2, 2)": [60.91826629638672, 61.265625, 60.704925537109375, 60.63944625854492, 58.02932357788086], "(2, 7, 2, 2)": [58.397552490234375, 58.47409439086914, 59.07210159301758, 58.83304214477539, 57.849365234375], "(2, 3, 2, 2)": [63.64482879638672, 64.21561431884766, 65.11175537109375, 64.84264373779297, 63.762535095214844], "(2, 1, 2, 2)": [56.3541259765625, 57.28166580200195, 57.667076110839844, 57.79069137573242, 58.230857849121094], "(2, 2, 2, 2)": [60.523380279541016, 60.6782112121582, 61.234466552734375, 60.4863395690918, 59.89131164550781], "(2, 4, 2, 2)": [64.97393798828125, 65.38720703125, 65.56291198730469, 65.11488342285156, 64.0248031616211], "(2, 6, 2, 3)": [16.340240478515625, 13.501999855041504, 7.926496982574463, 3.9860541820526123, 3.8769028186798096], "(2, 2, 2, 1)": [3.854158878326416, 5.130043029785156, 10.916248321533203, 20.1978759765625, 17.42402458190918], "(2, 1, 2, 1)": [10.811768531799316, 15.116448402404785, 15.295026779174805, 22.724584579467773, 17.80974578857422], "(2, 3, 2, 3)": [1.039153814315796, 3.4647936820983887, 2.520867347717285, 0.5471572875976562, 0.4756007790565491], "(2, 4, 2, 3)": [12.646611213684082, 6.5727458000183105, 4.309765815734863, 2.4703423976898193, 0.5417654514312744], "(2, 7, 2, 3)": [15.502639770507812, 21.51276397705078, 15.506585121154785, 12.799882888793945, 13.372991561889648], "(2, 5, 2, 3)": [13.554293632507324, 14.353869438171387, 8.059785842895508, 2.2406015396118164, 2.530550003051758], "(2, 3, 2, 1)": [2.9557502269744873, 4.118371963500977, 5.863440990447998, 13.276102066040039, 18.23735237121582], "(1, 3, 2, 2)": [0.47817134857177734, 0.5173019766807556, 0.43923988938331604, 0.37609025835990906, 0.4328927993774414], "(1, 2, 2, 2)": [0.5558476448059082, 0.27728796005249023, 0.5253916382789612, 0.4282160997390747, 0.5119485855102539], "(1, 4, 2, 2)": [0.46926602721214294, 0.09644158184528351, 0.4580909013748169, 0.24019911885261536, 1.679690957069397], "(1, 5, 2, 2)": [0.2673240005970001, 0.09802493453025818, 0.1614760458469391, 0.20438089966773987, 0.11506765335798264], "(1, 6, 2, 2)": [0.18246117234230042, 0.24583488702774048, 0.22484718263149261, 0.2500620186328888, 0.2283288985490799], "(1, 7, 2, 2)": [1.3043855428695679, 1.0748647451400757, 0.8535882830619812, 1.7696928977966309, 0.09117370843887329], "(2, 2, 1, 1)": [0.0, 0.10020878165960312, 0.0, 0.18569433689117432, 0.0], "(2, 1, 1, 1)": [0.0, 1.5863369703292847, 0.030107084661722183, 1.3627827167510986, 0.0], "(2, 7, 3, 3)": [0.0, 0.6914678812026978, 0.1415756642818451, 0.2571549117565155, 0.02698582224547863], "(2, 4, 2, 1)": [0.5686455965042114, 0.7866793870925903, 4.992644309997559, 5.538666248321533, 14.746269226074219], "(3, 7, 2, 2)": [0.23357167840003967, 0.08028365671634674, 0.16224715113639832, 2.0796051025390625, 2.608546257019043], "(2, 5, 2, 1)": [0.08282316476106644, 0.12114623934030533, 2.0869860649108887, 2.799514055252075, 7.2343926429748535], "(2, 4, 1, 1)": [0.0, 0.0, 0.0, 0.27462631464004517, 0.0], "(1, 1, 2, 2)": [2.705103874206543, 2.551018238067627, 3.4916024208068848, 1.2471399307250977, 1.7634952068328857], "(3, 3, 2, 2)": [0.5041021108627319, 0.4059509038925171, 0.2644299566745758, 0.48399847745895386, 0.6088771224021912], "(3, 2, 2, 2)": [0.17618975043296814, 0.22095677256584167, 0.35322272777557373, 0.39180988073349, 0.5029842853546143], "(3, 1, 2, 2)": [2.096470832824707, 3.6474409103393555, 0.4556899666786194, 1.2456892728805542, 1.158024787902832], "(2, 6, 3, 3)": [0.0, 0.0, 0.04206636920571327, 0.0, 0.028548723086714745], "(3, 6, 2, 2)": [0.0, 0.05788857489824295, 0.08534608036279678, 0.22493724524974823, 0.028098978102207184], "(3, 5, 2, 2)": [0.16457802057266235, 0.16457176208496094, 0.27373751997947693, 0.26893842220306396, 0.0686543732881546], "(3, 4, 2, 2)": [0.2907467782497406, 0.3170922100543976, 0.4602280557155609, 0.27101844549179077, 0.3322811424732208], "(3, 2, 2, 1)": [0.1850464940071106, 0.0, 0.0, 0.07696384191513062, 0.0], "(3, 3, 2, 1)": [0.03402762860059738, 0.0, 0.0, 0.0, 0.0], "(1, 5, 2, 3)": [0.0, 0.0, 0.02904522605240345, 0.0, 0.028267191722989082], "(1, 6, 2, 3)": [0.0, 0.0, 0.02719924785196781, 0.0, 0.0], "(1, 7, 2, 3)": [0.05551398545503616, 0.0, 0.0, 0.0, 0.0], "(2, 2, 2, 3)": [0.0, 1.1963582038879395, 0.0, 0.0, 0.0], "(3, 6, 2, 3)": [0.0, 0.0, 0.0, 0.027122829109430313, 0.0], "(3, 7, 2, 3)": [0.0, 0.0, 0.0, 0.0, 0.025836193934082985], "(3, 7, 3, 3)": [0.0, 0.0, 1.2083364725112915, 0.0, 0.0], "(2, 6, 2, 1)": [0.3061390817165375, 0.09890739619731903, 0.0, 0.0, 0.0], "(1, 1, 2, 1)": [0.0, 1.5522114038467407, 0.0, 0.0, 0.0], "(3, 5, 3, 2)": [0.0341029092669487, 0.0, 0.0, 0.0, 0.0]}}