{"q_values": {"(2, 5, 2, 2)": [90.21090698242188, 91.82115173339844, 90.68260955810547, 91.01214599609375, 89.7931137084961], "(2, 6, 2, 2)": [85.24330139160156, 85.52869415283203, 85.315673828125, 83.232666015625, 85.07909393310547], "(2, 7, 2, 2)": [82.99346923828125, 82.79251098632812, 83.55958557128906, 82.6212387084961, 81.93427276611328], "(2, 3, 2, 2)": [87.85176086425781, 90.25364685058594, 89.07342529296875, 89.8807144165039, 90.80247497558594], "(2, 1, 2, 2)": [80.82425689697266, 80.7115707397461, 81.68131256103516, 81.79951477050781, 82.14115905761719], "(2, 2, 2, 2)": [83.99046325683594, 83.8575439453125, 85.11507415771484, 85.67761993408203, 85.2094955444336], "(2, 4, 2, 2)": [91.38233184814453, 92.82286834716797, 92.5639877319336, 92.23262023925781, 92.00076293945312], "(2, 6, 2, 3)": [31.676570892333984, 24.527589797973633, 13.758925437927246, 10.033924102783203, 11.202786445617676], "(2, 2, 2, 1)": [11.893301010131836, 8.717187881469727, 23.422712326049805, 37.317901611328125, 40.666107177734375], "(2, 1, 2, 1)": [23.52248764038086, 28.261018753051758, 28.691619873046875, 41.56022644042969, 35.43277359008789], "(2, 3, 2, 3)": [1.039153814315796, 5.947934150695801, 2.520867347717285, 0.5471572875976562, 0.4756007790565491], "(2, 4, 2, 3)": [20.421693801879883, 15.228240013122559, 10.034074783325195, 4.882601737976074, 0.5417654514312744], "(2, 7, 2, 3)": [32.35029602050781, 40.79774475097656, 25.10404396057129, 25.582763671875, 25.826156616210938], "(2, 5, 2, 3)": [22.480913162231445, 26.171594619750977, 10.961562156677246, 6.503868579864502, 5.941076755523682], "(2, 3, 2, 1)": [8.220784187316895, 8.2535982131958, 15.453431129455566, 20.562362670898438, 35.65403747558594], "(1, 3, 2, 2)": [1.0150325298309326, 0.8013079166412354, 1.0314494371414185, 0.6005451679229736, 0.8067885637283325], "(1, 2, 2, 2)": [0.7339991927146912, 0.5074823498725891, 0.7361646890640259, 0.6265977621078491, 0.7955493927001953], "(1, 4, 2, 2)": [0.6372720003128052, 0.7641780376434326, 0.9829975366592407, 0.6780588030815125, 1.9077092409133911], "(1, 5, 2, 2)": [0.531173050403595, 0.35419854521751404, 0.4301215708255768, 0.34220895171165466, 0.25404664874076843], "(1, 6, 2, 2)": [0.18246117234230042, 0.24583488702774048, 0.22484718263149261, 0.36209967732429504, 0.3195189833641052], "(1, 7, 2, 2)": [1.3043855428695679, 1.120646595954895, 5.5791826248168945, 1.7696928977966309, 0.09117370843887329], "(2, 2, 1, 1)": [0.0, 0.10020878165960312, 0.0, 0.18569433689117432, 0.0], "(2, 1, 1, 1)": [0.0, 3.4409642219543457, 0.030107084661722183, 1.3627827167510986, 0.0], "(2, 7, 3, 3)": [0.0, 0.6914678812026978, 0.1415756642818451, 0.2571549117565155, 0.02698582224547863], "(2, 4, 2, 1)": [2.791083574295044, 2.4134325981140137, 9.780492782592773, 11.904583930969238, 20.77176284790039], "(3, 7, 2, 2)": [2.0034372806549072, 2.855268955230713, 3.590006113052368, 7.141504287719727, 10.612109184265137], "(2, 5, 2, 1)": [0.08282316476106644, 0.36436912417411804, 2.0869860649108887, 9.070085525512695, 10.975191116333008], "(2, 4, 1, 1)": [0.0, 0.0, 0.0, 0.27462631464004517, 0.0], "(1, 1, 2, 2)": [2.756057024002075, 4.333320617675781, 3.518826961517334, 1.2471399307250977, 1.757682204246521], "(3, 3, 2, 2)": [0.5041021108627319, 0.4788578152656555, 0.34280598163604736, 0.5851276516914368, 0.7848781943321228], "(3, 2, 2, 2)": [0.28955212235450745, 0.25813448429107666, 0.4859929084777832, 0.4579341411590576, 0.5316854119300842], "(3, 1, 2, 2)": [2.176166296005249, 3.7258384227752686, 0.8130538463592529, 6.135150909423828, 1.158024787902832], "(2, 6, 3, 3)": [3.555499315261841, 0.0, 0.04206636920571327, 0.0, 0.028548723086714745], "(3, 6, 2, 2)": [0.8228042125701904, 0.6694381833076477, 1.3581669330596924, 1.424734354019165, 0.6639593839645386], "(3, 5, 2, 2)": [0.5844006538391113, 0.51102215051651, 0.7634598612785339, 0.7066936492919922, 0.5644239187240601], "(3, 4, 2, 2)": [0.38689035177230835, 0.547351062297821, 0.6733735799789429, 0.4127371609210968, 0.5317119359970093], "(3, 2, 2, 1)": [0.1850464940071106, 0.0, 0.0, 0.07696384191513062, 0.0], "(3, 3, 2, 1)": [0.8156927824020386, 0.0, 0.0, 0.0, 0.0], "(1, 5, 2, 3)": [0.0, 0.0, 0.02904522605240345, 0.0, 0.028267191722989082], "(1, 6, 2, 3)": [0.0, 0.035319190472364426, 0.09176702797412872, 0.0, 0.028125043958425522], "(1, 7, 2, 3)": [0.16905412077903748, 0.0, 0.0, 2.3841440677642822, 0.0], "(2, 2, 2, 3)": [0.0, 1.1963582038879395, 0.0, 0.0, 0.0], "(3, 6, 2, 3)": [0.0, 0.0, 0.0, 0.027122829109430313, 0.0], "(3, 7, 2, 3)": [0.0, 0.0, 0.0, 0.0, 0.025836193934082985], "(3, 7, 3, 3)": [0.0, 0.0, 1.2083364725112915, 0.0, 0.0], "(2, 6, 2, 1)": [0.6556119918823242, 0.09890739619731903, 0.0, 0.0, 0.0], "(1, 1, 2, 1)": [0.0, 3.295747756958008, 0.0726991593837738, 0.0, 1.8950012922286987], "(3, 5, 3, 2)": [0.0341029092669487, 0.0, 0.0, 0.0, 0.0], "(3, 5, 2, 1)": [0.0, 0.35878854990005493, 0.0, 0.0, 0.0], "(2, 3, 1, 1)": [0.0, 0.0, 0.9743215441703796, 0.9465529322624207, 0.0], "(3, 4, 2, 3)": [0.0, 0.03956315293908119, 0.0, 0.0, 0.0], "(3, 4, 3, 3)": [0.05014127492904663, 0.0, 0.0, 0.0, 0.0]}}