{"q_values": {"(2, 5, 2, 2)": [166.71607971191406, 165.9326934814453, 165.4385223388672, 165.81005859375, 161.3817596435547], "(2, 6, 2, 2)": [160.9716339111328, 161.1591339111328, 161.9055633544922, 160.7159423828125, 157.04238891601562], "(2, 7, 2, 2)": [159.8104248046875, 159.7201690673828, 160.08517456054688, 159.97625732421875, 160.08140563964844], "(2, 3, 2, 2)": [164.67852783203125, 167.37098693847656, 167.73748779296875, 167.83583068847656, 167.1009521484375], "(2, 1, 2, 2)": [161.64105224609375, 161.53749084472656, 162.9752960205078, 161.90597534179688, 161.48995971679688], "(2, 2, 2, 2)": [162.1566162109375, 163.3665008544922, 162.51185607910156, 162.6461639404297, 162.44268798828125], "(2, 4, 2, 2)": [166.177490234375, 169.95962524414062, 170.0559844970703, 169.60122680664062, 165.65013122558594], "(2, 6, 2, 3)": [80.971435546875, 67.16732025146484, 34.719627380371094, 32.58659744262695, 35.357147216796875], "(2, 2, 2, 1)": [44.444828033447266, 41.854801177978516, 53.123451232910156, 84.349609375, 102.1092529296875], "(2, 1, 2, 1)": [63.693851470947266, 64.70713806152344, 71.60189819335938, 100.72256469726562, 87.63472747802734], "(2, 3, 2, 3)": [7.851452350616455, 26.172836303710938, 14.922185897827148, 2.7168564796447754, 3.976346254348755], "(2, 4, 2, 3)": [56.363922119140625, 39.09575653076172, 34.846900939941406, 17.4195556640625, 16.476329803466797], "(2, 7, 2, 3)": [75.15711212158203, 93.43284606933594, 68.50523376464844, 49.142852783203125, 67.3575439453125], "(2, 5, 2, 3)": [66.15560913085938, 88.21980285644531, 36.94499206542969, 26.324291229248047, 20.923688888549805], "(2, 3, 2, 1)": [28.366003036499023, 35.284881591796875, 35.243408203125, 61.70509338378906, 89.10911560058594], "(1, 3, 2, 2)": [1.2835909128189087, 0.8426582217216492, 1.0670819282531738, 0.6955554485321045, 1.0202138423919678], "(1, 2, 2, 2)": [1.9759107828140259, 0.5686708688735962, 1.5024737119674683, 1.1286636590957642, 1.0179673433303833], "(1, 4, 2, 2)": [0.8394832611083984, 1.0728377103805542, 1.33189857006073, 1.2634984254837036, 1.9906342029571533], "(1, 5, 2, 2)": [1.2127196788787842, 0.8638348579406738, 0.8431707620620728, 0.5485296249389648, 0.7110170125961304], "(1, 6, 2, 2)": [0.5806207060813904, 0.6897463202476501, 1.057052731513977, 0.6206117868423462, 0.7956440448760986], "(1, 7, 2, 2)": [6.125290393829346, 5.575949668884277, 15.315380096435547, 7.338771820068359, 1.4875497817993164], "(2, 2, 1, 1)": [0.1292809396982193, 0.24087011814117432, 3.0909698009490967, 3.8676881790161133, 0.0], "(2, 1, 1, 1)": [4.291600704193115, 3.4409642219543457, 2.973663568496704, 1.3627827167510986, 0.0], "(2, 7, 3, 3)": [0.0, 0.6914678812026978, 4.989872932434082, 0.2571549117565155, 0.07240787893533707], "(2, 4, 2, 1)": [16.54242515563965, 11.941606521606445, 39.93149185180664, 43.13060760498047, 54.86246109008789], "(3, 7, 2, 2)": [11.870157241821289, 8.941811561584473, 23.17664909362793, 23.760591506958008, 13.643197059631348], "(2, 5, 2, 1)": [0.08282316476106644, 3.629687547683716, 16.962244033813477, 23.23052215576172, 17.720678329467773], "(2, 4, 1, 1)": [0.0, 0.0, 0.0, 0.27462631464004517, 0.0], "(1, 1, 2, 2)": [20.014066696166992, 12.01880931854248, 7.83096981048584, 2.9525065422058105, 3.099487781524658], "(3, 3, 2, 2)": [1.053163766860962, 0.9875090718269348, 0.8577623963356018, 0.9038673639297485, 1.6109312772750854], "(3, 2, 2, 2)": [2.7838680744171143, 0.685791552066803, 1.978157639503479, 0.6763925552368164, 3.6512537002563477], "(3, 1, 2, 2)": [8.03072738647461, 12.71338176727295, 14.877384185791016, 7.419972896575928, 4.073823928833008], "(2, 6, 3, 3)": [7.245565414428711, 0.0, 0.04206636920571327, 0.11858318746089935, 0.028548723086714745], "(3, 6, 2, 2)": [1.3671914339065552, 1.1811052560806274, 2.7071518898010254, 3.6319687366485596, 2.2310996055603027], "(3, 5, 2, 2)": [4.887699604034424, 1.6134088039398193, 6.318521022796631, 2.510972499847412, 2.831096649169922], "(3, 4, 2, 2)": [4.952960014343262, 1.3030556440353394, 1.52432382106781, 1.426945686340332, 1.6261217594146729], "(3, 2, 2, 1)": [0.1850464940071106, 0.03355620056390762, 0.14991502463817596, 0.3272126615047455, 0.0], "(3, 3, 2, 1)": [0.8156927824020386, 0.0, 0.0, 0.0, 0.0], "(1, 5, 2, 3)": [0.0, 0.0, 0.02904522605240345, 0.0, 0.028267191722989082], "(1, 6, 2, 3)": [0.0, 0.035319190472364426, 0.09176702797412872, 0.0, 0.028125043958425522], "(1, 7, 2, 3)": [0.16905412077903748, 0.0, 0.0, 2.3841440677642822, 0.0], "(2, 2, 2, 3)": [0.0, 1.1963582038879395, 0.0, 0.0, 0.0], "(3, 6, 2, 3)": [0.0, 0.0, 0.0, 0.027122829109430313, 0.0], "(3, 7, 2, 3)": [0.7370767593383789, 0.0, 0.0, 0.0, 0.025836193934082985], "(3, 7, 3, 3)": [0.0, 0.0, 5.815621852874756, 0.0, 0.0], "(2, 6, 2, 1)": [2.190460681915283, 0.09890739619731903, 0.0, 0.0, 0.0], "(1, 1, 2, 1)": [0.0, 3.295747756958008, 0.0726991593837738, 0.0, 1.8950012922286987], "(3, 5, 3, 2)": [0.0341029092669487, 0.0, 0.0, 0.0, 0.0], "(3, 5, 2, 1)": [0.0, 0.35878854990005493, 0.0, 0.0, 0.0], "(2, 3, 1, 1)": [0.14482414722442627, 0.0, 0.9743215441703796, 3.4154179096221924, 0.0], "(3, 4, 2, 3)": [0.0, 0.03956315293908119, 0.0, 0.0, 0.0], "(3, 4, 3, 3)": [0.05014127492904663, 0.0, 0.0, 0.0, 0.0], "(3, 1, 2, 1)": [0.0, 0.0, 0.0, 0.0, 2.823518753051758], "(2, 5, 3, 3)": [0.0, 0.0, 0.31435835361480713, 0.0, 0.06176266819238663], "(3, 4, 3, 2)": [0.2870294749736786, 0.0, 0.0, 0.0, 0.0], "(3, 7, 3, 2)": [0.0, 0.4873523712158203, 0.0, 0.0, 0.0], "(2, 4, 3, 3)": [0.0, 0.0, 0.0, 0.0, 0.033927831798791885], "(2, 2, 3, 2)": [0.0, 0.0, 4.7967939376831055, 0.0, 0.0], "(2, 3, 3, 2)": [0.0, 0.0, 0.0, 0.05890467390418053, 0.0], "(2, 4, 3, 2)": [0.0, 4.824331283569336, 0.0, 0.0, 0.0]}}