{"q_values": {"(2, 5, 2, 2)": [140.80995178222656, 141.0897979736328, 139.82029724121094, 140.7528533935547, 137.79637145996094], "(2, 6, 2, 2)": [136.3206024169922, 137.5695037841797, 136.859375, 135.13638305664062, 136.2340545654297], "(2, 7, 2, 2)": [132.2576141357422, 132.90771484375, 132.4183349609375, 132.11590576171875, 131.83277893066406], "(2, 3, 2, 2)": [137.3543243408203, 139.8948211669922, 140.64300537109375, 140.0115966796875, 139.68443298339844], "(2, 1, 2, 2)": [135.013671875, 135.34434509277344, 135.9027557373047, 136.03860473632812, 136.7639617919922], "(2, 2, 2, 2)": [135.54148864746094, 137.51220703125, 138.13059997558594, 137.25743103027344, 137.8134002685547], "(2, 4, 2, 2)": [137.36837768554688, 140.36314392089844, 141.42373657226562, 140.6129608154297, 138.96498107910156], "(2, 6, 2, 3)": [67.35607147216797, 53.465576171875, 25.965513229370117, 22.381454467773438, 26.46454429626465], "(2, 2, 2, 1)": [30.250591278076172, 27.85042381286621, 44.92706298828125, 69.82475280761719, 78.29280090332031], "(2, 1, 2, 1)": [44.07798767089844, 52.1229133605957, 59.05317687988281, 79.1988296508789, 67.88282775878906], "(2, 3, 2, 3)": [7.851452350616455, 22.32402801513672, 14.922185897827148, 1.2300196886062622, 3.4730725288391113], "(2, 4, 2, 3)": [49.79167175292969, 31.43271255493164, 25.106922149658203, 13.665348052978516, 9.980008125305176], "(2, 7, 2, 3)": [62.89868927001953, 77.56047821044922, 49.33628463745117, 44.17655944824219, 56.73458480834961], "(2, 5, 2, 3)": [41.765682220458984, 73.91719818115234, 22.59577178955078, 21.46355438232422, 17.396671295166016], "(2, 3, 2, 1)": [23.694307327270508, 23.749372482299805, 27.900012969970703, 55.24751281738281, 71.07933807373047], "(1, 3, 2, 2)": [1.0150325298309326, 0.8013079166412354, 1.0314494371414185, 0.6005451679229736, 0.8067885637283325], "(1, 2, 2, 2)": [0.7339991927146912, 0.5074823498725891, 0.7361646890640259, 0.6265977621078491, 0.7955493927001953], "(1, 4, 2, 2)": [0.7053303718566895, 0.9533823728561401, 1.1998683214187622, 1.2398719787597656, 1.9606530666351318], "(1, 5, 2, 2)": [1.1587255001068115, 0.8638348579406738, 0.75827956199646, 0.5485296249389648, 0.577467143535614], "(1, 6, 2, 2)": [0.5381325483322144, 0.6500471234321594, 1.0009506940841675, 0.6206117868423462, 0.3195189833641052], "(1, 7, 2, 2)": [6.125290393829346, 5.575949668884277, 15.290141105651855, 3.2791659832000732, 1.0336341857910156], "(2, 2, 1, 1)": [0.0, 0.10020878165960312, 0.0, 3.8676881790161133, 0.0], "(2, 1, 1, 1)": [0.0, 3.4409642219543457, 0.030107084661722183, 1.3627827167510986, 0.0], "(2, 7, 3, 3)": [0.0, 0.6914678812026978, 4.989872932434082, 0.2571549117565155, 0.07240787893533707], "(2, 4, 2, 1)": [7.876869201660156, 11.20873737335205, 32.02743148803711, 27.88770294189453, 41.81124496459961], "(3, 7, 2, 2)": [6.395088195800781, 8.586624145507812, 14.109075546264648, 15.395313262939453, 13.638975143432617], "(2, 5, 2, 1)": [0.08282316476106644, 1.936941146850586, 11.892035484313965, 14.877151489257812, 17.720678329467773], "(2, 4, 1, 1)": [0.0, 0.0, 0.0, 0.27462631464004517, 0.0], "(1, 1, 2, 2)": [2.9121265411376953, 7.128128528594971, 7.5779266357421875, 1.3653150796890259, 1.9448095560073853], "(3, 3, 2, 2)": [1.053163766860962, 0.9875090718269348, 0.8577623963356018, 0.9038673639297485, 1.4767320156097412], "(3, 2, 2, 2)": [2.695871353149414, 0.46619731187820435, 1.470310091972351, 0.5679980516433716, 3.2220208644866943], "(3, 1, 2, 2)": [3.54647159576416, 7.64810848236084, 14.824685096740723, 6.896708965301514, 3.7126564979553223], "(2, 6, 3, 3)": [5.161429405212402, 0.0, 0.04206636920571327, 0.11858318746089935, 0.028548723086714745], "(3, 6, 2, 2)": [1.2835776805877686, 0.9693775177001953, 2.159235715866089, 3.1251330375671387, 1.6199288368225098], "(3, 5, 2, 2)": [4.490536689758301, 1.493959665298462, 1.875616431236267, 1.650334119796753, 1.4822183847427368], "(3, 4, 2, 2)": [4.952960014343262, 1.0110485553741455, 1.3873625993728638, 1.1009018421173096, 1.3544118404388428], "(3, 2, 2, 1)": [0.1850464940071106, 0.03355620056390762, 0.14991502463817596, 0.3272126615047455, 0.0], "(3, 3, 2, 1)": [0.8156927824020386, 0.0, 0.0, 0.0, 0.0], "(1, 5, 2, 3)": [0.0, 0.0, 0.02904522605240345, 0.0, 0.028267191722989082], "(1, 6, 2, 3)": [0.0, 0.035319190472364426, 0.09176702797412872, 0.0, 0.028125043958425522], "(1, 7, 2, 3)": [0.16905412077903748, 0.0, 0.0, 2.3841440677642822, 0.0], "(2, 2, 2, 3)": [0.0, 1.1963582038879395, 0.0, 0.0, 0.0], "(3, 6, 2, 3)": [0.0, 0.0, 0.0, 0.027122829109430313, 0.0], "(3, 7, 2, 3)": [0.0, 0.0, 0.0, 0.0, 0.025836193934082985], "(3, 7, 3, 3)": [0.0, 0.0, 1.2083364725112915, 0.0, 0.0], "(2, 6, 2, 1)": [1.1118086576461792, 0.09890739619731903, 0.0, 0.0, 0.0], "(1, 1, 2, 1)": [0.0, 3.295747756958008, 0.0726991593837738, 0.0, 1.8950012922286987], "(3, 5, 3, 2)": [0.0341029092669487, 0.0, 0.0, 0.0, 0.0], "(3, 5, 2, 1)": [0.0, 0.35878854990005493, 0.0, 0.0, 0.0], "(2, 3, 1, 1)": [0.0, 0.0, 0.9743215441703796, 0.9465529322624207, 0.0], "(3, 4, 2, 3)": [0.0, 0.03956315293908119, 0.0, 0.0, 0.0], "(3, 4, 3, 3)": [0.05014127492904663, 0.0, 0.0, 0.0, 0.0], "(3, 1, 2, 1)": [0.0, 0.0, 0.0, 0.0, 2.823518753051758], "(2, 5, 3, 3)": [0.0, 0.0, 0.13491299748420715, 0.0, 0.02916325069963932], "(3, 4, 3, 2)": [0.07161689549684525, 0.0, 0.0, 0.0, 0.0]}}