{"q_values": {"(2, 5, 2, 2)": [143.59971618652344, 147.5713348388672, 146.82565307617188, 146.0862274169922, 146.26414489746094], "(2, 6, 2, 2)": [142.25161743164062, 142.65463256835938, 143.02305603027344, 142.38925170898438, 140.21949768066406], "(2, 7, 2, 2)": [139.65953063964844, 140.8840789794922, 139.4964599609375, 139.19692993164062, 139.70144653320312], "(2, 3, 2, 2)": [146.1079864501953, 147.02072143554688, 148.15431213378906, 147.62844848632812, 147.50765991210938], "(2, 1, 2, 2)": [141.21810913085938, 142.17457580566406, 143.5889892578125, 142.98577880859375, 142.7886199951172], "(2, 2, 2, 2)": [144.0430450439453, 145.0091552734375, 146.08953857421875, 145.89495849609375, 145.93560791015625], "(2, 4, 2, 2)": [147.1733856201172, 149.09878540039062, 149.79055786132812, 148.3662872314453, 148.98170471191406], "(2, 6, 2, 3)": [71.51639556884766, 58.62482833862305, 29.36336898803711, 27.209095001220703, 30.873165130615234], "(2, 2, 2, 1)": [30.250591278076172, 32.446807861328125, 47.0523681640625, 76.40641021728516, 82.08439636230469], "(2, 1, 2, 1)": [51.76338577270508, 53.93052673339844, 66.1346206665039, 84.46843719482422, 72.00625610351562], "(2, 3, 2, 3)": [7.851452350616455, 22.32402801513672, 14.922185897827148, 2.7168564796447754, 4.068398952484131], "(2, 4, 2, 3)": [49.79167175292969, 31.43271255493164, 25.877418518066406, 15.502613067626953, 9.980008125305176], "(2, 7, 2, 3)": [65.30543518066406, 81.14109802246094, 57.8500862121582, 44.17655944824219, 63.02596664428711], "(2, 5, 2, 3)": [47.68771743774414, 75.98507690429688, 25.5531005859375, 23.066579818725586, 17.396671295166016], "(2, 3, 2, 1)": [25.27370262145996, 25.414199829101562, 29.496362686157227, 55.24751281738281, 75.36824798583984], "(1, 3, 2, 2)": [1.2441651821136475, 0.8426582217216492, 1.0314494371414185, 0.6955554485321045, 1.0202138423919678], "(1, 2, 2, 2)": [0.7937558889389038, 0.5074823498725891, 0.8664369583129883, 0.8944664597511292, 0.8829364776611328], "(1, 4, 2, 2)": [0.8394832611083984, 1.0728377103805542, 1.33189857006073, 1.2634984254837036, 1.9906342029571533], "(1, 5, 2, 2)": [1.2127196788787842, 0.8638348579406738, 0.8431707620620728, 0.5485296249389648, 0.7110170125961304], "(1, 6, 2, 2)": [0.5806207060813904, 0.6897463202476501, 1.057052731513977, 0.6206117868423462, 0.7956440448760986], "(1, 7, 2, 2)": [6.125290393829346, 5.575949668884277, 15.315380096435547, 7.338771820068359, 1.4875497817993164], "(2, 2, 1, 1)": [0.0, 0.10020878165960312, 0.0, 3.8676881790161133, 0.0], "(2, 1, 1, 1)": [0.0, 3.4409642219543457, 0.030107084661722183, 1.3627827167510986, 0.0], "(2, 7, 3, 3)": [0.0, 0.6914678812026978, 4.989872932434082, 0.2571549117565155, 0.07240787893533707], "(2, 4, 2, 1)": [7.876869201660156, 12.250153541564941, 32.35090255737305, 31.490869522094727, 48.08838653564453], "(3, 7, 2, 2)": [6.395088195800781, 8.586624145507812, 14.109075546264648, 15.395313262939453, 13.638975143432617], "(2, 5, 2, 1)": [0.08282316476106644, 3.1631627082824707, 15.912769317626953, 14.877151489257812, 17.720678329467773], "(2, 4, 1, 1)": [0.0, 0.0, 0.0, 0.27462631464004517, 0.0], "(1, 1, 2, 2)": [3.0405948162078857, 7.128128528594971, 7.682807922363281, 1.5805970430374146, 2.517247438430786], "(3, 3, 2, 2)": [1.053163766860962, 0.9875090718269348, 0.8577623963356018, 0.9038673639297485, 1.4767320156097412], "(3, 2, 2, 2)": [2.695871353149414, 0.46619731187820435, 1.470310091972351, 0.5679980516433716, 3.2220208644866943], "(3, 1, 2, 2)": [3.54647159576416, 7.64810848236084, 14.824685096740723, 6.896708965301514, 3.7126564979553223], "(2, 6, 3, 3)": [5.161429405212402, 0.0, 0.04206636920571327, 0.11858318746089935, 0.028548723086714745], "(3, 6, 2, 2)": [1.2835776805877686, 0.9693775177001953, 2.159235715866089, 3.1251330375671387, 1.6199288368225098], "(3, 5, 2, 2)": [4.579554557800293, 1.6134088039398193, 6.26749324798584, 1.650334119796753, 1.6029744148254395], "(3, 4, 2, 2)": [4.952960014343262, 1.0110485553741455, 1.3873625993728638, 1.1009018421173096, 1.3544118404388428], "(3, 2, 2, 1)": [0.1850464940071106, 0.03355620056390762, 0.14991502463817596, 0.3272126615047455, 0.0], "(3, 3, 2, 1)": [0.8156927824020386, 0.0, 0.0, 0.0, 0.0], "(1, 5, 2, 3)": [0.0, 0.0, 0.02904522605240345, 0.0, 0.028267191722989082], "(1, 6, 2, 3)": [0.0, 0.035319190472364426, 0.09176702797412872, 0.0, 0.028125043958425522], "(1, 7, 2, 3)": [0.16905412077903748, 0.0, 0.0, 2.3841440677642822, 0.0], "(2, 2, 2, 3)": [0.0, 1.1963582038879395, 0.0, 0.0, 0.0], "(3, 6, 2, 3)": [0.0, 0.0, 0.0, 0.027122829109430313, 0.0], "(3, 7, 2, 3)": [0.0, 0.0, 0.0, 0.0, 0.025836193934082985], "(3, 7, 3, 3)": [0.0, 0.0, 1.2083364725112915, 0.0, 0.0], "(2, 6, 2, 1)": [1.1118086576461792, 0.09890739619731903, 0.0, 0.0, 0.0], "(1, 1, 2, 1)": [0.0, 3.295747756958008, 0.0726991593837738, 0.0, 1.8950012922286987], "(3, 5, 3, 2)": [0.0341029092669487, 0.0, 0.0, 0.0, 0.0], "(3, 5, 2, 1)": [0.0, 0.35878854990005493, 0.0, 0.0, 0.0], "(2, 3, 1, 1)": [0.0, 0.0, 0.9743215441703796, 0.9465529322624207, 0.0], "(3, 4, 2, 3)": [0.0, 0.03956315293908119, 0.0, 0.0, 0.0], "(3, 4, 3, 3)": [0.05014127492904663, 0.0, 0.0, 0.0, 0.0], "(3, 1, 2, 1)": [0.0, 0.0, 0.0, 0.0, 2.823518753051758], "(2, 5, 3, 3)": [0.0, 0.0, 0.13491299748420715, 0.0, 0.02916325069963932], "(3, 4, 3, 2)": [0.07161689549684525, 0.0, 0.0, 0.0, 0.0]}}