{"q_values": {"(2, 5, 2, 2)": [128.19949340820312, 129.1580047607422, 128.81410217285156, 128.5752410888672, 126.9364242553711], "(2, 6, 2, 2)": [126.80973815917969, 125.95957946777344, 125.92163848876953, 125.54995727539062, 124.95075225830078], "(2, 7, 2, 2)": [120.28208923339844, 120.24417114257812, 120.8348617553711, 120.05948638916016, 115.13304901123047], "(2, 3, 2, 2)": [127.0318374633789, 125.8801498413086, 127.4996109008789, 125.53533935546875, 126.17801666259766], "(2, 1, 2, 2)": [118.61278533935547, 118.24320983886719, 119.63815307617188, 119.42215728759766, 120.60433197021484], "(2, 2, 2, 2)": [120.7509765625, 122.86585998535156, 122.41134643554688, 120.96699523925781, 122.59111022949219], "(2, 4, 2, 2)": [127.2256851196289, 128.43438720703125, 129.7593536376953, 128.13934326171875, 129.0509033203125], "(2, 6, 2, 3)": [61.283748626708984, 46.31754684448242, 23.3759765625, 20.70653533935547, 19.32694435119629], "(2, 2, 2, 1)": [28.909879684448242, 23.543489456176758, 41.52289581298828, 59.822296142578125, 65.26659393310547], "(2, 1, 2, 1)": [39.11901092529297, 46.453460693359375, 54.33733367919922, 70.72196197509766, 55.34907150268555], "(2, 3, 2, 3)": [7.851452350616455, 15.39830493927002, 6.429356575012207, 0.5471572875976562, 0.6694294810295105], "(2, 4, 2, 3)": [38.86826705932617, 20.57798194885254, 16.57370376586914, 7.77228307723999, 4.1370110511779785], "(2, 7, 2, 3)": [58.76929473876953, 65.1636962890625, 42.707950592041016, 43.44748306274414, 45.63099670410156], "(2, 5, 2, 3)": [28.605607986450195, 59.9141845703125, 19.639808654785156, 16.936994552612305, 14.804465293884277], "(2, 3, 2, 1)": [17.357189178466797, 19.64654541015625, 27.900012969970703, 42.594486236572266, 55.927799224853516], "(1, 3, 2, 2)": [1.0150325298309326, 0.8013079166412354, 1.0314494371414185, 0.6005451679229736, 0.8067885637283325], "(1, 2, 2, 2)": [0.7339991927146912, 0.5074823498725891, 0.7361646890640259, 0.6265977621078491, 0.7955493927001953], "(1, 4, 2, 2)": [0.7053303718566895, 0.7641780376434326, 1.0966705083847046, 0.8958891034126282, 1.9006680250167847], "(1, 5, 2, 2)": [0.6783043146133423, 0.6246742606163025, 0.5278546810150146, 0.3788624107837677, 0.4479481875896454], "(1, 6, 2, 2)": [0.5062862634658813, 0.5650883316993713, 0.531205952167511, 0.5306069254875183, 0.3195189833641052], "(1, 7, 2, 2)": [5.494722366333008, 1.6301803588867188, 15.290141105651855, 2.4706826210021973, 1.0336341857910156], "(2, 2, 1, 1)": [0.0, 0.10020878165960312, 0.0, 1.7267414331436157, 0.0], "(2, 1, 1, 1)": [0.0, 3.4409642219543457, 0.030107084661722183, 1.3627827167510986, 0.0], "(2, 7, 3, 3)": [0.0, 0.6914678812026978, 3.04805326461792, 0.2571549117565155, 0.07240787893533707], "(2, 4, 2, 1)": [7.876869201660156, 11.20873737335205, 22.36915397644043, 17.685562133789062, 39.01771545410156], "(3, 7, 2, 2)": [6.395088195800781, 4.9113383293151855, 10.380465507507324, 11.610766410827637, 13.586934089660645], "(2, 5, 2, 1)": [0.08282316476106644, 1.936941146850586, 8.196575164794922, 14.877151489257812, 17.720678329467773], "(2, 4, 1, 1)": [0.0, 0.0, 0.0, 0.27462631464004517, 0.0], "(1, 1, 2, 2)": [2.756057024002075, 7.128128528594971, 3.6173791885375977, 1.3653150796890259, 1.757682204246521], "(3, 3, 2, 2)": [0.9654697179794312, 0.8996173143386841, 0.8114453554153442, 0.7602267265319824, 1.2530505657196045], "(3, 2, 2, 2)": [2.411369562149048, 0.46619731187820435, 1.2987874746322632, 0.5679980516433716, 3.2474215030670166], "(3, 1, 2, 2)": [2.7407073974609375, 7.513865947723389, 7.245404243469238, 6.291084289550781, 2.065850019454956], "(2, 6, 3, 3)": [5.161429405212402, 0.0, 0.04206636920571327, 0.0, 0.028548723086714745], "(3, 6, 2, 2)": [1.200325608253479, 0.8761323094367981, 1.7772879600524902, 3.0409433841705322, 1.1368319988250732], "(3, 5, 2, 2)": [4.40761137008667, 1.2444117069244385, 1.4074912071228027, 1.1584014892578125, 1.197627305984497], "(3, 4, 2, 2)": [0.5383286476135254, 0.8431417346000671, 1.2974804639816284, 0.844169557094574, 0.9842639565467834], "(3, 2, 2, 1)": [0.1850464940071106, 0.0, 0.14991502463817596, 0.07696384191513062, 0.0], "(3, 3, 2, 1)": [0.8156927824020386, 0.0, 0.0, 0.0, 0.0], "(1, 5, 2, 3)": [0.0, 0.0, 0.02904522605240345, 0.0, 0.028267191722989082], "(1, 6, 2, 3)": [0.0, 0.035319190472364426, 0.09176702797412872, 0.0, 0.028125043958425522], "(1, 7, 2, 3)": [0.16905412077903748, 0.0, 0.0, 2.3841440677642822, 0.0], "(2, 2, 2, 3)": [0.0, 1.1963582038879395, 0.0, 0.0, 0.0], "(3, 6, 2, 3)": [0.0, 0.0, 0.0, 0.027122829109430313, 0.0], "(3, 7, 2, 3)": [0.0, 0.0, 0.0, 0.0, 0.025836193934082985], "(3, 7, 3, 3)": [0.0, 0.0, 1.2083364725112915, 0.0, 0.0], "(2, 6, 2, 1)": [1.1118086576461792, 0.09890739619731903, 0.0, 0.0, 0.0], "(1, 1, 2, 1)": [0.0, 3.295747756958008, 0.0726991593837738, 0.0, 1.8950012922286987], "(3, 5, 3, 2)": [0.0341029092669487, 0.0, 0.0, 0.0, 0.0], "(3, 5, 2, 1)": [0.0, 0.35878854990005493, 0.0, 0.0, 0.0], "(2, 3, 1, 1)": [0.0, 0.0, 0.9743215441703796, 0.9465529322624207, 0.0], "(3, 4, 2, 3)": [0.0, 0.03956315293908119, 0.0, 0.0, 0.0], "(3, 4, 3, 3)": [0.05014127492904663, 0.0, 0.0, 0.0, 0.0], "(3, 1, 2, 1)": [0.0, 0.0, 0.0, 0.0, 2.823518753051758], "(2, 5, 3, 3)": [0.0, 0.0, 0.13491299748420715, 0.0, 0.02916325069963932]}}