{"q_values": {"(2, 5, 2, 2)": [151.53060913085938, 153.67845153808594, 152.7023162841797, 152.34078979492188, 151.33154296875], "(2, 6, 2, 2)": [146.87770080566406, 148.53443908691406, 146.73031616210938, 147.12506103515625, 146.30007934570312], "(2, 7, 2, 2)": [144.0666046142578, 144.78372192382812, 144.9309539794922, 144.21780395507812, 142.92384338378906], "(2, 3, 2, 2)": [151.38121032714844, 153.20187377929688, 151.8358917236328, 152.5403289794922, 152.59384155273438], "(2, 1, 2, 2)": [146.89739990234375, 147.27857971191406, 144.3618621826172, 147.67405700683594, 148.8024139404297], "(2, 2, 2, 2)": [144.21188354492188, 148.98324584960938, 151.1898193359375, 150.42019653320312, 150.85049438476562], "(2, 4, 2, 2)": [152.7284393310547, 153.61773681640625, 154.34556579589844, 153.4396209716797, 153.3951873779297], "(2, 6, 2, 3)": [73.70650482177734, 58.62482833862305, 30.99955177307129, 27.209095001220703, 32.18550491333008], "(2, 2, 2, 1)": [36.676082611083984, 32.446807861328125, 47.0523681640625, 78.5711898803711, 87.8864517211914], "(2, 1, 2, 1)": [51.76338577270508, 59.42759323120117, 66.1346206665039, 88.2554931640625, 76.44528198242188], "(2, 3, 2, 3)": [7.851452350616455, 26.172836303710938, 14.922185897827148, 2.7168564796447754, 4.068398952484131], "(2, 4, 2, 3)": [52.889034271240234, 31.43271255493164, 25.877418518066406, 15.502613067626953, 9.980008125305176], "(2, 7, 2, 3)": [65.30543518066406, 83.0347900390625, 60.49702453613281, 44.17655944824219, 65.62918090820312], "(2, 5, 2, 3)": [50.653133392333984, 75.98507690429688, 25.5531005859375, 24.683448791503906, 17.396671295166016], "(2, 3, 2, 1)": [26.806028366088867, 25.414199829101562, 29.496362686157227, 58.126243591308594, 77.63391876220703], "(1, 3, 2, 2)": [1.2441651821136475, 0.8426582217216492, 1.0314494371414185, 0.6955554485321045, 1.0202138423919678], "(1, 2, 2, 2)": [0.7937558889389038, 0.5074823498725891, 0.8664369583129883, 0.8944664597511292, 0.8829364776611328], "(1, 4, 2, 2)": [0.8394832611083984, 1.0728377103805542, 1.33189857006073, 1.2634984254837036, 1.9906342029571533], "(1, 5, 2, 2)": [1.2127196788787842, 0.8638348579406738, 0.8431707620620728, 0.5485296249389648, 0.7110170125961304], "(1, 6, 2, 2)": [0.5806207060813904, 0.6897463202476501, 1.057052731513977, 0.6206117868423462, 0.7956440448760986], "(1, 7, 2, 2)": [6.125290393829346, 5.575949668884277, 15.315380096435547, 7.338771820068359, 1.4875497817993164], "(2, 2, 1, 1)": [0.1292809396982193, 0.24087011814117432, 0.0, 3.8676881790161133, 0.0], "(2, 1, 1, 1)": [4.291600704193115, 3.4409642219543457, 0.030107084661722183, 1.3627827167510986, 0.0], "(2, 7, 3, 3)": [0.0, 0.6914678812026978, 4.989872932434082, 0.2571549117565155, 0.07240787893533707], "(2, 4, 2, 1)": [8.8985595703125, 12.250153541564941, 32.35090255737305, 31.490869522094727, 48.08838653564453], "(3, 7, 2, 2)": [10.783578872680664, 8.586624145507812, 14.109075546264648, 15.395313262939453, 13.25615406036377], "(2, 5, 2, 1)": [0.08282316476106644, 3.629687547683716, 16.962244033813477, 19.023752212524414, 17.720678329467773], "(2, 4, 1, 1)": [0.0, 0.0, 0.0, 0.27462631464004517, 0.0], "(1, 1, 2, 2)": [11.463492393493652, 7.128128528594971, 7.708090782165527, 1.5805970430374146, 2.517247438430786], "(3, 3, 2, 2)": [1.053163766860962, 0.9875090718269348, 0.8577623963356018, 0.9038673639297485, 1.6109312772750854], "(3, 2, 2, 2)": [2.7838680744171143, 0.685791552066803, 1.551328420639038, 0.6763925552368164, 3.6512537002563477], "(3, 1, 2, 2)": [7.792967796325684, 8.12541389465332, 14.877384185791016, 7.161945819854736, 3.7126564979553223], "(2, 6, 3, 3)": [5.161429405212402, 0.0, 0.04206636920571327, 0.11858318746089935, 0.028548723086714745], "(3, 6, 2, 2)": [1.3671914339065552, 0.9693775177001953, 2.159235715866089, 3.1532537937164307, 2.201349973678589], "(3, 5, 2, 2)": [4.579554557800293, 1.6134088039398193, 6.259547710418701, 1.650334119796753, 1.9387609958648682], "(3, 4, 2, 2)": [4.952960014343262, 1.3030556440353394, 1.52432382106781, 1.426945686340332, 1.6261217594146729], "(3, 2, 2, 1)": [0.1850464940071106, 0.03355620056390762, 0.14991502463817596, 0.3272126615047455, 0.0], "(3, 3, 2, 1)": [0.8156927824020386, 0.0, 0.0, 0.0, 0.0], "(1, 5, 2, 3)": [0.0, 0.0, 0.02904522605240345, 0.0, 0.028267191722989082], "(1, 6, 2, 3)": [0.0, 0.035319190472364426, 0.09176702797412872, 0.0, 0.028125043958425522], "(1, 7, 2, 3)": [0.16905412077903748, 0.0, 0.0, 2.3841440677642822, 0.0], "(2, 2, 2, 3)": [0.0, 1.1963582038879395, 0.0, 0.0, 0.0], "(3, 6, 2, 3)": [0.0, 0.0, 0.0, 0.027122829109430313, 0.0], "(3, 7, 2, 3)": [0.0, 0.0, 0.0, 0.0, 0.025836193934082985], "(3, 7, 3, 3)": [0.0, 0.0, 1.2083364725112915, 0.0, 0.0], "(2, 6, 2, 1)": [1.6394362449645996, 0.09890739619731903, 0.0, 0.0, 0.0], "(1, 1, 2, 1)": [0.0, 3.295747756958008, 0.0726991593837738, 0.0, 1.8950012922286987], "(3, 5, 3, 2)": [0.0341029092669487, 0.0, 0.0, 0.0, 0.0], "(3, 5, 2, 1)": [0.0, 0.35878854990005493, 0.0, 0.0, 0.0], "(2, 3, 1, 1)": [0.14482414722442627, 0.0, 0.9743215441703796, 0.9465529322624207, 0.0], "(3, 4, 2, 3)": [0.0, 0.03956315293908119, 0.0, 0.0, 0.0], "(3, 4, 3, 3)": [0.05014127492904663, 0.0, 0.0, 0.0, 0.0], "(3, 1, 2, 1)": [0.0, 0.0, 0.0, 0.0, 2.823518753051758], "(2, 5, 3, 3)": [0.0, 0.0, 0.13491299748420715, 0.0, 0.02916325069963932], "(3, 4, 3, 2)": [0.07161689549684525, 0.0, 0.0, 0.0, 0.0], "(3, 7, 3, 2)": [0.0, 0.4873523712158203, 0.0, 0.0, 0.0]}}