{"q_values": {"(2, 5, 2, 2)": [55.24015808105469, 55.756378173828125, 54.966033935546875, 54.99564743041992, 52.5394287109375], "(2, 6, 2, 2)": [52.54095458984375, 52.41347122192383, 52.35710525512695, 52.091461181640625, 51.50861358642578], "(2, 7, 2, 2)": [49.81538772583008, 49.642791748046875, 49.30104446411133, 49.778175354003906, 48.40199279785156], "(2, 3, 2, 2)": [54.610565185546875, 55.2120361328125, 55.08538055419922, 53.92496109008789, 54.263671875], "(2, 1, 2, 2)": [48.04707336425781, 48.805301666259766, 48.94354248046875, 48.51948165893555, 48.840789794921875], "(2, 2, 2, 2)": [50.084556579589844, 51.97754669189453, 51.598384857177734, 51.708805084228516, 52.13667297363281], "(2, 4, 2, 2)": [55.248043060302734, 56.415557861328125, 56.238380432128906, 56.76481628417969, 55.55168533325195], "(2, 6, 2, 3)": [16.340240478515625, 9.40630054473877, 5.6464524269104, 3.9860541820526123, 2.051238536834717], "(2, 2, 2, 1)": [3.313042163848877, 4.384451866149902, 7.7813191413879395, 14.241450309753418, 12.52319049835205], "(2, 1, 2, 1)": [9.163193702697754, 11.99008846282959, 10.980325698852539, 14.74705696105957, 14.155830383300781], "(2, 3, 2, 3)": [1.039153814315796, 1.543266773223877, 0.5520365238189697, 0.17084389925003052, 0.4756007790565491], "(2, 4, 2, 3)": [7.775167465209961, 4.836563587188721, 4.1205573081970215, 1.5079047679901123, 0.5417654514312744], "(2, 7, 2, 3)": [12.074234008789062, 18.266159057617188, 8.176840782165527, 10.377138137817383, 10.417824745178223], "(2, 5, 2, 3)": [12.028183937072754, 14.263008117675781, 3.1386399269104004, 2.2406015396118164, 1.6664760112762451], "(2, 3, 2, 1)": [2.606572389602661, 3.3228015899658203, 5.863440990447998, 10.527730941772461, 8.254697799682617], "(1, 3, 2, 2)": [0.3505230247974396, 0.4285127520561218, 0.34079036116600037, 0.31017839908599854, 0.36976560950279236], "(1, 2, 2, 2)": [0.2619498372077942, 0.2409517914056778, 0.19548487663269043, 0.29466208815574646, 0.3931884765625], "(1, 4, 2, 2)": [0.43972140550613403, 0.09644158184528351, 0.31870895624160767, 0.1349833607673645, 1.649765968322754], "(1, 5, 2, 2)": [0.15030032396316528, 0.06410548835992813, 0.06278898566961288, 0.06384299695491791, 0.11506765335798264], "(1, 6, 2, 2)": [0.18246117234230042, 0.12753406167030334, 0.22484718263149261, 0.09467361867427826, 0.19953587651252747], "(1, 7, 2, 2)": [1.3043855428695679, 1.0058917999267578, 0.8535882830619812, 0.10968972742557526, 0.02785510942339897], "(2, 2, 1, 1)": [0.0, 0.10020878165960312, 0.0, 0.18569433689117432, 0.0], "(2, 1, 1, 1)": [0.0, 1.5863369703292847, 0.030107084661722183, 1.3627827167510986, 0.0], "(2, 7, 3, 3)": [0.0, 0.05776429548859596, 0.1415756642818451, 0.2571549117565155, 0.02698582224547863], "(2, 4, 2, 1)": [0.5686455965042114, 0.4631759822368622, 3.1220602989196777, 3.8254950046539307, 10.246794700622559], "(3, 7, 2, 2)": [0.23357167840003967, 0.08028365671634674, 0.16224715113639832, 2.0796051025390625, 2.608546257019043], "(2, 5, 2, 1)": [0.08282316476106644, 0.12114623934030533, 2.0869860649108887, 2.799514055252075, 3.864279270172119], "(2, 4, 1, 1)": [0.0, 0.0, 0.0, 0.27462631464004517, 0.0], "(1, 1, 2, 2)": [0.912964403629303, 2.520625114440918, 1.6431634426116943, 0.8059766292572021, 1.5533559322357178], "(3, 3, 2, 2)": [0.3442489206790924, 0.37076589465141296, 0.22949717938899994, 0.41799360513687134, 0.46801531314849854], "(3, 2, 2, 2)": [0.09082020074129105, 0.058674752712249756, 0.09438984096050262, 0.1961231529712677, 0.09898647665977478], "(3, 1, 2, 2)": [0.47081196308135986, 0.05224895477294922, 0.09707868099212646, 0.7941216230392456, 0.6077009439468384], "(2, 6, 3, 3)": [0.0, 0.0, 0.04206636920571327, 0.0, 0.028548723086714745], "(3, 6, 2, 2)": [0.0, 0.05788857489824295, 0.08534608036279678, 0.22493724524974823, 0.028098978102207184], "(3, 5, 2, 2)": [0.030487850308418274, 0.06105691194534302, 0.11611316353082657, 0.15151746571063995, 0.032284703105688095], "(3, 4, 2, 2)": [0.22531715035438538, 0.2827922999858856, 0.30377131700515747, 0.16445834934711456, 0.278331995010376], "(3, 2, 2, 1)": [0.1850464940071106, 0.0, 0.0, 0.07696384191513062, 0.0], "(3, 3, 2, 1)": [0.03402762860059738, 0.0, 0.0, 0.0, 0.0], "(1, 5, 2, 3)": [0.0, 0.0, 0.02904522605240345, 0.0, 0.028267191722989082], "(1, 6, 2, 3)": [0.0, 0.0, 0.02719924785196781, 0.0, 0.0], "(1, 7, 2, 3)": [0.05551398545503616, 0.0, 0.0, 0.0, 0.0], "(2, 2, 2, 3)": [0.0, 1.1963582038879395, 0.0, 0.0, 0.0], "(3, 6, 2, 3)": [0.0, 0.0, 0.0, 0.027122829109430313, 0.0], "(3, 7, 2, 3)": [0.0, 0.0, 0.0, 0.0, 0.025836193934082985], "(3, 7, 3, 3)": [0.0, 0.0, 1.2083364725112915, 0.0, 0.0], "(2, 6, 2, 1)": [0.11305541545152664, 0.09890739619731903, 0.0, 0.0, 0.0]}}