{"q_values": {"(2, 5, 2, 2)": [118.91517639160156, 120.52439880371094, 121.38004302978516, 119.57978057861328, 117.83184051513672], "(2, 6, 2, 2)": [118.07625579833984, 117.72867584228516, 117.57173156738281, 117.39942932128906, 116.40223693847656], "(2, 7, 2, 2)": [114.0440673828125, 113.80526733398438, 114.62388610839844, 113.70687103271484, 112.9060287475586], "(2, 3, 2, 2)": [115.03944396972656, 118.6009521484375, 118.78141784667969, 117.37556457519531, 117.12114715576172], "(2, 1, 2, 2)": [109.17274475097656, 110.83699035644531, 110.53898620605469, 111.13883972167969, 111.27896881103516], "(2, 2, 2, 2)": [111.26680755615234, 113.28202819824219, 114.13512420654297, 113.54426574707031, 113.74250030517578], "(2, 4, 2, 2)": [117.63214874267578, 121.84077453613281, 122.96062469482422, 121.86891174316406, 121.34477233886719], "(2, 6, 2, 3)": [59.31171417236328, 43.7282829284668, 23.3759765625, 20.70653533935547, 18.06177520751953], "(2, 2, 2, 1)": [26.46918296813965, 19.673057556152344, 39.20613479614258, 51.93891143798828, 61.92155456542969], "(2, 1, 2, 1)": [35.53349304199219, 43.68627166748047, 52.43147277832031, 63.052642822265625, 48.92936325073242], "(2, 3, 2, 3)": [4.09667444229126, 11.992481231689453, 6.429356575012207, 0.5471572875976562, 0.6694294810295105], "(2, 4, 2, 3)": [38.86826705932617, 20.57798194885254, 13.064998626708984, 7.77228307723999, 4.1370110511779785], "(2, 7, 2, 3)": [56.9377555847168, 56.17810821533203, 42.707950592041016, 38.89768600463867, 41.88084411621094], "(2, 5, 2, 3)": [22.480913162231445, 51.98927688598633, 16.25225257873535, 16.936994552612305, 14.804465293884277], "(2, 3, 2, 1)": [14.702869415283203, 17.082719802856445, 27.131824493408203, 37.437660217285156, 51.753841400146484], "(1, 3, 2, 2)": [1.0150325298309326, 0.8013079166412354, 1.0314494371414185, 0.6005451679229736, 0.8067885637283325], "(1, 2, 2, 2)": [0.7339991927146912, 0.5074823498725891, 0.7361646890640259, 0.6265977621078491, 0.7955493927001953], "(1, 4, 2, 2)": [0.7053303718566895, 0.7641780376434326, 1.0966705083847046, 0.8958891034126282, 1.9006680250167847], "(1, 5, 2, 2)": [0.6783043146133423, 0.6246742606163025, 0.5278546810150146, 0.3788624107837677, 0.4479481875896454], "(1, 6, 2, 2)": [0.5062862634658813, 0.5650883316993713, 0.531205952167511, 0.5306069254875183, 0.3195189833641052], "(1, 7, 2, 2)": [4.531023979187012, 1.281006097793579, 12.047318458557129, 2.1456079483032227, 0.28501415252685547], "(2, 2, 1, 1)": [0.0, 0.10020878165960312, 0.0, 1.7267414331436157, 0.0], "(2, 1, 1, 1)": [0.0, 3.4409642219543457, 0.030107084661722183, 1.3627827167510986, 0.0], "(2, 7, 3, 3)": [0.0, 0.6914678812026978, 3.04805326461792, 0.2571549117565155, 0.07240787893533707], "(2, 4, 2, 1)": [7.876869201660156, 7.792997360229492, 18.811386108398438, 17.685562133789062, 31.02142333984375], "(3, 7, 2, 2)": [6.395088195800781, 4.9113383293151855, 10.255152702331543, 8.155245780944824, 13.561677932739258], "(2, 5, 2, 1)": [0.08282316476106644, 1.0065871477127075, 8.196575164794922, 14.877151489257812, 14.294146537780762], "(2, 4, 1, 1)": [0.0, 0.0, 0.0, 0.27462631464004517, 0.0], "(1, 1, 2, 2)": [2.756057024002075, 7.128128528594971, 3.6173791885375977, 1.3653150796890259, 1.757682204246521], "(3, 3, 2, 2)": [0.77122962474823, 0.6754416227340698, 0.6380794644355774, 0.5851276516914368, 1.07755708694458], "(3, 2, 2, 2)": [2.243497848510742, 0.25813448429107666, 0.7882623076438904, 0.4579341411590576, 3.1981287002563477], "(3, 1, 2, 2)": [2.423586368560791, 3.8267452716827393, 3.6419076919555664, 6.291084289550781, 1.6710554361343384], "(2, 6, 3, 3)": [5.161429405212402, 0.0, 0.04206636920571327, 0.0, 0.028548723086714745], "(3, 6, 2, 2)": [1.200325608253479, 0.7918210029602051, 1.7772879600524902, 2.65937876701355, 1.0599772930145264], "(3, 5, 2, 2)": [4.443086624145508, 1.1164679527282715, 1.3389707803726196, 1.0272390842437744, 1.0679244995117188], "(3, 4, 2, 2)": [0.43279215693473816, 0.7981744408607483, 1.1095178127288818, 0.6587429046630859, 0.7258854508399963], "(3, 2, 2, 1)": [0.1850464940071106, 0.0, 0.14991502463817596, 0.07696384191513062, 0.0], "(3, 3, 2, 1)": [0.8156927824020386, 0.0, 0.0, 0.0, 0.0], "(1, 5, 2, 3)": [0.0, 0.0, 0.02904522605240345, 0.0, 0.028267191722989082], "(1, 6, 2, 3)": [0.0, 0.035319190472364426, 0.09176702797412872, 0.0, 0.028125043958425522], "(1, 7, 2, 3)": [0.16905412077903748, 0.0, 0.0, 2.3841440677642822, 0.0], "(2, 2, 2, 3)": [0.0, 1.1963582038879395, 0.0, 0.0, 0.0], "(3, 6, 2, 3)": [0.0, 0.0, 0.0, 0.027122829109430313, 0.0], "(3, 7, 2, 3)": [0.0, 0.0, 0.0, 0.0, 0.025836193934082985], "(3, 7, 3, 3)": [0.0, 0.0, 1.2083364725112915, 0.0, 0.0], "(2, 6, 2, 1)": [0.6556119918823242, 0.09890739619731903, 0.0, 0.0, 0.0], "(1, 1, 2, 1)": [0.0, 3.295747756958008, 0.0726991593837738, 0.0, 1.8950012922286987], "(3, 5, 3, 2)": [0.0341029092669487, 0.0, 0.0, 0.0, 0.0], "(3, 5, 2, 1)": [0.0, 0.35878854990005493, 0.0, 0.0, 0.0], "(2, 3, 1, 1)": [0.0, 0.0, 0.9743215441703796, 0.9465529322624207, 0.0], "(3, 4, 2, 3)": [0.0, 0.03956315293908119, 0.0, 0.0, 0.0], "(3, 4, 3, 3)": [0.05014127492904663, 0.0, 0.0, 0.0, 0.0], "(3, 1, 2, 1)": [0.0, 0.0, 0.0, 0.0, 2.823518753051758], "(2, 5, 3, 3)": [0.0, 0.0, 0.13491299748420715, 0.0, 0.02916325069963932]}}