{"q_values": {"(2, 5, 2, 2)": [155.36700439453125, 156.8435516357422, 156.57101440429688, 156.14578247070312, 155.95339965820312], "(2, 6, 2, 2)": [152.1179962158203, 153.29736328125, 151.9756317138672, 152.0389404296875, 151.91586303710938], "(2, 7, 2, 2)": [147.3922119140625, 148.138427734375, 148.9841766357422, 147.74021911621094, 145.40293884277344], "(2, 3, 2, 2)": [155.1748046875, 157.55813598632812, 156.86715698242188, 156.95814514160156, 155.64100646972656], "(2, 1, 2, 2)": [151.737548828125, 152.7326202392578, 153.5265655517578, 153.46348571777344, 154.36038208007812], "(2, 2, 2, 2)": [154.2169647216797, 154.3657989501953, 155.8693389892578, 155.1614532470703, 155.32955932617188], "(2, 4, 2, 2)": [156.0404510498047, 156.27197265625, 158.2261199951172, 157.8406982421875, 156.30772399902344], "(2, 6, 2, 3)": [73.70650482177734, 58.62482833862305, 30.99955177307129, 28.91071319580078, 32.18550491333008], "(2, 2, 2, 1)": [40.137474060058594, 34.137367248535156, 48.314697265625, 78.5711898803711, 100.297119140625], "(2, 1, 2, 1)": [52.94090270996094, 59.42759323120117, 68.75094604492188, 93.73604583740234, 80.82395935058594], "(2, 3, 2, 3)": [7.851452350616455, 26.172836303710938, 14.922185897827148, 2.7168564796447754, 3.976346254348755], "(2, 4, 2, 3)": [52.889034271240234, 35.19624328613281, 25.877418518066406, 15.502613067626953, 9.980008125305176], "(2, 7, 2, 3)": [65.30543518066406, 85.06893920898438, 63.30799102783203, 44.17655944824219, 63.72218322753906], "(2, 5, 2, 3)": [50.653133392333984, 75.98507690429688, 25.5531005859375, 24.683448791503906, 17.396671295166016], "(2, 3, 2, 1)": [26.806028366088867, 25.414199829101562, 29.496362686157227, 58.74094009399414, 82.26502990722656], "(1, 3, 2, 2)": [1.2441651821136475, 0.8426582217216492, 1.0314494371414185, 0.6955554485321045, 1.0202138423919678], "(1, 2, 2, 2)": [1.5906236171722412, 0.5074823498725891, 1.0318968296051025, 0.9228296279907227, 0.9114954471588135], "(1, 4, 2, 2)": [0.8394832611083984, 1.0728377103805542, 1.33189857006073, 1.2634984254837036, 1.9906342029571533], "(1, 5, 2, 2)": [1.2127196788787842, 0.8638348579406738, 0.8431707620620728, 0.5485296249389648, 0.7110170125961304], "(1, 6, 2, 2)": [0.5806207060813904, 0.6897463202476501, 1.057052731513977, 0.6206117868423462, 0.7956440448760986], "(1, 7, 2, 2)": [6.125290393829346, 5.575949668884277, 15.315380096435547, 7.338771820068359, 1.4875497817993164], "(2, 2, 1, 1)": [0.1292809396982193, 0.24087011814117432, 0.0, 3.8676881790161133, 0.0], "(2, 1, 1, 1)": [4.291600704193115, 3.4409642219543457, 0.030107084661722183, 1.3627827167510986, 0.0], "(2, 7, 3, 3)": [0.0, 0.6914678812026978, 4.989872932434082, 0.2571549117565155, 0.07240787893533707], "(2, 4, 2, 1)": [13.089544296264648, 12.250153541564941, 32.35090255737305, 31.490869522094727, 51.34965133666992], "(3, 7, 2, 2)": [10.783578872680664, 8.586624145507812, 14.109075546264648, 15.395313262939453, 13.25615406036377], "(2, 5, 2, 1)": [0.08282316476106644, 3.629687547683716, 16.962244033813477, 19.023752212524414, 17.720678329467773], "(2, 4, 1, 1)": [0.0, 0.0, 0.0, 0.27462631464004517, 0.0], "(1, 1, 2, 2)": [11.463492393493652, 11.700235366821289, 7.683782577514648, 2.2160050868988037, 3.099487781524658], "(3, 3, 2, 2)": [1.053163766860962, 0.9875090718269348, 0.8577623963356018, 0.9038673639297485, 1.6109312772750854], "(3, 2, 2, 2)": [2.7838680744171143, 0.685791552066803, 1.551328420639038, 0.6763925552368164, 3.6512537002563477], "(3, 1, 2, 2)": [7.792967796325684, 8.12541389465332, 14.877384185791016, 7.161945819854736, 3.7126564979553223], "(2, 6, 3, 3)": [7.245565414428711, 0.0, 0.04206636920571327, 0.11858318746089935, 0.028548723086714745], "(3, 6, 2, 2)": [1.3671914339065552, 0.9693775177001953, 2.159235715866089, 3.1532537937164307, 2.201349973678589], "(3, 5, 2, 2)": [4.579554557800293, 1.6134088039398193, 6.259547710418701, 1.650334119796753, 1.9387609958648682], "(3, 4, 2, 2)": [4.952960014343262, 1.3030556440353394, 1.52432382106781, 1.426945686340332, 1.6261217594146729], "(3, 2, 2, 1)": [0.1850464940071106, 0.03355620056390762, 0.14991502463817596, 0.3272126615047455, 0.0], "(3, 3, 2, 1)": [0.8156927824020386, 0.0, 0.0, 0.0, 0.0], "(1, 5, 2, 3)": [0.0, 0.0, 0.02904522605240345, 0.0, 0.028267191722989082], "(1, 6, 2, 3)": [0.0, 0.035319190472364426, 0.09176702797412872, 0.0, 0.028125043958425522], "(1, 7, 2, 3)": [0.16905412077903748, 0.0, 0.0, 2.3841440677642822, 0.0], "(2, 2, 2, 3)": [0.0, 1.1963582038879395, 0.0, 0.0, 0.0], "(3, 6, 2, 3)": [0.0, 0.0, 0.0, 0.027122829109430313, 0.0], "(3, 7, 2, 3)": [0.0, 0.0, 0.0, 0.0, 0.025836193934082985], "(3, 7, 3, 3)": [0.0, 0.0, 5.815621852874756, 0.0, 0.0], "(2, 6, 2, 1)": [1.6394362449645996, 0.09890739619731903, 0.0, 0.0, 0.0], "(1, 1, 2, 1)": [0.0, 3.295747756958008, 0.0726991593837738, 0.0, 1.8950012922286987], "(3, 5, 3, 2)": [0.0341029092669487, 0.0, 0.0, 0.0, 0.0], "(3, 5, 2, 1)": [0.0, 0.35878854990005493, 0.0, 0.0, 0.0], "(2, 3, 1, 1)": [0.14482414722442627, 0.0, 0.9743215441703796, 0.9465529322624207, 0.0], "(3, 4, 2, 3)": [0.0, 0.03956315293908119, 0.0, 0.0, 0.0], "(3, 4, 3, 3)": [0.05014127492904663, 0.0, 0.0, 0.0, 0.0], "(3, 1, 2, 1)": [0.0, 0.0, 0.0, 0.0, 2.823518753051758], "(2, 5, 3, 3)": [0.0, 0.0, 0.31435835361480713, 0.0, 0.06176266819238663], "(3, 4, 3, 2)": [0.07161689549684525, 0.0, 0.0, 0.0, 0.0], "(3, 7, 3, 2)": [0.0, 0.4873523712158203, 0.0, 0.0, 0.0], "(2, 4, 3, 3)": [0.0, 0.0, 0.0, 0.0, 0.033927831798791885]}}