{"q_values": {"(2, 5, 2, 2)": [117.08355712890625, 118.11390686035156, 116.95557403564453, 116.3941421508789, 114.08734130859375], "(2, 6, 2, 2)": [113.83414459228516, 112.9698486328125, 113.30982208251953, 113.27745819091797, 111.06966400146484], "(2, 7, 2, 2)": [110.38511657714844, 109.69015502929688, 109.83541870117188, 109.65692138671875, 107.57322692871094], "(2, 3, 2, 2)": [112.8944091796875, 115.38677215576172, 115.88343811035156, 116.24913024902344, 116.81341552734375], "(2, 1, 2, 2)": [107.30540466308594, 107.08106994628906, 108.06159210205078, 107.21697998046875, 107.61653900146484], "(2, 2, 2, 2)": [107.97421264648438, 109.66785430908203, 110.2192611694336, 110.48851013183594, 110.09233093261719], "(2, 4, 2, 2)": [116.52900695800781, 118.83485412597656, 119.27305603027344, 115.41693878173828, 117.4177017211914], "(2, 6, 2, 3)": [53.863582611083984, 38.80134582519531, 20.249095916748047, 19.540977478027344, 16.85560417175293], "(2, 2, 2, 1)": [25.344114303588867, 18.33747100830078, 38.53086853027344, 48.11286163330078, 58.87394332885742], "(2, 1, 2, 1)": [33.08173370361328, 43.10333251953125, 50.217247009277344, 60.111324310302734, 46.795654296875], "(2, 3, 2, 3)": [4.09667444229126, 11.992481231689453, 2.520867347717285, 0.5471572875976562, 0.6694294810295105], "(2, 4, 2, 3)": [36.32881164550781, 20.57798194885254, 13.064998626708984, 7.77228307723999, 1.6755595207214355], "(2, 7, 2, 3)": [51.79972839355469, 56.17810821533203, 42.707950592041016, 37.758689880371094, 39.53892135620117], "(2, 5, 2, 3)": [22.480913162231445, 49.85375213623047, 16.25225257873535, 13.37424087524414, 13.455122947692871], "(2, 3, 2, 1)": [14.702869415283203, 17.082719802856445, 23.729751586914062, 32.346126556396484, 45.29664611816406], "(1, 3, 2, 2)": [1.0150325298309326, 0.8013079166412354, 1.0314494371414185, 0.6005451679229736, 0.8067885637283325], "(1, 2, 2, 2)": [0.7339991927146912, 0.5074823498725891, 0.7361646890640259, 0.6265977621078491, 0.7955493927001953], "(1, 4, 2, 2)": [0.7053303718566895, 0.7641780376434326, 1.0966705083847046, 0.8958891034126282, 1.9006680250167847], "(1, 5, 2, 2)": [0.6783043146133423, 0.6246742606163025, 0.5278546810150146, 0.3788624107837677, 0.4479481875896454], "(1, 6, 2, 2)": [0.5062862634658813, 0.24583488702774048, 0.4424208402633667, 0.5020034313201904, 0.3195189833641052], "(1, 7, 2, 2)": [4.531023979187012, 1.281006097793579, 8.808748245239258, 1.9110904932022095, 0.28501415252685547], "(2, 2, 1, 1)": [0.0, 0.10020878165960312, 0.0, 1.7267414331436157, 0.0], "(2, 1, 1, 1)": [0.0, 3.4409642219543457, 0.030107084661722183, 1.3627827167510986, 0.0], "(2, 7, 3, 3)": [0.0, 0.6914678812026978, 3.04805326461792, 0.2571549117565155, 0.07240787893533707], "(2, 4, 2, 1)": [4.5131425857543945, 6.534411907196045, 17.89351463317871, 17.685562133789062, 28.217350006103516], "(3, 7, 2, 2)": [5.089312553405762, 3.692927598953247, 6.788182258605957, 7.563408374786377, 13.433150291442871], "(2, 5, 2, 1)": [0.08282316476106644, 1.0065871477127075, 8.196575164794922, 14.877151489257812, 10.975191116333008], "(2, 4, 1, 1)": [0.0, 0.0, 0.0, 0.27462631464004517, 0.0], "(1, 1, 2, 2)": [2.756057024002075, 7.128128528594971, 3.6173791885375977, 1.3653150796890259, 1.757682204246521], "(3, 3, 2, 2)": [0.6869981288909912, 0.5557790398597717, 0.4629622995853424, 0.5851276516914368, 0.8737064003944397], "(3, 2, 2, 2)": [0.42612242698669434, 0.25813448429107666, 0.7882623076438904, 0.4579341411590576, 3.1981287002563477], "(3, 1, 2, 2)": [2.423586368560791, 3.8267452716827393, 3.6419076919555664, 6.291084289550781, 1.6710554361343384], "(2, 6, 3, 3)": [3.555499315261841, 0.0, 0.04206636920571327, 0.0, 0.028548723086714745], "(3, 6, 2, 2)": [1.1382516622543335, 0.7918210029602051, 1.7772879600524902, 2.213303565979004, 0.9932537078857422], "(3, 5, 2, 2)": [0.8402971625328064, 0.8464161157608032, 1.0792510509490967, 0.9607411026954651, 0.9331157803535461], "(3, 4, 2, 2)": [0.38689035177230835, 0.619404673576355, 0.9171841144561768, 0.537542998790741, 0.610984742641449], "(3, 2, 2, 1)": [0.1850464940071106, 0.0, 0.026972761377692223, 0.07696384191513062, 0.0], "(3, 3, 2, 1)": [0.8156927824020386, 0.0, 0.0, 0.0, 0.0], "(1, 5, 2, 3)": [0.0, 0.0, 0.02904522605240345, 0.0, 0.028267191722989082], "(1, 6, 2, 3)": [0.0, 0.035319190472364426, 0.09176702797412872, 0.0, 0.028125043958425522], "(1, 7, 2, 3)": [0.16905412077903748, 0.0, 0.0, 2.3841440677642822, 0.0], "(2, 2, 2, 3)": [0.0, 1.1963582038879395, 0.0, 0.0, 0.0], "(3, 6, 2, 3)": [0.0, 0.0, 0.0, 0.027122829109430313, 0.0], "(3, 7, 2, 3)": [0.0, 0.0, 0.0, 0.0, 0.025836193934082985], "(3, 7, 3, 3)": [0.0, 0.0, 1.2083364725112915, 0.0, 0.0], "(2, 6, 2, 1)": [0.6556119918823242, 0.09890739619731903, 0.0, 0.0, 0.0], "(1, 1, 2, 1)": [0.0, 3.295747756958008, 0.0726991593837738, 0.0, 1.8950012922286987], "(3, 5, 3, 2)": [0.0341029092669487, 0.0, 0.0, 0.0, 0.0], "(3, 5, 2, 1)": [0.0, 0.35878854990005493, 0.0, 0.0, 0.0], "(2, 3, 1, 1)": [0.0, 0.0, 0.9743215441703796, 0.9465529322624207, 0.0], "(3, 4, 2, 3)": [0.0, 0.03956315293908119, 0.0, 0.0, 0.0], "(3, 4, 3, 3)": [0.05014127492904663, 0.0, 0.0, 0.0, 0.0], "(3, 1, 2, 1)": [0.0, 0.0, 0.0, 0.0, 2.823518753051758]}}