{"q_values": {"(2, 5, 2, 2)": [37.26701354980469, 37.057952880859375, 37.131866455078125, 36.88014602661133, 36.72763442993164], "(2, 6, 2, 2)": [35.416263580322266, 35.05073928833008, 34.937339782714844, 34.60029220581055, 34.499839782714844], "(2, 7, 2, 2)": [30.65188217163086, 30.699119567871094, 31.382204055786133, 30.553691864013672, 30.96804428100586], "(2, 3, 2, 2)": [36.80915451049805, 36.90042495727539, 37.90816116333008, 37.67185592651367, 36.70516586303711], "(2, 1, 2, 2)": [30.149768829345703, 30.675811767578125, 31.438383102416992, 30.62487030029297, 30.93311309814453], "(2, 2, 2, 2)": [32.696067810058594, 33.16166687011719, 32.885528564453125, 33.3734245300293, 32.96574401855469], "(2, 4, 2, 2)": [37.63511657714844, 38.0712776184082, 37.98883819580078, 38.29616165161133, 37.461612701416016], "(2, 6, 2, 3)": [6.235980033874512, 4.168375015258789, 2.8429388999938965, 1.4943357706069946, 0.9776543974876404], "(2, 2, 2, 1)": [0.9036423563957214, 2.177870988845825, 3.879218339920044, 8.14543342590332, 4.427545070648193], "(2, 1, 2, 1)": [2.826519012451172, 6.328720569610596, 4.966708183288574, 9.423700332641602, 6.51978874206543], "(2, 3, 2, 3)": [1.039153814315796, 0.0, 0.5520365238189697, 0.17084389925003052, 0.21891337633132935], "(2, 4, 2, 3)": [5.1358866691589355, 2.2325072288513184, 2.4831888675689697, 0.5119802355766296, 0.26272904872894287], "(2, 7, 2, 3)": [8.202157020568848, 5.742885589599609, 3.8439674377441406, 3.1894476413726807, 4.298691272735596], "(2, 5, 2, 3)": [4.318282127380371, 5.134716510772705, 1.6543697118759155, 0.6060736775398254, 0.49569225311279297], "(2, 3, 2, 1)": [0.6951689720153809, 0.6416869759559631, 1.3709965944290161, 5.4455084800720215, 3.3894686698913574], "(1, 3, 2, 2)": [0.22220806777477264, 0.2983335554599762, 0.21072590351104736, 0.06880096346139908, 0.3111870586872101], "(1, 2, 2, 2)": [0.22971054911613464, 0.20735640823841095, 0.12338942289352417, 0.22896386682987213, 0.3070755898952484], "(1, 4, 2, 2)": [0.2696196138858795, 0.09644158184528351, 0.24669581651687622, 0.0994260311126709, 0.25424325466156006], "(1, 5, 2, 2)": [0.15030032396316528, 0.06410548835992813, 0.06278898566961288, 0.06384299695491791, 0.11506765335798264], "(1, 6, 2, 2)": [0.03110424056649208, 0.0, 0.11243961751461029, 0.03069976344704628, 0.08443348109722137], "(1, 7, 2, 2)": [0.10358722507953644, 1.0058917999267578, 0.8218286037445068, 0.055757440626621246, 0.02785510942339897], "(2, 2, 1, 1)": [0.0, 0.027112895622849464, 0.0, 0.18569433689117432, 0.0], "(2, 1, 1, 1)": [0.0, 0.43154165148735046, 0.030107084661722183, 0.0, 0.0], "(2, 7, 3, 3)": [0.0, 0.05776429548859596, 0.1415756642818451, 0.2571549117565155, 0.02698582224547863], "(2, 4, 2, 1)": [0.3871344327926636, 0.0, 1.6790645122528076, 2.666069984436035, 3.0417568683624268], "(3, 7, 2, 2)": [0.13570533692836761, 0.026425398886203766, 0.11174212396144867, 0.7662144899368286, 0.9515679478645325], "(2, 5, 2, 1)": [0.08282316476106644, 0.0, 0.2606073021888733, 0.0, 0.8393313884735107], "(2, 4, 1, 1)": [0.0, 0.0, 0.0, 0.27462631464004517, 0.0], "(1, 1, 2, 2)": [0.8639992475509644, 1.3340885639190674, 1.6431634426116943, 0.7002599835395813, 0.23189111053943634], "(3, 3, 2, 2)": [0.3442489206790924, 0.3108828365802765, 0.16359856724739075, 0.2964683771133423, 0.31676146388053894], "(3, 2, 2, 2)": [0.09082020074129105, 0.058674752712249756, 0.09438984096050262, 0.1961231529712677, 0.09898647665977478], "(3, 1, 2, 2)": [0.47081196308135986, 0.05224895477294922, 0.09707868099212646, 0.7941216230392456, 0.6077009439468384], "(2, 6, 3, 3)": [0.0, 0.0, 0.04206636920571327, 0.0, 0.028548723086714745], "(3, 6, 2, 2)": [0.0, 0.05788857489824295, 0.056039199233055115, 0.0846005529165268, 0.0], "(3, 5, 2, 2)": [0.030487850308418274, 0.06105691194534302, 0.0873577892780304, 0.0, 0.0], "(3, 4, 2, 2)": [0.1263079047203064, 0.15693342685699463, 0.18859100341796875, 0.09560516476631165, 0.12465699017047882], "(3, 2, 2, 1)": [0.1850464940071106, 0.0, 0.0, 0.07696384191513062, 0.0], "(3, 3, 2, 1)": [0.03402762860059738, 0.0, 0.0, 0.0, 0.0], "(1, 5, 2, 3)": [0.0, 0.0, 0.02904522605240345, 0.0, 0.028267191722989082], "(1, 6, 2, 3)": [0.0, 0.0, 0.02719924785196781, 0.0, 0.0], "(1, 7, 2, 3)": [0.05551398545503616, 0.0, 0.0, 0.0, 0.0]}}