{"q_values": {"(2, 5, 2, 2)": [7.825211048126221, 7.926032066345215, 8.134464263916016, 7.863413333892822, 8.034869194030762], "(2, 6, 2, 2)": [7.446721076965332, 7.278959274291992, 7.032986640930176, 7.228829383850098, 7.0867390632629395], "(2, 7, 2, 2)": [5.311088562011719, 5.0346455574035645, 5.196089744567871, 5.005206108093262, 5.126539707183838], "(2, 3, 2, 2)": [8.22921371459961, 9.271074295043945, 9.223288536071777, 9.183455467224121, 8.888177871704102], "(2, 1, 2, 2)": [5.575100898742676, 5.884474277496338, 5.687790870666504, 6.182732582092285, 5.943510055541992], "(2, 2, 2, 2)": [7.578575611114502, 7.796808242797852, 7.599090099334717, 7.982339382171631, 8.411096572875977], "(2, 4, 2, 2)": [9.095446586608887, 9.214277267456055, 9.10810375213623, 9.076229095458984, 9.190302848815918], "(2, 6, 2, 3)": [0.8992931842803955, 0.09369480609893799, 0.386289119720459, 0.18293021619319916, 0.1231154203414917], "(2, 2, 2, 1)": [0.056219663470983505, 0.23221640288829803, 0.33645913004875183, 0.24963590502738953, 0.5658625364303589], "(2, 1, 2, 1)": [0.38135430216789246, 0.1512845903635025, 0.21267233788967133, 0.5933118462562561, 0.42121127247810364], "(2, 3, 2, 3)": [0.0, 0.0, 0.029986724257469177, 0.032436881214380264, 0.08449937403202057], "(2, 4, 2, 3)": [0.8033573627471924, 0.34544092416763306, 0.04035331308841705, 0.03240720182657242, 0.03230297565460205], "(2, 7, 2, 3)": [0.34653833508491516, 0.3177543878555298, 0.072474405169487, 0.14686009287834167, 0.08376970887184143], "(2, 5, 2, 3)": [0.0, 0.08693847805261612, 0.06387467682361603, 0.09474295377731323, 0.06436984241008759], "(2, 3, 2, 1)": [0.09849801659584045, 0.06735312938690186, 0.2313169538974762, 0.6100739240646362, 0.1670352667570114], "(1, 3, 2, 2)": [0.03237195312976837, 0.05994576960802078, 0.11503873765468597, 0.0, 0.06375851482152939], "(1, 2, 2, 2)": [0.09306858479976654, 0.05834776908159256, 0.09375461935997009, 0.12400844693183899, 0.16909128427505493], "(1, 4, 2, 2)": [0.0298090148717165, 0.03088744916021824, 0.0, 0.030841687694191933, 0.029994836077094078], "(1, 5, 2, 2)": [0.0, 0.028563519939780235, 0.03030121885240078, 0.0, 0.05870961397886276], "(1, 6, 2, 2)": [0.0, 0.0, 0.02715231664478779, 0.0, 0.02794872410595417], "(1, 7, 2, 2)": [0.026468448340892792, 0.022011570632457733, 0.025889473035931587, 0.0, 0.0], "(2, 2, 1, 1)": [0.0, 0.027112895622849464, 0.0, 0.0, 0.0], "(2, 1, 1, 1)": [0.0, 0.0, 0.030107084661722183, 0.0, 0.0], "(2, 7, 3, 3)": [0.0, 0.05776429548859596, 0.0, 0.0, 0.0], "(2, 4, 2, 1)": [0.029954886063933372, 0.0, 0.3904584050178528, 0.0, 0.30191925168037415], "(3, 7, 2, 2)": [0.13570533692836761, 0.026425398886203766, 0.0, 0.0, 0.026288628578186035], "(2, 5, 2, 1)": [0.0, 0.0, 0.2606073021888733, 0.0, 0.0], "(2, 4, 1, 1)": [0.0, 0.0, 0.0, 0.27462631464004517, 0.0], "(1, 1, 2, 2)": [0.026648754253983498, 0.17991919815540314, 0.026522856205701828, 0.0, 0.026991890743374825], "(3, 3, 2, 2)": [0.031427014619112015, 0.09137001633644104, 0.02900800295174122, 0.0, 0.05941818654537201], "(3, 2, 2, 2)": [0.02854262664914131, 0.02929040417075157, 0.0, 0.05524873733520508, 0.02872534655034542], "(3, 1, 2, 2)": [0.0, 0.05224895477294922, 0.0, 0.0, 0.1395261287689209]}}