{"q_values": {"(2, 5, 2, 2)": [159.43096923828125, 159.384521484375, 158.505859375, 159.83673095703125, 157.99856567382812], "(2, 6, 2, 2)": [154.96908569335938, 155.14796447753906, 155.70460510253906, 152.06072998046875, 152.77005004882812], "(2, 7, 2, 2)": [151.9928436279297, 152.71690368652344, 153.65542602539062, 152.4303436279297, 150.36277770996094], "(2, 3, 2, 2)": [158.59449768066406, 153.14352416992188, 160.21722412109375, 160.46946716308594, 157.52734375], "(2, 1, 2, 2)": [156.00149536132812, 156.15464782714844, 156.81280517578125, 156.56207275390625, 156.76295471191406], "(2, 2, 2, 2)": [156.10511779785156, 157.78273010253906, 156.2748565673828, 157.34608459472656, 156.4203338623047], "(2, 4, 2, 2)": [159.3382110595703, 161.12635803222656, 162.66737365722656, 161.71484375, 161.48117065429688], "(2, 6, 2, 3)": [78.47010040283203, 61.47926712036133, 34.719627380371094, 30.744712829589844, 32.18550491333008], "(2, 2, 2, 1)": [40.86662673950195, 36.15040969848633, 53.123451232910156, 83.2201919555664, 100.297119140625], "(2, 1, 2, 1)": [52.94090270996094, 60.53764724731445, 68.75094604492188, 98.9082260131836, 80.82395935058594], "(2, 3, 2, 3)": [7.851452350616455, 26.172836303710938, 14.922185897827148, 2.7168564796447754, 3.976346254348755], "(2, 4, 2, 3)": [52.889034271240234, 35.19624328613281, 25.877418518066406, 15.502613067626953, 9.980008125305176], "(2, 7, 2, 3)": [75.15711212158203, 89.16715240478516, 68.50523376464844, 44.17655944824219, 63.72218322753906], "(2, 5, 2, 3)": [50.653133392333984, 75.98507690429688, 29.54114532470703, 24.683448791503906, 19.114404678344727], "(2, 3, 2, 1)": [26.806028366088867, 31.49681854248047, 31.108903884887695, 61.70509338378906, 86.77046203613281], "(1, 3, 2, 2)": [1.2835909128189087, 0.8426582217216492, 1.0670819282531738, 0.6955554485321045, 1.0202138423919678], "(1, 2, 2, 2)": [1.9759107828140259, 0.5686708688735962, 1.5024737119674683, 1.1286636590957642, 1.0179673433303833], "(1, 4, 2, 2)": [0.8394832611083984, 1.0728377103805542, 1.33189857006073, 1.2634984254837036, 1.9906342029571533], "(1, 5, 2, 2)": [1.2127196788787842, 0.8638348579406738, 0.8431707620620728, 0.5485296249389648, 0.7110170125961304], "(1, 6, 2, 2)": [0.5806207060813904, 0.6897463202476501, 1.057052731513977, 0.6206117868423462, 0.7956440448760986], "(1, 7, 2, 2)": [6.125290393829346, 5.575949668884277, 15.315380096435547, 7.338771820068359, 1.4875497817993164], "(2, 2, 1, 1)": [0.1292809396982193, 0.24087011814117432, 0.0, 3.8676881790161133, 0.0], "(2, 1, 1, 1)": [4.291600704193115, 3.4409642219543457, 2.973663568496704, 1.3627827167510986, 0.0], "(2, 7, 3, 3)": [0.0, 0.6914678812026978, 4.989872932434082, 0.2571549117565155, 0.07240787893533707], "(2, 4, 2, 1)": [14.267316818237305, 11.941606521606445, 39.93149185180664, 35.37107467651367, 51.34965133666992], "(3, 7, 2, 2)": [11.072559356689453, 8.941811561584473, 19.14514923095703, 23.710296630859375, 13.643197059631348], "(2, 5, 2, 1)": [0.08282316476106644, 3.629687547683716, 16.962244033813477, 23.23052215576172, 17.720678329467773], "(2, 4, 1, 1)": [0.0, 0.0, 0.0, 0.27462631464004517, 0.0], "(1, 1, 2, 2)": [20.014066696166992, 12.01880931854248, 7.83096981048584, 2.9525065422058105, 3.099487781524658], "(3, 3, 2, 2)": [1.053163766860962, 0.9875090718269348, 0.8577623963356018, 0.9038673639297485, 1.6109312772750854], "(3, 2, 2, 2)": [2.7838680744171143, 0.685791552066803, 1.978157639503479, 0.6763925552368164, 3.6512537002563477], "(3, 1, 2, 2)": [8.03072738647461, 12.71338176727295, 14.877384185791016, 7.419972896575928, 4.073823928833008], "(2, 6, 3, 3)": [7.245565414428711, 0.0, 0.04206636920571327, 0.11858318746089935, 0.028548723086714745], "(3, 6, 2, 2)": [1.3671914339065552, 1.1811052560806274, 2.7071518898010254, 3.6319687366485596, 2.2310996055603027], "(3, 5, 2, 2)": [4.887699604034424, 1.6134088039398193, 6.318521022796631, 2.510972499847412, 2.831096649169922], "(3, 4, 2, 2)": [4.952960014343262, 1.3030556440353394, 1.52432382106781, 1.426945686340332, 1.6261217594146729], "(3, 2, 2, 1)": [0.1850464940071106, 0.03355620056390762, 0.14991502463817596, 0.3272126615047455, 0.0], "(3, 3, 2, 1)": [0.8156927824020386, 0.0, 0.0, 0.0, 0.0], "(1, 5, 2, 3)": [0.0, 0.0, 0.02904522605240345, 0.0, 0.028267191722989082], "(1, 6, 2, 3)": [0.0, 0.035319190472364426, 0.09176702797412872, 0.0, 0.028125043958425522], "(1, 7, 2, 3)": [0.16905412077903748, 0.0, 0.0, 2.3841440677642822, 0.0], "(2, 2, 2, 3)": [0.0, 1.1963582038879395, 0.0, 0.0, 0.0], "(3, 6, 2, 3)": [0.0, 0.0, 0.0, 0.027122829109430313, 0.0], "(3, 7, 2, 3)": [0.7370767593383789, 0.0, 0.0, 0.0, 0.025836193934082985], "(3, 7, 3, 3)": [0.0, 0.0, 5.815621852874756, 0.0, 0.0], "(2, 6, 2, 1)": [2.190460681915283, 0.09890739619731903, 0.0, 0.0, 0.0], "(1, 1, 2, 1)": [0.0, 3.295747756958008, 0.0726991593837738, 0.0, 1.8950012922286987], "(3, 5, 3, 2)": [0.0341029092669487, 0.0, 0.0, 0.0, 0.0], "(3, 5, 2, 1)": [0.0, 0.35878854990005493, 0.0, 0.0, 0.0], "(2, 3, 1, 1)": [0.14482414722442627, 0.0, 0.9743215441703796, 3.4154179096221924, 0.0], "(3, 4, 2, 3)": [0.0, 0.03956315293908119, 0.0, 0.0, 0.0], "(3, 4, 3, 3)": [0.05014127492904663, 0.0, 0.0, 0.0, 0.0], "(3, 1, 2, 1)": [0.0, 0.0, 0.0, 0.0, 2.823518753051758], "(2, 5, 3, 3)": [0.0, 0.0, 0.31435835361480713, 0.0, 0.06176266819238663], "(3, 4, 3, 2)": [0.2870294749736786, 0.0, 0.0, 0.0, 0.0], "(3, 7, 3, 2)": [0.0, 0.4873523712158203, 0.0, 0.0, 0.0], "(2, 4, 3, 3)": [0.0, 0.0, 0.0, 0.0, 0.033927831798791885], "(2, 2, 3, 2)": [0.0, 0.0, 4.7967939376831055, 0.0, 0.0], "(2, 3, 3, 2)": [0.0, 0.0, 0.0, 0.05890467390418053, 0.0], "(2, 4, 3, 2)": [0.0, 4.824331283569336, 0.0, 0.0, 0.0]}}