{"q_values": {"(2, 5, 2, 2)": [50.600738525390625, 51.419124603271484, 51.68416213989258, 51.664756774902344, 51.77080535888672], "(2, 6, 2, 2)": [50.01061248779297, 50.00843811035156, 49.82633590698242, 49.6901741027832, 49.19388198852539], "(2, 7, 2, 2)": [47.377506256103516, 46.748741149902344, 46.92675018310547, 46.78852081298828, 46.11658477783203], "(2, 3, 2, 2)": [48.49979782104492, 51.692161560058594, 51.894187927246094, 51.6346549987793, 52.10066604614258], "(2, 1, 2, 2)": [46.288612365722656, 46.27735137939453, 46.39106369018555, 46.5595703125, 46.22126770019531], "(2, 2, 2, 2)": [48.86802291870117, 48.2696418762207, 49.54816436767578, 49.64778518676758, 49.6226692199707], "(2, 4, 2, 2)": [52.933387756347656, 52.91340255737305, 53.352840423583984, 53.08944320678711, 52.07139587402344], "(2, 6, 2, 3)": [10.506258010864258, 8.043363571166992, 5.285792350769043, 3.442783832550049, 2.051238536834717], "(2, 2, 2, 1)": [2.9805831909179688, 4.036918640136719, 7.55654239654541, 11.94309139251709, 11.333438873291016], "(2, 1, 2, 1)": [5.560367107391357, 11.896636962890625, 8.400357246398926, 13.708584785461426, 14.155830383300781], "(2, 3, 2, 3)": [1.039153814315796, 1.543266773223877, 0.5520365238189697, 0.17084389925003052, 0.21891337633132935], "(2, 4, 2, 3)": [7.775167465209961, 4.836563587188721, 4.1205573081970215, 1.0826101303100586, 0.5417654514312744], "(2, 7, 2, 3)": [12.074234008789062, 16.427865982055664, 6.978377342224121, 10.377138137817383, 8.581591606140137], "(2, 5, 2, 3)": [9.278313636779785, 12.979403495788574, 2.4665255546569824, 2.2406015396118164, 1.6664760112762451], "(2, 3, 2, 1)": [1.8857852220535278, 2.4147400856018066, 5.688987731933594, 10.527730941772461, 8.254697799682617], "(1, 3, 2, 2)": [0.3505230247974396, 0.4285127520561218, 0.34079036116600037, 0.31017839908599854, 0.36976560950279236], "(1, 2, 2, 2)": [0.2619498372077942, 0.2409517914056778, 0.19548487663269043, 0.29466208815574646, 0.3931884765625], "(1, 4, 2, 2)": [0.43972140550613403, 0.09644158184528351, 0.31870895624160767, 0.1349833607673645, 1.649765968322754], "(1, 5, 2, 2)": [0.15030032396316528, 0.06410548835992813, 0.06278898566961288, 0.06384299695491791, 0.11506765335798264], "(1, 6, 2, 2)": [0.18246117234230042, 0.12753406167030334, 0.22484718263149261, 0.09467361867427826, 0.19953587651252747], "(1, 7, 2, 2)": [1.3043855428695679, 1.0058917999267578, 0.8535882830619812, 0.10968972742557526, 0.02785510942339897], "(2, 2, 1, 1)": [0.0, 0.10020878165960312, 0.0, 0.18569433689117432, 0.0], "(2, 1, 1, 1)": [0.0, 1.5863369703292847, 0.030107084661722183, 1.3627827167510986, 0.0], "(2, 7, 3, 3)": [0.0, 0.05776429548859596, 0.1415756642818451, 0.2571549117565155, 0.02698582224547863], "(2, 4, 2, 1)": [0.5686455965042114, 0.1212521493434906, 3.1220602989196777, 3.8254950046539307, 10.246794700622559], "(3, 7, 2, 2)": [0.23357167840003967, 0.08028365671634674, 0.16224715113639832, 2.0796051025390625, 0.9763550162315369], "(2, 5, 2, 1)": [0.08282316476106644, 0.12114623934030533, 2.0869860649108887, 2.799514055252075, 3.864279270172119], "(2, 4, 1, 1)": [0.0, 0.0, 0.0, 0.27462631464004517, 0.0], "(1, 1, 2, 2)": [0.912964403629303, 2.520625114440918, 1.6431634426116943, 0.8059766292572021, 1.5533559322357178], "(3, 3, 2, 2)": [0.3442489206790924, 0.34291917085647583, 0.22949717938899994, 0.41799360513687134, 0.4082474708557129], "(3, 2, 2, 2)": [0.09082020074129105, 0.058674752712249756, 0.09438984096050262, 0.1961231529712677, 0.09898647665977478], "(3, 1, 2, 2)": [0.47081196308135986, 0.05224895477294922, 0.09707868099212646, 0.7941216230392456, 0.6077009439468384], "(2, 6, 3, 3)": [0.0, 0.0, 0.04206636920571327, 0.0, 0.028548723086714745], "(3, 6, 2, 2)": [0.0, 0.05788857489824295, 0.056039199233055115, 0.0846005529165268, 0.028098978102207184], "(3, 5, 2, 2)": [0.030487850308418274, 0.06105691194534302, 0.0873577892780304, 0.062337540090084076, 0.032284703105688095], "(3, 4, 2, 2)": [0.22531715035438538, 0.2196331024169922, 0.27378782629966736, 0.12929514050483704, 0.22191914916038513], "(3, 2, 2, 1)": [0.1850464940071106, 0.0, 0.0, 0.07696384191513062, 0.0], "(3, 3, 2, 1)": [0.03402762860059738, 0.0, 0.0, 0.0, 0.0], "(1, 5, 2, 3)": [0.0, 0.0, 0.02904522605240345, 0.0, 0.028267191722989082], "(1, 6, 2, 3)": [0.0, 0.0, 0.02719924785196781, 0.0, 0.0], "(1, 7, 2, 3)": [0.05551398545503616, 0.0, 0.0, 0.0, 0.0], "(2, 2, 2, 3)": [0.0, 1.1963582038879395, 0.0, 0.0, 0.0], "(3, 6, 2, 3)": [0.0, 0.0, 0.0, 0.027122829109430313, 0.0], "(3, 7, 2, 3)": [0.0, 0.0, 0.0, 0.0, 0.025836193934082985], "(3, 7, 3, 3)": [0.0, 0.0, 1.2083364725112915, 0.0, 0.0], "(2, 6, 2, 1)": [0.11305541545152664, 0.09890739619731903, 0.0, 0.0, 0.0]}}