{"q_values": {"(2, 5, 2, 2)": [38.90827178955078, 40.65596008300781, 40.3175048828125, 40.365516662597656, 39.34017562866211], "(2, 6, 2, 2)": [37.93906784057617, 37.72529983520508, 37.42829132080078, 36.81026840209961, 36.23316192626953], "(2, 7, 2, 2)": [33.825706481933594, 33.96495819091797, 34.38467025756836, 33.88847351074219, 33.645240783691406], "(2, 3, 2, 2)": [39.61246109008789, 39.22361373901367, 40.36613464355469, 39.90351104736328, 40.76568603515625], "(2, 1, 2, 2)": [33.74009323120117, 33.82271194458008, 33.794776916503906, 33.93753433227539, 33.90077209472656], "(2, 2, 2, 2)": [36.53889846801758, 36.50950622558594, 36.69132614135742, 37.106693267822266, 36.992431640625], "(2, 4, 2, 2)": [41.0633659362793, 41.205162048339844, 41.246158599853516, 41.44091796875, 41.2846794128418], "(2, 6, 2, 3)": [7.102925777435303, 4.168375015258789, 2.8429388999938965, 1.7446882724761963, 1.3995048999786377], "(2, 2, 2, 1)": [0.9167019724845886, 2.177870988845825, 4.971600532531738, 9.834413528442383, 7.161954879760742], "(2, 1, 2, 1)": [2.826519012451172, 6.328720569610596, 5.930499076843262, 10.278681755065918, 6.51978874206543], "(2, 3, 2, 3)": [1.039153814315796, 0.0, 0.5520365238189697, 0.17084389925003052, 0.21891337633132935], "(2, 4, 2, 3)": [5.1358866691589355, 3.385981321334839, 2.4831888675689697, 0.5119802355766296, 0.26272904872894287], "(2, 7, 2, 3)": [8.966014862060547, 5.842180252075195, 3.8439674377441406, 4.978682518005371, 5.922170639038086], "(2, 5, 2, 3)": [4.318282127380371, 5.134716510772705, 1.6543697118759155, 0.6060736775398254, 0.49569225311279297], "(2, 3, 2, 1)": [0.8669476509094238, 1.614328145980835, 2.4394917488098145, 5.4455084800720215, 3.3894686698913574], "(1, 3, 2, 2)": [0.22220806777477264, 0.2983335554599762, 0.21072590351104736, 0.06880096346139908, 0.3111870586872101], "(1, 2, 2, 2)": [0.22971054911613464, 0.20735640823841095, 0.12338942289352417, 0.22896386682987213, 0.3070755898952484], "(1, 4, 2, 2)": [0.2696196138858795, 0.09644158184528351, 0.24669581651687622, 0.0994260311126709, 0.25424325466156006], "(1, 5, 2, 2)": [0.15030032396316528, 0.06410548835992813, 0.06278898566961288, 0.06384299695491791, 0.11506765335798264], "(1, 6, 2, 2)": [0.03110424056649208, 0.0, 0.11243961751461029, 0.03069976344704628, 0.08443348109722137], "(1, 7, 2, 2)": [0.10358722507953644, 1.0058917999267578, 0.8218286037445068, 0.055757440626621246, 0.02785510942339897], "(2, 2, 1, 1)": [0.0, 0.027112895622849464, 0.0, 0.18569433689117432, 0.0], "(2, 1, 1, 1)": [0.0, 1.5863369703292847, 0.030107084661722183, 0.0, 0.0], "(2, 7, 3, 3)": [0.0, 0.05776429548859596, 0.1415756642818451, 0.2571549117565155, 0.02698582224547863], "(2, 4, 2, 1)": [0.5686455965042114, 0.1212521493434906, 1.749871850013733, 3.8254950046539307, 5.288874626159668], "(3, 7, 2, 2)": [0.13570533692836761, 0.026425398886203766, 0.11174212396144867, 0.7662144899368286, 0.9515679478645325], "(2, 5, 2, 1)": [0.08282316476106644, 0.12114623934030533, 0.2606073021888733, 0.0, 0.8393313884735107], "(2, 4, 1, 1)": [0.0, 0.0, 0.0, 0.27462631464004517, 0.0], "(1, 1, 2, 2)": [0.8639992475509644, 1.3340885639190674, 1.6431634426116943, 0.7002599835395813, 0.23189111053943634], "(3, 3, 2, 2)": [0.3442489206790924, 0.3108828365802765, 0.16359856724739075, 0.2964683771133423, 0.31676146388053894], "(3, 2, 2, 2)": [0.09082020074129105, 0.058674752712249756, 0.09438984096050262, 0.1961231529712677, 0.09898647665977478], "(3, 1, 2, 2)": [0.47081196308135986, 0.05224895477294922, 0.09707868099212646, 0.7941216230392456, 0.6077009439468384], "(2, 6, 3, 3)": [0.0, 0.0, 0.04206636920571327, 0.0, 0.028548723086714745], "(3, 6, 2, 2)": [0.0, 0.05788857489824295, 0.056039199233055115, 0.0846005529165268, 0.0], "(3, 5, 2, 2)": [0.030487850308418274, 0.06105691194534302, 0.0873577892780304, 0.0, 0.0], "(3, 4, 2, 2)": [0.1263079047203064, 0.15693342685699463, 0.18859100341796875, 0.09560516476631165, 0.12465699017047882], "(3, 2, 2, 1)": [0.1850464940071106, 0.0, 0.0, 0.07696384191513062, 0.0], "(3, 3, 2, 1)": [0.03402762860059738, 0.0, 0.0, 0.0, 0.0], "(1, 5, 2, 3)": [0.0, 0.0, 0.02904522605240345, 0.0, 0.028267191722989082], "(1, 6, 2, 3)": [0.0, 0.0, 0.02719924785196781, 0.0, 0.0], "(1, 7, 2, 3)": [0.05551398545503616, 0.0, 0.0, 0.0, 0.0], "(2, 2, 2, 3)": [0.0, 1.1963582038879395, 0.0, 0.0, 0.0]}}