{"q_values": {"(2, 5, 2, 2)": [66.02251434326172, 67.53622436523438, 67.37378692626953, 64.56651306152344, 66.542724609375], "(2, 6, 2, 2)": [63.95237731933594, 64.12107849121094, 63.76177215576172, 61.15367889404297, 61.706443786621094], "(2, 7, 2, 2)": [61.23291778564453, 61.25242614746094, 61.36897277832031, 60.2575569152832, 61.30607223510742], "(2, 3, 2, 2)": [66.5762710571289, 67.61100769042969, 66.90391540527344, 66.54220581054688, 67.60108947753906], "(2, 1, 2, 2)": [60.04825973510742, 60.5915641784668, 61.005069732666016, 60.96954345703125, 61.365478515625], "(2, 2, 2, 2)": [60.24646759033203, 63.24171447753906, 63.78569030761719, 63.41355514526367, 63.27422332763672], "(2, 4, 2, 2)": [67.94754791259766, 68.28959655761719, 68.52715301513672, 68.08609771728516, 67.20585632324219], "(2, 6, 2, 3)": [19.12830352783203, 13.501999855041504, 11.281549453735352, 4.920894145965576, 4.433767795562744], "(2, 2, 2, 1)": [3.854158878326416, 5.130043029785156, 12.4774751663208, 20.1978759765625, 18.766061782836914], "(2, 1, 2, 1)": [12.290935516357422, 15.116448402404785, 16.653581619262695, 22.724584579467773, 19.04239845275879], "(2, 3, 2, 3)": [1.039153814315796, 3.4647936820983887, 2.520867347717285, 0.5471572875976562, 0.4756007790565491], "(2, 4, 2, 3)": [14.33016300201416, 6.5727458000183105, 4.309765815734863, 2.805623769760132, 0.5417654514312744], "(2, 7, 2, 3)": [16.896686553955078, 22.759431838989258, 16.869216918945312, 12.799882888793945, 13.372991561889648], "(2, 5, 2, 3)": [13.554293632507324, 15.841340065002441, 9.834602355957031, 2.2406015396118164, 2.9731576442718506], "(2, 3, 2, 1)": [3.443695306777954, 4.118371963500977, 5.863440990447998, 14.747727394104004, 19.556262969970703], "(1, 3, 2, 2)": [0.8375546932220459, 0.7021524906158447, 0.5452763438224792, 0.5629960298538208, 0.5410987734794617], "(1, 2, 2, 2)": [0.7339991927146912, 0.5074823498725891, 0.7361646890640259, 0.6265977621078491, 0.7955493927001953], "(1, 4, 2, 2)": [0.46926602721214294, 0.09644158184528351, 0.4580909013748169, 0.24019911885261536, 1.679690957069397], "(1, 5, 2, 2)": [0.2673240005970001, 0.09802493453025818, 0.1614760458469391, 0.20438089966773987, 0.11506765335798264], "(1, 6, 2, 2)": [0.18246117234230042, 0.24583488702774048, 0.22484718263149261, 0.2500620186328888, 0.2283288985490799], "(1, 7, 2, 2)": [1.3043855428695679, 1.0748647451400757, 0.8535882830619812, 1.7696928977966309, 0.09117370843887329], "(2, 2, 1, 1)": [0.0, 0.10020878165960312, 0.0, 0.18569433689117432, 0.0], "(2, 1, 1, 1)": [0.0, 1.5863369703292847, 0.030107084661722183, 1.3627827167510986, 0.0], "(2, 7, 3, 3)": [0.0, 0.6914678812026978, 0.1415756642818451, 0.2571549117565155, 0.02698582224547863], "(2, 4, 2, 1)": [0.5686455965042114, 0.7866793870925903, 4.992644309997559, 5.538666248321533, 14.746269226074219], "(3, 7, 2, 2)": [0.23357167840003967, 0.1817099153995514, 0.16224715113639832, 2.1219654083251953, 4.513729095458984], "(2, 5, 2, 1)": [0.08282316476106644, 0.12114623934030533, 2.0869860649108887, 4.742080211639404, 7.2343926429748535], "(2, 4, 1, 1)": [0.0, 0.0, 0.0, 0.27462631464004517, 0.0], "(1, 1, 2, 2)": [2.756057024002075, 4.333320617675781, 3.518826961517334, 1.2471399307250977, 1.757682204246521], "(3, 3, 2, 2)": [0.5041021108627319, 0.4059509038925171, 0.2644299566745758, 0.48399847745895386, 0.6088771224021912], "(3, 2, 2, 2)": [0.17618975043296814, 0.22095677256584167, 0.35322272777557373, 0.39180988073349, 0.5029842853546143], "(3, 1, 2, 2)": [2.096470832824707, 3.6474409103393555, 0.4556899666786194, 1.2456892728805542, 1.158024787902832], "(2, 6, 3, 3)": [0.0, 0.0, 0.04206636920571327, 0.0, 0.028548723086714745], "(3, 6, 2, 2)": [0.06777826696634293, 0.09058313071727753, 0.17767758667469025, 0.25253963470458984, 0.16573567688465118], "(3, 5, 2, 2)": [0.16457802057266235, 0.16457176208496094, 0.27373751997947693, 0.26893842220306396, 0.0686543732881546], "(3, 4, 2, 2)": [0.2907467782497406, 0.3170922100543976, 0.4602280557155609, 0.27101844549179077, 0.3322811424732208], "(3, 2, 2, 1)": [0.1850464940071106, 0.0, 0.0, 0.07696384191513062, 0.0], "(3, 3, 2, 1)": [0.03402762860059738, 0.0, 0.0, 0.0, 0.0], "(1, 5, 2, 3)": [0.0, 0.0, 0.02904522605240345, 0.0, 0.028267191722989082], "(1, 6, 2, 3)": [0.0, 0.0, 0.02719924785196781, 0.0, 0.0], "(1, 7, 2, 3)": [0.05551398545503616, 0.0, 0.0, 0.0, 0.0], "(2, 2, 2, 3)": [0.0, 1.1963582038879395, 0.0, 0.0, 0.0], "(3, 6, 2, 3)": [0.0, 0.0, 0.0, 0.027122829109430313, 0.0], "(3, 7, 2, 3)": [0.0, 0.0, 0.0, 0.0, 0.025836193934082985], "(3, 7, 3, 3)": [0.0, 0.0, 1.2083364725112915, 0.0, 0.0], "(2, 6, 2, 1)": [0.3061390817165375, 0.09890739619731903, 0.0, 0.0, 0.0], "(1, 1, 2, 1)": [0.0, 3.295747756958008, 0.0726991593837738, 0.0, 0.0], "(3, 5, 3, 2)": [0.0341029092669487, 0.0, 0.0, 0.0, 0.0]}}