{"q_values": {"(2, 5, 2, 2)": [50.23113250732422, 49.12129211425781, 50.09086608886719, 49.98569107055664, 49.58860778808594], "(2, 6, 2, 2)": [47.7057991027832, 47.61513137817383, 47.31908416748047, 47.25708770751953, 46.07211685180664], "(2, 7, 2, 2)": [43.81133270263672, 43.411102294921875, 43.45603942871094, 43.0932502746582, 41.40248107910156], "(2, 3, 2, 2)": [49.404823303222656, 50.043792724609375, 49.885990142822266, 49.8553466796875, 49.08565902709961], "(2, 1, 2, 2)": [42.66913604736328, 42.97311019897461, 43.34855651855469, 43.88129425048828, 43.34757614135742], "(2, 2, 2, 2)": [45.12663269042969, 46.78623962402344, 46.32180404663086, 46.93254852294922, 47.29289627075195], "(2, 4, 2, 2)": [48.92969512939453, 49.77405548095703, 50.81879806518555, 50.187744140625, 49.096866607666016], "(2, 6, 2, 3)": [8.149934768676758, 6.784493923187256, 5.285792350769043, 3.0418505668640137, 2.051238536834717], "(2, 2, 2, 1)": [1.8949466943740845, 3.7632787227630615, 7.55654239654541, 10.794508934020996, 10.298988342285156], "(2, 1, 2, 1)": [4.105375289916992, 9.3746337890625, 6.95041561126709, 13.668787002563477, 13.156713485717773], "(2, 3, 2, 3)": [1.039153814315796, 1.543266773223877, 0.5520365238189697, 0.17084389925003052, 0.21891337633132935], "(2, 4, 2, 3)": [7.775167465209961, 3.385981321334839, 2.6317849159240723, 0.6803709864616394, 0.5417654514312744], "(2, 7, 2, 3)": [11.046619415283203, 14.4962797164917, 6.978377342224121, 10.377138137817383, 8.372403144836426], "(2, 5, 2, 3)": [7.970511436462402, 11.915580749511719, 2.1075241565704346, 1.874361276626587, 1.0407288074493408], "(2, 3, 2, 1)": [1.5642943382263184, 1.9177348613739014, 4.2234039306640625, 6.809876441955566, 8.254697799682617], "(1, 3, 2, 2)": [0.3505230247974396, 0.4285127520561218, 0.34079036116600037, 0.31017839908599854, 0.36976560950279236], "(1, 2, 2, 2)": [0.2619498372077942, 0.2409517914056778, 0.19548487663269043, 0.29466208815574646, 0.3931884765625], "(1, 4, 2, 2)": [0.43972140550613403, 0.09644158184528351, 0.31870895624160767, 0.1349833607673645, 1.649765968322754], "(1, 5, 2, 2)": [0.15030032396316528, 0.06410548835992813, 0.06278898566961288, 0.06384299695491791, 0.11506765335798264], "(1, 6, 2, 2)": [0.18246117234230042, 0.12753406167030334, 0.22484718263149261, 0.09467361867427826, 0.19953587651252747], "(1, 7, 2, 2)": [1.3043855428695679, 1.0058917999267578, 0.8535882830619812, 0.10968972742557526, 0.02785510942339897], "(2, 2, 1, 1)": [0.0, 0.027112895622849464, 0.0, 0.18569433689117432, 0.0], "(2, 1, 1, 1)": [0.0, 1.5863369703292847, 0.030107084661722183, 0.0, 0.0], "(2, 7, 3, 3)": [0.0, 0.05776429548859596, 0.1415756642818451, 0.2571549117565155, 0.02698582224547863], "(2, 4, 2, 1)": [0.5686455965042114, 0.1212521493434906, 3.1220602989196777, 3.8254950046539307, 8.97950267791748], "(3, 7, 2, 2)": [0.23357167840003967, 0.08028365671634674, 0.16224715113639832, 2.0796051025390625, 0.9763550162315369], "(2, 5, 2, 1)": [0.08282316476106644, 0.12114623934030533, 0.4749678671360016, 2.799514055252075, 0.8393313884735107], "(2, 4, 1, 1)": [0.0, 0.0, 0.0, 0.27462631464004517, 0.0], "(1, 1, 2, 2)": [0.912964403629303, 2.520625114440918, 1.6431634426116943, 0.8059766292572021, 1.5533559322357178], "(3, 3, 2, 2)": [0.3442489206790924, 0.34291917085647583, 0.22949717938899994, 0.41799360513687134, 0.4082474708557129], "(3, 2, 2, 2)": [0.09082020074129105, 0.058674752712249756, 0.09438984096050262, 0.1961231529712677, 0.09898647665977478], "(3, 1, 2, 2)": [0.47081196308135986, 0.05224895477294922, 0.09707868099212646, 0.7941216230392456, 0.6077009439468384], "(2, 6, 3, 3)": [0.0, 0.0, 0.04206636920571327, 0.0, 0.028548723086714745], "(3, 6, 2, 2)": [0.0, 0.05788857489824295, 0.056039199233055115, 0.0846005529165268, 0.028098978102207184], "(3, 5, 2, 2)": [0.030487850308418274, 0.06105691194534302, 0.0873577892780304, 0.062337540090084076, 0.032284703105688095], "(3, 4, 2, 2)": [0.22531715035438538, 0.2196331024169922, 0.27378782629966736, 0.12929514050483704, 0.22191914916038513], "(3, 2, 2, 1)": [0.1850464940071106, 0.0, 0.0, 0.07696384191513062, 0.0], "(3, 3, 2, 1)": [0.03402762860059738, 0.0, 0.0, 0.0, 0.0], "(1, 5, 2, 3)": [0.0, 0.0, 0.02904522605240345, 0.0, 0.028267191722989082], "(1, 6, 2, 3)": [0.0, 0.0, 0.02719924785196781, 0.0, 0.0], "(1, 7, 2, 3)": [0.05551398545503616, 0.0, 0.0, 0.0, 0.0], "(2, 2, 2, 3)": [0.0, 1.1963582038879395, 0.0, 0.0, 0.0], "(3, 6, 2, 3)": [0.0, 0.0, 0.0, 0.027122829109430313, 0.0], "(3, 7, 2, 3)": [0.0, 0.0, 0.0, 0.0, 0.025836193934082985], "(3, 7, 3, 3)": [0.0, 0.0, 1.2083364725112915, 0.0, 0.0], "(2, 6, 2, 1)": [0.0, 0.09890739619731903, 0.0, 0.0, 0.0]}}