{"q_values": {"(2, 5, 2, 2)": [18.88942527770996, 19.088491439819336, 18.75810432434082, 18.92193603515625, 18.567359924316406], "(2, 6, 2, 2)": [16.51242446899414, 16.330299377441406, 16.54157066345215, 16.427270889282227, 16.337581634521484], "(2, 7, 2, 2)": [13.986787796020508, 13.986579895019531, 14.513470649719238, 14.184921264648438, 13.597818374633789], "(2, 3, 2, 2)": [19.964548110961914, 20.586956024169922, 20.515966415405273, 20.76225471496582, 20.414262771606445], "(2, 1, 2, 2)": [14.403826713562012, 14.774323463439941, 14.984702110290527, 15.163631439208984, 15.318017959594727], "(2, 2, 2, 2)": [17.949581146240234, 18.714759826660156, 18.960765838623047, 19.166168212890625, 19.01380157470703], "(2, 4, 2, 2)": [20.821651458740234, 21.215492248535156, 20.5870304107666, 20.85113525390625, 20.88079261779785], "(2, 6, 2, 3)": [2.140730381011963, 0.09369480609893799, 1.1838054656982422, 0.2835604250431061, 0.2346934974193573], "(2, 2, 2, 1)": [0.3453935980796814, 0.32048460841178894, 0.8259332180023193, 1.6451869010925293, 2.2526047229766846], "(2, 1, 2, 1)": [1.8143320083618164, 2.013836622238159, 2.060526132583618, 1.8136820793151855, 1.4146980047225952], "(2, 3, 2, 3)": [0.0, 0.0, 0.46920204162597656, 0.032436881214380264, 0.08449937403202057], "(2, 4, 2, 3)": [1.1828176975250244, 0.7886239290237427, 0.7994548678398132, 0.20502802729606628, 0.08233924210071564], "(2, 7, 2, 3)": [1.1019757986068726, 0.9073826670646667, 1.4817919731140137, 0.5164878368377686, 1.1907563209533691], "(2, 5, 2, 3)": [0.8992400169372559, 2.496847629547119, 0.4598390460014343, 0.161983460187912, 0.22443537414073944], "(2, 3, 2, 1)": [0.36169153451919556, 0.1418853998184204, 0.9293891191482544, 1.4272494316101074, 1.4711730480194092], "(1, 3, 2, 2)": [0.03237195312976837, 0.05994576960802078, 0.11503873765468597, 0.0, 0.06375851482152939], "(1, 2, 2, 2)": [0.09306858479976654, 0.05834776908159256, 0.12338942289352417, 0.12400844693183899, 0.16909128427505493], "(1, 4, 2, 2)": [0.0298090148717165, 0.03088744916021824, 0.0, 0.030841687694191933, 0.029994836077094078], "(1, 5, 2, 2)": [0.0, 0.028563519939780235, 0.03030121885240078, 0.0, 0.05870961397886276], "(1, 6, 2, 2)": [0.0, 0.0, 0.02715231664478779, 0.0, 0.02794872410595417], "(1, 7, 2, 2)": [0.026468448340892792, 0.022011570632457733, 0.025889473035931587, 0.0, 0.0], "(2, 2, 1, 1)": [0.0, 0.027112895622849464, 0.0, 0.0, 0.0], "(2, 1, 1, 1)": [0.0, 0.43154165148735046, 0.030107084661722183, 0.0, 0.0], "(2, 7, 3, 3)": [0.0, 0.05776429548859596, 0.1415756642818451, 0.2571549117565155, 0.02698582224547863], "(2, 4, 2, 1)": [0.0707380399107933, 0.0, 0.8729534149169922, 1.0057215690612793, 0.30191925168037415], "(3, 7, 2, 2)": [0.13570533692836761, 0.026425398886203766, 0.059909507632255554, 0.0, 0.31456756591796875], "(2, 5, 2, 1)": [0.0, 0.0, 0.2606073021888733, 0.0, 0.8393313884735107], "(2, 4, 1, 1)": [0.0, 0.0, 0.0, 0.27462631464004517, 0.0], "(1, 1, 2, 2)": [0.05774585157632828, 0.17991919815540314, 0.08555217832326889, 0.3587471544742584, 0.05755504220724106], "(3, 3, 2, 2)": [0.031427014619112015, 0.09137001633644104, 0.02900800295174122, 0.0, 0.05941818654537201], "(3, 2, 2, 2)": [0.02854262664914131, 0.02929040417075157, 0.0, 0.05524873733520508, 0.02872534655034542], "(3, 1, 2, 2)": [0.0, 0.05224895477294922, 0.0, 0.0, 0.1395261287689209], "(2, 6, 3, 3)": [0.0, 0.0, 0.04206636920571327, 0.0, 0.028548723086714745], "(3, 6, 2, 2)": [0.0, 0.0, 0.056039199233055115, 0.031321920454502106, 0.0]}}