{"q_values": {"(2, 5, 2, 2)": [79.43106842041016, 79.17994689941406, 79.51133728027344, 79.14583587646484, 77.76775360107422], "(2, 6, 2, 2)": [77.11241149902344, 76.58990478515625, 75.64683532714844, 76.13970184326172, 73.6891860961914], "(2, 7, 2, 2)": [71.378662109375, 70.50244140625, 71.19417572021484, 70.85923767089844, 70.02642059326172], "(2, 3, 2, 2)": [77.71510314941406, 78.365478515625, 78.55770111083984, 78.04740142822266, 77.19522094726562], "(2, 1, 2, 2)": [69.72899627685547, 70.69304656982422, 70.48931884765625, 69.91950225830078, 71.52001953125], "(2, 2, 2, 2)": [72.26985931396484, 72.8561019897461, 73.78572082519531, 73.24516296386719, 73.25779724121094], "(2, 4, 2, 2)": [80.20709991455078, 79.9736328125, 80.71333312988281, 80.55125427246094, 80.63200378417969], "(2, 6, 2, 3)": [25.303955078125, 19.1013126373291, 12.085775375366211, 6.627713680267334, 8.369498252868652], "(2, 2, 2, 1)": [6.821689605712891, 5.130043029785156, 19.579082489013672, 31.770606994628906, 23.190988540649414], "(2, 1, 2, 1)": [15.020424842834473, 18.330516815185547, 24.271696090698242, 32.15288162231445, 27.12824249267578], "(2, 3, 2, 3)": [1.039153814315796, 3.4647936820983887, 2.520867347717285, 0.5471572875976562, 0.4756007790565491], "(2, 4, 2, 3)": [16.30599021911621, 8.586450576782227, 4.640284061431885, 3.728689432144165, 0.5417654514312744], "(2, 7, 2, 3)": [22.598190307617188, 31.3786563873291, 19.854280471801758, 21.227367401123047, 18.92219352722168], "(2, 5, 2, 3)": [18.448532104492188, 22.248510360717773, 10.52678108215332, 4.334349155426025, 4.0702805519104], "(2, 3, 2, 1)": [5.62924861907959, 4.788473129272461, 11.255448341369629, 16.575227737426758, 32.69921112060547], "(1, 3, 2, 2)": [0.8375546932220459, 0.7021524906158447, 0.5452763438224792, 0.5629960298538208, 0.5410987734794617], "(1, 2, 2, 2)": [0.7339991927146912, 0.5074823498725891, 0.7361646890640259, 0.6265977621078491, 0.7955493927001953], "(1, 4, 2, 2)": [0.46926602721214294, 0.5380858778953552, 0.6564270853996277, 0.31606626510620117, 1.7574816942214966], "(1, 5, 2, 2)": [0.39831799268722534, 0.09802493453025818, 0.22991801798343658, 0.2392503172159195, 0.17790883779525757], "(1, 6, 2, 2)": [0.18246117234230042, 0.24583488702774048, 0.22484718263149261, 0.32264333963394165, 0.2283288985490799], "(1, 7, 2, 2)": [1.3043855428695679, 1.120646595954895, 2.9944121837615967, 1.7696928977966309, 0.09117370843887329], "(2, 2, 1, 1)": [0.0, 0.10020878165960312, 0.0, 0.18569433689117432, 0.0], "(2, 1, 1, 1)": [0.0, 3.4409642219543457, 0.030107084661722183, 1.3627827167510986, 0.0], "(2, 7, 3, 3)": [0.0, 0.6914678812026978, 0.1415756642818451, 0.2571549117565155, 0.02698582224547863], "(2, 4, 2, 1)": [2.2041590213775635, 0.7866793870925903, 7.147581577301025, 6.383225917816162, 14.746269226074219], "(3, 7, 2, 2)": [1.2286638021469116, 2.855268955230713, 1.0416566133499146, 2.5627737045288086, 8.432897567749023], "(2, 5, 2, 1)": [0.08282316476106644, 0.36436912417411804, 2.0869860649108887, 6.841119766235352, 10.975191116333008], "(2, 4, 1, 1)": [0.0, 0.0, 0.0, 0.27462631464004517, 0.0], "(1, 1, 2, 2)": [2.756057024002075, 4.333320617675781, 3.518826961517334, 1.2471399307250977, 1.757682204246521], "(3, 3, 2, 2)": [0.5041021108627319, 0.44132858514785767, 0.3011007010936737, 0.5182106494903564, 0.668056845664978], "(3, 2, 2, 2)": [0.17618975043296814, 0.22095677256584167, 0.35322272777557373, 0.4274899959564209, 0.5029842853546143], "(3, 1, 2, 2)": [2.096470832824707, 3.6474409103393555, 0.4556899666786194, 1.2456892728805542, 1.158024787902832], "(2, 6, 3, 3)": [0.0, 0.0, 0.04206636920571327, 0.0, 0.028548723086714745], "(3, 6, 2, 2)": [0.36213043332099915, 0.12526634335517883, 0.49159371852874756, 0.2839428782463074, 0.29140326380729675], "(3, 5, 2, 2)": [0.2696285545825958, 0.23258823156356812, 0.30464890599250793, 0.3286876678466797, 0.10473129898309708], "(3, 4, 2, 2)": [0.3127354085445404, 0.4436121881008148, 0.49022001028060913, 0.3756197392940521, 0.38591235876083374], "(3, 2, 2, 1)": [0.1850464940071106, 0.0, 0.0, 0.07696384191513062, 0.0], "(3, 3, 2, 1)": [0.8156927824020386, 0.0, 0.0, 0.0, 0.0], "(1, 5, 2, 3)": [0.0, 0.0, 0.02904522605240345, 0.0, 0.028267191722989082], "(1, 6, 2, 3)": [0.0, 0.035319190472364426, 0.02719924785196781, 0.0, 0.0], "(1, 7, 2, 3)": [0.05551398545503616, 0.0, 0.0, 0.0, 0.0], "(2, 2, 2, 3)": [0.0, 1.1963582038879395, 0.0, 0.0, 0.0], "(3, 6, 2, 3)": [0.0, 0.0, 0.0, 0.027122829109430313, 0.0], "(3, 7, 2, 3)": [0.0, 0.0, 0.0, 0.0, 0.025836193934082985], "(3, 7, 3, 3)": [0.0, 0.0, 1.2083364725112915, 0.0, 0.0], "(2, 6, 2, 1)": [0.3061390817165375, 0.09890739619731903, 0.0, 0.0, 0.0], "(1, 1, 2, 1)": [0.0, 3.295747756958008, 0.0726991593837738, 0.0, 1.8950012922286987], "(3, 5, 3, 2)": [0.0341029092669487, 0.0, 0.0, 0.0, 0.0], "(3, 5, 2, 1)": [0.0, 0.35878854990005493, 0.0, 0.0, 0.0], "(2, 3, 1, 1)": [0.0, 0.0, 0.9743215441703796, 0.9465529322624207, 0.0], "(3, 4, 2, 3)": [0.0, 0.03956315293908119, 0.0, 0.0, 0.0]}}