{"q_values": {"(2, 5, 2, 2)": [124.07288360595703, 124.20574951171875, 125.00151062011719, 123.77818298339844, 122.88959503173828], "(2, 6, 2, 2)": [121.90709686279297, 121.1989517211914, 120.7084732055664, 119.62602233886719, 120.15672302246094], "(2, 7, 2, 2)": [115.5783920288086, 116.82925415039062, 117.99395751953125, 116.65485382080078, 116.03534698486328], "(2, 3, 2, 2)": [122.93193817138672, 122.4228286743164, 123.07184600830078, 122.82154083251953, 123.71824645996094], "(2, 1, 2, 2)": [114.37745666503906, 114.89338684082031, 114.8134994506836, 115.01226806640625, 115.51453399658203], "(2, 2, 2, 2)": [115.2491226196289, 117.66675567626953, 117.35875701904297, 118.0122299194336, 119.32513427734375], "(2, 4, 2, 2)": [124.10859680175781, 125.97476959228516, 126.5552978515625, 126.23468780517578, 125.83948516845703], "(2, 6, 2, 3)": [59.31171417236328, 46.31754684448242, 23.3759765625, 20.70653533935547, 19.32694435119629], "(2, 2, 2, 1)": [27.638540267944336, 19.673057556152344, 41.52289581298828, 53.79512023925781, 61.92155456542969], "(2, 1, 2, 1)": [36.4294319152832, 45.77455520629883, 54.33733367919922, 67.56669616699219, 48.92936325073242], "(2, 3, 2, 3)": [4.09667444229126, 11.992481231689453, 6.429356575012207, 0.5471572875976562, 0.6694294810295105], "(2, 4, 2, 3)": [38.86826705932617, 20.57798194885254, 13.064998626708984, 7.77228307723999, 4.1370110511779785], "(2, 7, 2, 3)": [58.76929473876953, 59.76222229003906, 42.707950592041016, 41.15793228149414, 41.88084411621094], "(2, 5, 2, 3)": [22.480913162231445, 59.9141845703125, 16.25225257873535, 16.936994552612305, 14.804465293884277], "(2, 3, 2, 1)": [14.702869415283203, 17.082719802856445, 27.900012969970703, 39.949989318847656, 53.90135955810547], "(1, 3, 2, 2)": [1.0150325298309326, 0.8013079166412354, 1.0314494371414185, 0.6005451679229736, 0.8067885637283325], "(1, 2, 2, 2)": [0.7339991927146912, 0.5074823498725891, 0.7361646890640259, 0.6265977621078491, 0.7955493927001953], "(1, 4, 2, 2)": [0.7053303718566895, 0.7641780376434326, 1.0966705083847046, 0.8958891034126282, 1.9006680250167847], "(1, 5, 2, 2)": [0.6783043146133423, 0.6246742606163025, 0.5278546810150146, 0.3788624107837677, 0.4479481875896454], "(1, 6, 2, 2)": [0.5062862634658813, 0.5650883316993713, 0.531205952167511, 0.5306069254875183, 0.3195189833641052], "(1, 7, 2, 2)": [5.494722366333008, 1.6301803588867188, 15.290141105651855, 2.4706826210021973, 1.0336341857910156], "(2, 2, 1, 1)": [0.0, 0.10020878165960312, 0.0, 1.7267414331436157, 0.0], "(2, 1, 1, 1)": [0.0, 3.4409642219543457, 0.030107084661722183, 1.3627827167510986, 0.0], "(2, 7, 3, 3)": [0.0, 0.6914678812026978, 3.04805326461792, 0.2571549117565155, 0.07240787893533707], "(2, 4, 2, 1)": [7.876869201660156, 11.20873737335205, 22.36915397644043, 17.685562133789062, 39.01771545410156], "(3, 7, 2, 2)": [6.395088195800781, 4.9113383293151855, 10.255152702331543, 8.155245780944824, 13.561677932739258], "(2, 5, 2, 1)": [0.08282316476106644, 1.936941146850586, 8.196575164794922, 14.877151489257812, 14.294146537780762], "(2, 4, 1, 1)": [0.0, 0.0, 0.0, 0.27462631464004517, 0.0], "(1, 1, 2, 2)": [2.756057024002075, 7.128128528594971, 3.6173791885375977, 1.3653150796890259, 1.757682204246521], "(3, 3, 2, 2)": [0.77122962474823, 0.6754416227340698, 0.6380794644355774, 0.5851276516914368, 1.07755708694458], "(3, 2, 2, 2)": [2.243497848510742, 0.25813448429107666, 0.7882623076438904, 0.4579341411590576, 3.1981287002563477], "(3, 1, 2, 2)": [2.423586368560791, 3.8267452716827393, 3.6419076919555664, 6.291084289550781, 1.6710554361343384], "(2, 6, 3, 3)": [5.161429405212402, 0.0, 0.04206636920571327, 0.0, 0.028548723086714745], "(3, 6, 2, 2)": [1.200325608253479, 0.7918210029602051, 1.7772879600524902, 2.65937876701355, 1.0599772930145264], "(3, 5, 2, 2)": [4.443086624145508, 1.1164679527282715, 1.3389707803726196, 1.0272390842437744, 1.0679244995117188], "(3, 4, 2, 2)": [0.43279215693473816, 0.7981744408607483, 1.1095178127288818, 0.6587429046630859, 0.7258854508399963], "(3, 2, 2, 1)": [0.1850464940071106, 0.0, 0.14991502463817596, 0.07696384191513062, 0.0], "(3, 3, 2, 1)": [0.8156927824020386, 0.0, 0.0, 0.0, 0.0], "(1, 5, 2, 3)": [0.0, 0.0, 0.02904522605240345, 0.0, 0.028267191722989082], "(1, 6, 2, 3)": [0.0, 0.035319190472364426, 0.09176702797412872, 0.0, 0.028125043958425522], "(1, 7, 2, 3)": [0.16905412077903748, 0.0, 0.0, 2.3841440677642822, 0.0], "(2, 2, 2, 3)": [0.0, 1.1963582038879395, 0.0, 0.0, 0.0], "(3, 6, 2, 3)": [0.0, 0.0, 0.0, 0.027122829109430313, 0.0], "(3, 7, 2, 3)": [0.0, 0.0, 0.0, 0.0, 0.025836193934082985], "(3, 7, 3, 3)": [0.0, 0.0, 1.2083364725112915, 0.0, 0.0], "(2, 6, 2, 1)": [1.1118086576461792, 0.09890739619731903, 0.0, 0.0, 0.0], "(1, 1, 2, 1)": [0.0, 3.295747756958008, 0.0726991593837738, 0.0, 1.8950012922286987], "(3, 5, 3, 2)": [0.0341029092669487, 0.0, 0.0, 0.0, 0.0], "(3, 5, 2, 1)": [0.0, 0.35878854990005493, 0.0, 0.0, 0.0], "(2, 3, 1, 1)": [0.0, 0.0, 0.9743215441703796, 0.9465529322624207, 0.0], "(3, 4, 2, 3)": [0.0, 0.03956315293908119, 0.0, 0.0, 0.0], "(3, 4, 3, 3)": [0.05014127492904663, 0.0, 0.0, 0.0, 0.0], "(3, 1, 2, 1)": [0.0, 0.0, 0.0, 0.0, 2.823518753051758], "(2, 5, 3, 3)": [0.0, 0.0, 0.13491299748420715, 0.0, 0.02916325069963932]}}