{"q_values": {"(2, 5, 2, 2)": [29.877622604370117, 29.826892852783203, 30.262767791748047, 30.198766708374023, 29.654172897338867], "(2, 6, 2, 2)": [28.46063232421875, 28.359132766723633, 28.365434646606445, 28.261184692382812, 27.54134178161621], "(2, 7, 2, 2)": [26.148958206176758, 26.195667266845703, 25.771377563476562, 25.56768035888672, 25.38488006591797], "(2, 3, 2, 2)": [29.507909774780273, 30.879554748535156, 31.256162643432617, 31.05595588684082, 31.448261260986328], "(2, 1, 2, 2)": [23.7189998626709, 24.085262298583984, 24.17193031311035, 24.454755783081055, 24.925479888916016], "(2, 2, 2, 2)": [27.48334503173828, 29.270729064941406, 29.15005874633789, 29.094024658203125, 29.73558235168457], "(2, 4, 2, 2)": [31.141958236694336, 31.594707489013672, 31.38025665283203, 31.482498168945312, 31.266056060791016], "(2, 6, 2, 3)": [5.52460241317749, 2.3349392414093018, 2.518049716949463, 1.1445553302764893, 0.595526933670044], "(2, 2, 2, 1)": [0.6718454360961914, 1.3819414377212524, 1.8149762153625488, 5.837308406829834, 4.427545070648193], "(2, 1, 2, 1)": [2.826519012451172, 6.328720569610596, 3.1700050830841064, 6.2140045166015625, 4.486788749694824], "(2, 3, 2, 3)": [0.0, 0.0, 0.5520365238189697, 0.17084389925003052, 0.21891337633132935], "(2, 4, 2, 3)": [1.997800588607788, 2.2325072288513184, 2.4831888675689697, 0.5119802355766296, 0.08233924210071564], "(2, 7, 2, 3)": [5.426273345947266, 3.3217828273773193, 2.8206844329833984, 2.1651885509490967, 3.4713735580444336], "(2, 5, 2, 3)": [2.4788737297058105, 4.307490348815918, 1.5048614740371704, 0.4612329602241516, 0.3227311372756958], "(2, 3, 2, 1)": [0.6951689720153809, 0.42813605070114136, 0.9934276342391968, 4.51810359954834, 3.3894686698913574], "(1, 3, 2, 2)": [0.03237195312976837, 0.05994576960802078, 0.11503873765468597, 0.0, 0.06375851482152939], "(1, 2, 2, 2)": [0.09306858479976654, 0.05834776908159256, 0.12338942289352417, 0.12400844693183899, 0.16909128427505493], "(1, 4, 2, 2)": [0.0298090148717165, 0.03088744916021824, 0.0, 0.030841687694191933, 0.029994836077094078], "(1, 5, 2, 2)": [0.0, 0.028563519939780235, 0.03030121885240078, 0.0, 0.05870961397886276], "(1, 6, 2, 2)": [0.0, 0.0, 0.02715231664478779, 0.0, 0.02794872410595417], "(1, 7, 2, 2)": [0.026468448340892792, 0.022011570632457733, 0.025889473035931587, 0.0, 0.0], "(2, 2, 1, 1)": [0.0, 0.027112895622849464, 0.0, 0.18569433689117432, 0.0], "(2, 1, 1, 1)": [0.0, 0.43154165148735046, 0.030107084661722183, 0.0, 0.0], "(2, 7, 3, 3)": [0.0, 0.05776429548859596, 0.1415756642818451, 0.2571549117565155, 0.02698582224547863], "(2, 4, 2, 1)": [0.19989976286888123, 0.0, 1.6790645122528076, 2.666069984436035, 2.07194447517395], "(3, 7, 2, 2)": [0.13570533692836761, 0.026425398886203766, 0.059909507632255554, 0.0, 0.8988103270530701], "(2, 5, 2, 1)": [0.08282316476106644, 0.0, 0.2606073021888733, 0.0, 0.8393313884735107], "(2, 4, 1, 1)": [0.0, 0.0, 0.0, 0.27462631464004517, 0.0], "(1, 1, 2, 2)": [0.7461152672767639, 0.33550429344177246, 0.08555217832326889, 0.43645814061164856, 0.09307825565338135], "(3, 3, 2, 2)": [0.3442489206790924, 0.3108828365802765, 0.16359856724739075, 0.2964683771133423, 0.31676146388053894], "(3, 2, 2, 2)": [0.09082020074129105, 0.058674752712249756, 0.09438984096050262, 0.1961231529712677, 0.09898647665977478], "(3, 1, 2, 2)": [0.47081196308135986, 0.05224895477294922, 0.09707868099212646, 0.7941216230392456, 0.6077009439468384], "(2, 6, 3, 3)": [0.0, 0.0, 0.04206636920571327, 0.0, 0.028548723086714745], "(3, 6, 2, 2)": [0.0, 0.0, 0.056039199233055115, 0.031321920454502106, 0.0], "(3, 5, 2, 2)": [0.030487850308418274, 0.06105691194534302, 0.0873577892780304, 0.0, 0.0], "(3, 4, 2, 2)": [0.1263079047203064, 0.15693342685699463, 0.18859100341796875, 0.09560516476631165, 0.12465699017047882], "(3, 2, 2, 1)": [0.1850464940071106, 0.0, 0.0, 0.07696384191513062, 0.0], "(3, 3, 2, 1)": [0.03402762860059738, 0.0, 0.0, 0.0, 0.0]}}