{"q_values": {"(2, 5, 2, 2)": [108.90376281738281, 112.29661560058594, 111.39014434814453, 110.43313598632812, 109.32357788085938], "(2, 6, 2, 2)": [109.17987823486328, 108.68238067626953, 108.49315643310547, 107.95157623291016, 106.50076293945312], "(2, 7, 2, 2)": [105.35191345214844, 104.40462493896484, 104.78787231445312, 104.0083236694336, 103.15778350830078], "(2, 3, 2, 2)": [108.84473419189453, 111.6159896850586, 111.41928100585938, 111.41979217529297, 112.24664306640625], "(2, 1, 2, 2)": [101.8434066772461, 102.631103515625, 104.07559204101562, 103.52969360351562, 103.37748718261719], "(2, 2, 2, 2)": [105.56692504882812, 105.6460189819336, 106.49107360839844, 106.87731170654297, 106.4195785522461], "(2, 4, 2, 2)": [112.2498550415039, 113.20138549804688, 113.75595092773438, 113.35213470458984, 109.32086944580078], "(2, 6, 2, 3)": [52.08649444580078, 36.572715759277344, 19.236221313476562, 17.381303787231445, 15.613136291503906], "(2, 2, 2, 1)": [22.06696891784668, 17.054616928100586, 37.88100051879883, 45.954063415527344, 58.87394332885742], "(2, 1, 2, 1)": [32.21991729736328, 37.92145538330078, 47.81416702270508, 57.00059509277344, 46.795654296875], "(2, 3, 2, 3)": [4.09667444229126, 11.992481231689453, 2.520867347717285, 0.5471572875976562, 0.6694294810295105], "(2, 4, 2, 3)": [33.791290283203125, 20.57798194885254, 13.064998626708984, 7.77228307723999, 1.6755595207214355], "(2, 7, 2, 3)": [49.989749908447266, 56.15309524536133, 40.178688049316406, 35.65736770629883, 37.27452087402344], "(2, 5, 2, 3)": [22.480913162231445, 47.784210205078125, 15.05945110321045, 12.147560119628906, 13.455122947692871], "(2, 3, 2, 1)": [13.30749797821045, 15.760329246520996, 21.05367088317871, 32.346126556396484, 40.96413040161133], "(1, 3, 2, 2)": [1.0150325298309326, 0.8013079166412354, 1.0314494371414185, 0.6005451679229736, 0.8067885637283325], "(1, 2, 2, 2)": [0.7339991927146912, 0.5074823498725891, 0.7361646890640259, 0.6265977621078491, 0.7955493927001953], "(1, 4, 2, 2)": [0.6372720003128052, 0.7641780376434326, 0.9829975366592407, 0.6780588030815125, 1.9077092409133911], "(1, 5, 2, 2)": [0.531173050403595, 0.35419854521751404, 0.4301215708255768, 0.34220895171165466, 0.25404664874076843], "(1, 6, 2, 2)": [0.2506307363510132, 0.24583488702774048, 0.4126211404800415, 0.44593411684036255, 0.3195189833641052], "(1, 7, 2, 2)": [4.531023979187012, 1.281006097793579, 5.656029224395752, 1.9110904932022095, 0.09117370843887329], "(2, 2, 1, 1)": [0.0, 0.10020878165960312, 0.0, 1.7267414331436157, 0.0], "(2, 1, 1, 1)": [0.0, 3.4409642219543457, 0.030107084661722183, 1.3627827167510986, 0.0], "(2, 7, 3, 3)": [0.0, 0.6914678812026978, 3.04805326461792, 0.2571549117565155, 0.07240787893533707], "(2, 4, 2, 1)": [4.5131425857543945, 5.374011516571045, 17.54336166381836, 14.673830032348633, 28.217350006103516], "(3, 7, 2, 2)": [5.089312553405762, 3.692927598953247, 6.788182258605957, 7.563408374786377, 13.433150291442871], "(2, 5, 2, 1)": [0.08282316476106644, 1.0065871477127075, 8.196575164794922, 11.779308319091797, 10.975191116333008], "(2, 4, 1, 1)": [0.0, 0.0, 0.0, 0.27462631464004517, 0.0], "(1, 1, 2, 2)": [2.756057024002075, 7.128128528594971, 3.6173791885375977, 1.3653150796890259, 1.757682204246521], "(3, 3, 2, 2)": [0.6869981288909912, 0.5557790398597717, 0.4629622995853424, 0.5851276516914368, 0.8737064003944397], "(3, 2, 2, 2)": [0.42612242698669434, 0.25813448429107666, 0.7882623076438904, 0.4579341411590576, 3.1981287002563477], "(3, 1, 2, 2)": [2.423586368560791, 3.8267452716827393, 3.6419076919555664, 6.291084289550781, 1.6710554361343384], "(2, 6, 3, 3)": [3.555499315261841, 0.0, 0.04206636920571327, 0.0, 0.028548723086714745], "(3, 6, 2, 2)": [1.1382516622543335, 0.7918210029602051, 1.7772879600524902, 2.213303565979004, 0.9932537078857422], "(3, 5, 2, 2)": [0.8402971625328064, 0.8464161157608032, 1.0792510509490967, 0.9607411026954651, 0.9331157803535461], "(3, 4, 2, 2)": [0.38689035177230835, 0.619404673576355, 0.9171841144561768, 0.537542998790741, 0.610984742641449], "(3, 2, 2, 1)": [0.1850464940071106, 0.0, 0.026972761377692223, 0.07696384191513062, 0.0], "(3, 3, 2, 1)": [0.8156927824020386, 0.0, 0.0, 0.0, 0.0], "(1, 5, 2, 3)": [0.0, 0.0, 0.02904522605240345, 0.0, 0.028267191722989082], "(1, 6, 2, 3)": [0.0, 0.035319190472364426, 0.09176702797412872, 0.0, 0.028125043958425522], "(1, 7, 2, 3)": [0.16905412077903748, 0.0, 0.0, 2.3841440677642822, 0.0], "(2, 2, 2, 3)": [0.0, 1.1963582038879395, 0.0, 0.0, 0.0], "(3, 6, 2, 3)": [0.0, 0.0, 0.0, 0.027122829109430313, 0.0], "(3, 7, 2, 3)": [0.0, 0.0, 0.0, 0.0, 0.025836193934082985], "(3, 7, 3, 3)": [0.0, 0.0, 1.2083364725112915, 0.0, 0.0], "(2, 6, 2, 1)": [0.6556119918823242, 0.09890739619731903, 0.0, 0.0, 0.0], "(1, 1, 2, 1)": [0.0, 3.295747756958008, 0.0726991593837738, 0.0, 1.8950012922286987], "(3, 5, 3, 2)": [0.0341029092669487, 0.0, 0.0, 0.0, 0.0], "(3, 5, 2, 1)": [0.0, 0.35878854990005493, 0.0, 0.0, 0.0], "(2, 3, 1, 1)": [0.0, 0.0, 0.9743215441703796, 0.9465529322624207, 0.0], "(3, 4, 2, 3)": [0.0, 0.03956315293908119, 0.0, 0.0, 0.0], "(3, 4, 3, 3)": [0.05014127492904663, 0.0, 0.0, 0.0, 0.0], "(3, 1, 2, 1)": [0.0, 0.0, 0.0, 0.0, 2.823518753051758]}}