{"q_values": {"(2, 5, 2, 2)": [81.38029479980469, 82.48672485351562, 80.28543853759766, 82.5640869140625, 80.42167663574219], "(2, 6, 2, 2)": [78.90652465820312, 79.36634063720703, 79.17052459716797, 78.72539520263672, 77.14920806884766], "(2, 7, 2, 2)": [74.50373077392578, 74.10750579833984, 74.32159423828125, 73.96259307861328, 74.23584747314453], "(2, 3, 2, 2)": [79.22390747070312, 80.96800994873047, 81.9630126953125, 82.11155700683594, 82.31024169921875], "(2, 1, 2, 2)": [74.89649963378906, 75.70417022705078, 74.9277572631836, 73.81963348388672, 75.89281463623047], "(2, 2, 2, 2)": [75.84782409667969, 78.0712890625, 78.33141326904297, 78.32044982910156, 78.93047332763672], "(2, 4, 2, 2)": [82.78608703613281, 84.90187072753906, 84.2815933227539, 84.46039581298828, 84.27143859863281], "(2, 6, 2, 3)": [26.915555953979492, 19.1013126373291, 12.729780197143555, 8.047928810119629, 8.369498252868652], "(2, 2, 2, 1)": [7.636775970458984, 7.67351770401001, 21.36977767944336, 34.48410415649414, 30.776206970214844], "(2, 1, 2, 1)": [17.285146713256836, 20.904918670654297, 24.57413101196289, 33.512901306152344, 32.74556350708008], "(2, 3, 2, 3)": [1.039153814315796, 3.4647936820983887, 2.520867347717285, 0.5471572875976562, 0.4756007790565491], "(2, 4, 2, 3)": [18.29545021057129, 10.768905639648438, 4.640284061431885, 3.728689432144165, 0.5417654514312744], "(2, 7, 2, 3)": [24.200252532958984, 33.93552780151367, 21.70853614807129, 22.9754638671875, 19.359880447387695], "(2, 5, 2, 3)": [18.448532104492188, 22.248510360717773, 10.52678108215332, 4.334349155426025, 4.0702805519104], "(2, 3, 2, 1)": [6.4809489250183105, 7.413295269012451, 13.276239395141602, 16.575227737426758, 34.069984436035156], "(1, 3, 2, 2)": [0.8375546932220459, 0.7021524906158447, 0.5452763438224792, 0.5629960298538208, 0.5410987734794617], "(1, 2, 2, 2)": [0.7339991927146912, 0.5074823498725891, 0.7361646890640259, 0.6265977621078491, 0.7955493927001953], "(1, 4, 2, 2)": [0.46926602721214294, 0.5380858778953552, 0.6564270853996277, 0.31606626510620117, 1.7574816942214966], "(1, 5, 2, 2)": [0.39831799268722534, 0.09802493453025818, 0.22991801798343658, 0.2392503172159195, 0.17790883779525757], "(1, 6, 2, 2)": [0.18246117234230042, 0.24583488702774048, 0.22484718263149261, 0.32264333963394165, 0.2283288985490799], "(1, 7, 2, 2)": [1.3043855428695679, 1.120646595954895, 2.9944121837615967, 1.7696928977966309, 0.09117370843887329], "(2, 2, 1, 1)": [0.0, 0.10020878165960312, 0.0, 0.18569433689117432, 0.0], "(2, 1, 1, 1)": [0.0, 3.4409642219543457, 0.030107084661722183, 1.3627827167510986, 0.0], "(2, 7, 3, 3)": [0.0, 0.6914678812026978, 0.1415756642818451, 0.2571549117565155, 0.02698582224547863], "(2, 4, 2, 1)": [2.2041590213775635, 0.7866793870925903, 9.471244812011719, 8.671433448791504, 18.78219223022461], "(3, 7, 2, 2)": [1.4728546142578125, 2.855268955230713, 3.4096503257751465, 5.02337646484375, 8.535135269165039], "(2, 5, 2, 1)": [0.08282316476106644, 0.36436912417411804, 2.0869860649108887, 9.070085525512695, 10.975191116333008], "(2, 4, 1, 1)": [0.0, 0.0, 0.0, 0.27462631464004517, 0.0], "(1, 1, 2, 2)": [2.756057024002075, 4.333320617675781, 3.518826961517334, 1.2471399307250977, 1.757682204246521], "(3, 3, 2, 2)": [0.5041021108627319, 0.4788578152656555, 0.34280598163604736, 0.5851276516914368, 0.7277074456214905], "(3, 2, 2, 2)": [0.17618975043296814, 0.22095677256584167, 0.35322272777557373, 0.4274899959564209, 0.5029842853546143], "(3, 1, 2, 2)": [2.096470832824707, 3.7258384227752686, 0.8130538463592529, 3.8867685794830322, 1.158024787902832], "(2, 6, 3, 3)": [0.0, 0.0, 0.04206636920571327, 0.0, 0.028548723086714745], "(3, 6, 2, 2)": [0.734494149684906, 0.6694381833076477, 1.1866912841796875, 1.0415977239608765, 0.45536577701568604], "(3, 5, 2, 2)": [0.549628734588623, 0.51102215051651, 0.7047321200370789, 0.6440111994743347, 0.5152561664581299], "(3, 4, 2, 2)": [0.38689035177230835, 0.5117160677909851, 0.6733735799789429, 0.4127371609210968, 0.5172289609909058], "(3, 2, 2, 1)": [0.1850464940071106, 0.0, 0.0, 0.07696384191513062, 0.0], "(3, 3, 2, 1)": [0.8156927824020386, 0.0, 0.0, 0.0, 0.0], "(1, 5, 2, 3)": [0.0, 0.0, 0.02904522605240345, 0.0, 0.028267191722989082], "(1, 6, 2, 3)": [0.0, 0.035319190472364426, 0.02719924785196781, 0.0, 0.0], "(1, 7, 2, 3)": [0.05551398545503616, 0.0, 0.0, 0.0, 0.0], "(2, 2, 2, 3)": [0.0, 1.1963582038879395, 0.0, 0.0, 0.0], "(3, 6, 2, 3)": [0.0, 0.0, 0.0, 0.027122829109430313, 0.0], "(3, 7, 2, 3)": [0.0, 0.0, 0.0, 0.0, 0.025836193934082985], "(3, 7, 3, 3)": [0.0, 0.0, 1.2083364725112915, 0.0, 0.0], "(2, 6, 2, 1)": [0.6556119918823242, 0.09890739619731903, 0.0, 0.0, 0.0], "(1, 1, 2, 1)": [0.0, 3.295747756958008, 0.0726991593837738, 0.0, 1.8950012922286987], "(3, 5, 3, 2)": [0.0341029092669487, 0.0, 0.0, 0.0, 0.0], "(3, 5, 2, 1)": [0.0, 0.35878854990005493, 0.0, 0.0, 0.0], "(2, 3, 1, 1)": [0.0, 0.0, 0.9743215441703796, 0.9465529322624207, 0.0], "(3, 4, 2, 3)": [0.0, 0.03956315293908119, 0.0, 0.0, 0.0]}}