{"q_values": {"(2, 5, 2, 2)": [43.39655685424805, 43.46537780761719, 43.464385986328125, 43.171607971191406, 42.271793365478516], "(2, 6, 2, 2)": [40.64738082885742, 40.54851531982422, 40.56168746948242, 39.16107177734375, 40.25239944458008], "(2, 7, 2, 2)": [36.989288330078125, 37.285945892333984, 37.756649017333984, 36.84336853027344, 36.84844207763672], "(2, 3, 2, 2)": [41.51398849487305, 43.422325134277344, 44.020652770996094, 43.356056213378906, 42.810386657714844], "(2, 1, 2, 2)": [36.560245513916016, 36.890296936035156, 37.079261779785156, 37.56488800048828, 37.83711624145508], "(2, 2, 2, 2)": [38.806087493896484, 38.99921798706055, 39.97747802734375, 40.352176666259766, 40.171142578125], "(2, 4, 2, 2)": [44.459327697753906, 44.73012924194336, 44.704158782958984, 44.789772033691406, 44.02656936645508], "(2, 6, 2, 3)": [7.185372829437256, 5.601277828216553, 3.971522569656372, 2.118044853210449, 1.3995048999786377], "(2, 2, 2, 1)": [1.531819462776184, 3.263054847717285, 5.985757827758789, 9.834413528442383, 8.182595252990723], "(2, 1, 2, 1)": [2.826519012451172, 9.271138191223145, 6.95041561126709, 11.867205619812012, 10.172530174255371], "(2, 3, 2, 3)": [1.039153814315796, 0.0, 0.5520365238189697, 0.17084389925003052, 0.21891337633132935], "(2, 4, 2, 3)": [5.1358866691589355, 3.385981321334839, 2.4831888675689697, 0.6803709864616394, 0.26272904872894287], "(2, 7, 2, 3)": [8.966014862060547, 8.563016891479492, 3.8439674377441406, 7.025304317474365, 7.038965225219727], "(2, 5, 2, 3)": [4.318282127380371, 5.134716510772705, 1.6543697118759155, 1.0508943796157837, 0.884127140045166], "(2, 3, 2, 1)": [0.8669476509094238, 1.614328145980835, 2.690171241760254, 5.4455084800720215, 4.473834991455078], "(1, 3, 2, 2)": [0.2535267770290375, 0.2983335554599762, 0.24510927498340607, 0.21038109064102173, 0.36976560950279236], "(1, 2, 2, 2)": [0.22971054911613464, 0.20735640823841095, 0.12338942289352417, 0.22896386682987213, 0.3070755898952484], "(1, 4, 2, 2)": [0.2696196138858795, 0.09644158184528351, 0.24669581651687622, 0.1349833607673645, 1.649765968322754], "(1, 5, 2, 2)": [0.15030032396316528, 0.06410548835992813, 0.06278898566961288, 0.06384299695491791, 0.11506765335798264], "(1, 6, 2, 2)": [0.03110424056649208, 0.0, 0.11243961751461029, 0.03069976344704628, 0.08443348109722137], "(1, 7, 2, 2)": [0.10358722507953644, 1.0058917999267578, 0.8218286037445068, 0.055757440626621246, 0.02785510942339897], "(2, 2, 1, 1)": [0.0, 0.027112895622849464, 0.0, 0.18569433689117432, 0.0], "(2, 1, 1, 1)": [0.0, 1.5863369703292847, 0.030107084661722183, 0.0, 0.0], "(2, 7, 3, 3)": [0.0, 0.05776429548859596, 0.1415756642818451, 0.2571549117565155, 0.02698582224547863], "(2, 4, 2, 1)": [0.5686455965042114, 0.1212521493434906, 1.749871850013733, 3.8254950046539307, 6.406390190124512], "(3, 7, 2, 2)": [0.13570533692836761, 0.026425398886203766, 0.11174212396144867, 0.7662144899368286, 0.9515679478645325], "(2, 5, 2, 1)": [0.08282316476106644, 0.12114623934030533, 0.2606073021888733, 0.0, 0.8393313884735107], "(2, 4, 1, 1)": [0.0, 0.0, 0.0, 0.27462631464004517, 0.0], "(1, 1, 2, 2)": [0.8639992475509644, 1.3340885639190674, 1.6431634426116943, 0.7002599835395813, 0.23189111053943634], "(3, 3, 2, 2)": [0.3442489206790924, 0.3108828365802765, 0.16359856724739075, 0.2964683771133423, 0.31676146388053894], "(3, 2, 2, 2)": [0.09082020074129105, 0.058674752712249756, 0.09438984096050262, 0.1961231529712677, 0.09898647665977478], "(3, 1, 2, 2)": [0.47081196308135986, 0.05224895477294922, 0.09707868099212646, 0.7941216230392456, 0.6077009439468384], "(2, 6, 3, 3)": [0.0, 0.0, 0.04206636920571327, 0.0, 0.028548723086714745], "(3, 6, 2, 2)": [0.0, 0.05788857489824295, 0.056039199233055115, 0.0846005529165268, 0.0], "(3, 5, 2, 2)": [0.030487850308418274, 0.06105691194534302, 0.0873577892780304, 0.0, 0.0], "(3, 4, 2, 2)": [0.1263079047203064, 0.15693342685699463, 0.18859100341796875, 0.09560516476631165, 0.12465699017047882], "(3, 2, 2, 1)": [0.1850464940071106, 0.0, 0.0, 0.07696384191513062, 0.0], "(3, 3, 2, 1)": [0.03402762860059738, 0.0, 0.0, 0.0, 0.0], "(1, 5, 2, 3)": [0.0, 0.0, 0.02904522605240345, 0.0, 0.028267191722989082], "(1, 6, 2, 3)": [0.0, 0.0, 0.02719924785196781, 0.0, 0.0], "(1, 7, 2, 3)": [0.05551398545503616, 0.0, 0.0, 0.0, 0.0], "(2, 2, 2, 3)": [0.0, 1.1963582038879395, 0.0, 0.0, 0.0]}}