{"q_values": {"(2, 5, 2, 2)": [68.7710952758789, 70.5636978149414, 70.00321960449219, 69.652099609375, 67.91173553466797], "(2, 6, 2, 2)": [67.2288818359375, 66.68450927734375, 67.0073471069336, 66.3375244140625, 65.81838989257812], "(2, 7, 2, 2)": [63.75204849243164, 63.31150817871094, 63.3858757019043, 62.684322357177734, 62.46821212768555], "(2, 3, 2, 2)": [67.02645874023438, 68.47002410888672, 70.13941955566406, 70.21321105957031, 70.20868682861328], "(2, 1, 2, 2)": [63.21730422973633, 62.19576644897461, 63.92953109741211, 64.11332702636719, 63.9766960144043], "(2, 2, 2, 2)": [63.5792350769043, 65.3973159790039, 66.3959732055664, 66.53861999511719, 66.26791381835938], "(2, 4, 2, 2)": [71.30089569091797, 71.24476623535156, 71.44041442871094, 71.03811645507812, 68.54176330566406], "(2, 6, 2, 3)": [19.12830352783203, 13.501999855041504, 11.544816970825195, 6.627713680267334, 5.04575252532959], "(2, 2, 2, 1)": [3.854158878326416, 5.130043029785156, 15.600523948669434, 24.2734317779541, 21.493812561035156], "(2, 1, 2, 1)": [14.090110778808594, 15.116448402404785, 16.653581619262695, 27.40705680847168, 21.800451278686523], "(2, 3, 2, 3)": [1.039153814315796, 3.4647936820983887, 2.520867347717285, 0.5471572875976562, 0.4756007790565491], "(2, 4, 2, 3)": [14.33016300201416, 6.5727458000183105, 4.309765815734863, 2.805623769760132, 0.5417654514312744], "(2, 7, 2, 3)": [18.266794204711914, 27.529253005981445, 19.590412139892578, 14.713907241821289, 13.715792655944824], "(2, 5, 2, 3)": [16.80287742614746, 17.512598037719727, 9.834602355957031, 3.2001266479492188, 2.9731576442718506], "(2, 3, 2, 1)": [3.9747180938720703, 4.118371963500977, 7.704225540161133, 14.747727394104004, 23.806100845336914], "(1, 3, 2, 2)": [0.8375546932220459, 0.7021524906158447, 0.5452763438224792, 0.5629960298538208, 0.5410987734794617], "(1, 2, 2, 2)": [0.7339991927146912, 0.5074823498725891, 0.7361646890640259, 0.6265977621078491, 0.7955493927001953], "(1, 4, 2, 2)": [0.46926602721214294, 0.09644158184528351, 0.4580909013748169, 0.24019911885261536, 1.679690957069397], "(1, 5, 2, 2)": [0.2673240005970001, 0.09802493453025818, 0.1614760458469391, 0.20438089966773987, 0.11506765335798264], "(1, 6, 2, 2)": [0.18246117234230042, 0.24583488702774048, 0.22484718263149261, 0.2500620186328888, 0.2283288985490799], "(1, 7, 2, 2)": [1.3043855428695679, 1.0748647451400757, 0.8535882830619812, 1.7696928977966309, 0.09117370843887329], "(2, 2, 1, 1)": [0.0, 0.10020878165960312, 0.0, 0.18569433689117432, 0.0], "(2, 1, 1, 1)": [0.0, 3.4409642219543457, 0.030107084661722183, 1.3627827167510986, 0.0], "(2, 7, 3, 3)": [0.0, 0.6914678812026978, 0.1415756642818451, 0.2571549117565155, 0.02698582224547863], "(2, 4, 2, 1)": [0.5686455965042114, 0.7866793870925903, 4.992644309997559, 5.538666248321533, 14.746269226074219], "(3, 7, 2, 2)": [0.23357167840003967, 0.1817099153995514, 0.16224715113639832, 2.1219654083251953, 4.513729095458984], "(2, 5, 2, 1)": [0.08282316476106644, 0.36436912417411804, 2.0869860649108887, 4.742080211639404, 10.975191116333008], "(2, 4, 1, 1)": [0.0, 0.0, 0.0, 0.27462631464004517, 0.0], "(1, 1, 2, 2)": [2.756057024002075, 4.333320617675781, 3.518826961517334, 1.2471399307250977, 1.757682204246521], "(3, 3, 2, 2)": [0.5041021108627319, 0.4059509038925171, 0.2644299566745758, 0.48399847745895386, 0.6088771224021912], "(3, 2, 2, 2)": [0.17618975043296814, 0.22095677256584167, 0.35322272777557373, 0.39180988073349, 0.5029842853546143], "(3, 1, 2, 2)": [2.096470832824707, 3.6474409103393555, 0.4556899666786194, 1.2456892728805542, 1.158024787902832], "(2, 6, 3, 3)": [0.0, 0.0, 0.04206636920571327, 0.0, 0.028548723086714745], "(3, 6, 2, 2)": [0.06777826696634293, 0.09058313071727753, 0.17767758667469025, 0.25253963470458984, 0.16573567688465118], "(3, 5, 2, 2)": [0.16457802057266235, 0.16457176208496094, 0.27373751997947693, 0.26893842220306396, 0.0686543732881546], "(3, 4, 2, 2)": [0.2907467782497406, 0.3170922100543976, 0.4602280557155609, 0.27101844549179077, 0.3322811424732208], "(3, 2, 2, 1)": [0.1850464940071106, 0.0, 0.0, 0.07696384191513062, 0.0], "(3, 3, 2, 1)": [0.03402762860059738, 0.0, 0.0, 0.0, 0.0], "(1, 5, 2, 3)": [0.0, 0.0, 0.02904522605240345, 0.0, 0.028267191722989082], "(1, 6, 2, 3)": [0.0, 0.0, 0.02719924785196781, 0.0, 0.0], "(1, 7, 2, 3)": [0.05551398545503616, 0.0, 0.0, 0.0, 0.0], "(2, 2, 2, 3)": [0.0, 1.1963582038879395, 0.0, 0.0, 0.0], "(3, 6, 2, 3)": [0.0, 0.0, 0.0, 0.027122829109430313, 0.0], "(3, 7, 2, 3)": [0.0, 0.0, 0.0, 0.0, 0.025836193934082985], "(3, 7, 3, 3)": [0.0, 0.0, 1.2083364725112915, 0.0, 0.0], "(2, 6, 2, 1)": [0.3061390817165375, 0.09890739619731903, 0.0, 0.0, 0.0], "(1, 1, 2, 1)": [0.0, 3.295747756958008, 0.0726991593837738, 0.0, 1.8950012922286987], "(3, 5, 3, 2)": [0.0341029092669487, 0.0, 0.0, 0.0, 0.0]}}