{"q_values": {"(3, 7, 2, 2)": [0.0, 0.0, 0.0, 0.0, 0.0, 0.0, 0.0, 0.0, 0.0, 0.0, 0.0], "(3, 7, 3, 3)": [0.0, 0.0, 0.0, 0.0, 0.0, 0.0, 0.0, 0.0, 0.0, 0.0295126810669899, 0.0], "(3, 8, 3, 3)": [0.0, 0.0, 0.028443356975913048, 0.0, 0.0, 0.0, 0.0, 0.02900788187980652, 0.0, 0.0, 0.0], "(3, 9, 3, 3)": [0.027611618861556053, 0.0, 0.0, 0.0, 0.0, 0.027915090322494507, 0.0, 0.0, 0.0, 0.0, 0.0], "(3, 10, 3, 3)": [0.0, 0.0, 0.026013273745775223, 0.0, 0.0, 0.0, 0.0, 0.0, 0.02734149433672428, 0.02669708803296089, 0.0], "(3, 11, 3, 3)": [0.0, 0.0, 0.0, 0.0, -0.06564182043075562, 0.0, 0.0, 0.0, 0.02524992823600769, 0.0, 0.0]}}