{"q_values": {"(3, 7, 2, 2)": [0.263527512550354, 0.15536464750766754, 0.28222984075546265, 0.28064748644828796, 0.23250235617160797, 0.21054096519947052, 0.27398431301116943, 0.2623380422592163, 0.14657840132713318, 0.18378683924674988, 0.17792324721813202], "(3, 7, 3, 3)": [0.36518609523773193, 0.27267757058143616, 0.19638186693191528, 0.17999467253684998, 0.31998658180236816, 0.17113183438777924, 0.3010198473930359, 0.08831040561199188, 0.11903057992458344, 0.20004552602767944, 0.11798035353422165], "(3, 8, 3, 3)": [0.2153300791978836, 0.23942416906356812, 0.11190144717693329, 0.2154277265071869, 0.11486726999282837, 0.08787330240011215, 0.2135525941848755, 0.21552130579948425, 0.18973293900489807, 0.11598513275384903, 0.16722284257411957], "(3, 9, 3, 3)": [0.11095324158668518, 0.08474550396203995, 0.2086615264415741, 0.13940218091011047, 0.05962580814957619, 0.13756132125854492, 0.139046311378479, 0.13945212960243225, 0.1355256289243698, 0.11072887480258942, 0.08511587977409363], "(3, 10, 3, 3)": [0.027506643906235695, 0.08039703965187073, 0.1318012923002243, 0.07999025285243988, 0.10792574286460876, 0.17310258746147156, 0.05518248677253723, 0.05558605492115021, 0.19635555148124695, 0.14977002143859863, 0.10371647775173187], "(3, 11, 3, 3)": [-0.04257267341017723, -0.043303169310092926, -0.05393368750810623, -0.1010059267282486, -0.07241687178611755, -0.050730861723423004, -0.21579399704933167, -0.013072336092591286, -0.013178976252675056, -0.20766976475715637, -0.12868697941303253], "(3, 1, 3, 3)": [0.05156492441892624, 0.0, 0.09569850564002991, 0.1024923026561737, 0.15010160207748413, 0.07882126420736313, 0.07950994372367859, 0.10620087385177612, 0.07937303185462952, 0.02719574049115181, 0.08043001592159271], "(3, 2, 3, 3)": [0.07857753336429596, 0.13537436723709106, 0.055664703249931335, 0.10762765258550644, 0.055172063410282135, 0.11146905273199081, 0.1342996209859848, 0.13388895988464355, 0.20368658006191254, 0.18372733891010284, 0.13314372301101685], "(3, 2, 3, 2)": [0.0, 0.0, 0.0, 0.0, 0.02775612846016884, 0.07930190861225128, 0.0, 0.0, 0.05558144301176071, 0.0, 0.02849861979484558], "(3, 2, 2, 2)": [0.14655020833015442, 0.339616984128952, 0.28259211778640747, 0.19438761472702026, 0.22895410656929016, 0.2291163206100464, 0.2604610323905945, 0.29367902874946594, 0.3948383629322052, 0.1259346902370453, 0.23843660950660706], "(3, 3, 3, 3)": [0.26478537917137146, 0.21992352604866028, 0.16634264588356018, 0.08591917902231216, 0.1432170420885086, 0.16772279143333435, 0.2909199595451355, 0.08713779598474503, 0.19498750567436218, 0.24740737676620483, 0.08929666876792908], "(4, 4, 3, 3)": [0.3285004496574402, 0.27142444252967834, 0.15076202154159546, 0.19560277462005615, 0.12303592264652252, 0.20148560404777527, 0.29990729689598083, 0.17368093132972717, 0.11871908605098724, 0.38249269127845764, 0.11932466179132462], "(4, 5, 3, 3)": [0.30898499488830566, 0.2520539462566376, 0.17781968414783478, 0.2611057460308075, 0.28052613139152527, 0.1497941017150879, 0.12355052679777145, 0.20347711443901062, 0.23581978678703308, 0.17849643528461456, 0.2827712297439575], "(4, 6, 3, 3)": [0.2497016191482544, 0.1268383115530014, 0.2745182514190674, 0.09820383787155151, 0.1503572016954422, 0.1540805995464325, 0.23068930208683014, 0.2565254271030426, 0.1792844533920288, 0.24876593053340912, 0.30094632506370544], "(4, 7, 3, 3)": [0.23189611732959747, 0.38814660906791687, 0.3826894164085388, 0.20580999553203583, 0.3526259958744049, 0.3846677839756012, 0.22717010974884033, 0.12001307308673859, 0.1495642513036728, 0.2015916407108307, 0.17613200843334198], "(4, 8, 3, 3)": [0.19452731311321259, 0.22647711634635925, 0.17026571929454803, 0.34132105112075806, 0.2907703220844269, 0.1788702756166458, 0.36959919333457947, 0.31579023599624634, 0.29683053493499756, 0.26947861909866333, 0.25615331530570984], "(4, 9, 3, 2)": [0.0, 0.0, 0.0, 0.02969188801944256, 0.0, 0.0, 0.0, 0.0, 0.0, 0.0, 0.0], "(4, 9, 3, 3)": [0.3198620080947876, 0.1621645838022232, 0.2572978734970093, 0.21872179210186005, 0.3208121359348297, 0.24098898470401764, 0.23992031812667847, 0.21599900722503662, 0.1877150684595108, 0.25973573327064514, 0.16749094426631927], "(4, 10, 3, 2)": [0.0, 0.0, 0.0, 0.0, 0.056156497448682785, 0.0, 0.02782355062663555, 0.02933409996330738, 0.0, 0.0, 0.0], "(4, 10, 3, 3)": [0.17702558636665344, 0.21833664178848267, 0.24460192024707794, 0.07718988507986069, 0.27708205580711365, 0.1679879128932953, 0.2378341555595398, 0.2089894562959671, 0.2502845227718353, 0.25925755500793457, 0.25265073776245117], "(4, 9, 2, 2)": [0.16700831055641174, 0.21288613975048065, 0.0609099343419075, 0.08805686235427856, 0.1402232050895691, 0.057013511657714844, 0.028279636055231094, 0.14343075454235077, 0.11357560008764267, 0.2589053213596344, 0.030788643285632133], "(4, 8, 2, 2)": [0.15532346069812775, 0.18019601702690125, 0.08899800479412079, 0.32334986329078674, 0.12037938088178635, 0.24839884042739868, 0.19752390682697296, 0.09232683479785919, 0.09251351654529572, 0.11959035694599152, 0.11837125569581985], "(4, 7, 2, 2)": [0.1521960198879242, 0.03428799286484718, 0.2063542604446411, 0.3282487988471985, 0.17507311701774597, 0.21245846152305603, 0.17432838678359985, 0.17339330911636353, 0.12455876171588898, 0.18046650290489197, 0.12172051519155502], "(4, 6, 2, 2)": [0.14733828604221344, 0.17158006131649017, 0.18016719818115234, 0.11795566231012344, 0.06775830686092377, 0.22864024341106415, 0.17689336836338043, 0.14971651136875153, 0.12317775189876556, 0.1511784791946411, 0.15317678451538086], "(4, 5, 2, 2)": [0.14485129714012146, 0.22544191777706146, 0.14556513726711273, 0.17738573253154755, 0.17035193741321564, 0.1496301144361496, 0.11911597102880478, 0.34349918365478516, 0.14418737590312958, 0.2267725169658661, 0.1776609867811203], "(4, 4, 2, 2)": [0.24323466420173645, 0.11080165207386017, 0.21874040365219116, 0.21967439353466034, 0.22095826268196106, 0.14327970147132874, 0.315979540348053, 0.1955057978630066, 0.17076444625854492, 0.08759822696447372, 0.11670864373445511], "(4, 3, 2, 2)": [0.25632432103157043, 0.08241022378206253, 0.13918599486351013, 0.14036200940608978, 0.1381373107433319, 0.16692467033863068, 0.21545429527759552, 0.11233384162187576, 0.21354854106903076, 0.06015448272228241, 0.2599421441555023], "(4, 2, 2, 2)": [0.22225460410118103, 0.08337239921092987, 0.22519148886203766, 0.15544947981834412, 0.15555323660373688, 0.13035349547863007, 0.0799611285328865, 0.02731248363852501, 0.13111428916454315, 0.24058526754379272, 0.1275581568479538], "(4, 1, 2, 2)": [-0.07240763306617737, -0.010909810662269592, -0.07573632150888443, -0.10110664367675781, 0.0012361444532871246, -0.048440538346767426, -0.04895982891321182, -0.19032259285449982, 0.11826275289058685, -0.0034829378128051758, -0.0537504181265831], "(4, 9, 2, 3)": [0.0, 0.0, 0.08805382251739502, 0.08681951463222504, 0.0, 0.02802351489663124, 0.0, 0.0, 0.05703335255384445, 0.0, 0.0], "(4, 11, 3, 3)": [0.1563999503850937, -0.06875734031200409, -0.05964483320713043, -0.3055579662322998, -0.22207936644554138, -0.5178956389427185, -0.07665777206420898, -0.2882545590400696, -0.15826383233070374, -0.20477572083473206, -0.11948278546333313], "(4, 3, 2, 3)": [0.0, 0.02976849675178528, 0.0, 0.0, 0.030449774116277695, 0.0, 0.031235825270414352, 0.02939179353415966, 0.0, 0.0, 0.030208854004740715], "(4, 3, 3, 3)": [0.19439935684204102, 0.19175739586353302, 0.028533389791846275, 0.266357421875, 0.08398809283971786, 0.14377540349960327, 0.14008060097694397, 0.21950989961624146, 0.26112058758735657, 0.16991518437862396, 0.21806198358535767], "(3, 1, 2, 2)": [-0.17842870950698853, -0.09175103157758713, -0.3046838641166687, -0.061828792095184326, -0.25353366136550903, -0.1756870299577713, -0.5930260419845581, -0.22220981121063232, -0.03421428054571152, -0.17563241720199585, 0.06046062707901001], "(4, 7, 2, 3)": [0.0, 0.0, 0.0, 0.0, 0.0, 0.0, 0.0, 0.031041854992508888, 0.0, 0.05949252098798752, 0.03126700222492218],