{"q_values": {"(3, 7, 2, 2)": [0.0, 0.0, 0.12035371363162994, 0.11862783133983612, 0.03124408982694149, 0.03124077431857586, 0.11731541901826859, 0.06035821884870529, 0.06256802380084991, 0.030372709035873413, 0.061003901064395905], "(3, 7, 3, 3)": [0.1920134574174881, 0.11512181907892227, 0.02982008084654808, 0.030341891571879387, 0.02911118045449257, 0.11361012607812881, 0.03016727976500988, 0.0, 0.02953377366065979, 0.11543886363506317, 0.029846245422959328], "(3, 8, 3, 3)": [0.059494972229003906, 0.08528397977352142, 0.028443356975913048, 0.029213735833764076, 0.0, 0.0, 0.1111433357000351, 0.057337094098329544, 0.05633699148893356, 0.028945140540599823, 0.08651082217693329], "(3, 9, 3, 3)": [0.027611618861556053, 0.0562015175819397, 0.05653327703475952, 0.055147796869277954, 0.0, 0.027915090322494507, 0.0, 0.0, 0.02736533433198929, 0.028022920712828636, 0.028071250766515732], "(3, 10, 3, 3)": [0.027506643906235695, 0.027662264183163643, 0.05292154848575592, 0.0, 0.0, 0.052881769835948944, 0.02767004445195198, 0.0, 0.0783381387591362, 0.052740149199962616, 0.0], "(3, 11, 3, 3)": [0.0, -0.06531523913145065, 0.02613905817270279, 0.0, -0.06564182043075562, -0.04034535586833954, -0.18995900452136993, 0.02560688555240631, -0.04095391184091568, -0.065747931599617, -0.06510266661643982], "(3, 1, 3, 3)": [0.025576740503311157, 0.0, 0.025723503902554512, 0.027311479672789574, 0.0, 0.026552902534604073, 0.026727499440312386, 0.0, 0.02574976533651352, 0.0, 0.0], "(3, 2, 3, 3)": [0.02850019372999668, 0.028596876189112663, 0.028175311163067818, 0.02776491828262806, 0.027806401252746582, 0.0, 0.028012292459607124, 0.05426134169101715, 0.05447902902960777, 0.08188578486442566, 0.05537242442369461], "(3, 2, 3, 2)": [0.0, 0.0, 0.0, 0.0, 0.0, 0.05409933254122734, 0.0, 0.0, 0.02747161313891411, 0.0, 0.0], "(3, 2, 2, 2)": [0.05315728485584259, 0.14848938584327698, 0.14929145574569702, 0.025090079754590988, 0.05112708732485771, 0.10215440392494202, 0.12255896627902985, 0.052219972014427185, 0.17471662163734436, 0.07840556651353836, 0.05475560575723648], "(3, 3, 3, 3)": [0.05856531113386154, 0.0, 0.05671699345111847, 0.02845855802297592, 0.029107360169291496, 0.08328504860401154, 0.05719421058893204, 0.02868770994246006, 0.05626079440116882, 0.057257987558841705, 0.029215829446911812], "(4, 4, 3, 3)": [0.11366195231676102, 0.05852968245744705, 0.03179188445210457, 0.03042699582874775, 0.0, 0.06093072146177292, 0.03010859340429306, 0.030232733115553856, 0.030444491654634476, 0.05911451578140259, 0.0], "(4, 5, 3, 3)": [0.061418332159519196, 0.11622782796621323, 0.09007873386144638, 0.030357740819454193, 0.11635181307792664, 0.031170165166258812, 0.06075719743967056, 0.11958448588848114, 0.0628267377614975, 0.060709148645401, 0.032075297087430954], "(4, 6, 3, 3)": [0.11632329970598221, 0.03125419095158577, 0.16946344077587128, 0.0, 0.059299930930137634, 0.02992877922952175, 0.05909176170825958, 0.06030154973268509, 0.029911665245890617, 0.11824896931648254, 0.08758476376533508], "(4, 7, 3, 3)": [0.02989700622856617, 0.08859607577323914, 0.19038882851600647, 0.059355899691581726, 0.05906066671013832, 0.19489812850952148, 0.1145286113023758, 0.05905557796359062, 0.029684485867619514, 0.0894898995757103, 0.03114308975636959], "(4, 8, 3, 3)": [0.08505140244960785, 0.05963989719748497, 0.08608049154281616, 0.08688272535800934, 0.1668444275856018, 0.030727406963706017, 0.06042687967419624, 0.059125304222106934, 0.11488901078701019, 0.08579276502132416, 0.02958897314965725], "(4, 9, 3, 2)": [0.0, 0.0, 0.0, 0.0, 0.0, 0.0, 0.0, 0.0, 0.0, 0.0, 0.0], "(4, 9, 3, 3)": [0.1329774409532547, 0.05526512861251831, 0.08239930123090744, 0.02870766632258892, 0.1335826963186264, 0.08185118436813354, 0.1091279536485672, 0.028023958206176758, 0.0838613212108612, 0.08189862221479416, 0.0558491051197052], "(4, 10, 3, 2)": [0.0, 0.0, 0.0, 0.0, 0.0, 0.0, 0.02782355062663555, 0.0, 0.0, 0.0, 0.0], "(4, 10, 3, 3)": [0.027086429297924042, 0.05457919463515282, 0.0, 0.05272679030895233, 0.12248247116804123, 0.07897472381591797, 0.05396268889307976, 0.02750466577708721, 0.05292149633169174, 0.14561599493026733, 0.05214672535657883], "(4, 9, 2, 2)": [0.0285018440335989, 0.028842581436038017, 0.0, 0.058992840349674225, 0.057025205343961716, 0.0, 0.0, 0.029399219900369644, 0.02873079478740692, 0.05666171759366989, 0.0], "(4, 8, 2, 2)": [0.0, 0.0, 0.0, 0.08799701929092407, 0.0, 0.05887644737958908, 0.05838993936777115, 0.0, 0.0, 0.06072209030389786, 0.03018665686249733], "(4, 7, 2, 2)": [0.0, 0.0, 0.0, 0.1159750372171402, 0.03105740435421467, 0.0, 0.05898421257734299, 0.05886409431695938, 0.0, 0.0, 0.0592878982424736], "(4, 6, 2, 2)": [0.08981382846832275, 0.08712195605039597, 0.060378123074769974, 0.05969221889972687, 0.0, 0.08853981643915176, 0.030883094295859337, 0.05903925746679306, 0.0, 0.0, 0.06029166653752327], "(4, 5, 2, 2)": [0.08834823220968246, 0.08774501830339432, 0.05960092321038246, 0.030770182609558105, 0.059236690402030945, 0.030472343787550926, 0.029725778847932816, 0.14225685596466064, 0.059585146605968475, 0.05969419330358505, 0.0], "(4, 4, 2, 2)": [0.05722114071249962, 0.08292221277952194, 0.08580633997917175, 0.029860028997063637, 0.08655451238155365, 0.028763342648744583, 0.059285566210746765, 0.05738820135593414, 0.029475746676325798, 0.030213989317417145, 0.0], "(4, 3, 2, 2)": [0.13385330140590668, 0.055097974836826324, 0.027717571705579758, 0.0, 0.028428342193365097, 0.056543029844760895, 0.0, 0.055580705404281616, 0.05618372559547424, 0.029996922239661217, 0.055838461965322495], "(4, 2, 2, 2)": [0.05315005034208298, 0.0, 0.05336756259202957, 0.07893767952919006, 0.0, 0.05373633652925491, 0.026529066264629364, 0.02731248363852501, 0.026485294103622437, 0.07765383273363113, 0.02603387087583542], "(4, 1, 2, 2)": [0.049563854932785034, 0.0, 0.0, 0.0, -0.016833707690238953, -0.040298305451869965, -0.07779545336961746, -0.09909780323505402, 0.09641402959823608, -0.06568243354558945, -0.039223410189151764], "(4, 9, 2, 3)": [0.0, 0.0, 0.0, 0.0, 0.0, 0.0, 0.0, 0.0, 0.02865353226661682, 0.0, 0.0], "(4, 11, 3, 3)": [0.0, -0.013162253424525261, 0.025171028450131416, -0.15977993607521057, -0.1649240255355835, -0.12777848541736603, -0.04060964286327362, -0.10642381012439728, 0.010103818029165268, 0.051098234951496124, -0.0413854643702507], "(4, 3, 2, 3)": [0.0, 0.02976849675178528, 0.0, 0.0, 0.0, 0.0, 0.0, 0.0, 0.0, 0.0, 0.0], "(4, 3, 3, 3)": [0.0, 0.05736386030912399, 0.028533389791846275, 0.0, 0.0284714475274086, 0.029799101874232292, 0.029844608157873154, 0.05789107456803322, 0.08512203395366669, 0.029025135561823845, 0.05751439183950424], "(3, 1, 2, 2)": [-0.054318834096193314, -0.03944410756230354, -0.13901332020759583, -0.01430371031165123, -0.1660763919353485, -0.14143088459968567, -0.22552499175071716, -0.13055084645748138, 0.0496956929564476, -0.10437002778053284, -0.016730938106775284], "(4, 7, 2, 3)": [0.0, 0.0, 0.0, 0.0, 0.0, 0.0, 0.0, 0.0, 0.0, 0.030234621837735176, 0.0], "(3, 5, 2, 2)": [0.11359041929244995, 0.11584001034498215, 0.1422751247882843, 0.05890320986509323, 0.114482581615448, 0.16734954714775085, 0.193746879696846, 0.11945730447769165, 0.16852368414402008, 0.11639893054962158, 0.1704399138689041], "(3, 4, 3, 3)": [0.06132575497031212, 0.16617950797080994, 0.11404817551374435, 0.11365973204374313, 0.08686152845621109, 0.23790577054023743, 0.165897935628891, 0.08704055100679398, 0.08786514401435852, 0.05841359868645668, 0.030601732432842255], "(3, 5, 3, 3)": [0.029993576928973198, 0.05912072956562042, 0.08956214040517807, 0.17231200635433197, 0.1459125280380249, 0.08918509632349014, 0.08804146945476532, 0.14469240605831146, 0.19418463110923767, 0.14338397979736328, 0.030327357351779938], "(3, 4, 2, 2)": [0.058576323091983795, 0.13894230127334595, 0.16412444412708282, 0.19116437435150146, 0.2580770254135132, 0.08705666661262512, 0.13814064860343933, 0.1890818327665329, 0.11248638480901718, 0.13890212774276733, 0.11459583044052124],