{"q_values": {"(3, 7, 2, 2)": [0.06229724735021591, 0.09336718171834946, 0.20231081545352936, 0.1463574916124344, 0.1754951775074005, 0.03124077431857586, 0.222052663564682, 0.12118326127529144, 0.14657840132713318, 0.09276717901229858, 0.11763530224561691], "(3, 7, 3, 3)": [0.2685879170894623, 0.19467096030712128, 0.14126449823379517, 0.11970767378807068, 0.19503164291381836, 0.14181241393089294, 0.17612819373607635, 0.08831040561199188, 0.11903057992458344, 0.1710084229707718, 0.08761587738990784], "(3, 8, 3, 3)": [0.1658865064382553, 0.21575598418712616, 0.08476712554693222, 0.18943865597248077, 0.029558619484305382, 0.0, 0.2135525941848755, 0.13912056386470795, 0.1643465906381607, 0.08755319565534592, 0.14135536551475525], "(3, 9, 3, 3)": [0.08352084457874298, 0.0562015175819397, 0.18420566618442535, 0.08275161683559418, 0.029598446562886238, 0.1113901361823082, 0.08631404489278793, 0.11304318159818649, 0.08264458179473877, 0.05654720216989517, 0.028071250766515732], "(3, 10, 3, 3)": [0.027506643906235695, 0.08039703965187073, 0.07891957461833954, 0.052755340933799744, 0.08132593333721161, 0.1260284185409546, 0.05518248677253723, 0.05558605492115021, 0.12970823049545288, 0.12770870327949524, 0.08132867515087128], "(3, 11, 3, 3)": [-0.00988023728132248, -0.09947779774665833, -0.039358265697956085, -0.036729857325553894, -0.0996679738163948, -0.050730861723423004, -0.21579399704933167, -0.013072336092591286, -0.013178976252675056, -0.18999795615673065, -0.12868697941303253], "(3, 1, 3, 3)": [0.025576740503311157, 0.0, 0.07429767400026321, 0.05289766937494278, 0.10169605910778046, 0.05264943838119507, 0.05299822613596916, 0.0282656978815794, 0.05251912772655487, 0.02719574049115181, 0.026032306253910065], "(3, 2, 3, 3)": [0.07857753336429596, 0.13537436723709106, 0.055664703249931335, 0.08077766001224518, 0.055172063410282135, 0.11146905273199081, 0.08147676289081573, 0.13388895988464355, 0.15424224734306335, 0.15797635912895203, 0.08144644647836685], "(3, 2, 3, 2)": [0.0, 0.0, 0.0, 0.0, 0.02775612846016884, 0.07930190861225128, 0.0, 0.0, 0.02747161313891411, 0.0, 0.0], "(3, 2, 2, 2)": [0.10015854239463806, 0.2559090554714203, 0.21341878175735474, 0.15281659364700317, 0.1874338537454605, 0.16707421839237213, 0.21791881322860718, 0.1941034346818924, 0.29174676537513733, 0.10063880681991577, 0.15588079392910004], "(3, 3, 3, 3)": [0.21433643996715546, 0.14189429581165314, 0.11320105195045471, 0.02845855802297592, 0.08854840695858002, 0.08328504860401154, 0.19313882291316986, 0.05835505574941635, 0.11260844767093658, 0.11504952609539032, 0.05976209416985512], "(4, 4, 3, 3)": [0.1918228715658188, 0.16889533400535583, 0.062083736062049866, 0.11528585851192474, 0.0, 0.09093591570854187, 0.060087062418460846, 0.11699125170707703, 0.05961883068084717, 0.24356378614902496, 0.030208274722099304], "(4, 5, 3, 3)": [0.09147807210683823, 0.14473634958267212, 0.09007873386144638, 0.12059475481510162, 0.20242293179035187, 0.06097576394677162, 0.09223746508359909, 0.11958448588848114, 0.12324696779251099, 0.09141790121793747, 0.20315635204315186], "(4, 6, 3, 3)": [0.17186589539051056, 0.03125419095158577, 0.22153130173683167, 0.032524045556783676, 0.11994090676307678, 0.0592670813202858, 0.14687186479568481, 0.20144163072109222, 0.05984051525592804, 0.24876593053340912, 0.1936749964952469], "(4, 7, 3, 3)": [0.11744174361228943, 0.24517250061035156, 0.2886996567249298, 0.08891737461090088, 0.1717662215232849, 0.28975480794906616, 0.1145286113023758, 0.0907381922006607, 0.08978604525327682, 0.1456097960472107, 0.14753548800945282], "(4, 8, 3, 3)": [0.1406620442867279, 0.08692484349012375, 0.14220528304576874, 0.2740775942802429, 0.24078339338302612, 0.08856969326734543, 0.22434531152248383, 0.24255958199501038, 0.2220664918422699, 0.13947196304798126, 0.08897535502910614], "(4, 9, 3, 2)": [0.0, 0.0, 0.0, 0.02969188801944256, 0.0, 0.0, 0.0, 0.0, 0.0, 0.0, 0.0], "(4, 9, 3, 3)": [0.276579886674881, 0.10963235050439835, 0.20891955494880676, 0.11069053411483765, 0.25312426686286926, 0.13653117418289185, 0.1091279536485672, 0.13860459625720978, 0.13448463380336761, 0.18364986777305603, 0.08430761843919754], "(4, 10, 3, 2)": [0.0, 0.0, 0.0, 0.0, 0.026933075860142708, 0.0, 0.02782355062663555, 0.02933409996330738, 0.0, 0.0, 0.0], "(4, 10, 3, 3)": [0.15349164605140686, 0.15263144671916962, 0.08000318706035614, 0.07718988507986069, 0.2599540054798126, 0.12721958756446838, 0.22050687670707703, 0.07863672077655792, 0.1526791900396347, 0.2400742620229721, 0.2348005771636963], "(4, 9, 2, 2)": [0.057158105075359344, 0.18823711574077606, 0.0, 0.08805686235427856, 0.08544864505529404, 0.057013511657714844, 0.0, 0.05887344479560852, 0.08565843105316162, 0.16182400286197662, 0.0], "(4, 8, 2, 2)": [0.061070919036865234, 0.09329690039157867, 0.08899800479412079, 0.22255925834178925, 0.09111001342535019, 0.22248032689094543, 0.14275211095809937, 0.062074996531009674, 0.03312874212861061, 0.0923500582575798, 0.11837125569581985], "(4, 7, 2, 2)": [0.12149717658758163, 0.0, 0.17999696731567383, 0.19847621023654938, 0.12003092467784882, 0.09248790889978409, 0.05898421257734299, 0.11706764250993729, 0.06046564131975174, 0.09127293527126312, 0.0592878982424736], "(4, 6, 2, 2)": [0.14733828604221344, 0.14230069518089294, 0.1215885579586029, 0.08888041973114014, 0.0, 0.11788813024759293, 0.0898577943444252, 0.05903925746679306, 0.09152542054653168, 0.1211235523223877, 0.09062306582927704], "(4, 5, 2, 2)": [0.11614878475666046, 0.14455603063106537, 0.08810431510210037, 0.09094704687595367, 0.11600160598754883, 0.06153573840856552, 0.060598261654376984, 0.21888858079910278, 0.11661573499441147, 0.11837022751569748, 0.06193918734788895], "(4, 4, 2, 2)": [0.16840380430221558, 0.08292221277952194, 0.14057230949401855, 0.14169272780418396, 0.11489760130643845, 0.057772181928157806, 0.11676044017076492, 0.0860544890165329, 0.08690041303634644, 0.05972416698932648, 0.08763870596885681], "(4, 3, 2, 2)": [0.18371164798736572, 0.055097974836826324, 0.08443763107061386, 0.056875500828027725, 0.11143200099468231, 0.08486239612102509, 0.08584259450435638, 0.055580705404281616, 0.13790275156497955, 0.029996922239661217, 0.13675060868263245], "(4, 2, 2, 2)": [0.15286865830421448, 0.05518382042646408, 0.12884436547756195, 0.13047684729099274, 0.02932804822921753, 0.07961039990186691, 0.0799611285328865, 0.02731248363852501, 0.10663910955190659, 0.12723524868488312, 0.0523541159927845], "(4, 1, 2, 2)": [0.07484866678714752, 0.051743604242801666, 0.025648029521107674, 0.0, -0.08176925033330917, -0.07436101138591766, -0.07755725085735321, -0.15920519828796387, 0.11826275289058685, 0.015667634084820747, -0.07362333685159683], "(4, 9, 2, 3)": [0.0, 0.0, 0.030536286532878876, 0.02864028699696064, 0.0, 0.0, 0.0, 0.0, 0.05703335255384445, 0.0, 0.0], "(4, 11, 3, 3)": [0.07388865947723389, -0.05885223671793938, 0.04950227588415146, -0.18756325542926788, -0.16418392956256866, -0.346866250038147, -0.07665777206420898, -0.2882545590400696, -0.09520462155342102, -0.20477572083473206, -0.05354371666908264], "(4, 3, 2, 3)": [0.0, 0.02976849675178528, 0.0, 0.0, 0.0, 0.0, 0.0, 0.02939179353415966, 0.0, 0.0, 0.030208854004740715], "(4, 3, 3, 3)": [0.03020319901406765, 0.11187136918306351, 0.028533389791846275, 0.14187897741794586, 0.05721797049045563, 0.08776599168777466, 0.059362247586250305, 0.1138196587562561, 0.2153894603252411, 0.05832264572381973, 0.11478600651025772], "(3, 1, 2, 2)": [-0.054318834096193314, -0.013991056010127068, -0.2834553122520447, -0.14375489950180054, -0.22794190049171448, -0.14231359958648682, -0.3879425823688507, -0.19210940599441528, 0.09575145691633224, -0.23842769861221313, 0.08295169472694397], "(4, 7, 2, 3)": [0.0, 0.0, 0.0, 0.0, 0.0, 0.0, 0.0, 0.031041854992508888, 0.0, 0.05949252098798752, 0.03126700222492218],