{"q_values": {"(3, 7, 2, 2)": [0.0, 0.0, 0.0, 0.0, 0.0, 0.0, 0.0, 0.0, 0.0, 0.0, 0.029775479808449745], "(3, 7, 3, 3)": [0.0, 0.0, 0.02955411933362484, 0.0, 0.029629556462168694, 0.0, 0.0, 0.0, 0.0, 0.0, 0.0], "(3, 8, 3, 3)": [0.0, 0.0, 0.057136811316013336, 0.029625238850712776, 0.0, 0.0, 0.0, 0.0, 0.0, 0.0, 0.05823882669210434], "(3, 8, 2, 3)": [0.0, 0.02922450192272663, 0.0, 0.0, 0.0, 0.0, 0.0, 0.0, 0.0, 0.0, 0.0], "(3, 8, 2, 2)": [0.0, 0.0, 0.0, 0.0, 0.03001975826919079, 0.02940959483385086, 0.0, 0.0, 0.0, 0.02964140474796295, 0.0], "(3, 7, 2, 3)": [0.0, 0.0, 0.0, 0.0, 0.0, 0.0, 0.0, 0.0, 0.030005961656570435, 0.0, 0.0], "(3, 9, 3, 3)": [0.0, 0.02846071682870388, 0.028611326590180397, 0.02867080830037594, 0.0, 0.0, 0.0, 0.027743790298700333, 0.028659462928771973, 0.0, 0.0], "(3, 9, 2, 2)": [0.0, 0.0, 0.0, 0.0, 0.0, 0.0, 0.02859729714691639, 0.056848809123039246, 0.05696943774819374, 0.0, 0.0], "(3, 9, 2, 3)": [0.02891692705452442, 0.0, 0.0, 0.0, 0.0, 0.0, 0.028930669650435448, 0.0, 0.0, 0.027765819802880287, 0.028524106368422508], "(3, 10, 3, 3)": [0.052628569304943085, 0.0, 0.0, 0.027436330914497375, 0.0, 0.0, 0.027531804516911507, 0.027037886902689934, 0.0, 0.0263583492487669, 0.0], "(3, 11, 2, 3)": [0.0, 0.02569526433944702, 0.0, 0.0, 0.0, 0.0, 0.0, 0.0261136032640934, 0.0, 0.0, 0.0], "(3, 11, 3, 3)": [0.0, 0.0, 0.0, 0.025963500142097473, 0.0, 0.025787223130464554, 0.0, 0.0, -0.04254591092467308, 0.0, 0.0], "(3, 11, 2, 2)": [0.0, 0.026214275509119034, 0.0, 0.026924017816781998, 0.0, 0.0, 0.0, 0.0, 0.0, 0.0, 0.0], "(3, 10, 2, 2)": [0.0, 0.028499750420451164, 0.0, 0.0, 0.028199777007102966, 0.0, 0.0, 0.02746719680726528, 0.028090642765164375, 0.0, 0.0], "(4, 4, 2, 3)": [0.0, 0.0, 0.0, 0.0, 0.0, 0.0, 0.0, 0.0, 0.0, 0.0, 0.0]}}