{"q_values": {"(2, 5, 2, 2)": [78.56558990478516, 78.66777038574219, 78.09605407714844, 77.97120666503906, 75.595947265625], "(2, 6, 2, 2)": [73.29914855957031, 74.19207000732422, 72.90383911132812, 72.08898162841797, 72.30230712890625], "(2, 7, 2, 2)": [69.8329849243164, 69.24617767333984, 69.20410919189453, 67.96202850341797, 67.23771667480469], "(2, 1, 2, 2)": [70.23658752441406, 68.46664428710938, 70.57693481445312, 69.83924102783203, 70.83843231201172], "(2, 2, 2, 2)": [71.96974182128906, 75.25870513916016, 75.16925048828125, 76.18842315673828, 75.46446228027344], "(2, 4, 2, 2)": [78.5436019897461, 79.14859771728516, 80.05662536621094, 79.3680648803711, 78.71705627441406], "(2, 3, 2, 2)": [77.28309631347656, 77.88858795166016, 79.48636627197266, 79.02906799316406, 78.50086212158203], "(2, 1, 2, 1)": [20.178308486938477, 15.467459678649902, 25.886449813842773, 21.414567947387695, 37.48980712890625], "(2, 3, 2, 3)": [3.4355247020721436, 9.349802017211914, 0.9291226863861084, 0.4939448833465576, 0.6684776544570923], "(2, 4, 2, 3)": [20.801843643188477, 9.851401329040527, 8.667118072509766, 1.8136967420578003, 1.5894556045532227], "(2, 5, 2, 3)": [23.387264251708984, 14.482394218444824, 13.51223087310791, 3.6467232704162598, 4.441375732421875], "(2, 4, 2, 1)": [1.3251441717147827, 4.422581672668457, 10.98657512664795, 8.654535293579102, 12.646812438964844], "(2, 3, 2, 1)": [3.894498825073242, 6.675085067749023, 9.801714897155762, 17.834386825561523, 25.880455017089844], "(2, 2, 2, 1)": [7.137630939483643, 12.362730979919434, 11.412302017211914, 15.496593475341797, 27.746707916259766], "(2, 6, 2, 3)": [32.40210723876953, 18.88087272644043, 13.38161849975586, 7.55661678314209, 5.3952765464782715], "(2, 7, 2, 3)": [33.819095611572266, 16.374561309814453, 14.810845375061035, 19.42394256591797, 15.198772430419922], "(3, 2, 2, 2)": [0.2781935930252075, 0.43531402945518494, 0.4943530559539795, 0.6239069104194641, 0.40014514327049255], "(3, 1, 2, 2)": [3.4088521003723145, 2.936232805252075, 2.477795124053955, 2.5063564777374268, 4.505677223205566], "(3, 7, 2, 2)": [0.762874960899353, 1.372565746307373, 2.0423152446746826, 1.0539517402648926, 1.6347981691360474], "(3, 5, 2, 2)": [0.9460943937301636, 1.4936448335647583, 0.4934445917606354, 0.6057074069976807, 0.4582430124282837], "(3, 5, 2, 3)": [0.0, 0.0, 0.0, 0.02893892116844654, 0.0], "(3, 6, 3, 3)": [0.0, 0.035488903522491455, 0.0, 0.0, 0.02630552463233471], "(3, 6, 2, 2)": [1.5376808643341064, 0.5304837822914124, 0.7037376165390015, 0.5947010517120361, 0.6232303977012634], "(3, 7, 3, 3)": [0.0, 0.07421017438173294, 0.0, 0.02484441176056862, 0.0], "(2, 5, 2, 1)": [0.1819009929895401, 1.2787643671035767, 1.9190980195999146, 3.9544711112976074, 3.8200581073760986], "(3, 4, 2, 2)": [0.5312085747718811, 0.5634830594062805, 0.3482900857925415, 0.3391072154045105, 0.7218828797340393], "(2, 5, 1, 1)": [0.0, 0.0, 0.18011416494846344, 0.0, 0.0], "(2, 1, 1, 1)": [3.5942165851593018, 0.0, 0.0, 0.4527411162853241, 0.0], "(2, 5, 3, 3)": [1.623400330543518, 0.0, 0.0, 0.04133528470993042, 0.0], "(2, 4, 3, 3)": [0.0, 0.0, 0.04688836634159088, 0.05909675732254982, 0.030895138159394264], "(2, 6, 2, 1)": [0.18142502009868622, 0.1527535617351532, 1.1310659646987915, 1.4628636837005615, 0.0], "(1, 4, 2, 2)": [0.30253830552101135, 0.1211298480629921, 0.21400463581085205, 0.09082736074924469, 1.5726374387741089], "(1, 5, 2, 2)": [0.2008960247039795, 0.20165063440799713, 1.5211539268493652, 0.23073789477348328, 0.3494984805583954], "(1, 6, 2, 2)": [0.40398746728897095, 0.6989713907241821, 0.38042163848876953, 0.255936861038208, 0.3058640956878662], "(1, 7, 2, 2)": [2.209388017654419, 0.44073766469955444, 1.5851702690124512, 0.5481178164482117, 1.8160128593444824], "(1, 3, 2, 2)": [0.06588049978017807, 0.09091576188802719, 1.0763014554977417, 0.1328883171081543, 0.24003936350345612], "(1, 2, 2, 2)": [0.0884488970041275, 0.08079418540000916, 0.11163060367107391, 0.0596674382686615, 0.2535518705844879], "(1, 1, 2, 2)": [0.20121896266937256, 1.813572645187378, 0.5430049896240234, 2.64208984375, 0.9711081981658936], "(1, 4, 2, 3)": [0.0, 0.033526450395584106, 0.05677125230431557, 0.02994508668780327, 0.0], "(2, 6, 1, 1)": [0.0, 0.0, 0.0, 0.0, 0.0], "(2, 6, 3, 3)": [0.0, 0.623194694519043, 0.0, 0.0, 0.0], "(2, 3, 1, 1)": [0.0, 0.028773166239261627, 0.20305420458316803, 0.16852371394634247, 0.0], "(3, 3, 2, 2)": [0.20327313244342804, 1.5393400192260742, 0.36324256658554077, 0.22641776502132416, 0.23642778396606445], "(1, 6, 1, 2)": [0.0, 0.0, 0.0, 0.0, 0.0], "(2, 2, 1, 1)": [0.037355031818151474, 0.03248615935444832, 0.21802322566509247, 0.8217653632164001, 0.0], "(2, 2, 2, 3)": [2.0150606632232666, 1.45297372341156, 0.9433045387268066, 0.0, 0.0], "(2, 4, 3, 2)": [0.0, 1.0344038009643555, 0.0, 0.0, 0.0], "(3, 4, 2, 1)": [0.0, 0.0, 0.0, 0.0, 0.0], "(3, 3, 2, 1)": [0.0, 0.02886495366692543, 0.0, 0.0, 0.0], "(3, 2, 2, 1)": [0.0, 0.0, 0.05553359538316727, 0.0, 1.2378493547439575], "(1, 5, 2, 3)": [0.0, 0.0, 0.0, 0.0, 0.0], "(1, 6, 2, 3)": [0.0, 0.026335787028074265, 0.02742062695324421, 0.0, 0.0], "(1, 7, 2, 3)": [0.0, 0.8800593018531799, 0.0, 0.0, 0.0], "(3, 5, 3, 3)": [0.0, 0.0, 0.0, 0.0, 0.0], "(3, 7, 2, 3)": [0.0, 0.9873462319374084, 0.0, 0.0, 1.9780040979385376], "(3, 1, 2, 1)": [0.0, 0.025190196931362152, 0.0, 0.0, 0.9896114468574524], "(2, 4, 1, 1)": [0.0, 0.0, 0.0, 0.0, 0.0], "(3, 3, 3, 2)": [0.0, 0.0, 0.0, 0.0, 0.029918691143393517], "(3, 4, 3, 2)": [0.04374305158853531, 0.0, 0.0, 0.0, 0.0], "(3, 5, 3, 2)": [0.0, 0.07857852429151535, 0.0, 0.0, 0.0], "(2, 2, 3, 2)": [0.0, 0.0, 0.0, 0.0, 0.0], "(2, 3, 3, 3)": [0.0, 0.0, 0.0, 0.0, 0.0], "(2, 3, 3, 2)": [2.290153980255127, 0.0, 0.0, 0.0, 0.0], "(2, 7, 3, 3)": [0.0, 0.8324441909790039, 0.0, 1.7986220121383667, 0.0], "(3, 2, 3, 2)": [0.0, 0.0, 0.0, 0.0, 0.0]}}