{"q_values": {"(2, 5, 2, 2)": [43.21001052856445, 42.841651916503906, 43.09356689453125, 42.49739456176758, 42.7454833984375], "(2, 6, 2, 2)": [38.307064056396484, 37.814735412597656, 37.41325759887695, 37.57503128051758, 37.27799606323242], "(2, 7, 2, 2)": [34.49366760253906, 34.81132125854492, 35.079315185546875, 34.31626510620117, 33.62157440185547], "(2, 1, 2, 2)": [36.97075271606445, 37.01309585571289, 37.212615966796875, 37.155582427978516, 37.29432678222656], "(2, 2, 2, 2)": [41.15984344482422, 40.53610610961914, 40.7394905090332, 41.14653778076172, 41.61875534057617], "(2, 4, 2, 2)": [45.28409957885742, 45.36575698852539, 44.85465621948242, 45.24710464477539, 45.24856185913086], "(2, 3, 2, 2)": [44.05128860473633, 44.005043029785156, 44.350154876708984, 44.422122955322266, 44.00870132446289], "(1, 1, 2, 2)": [0.08475784957408905, 1.5652239322662354, 0.9816084504127502, 0.38319551944732666, 0.7358224391937256], "(1, 2, 2, 2)": [0.1897050440311432, 0.20479926466941833, 0.2576492726802826, 0.5961499214172363, 0.2363898754119873], "(3, 3, 2, 2)": [0.26444679498672485, 0.21102041006088257, 0.3416443467140198, 0.34177297353744507, 0.17885150015354156], "(3, 4, 2, 2)": [0.15527811646461487, 0.09737952053546906, 0.3070511221885681, 0.12389489263296127, 0.15038302540779114], "(3, 5, 2, 2)": [0.11722251772880554, 0.14788776636123657, 0.06502881646156311, 0.11598675698041916, 0.22668984532356262], "(3, 6, 2, 2)": [0.17804116010665894, 0.20252251625061035, 0.23474957048892975, 0.12485267221927643, 0.2502131462097168], "(3, 2, 2, 2)": [0.0, 0.16510529816150665, 0.1083211824297905, 0.030847417190670967, 0.03039700537919998], "(3, 1, 2, 2)": [0.9108520150184631, 1.1587629318237305, 0.052503250539302826, 1.045935869216919, 0.02645713835954666], "(3, 7, 2, 2)": [1.0992236137390137, 0.28246596455574036, 0.42625898122787476, 0.6150221824645996, 0.05091620609164238], "(1, 5, 2, 2)": [0.028939634561538696, 0.029157796874642372, 0.11351121217012405, 0.0, 0.05868326872587204], "(1, 6, 2, 2)": [0.08168090134859085, 0.0, 0.0, 0.02776733972132206, 0.0], "(1, 7, 2, 2)": [0.05284503847360611, 0.0, 0.0, 0.08314964920282364, 1.4335193634033203], "(1, 3, 2, 2)": [0.061271294951438904, 0.029344601556658745, 0.03724971413612366, 0.030810877680778503, 0.02979983761906624], "(1, 4, 2, 2)": [0.09079361706972122, 0.0925208032131195, 0.06261572241783142, 0.09344358742237091, 0.03179370239377022], "(2, 1, 2, 1)": [0.0, 1.0256438255310059, 0.0, 0.0, 0.0], "(2, 2, 2, 1)": [0.0, 0.0, 0.0, 1.2125186920166016, 0.0]}}