{"q_values": {"(2, 5, 2, 2)": [84.59919738769531, 83.55392456054688, 83.0248031616211, 83.67595672607422, 83.12923431396484], "(2, 6, 2, 2)": [78.53475189208984, 77.78692626953125, 78.73411560058594, 79.16007232666016, 78.06316375732422], "(2, 7, 2, 2)": [77.65583038330078, 77.93122100830078, 77.67101287841797, 76.85320281982422, 77.44551849365234], "(2, 1, 2, 2)": [79.16224670410156, 79.25482940673828, 79.61075592041016, 80.66480255126953, 79.5816650390625], "(2, 2, 2, 2)": [84.19684600830078, 84.73760223388672, 84.9692153930664, 85.67620849609375, 85.2918701171875], "(2, 4, 2, 2)": [87.26428985595703, 88.59327697753906, 87.79776000976562, 87.73139953613281, 87.55757141113281], "(2, 3, 2, 2)": [88.08099365234375, 86.70482635498047, 88.34407806396484, 88.91362762451172, 88.61084747314453], "(1, 1, 2, 2)": [2.379343271255493, 1.5674127340316772, 3.199150323867798, 0.6698237657546997, 1.1266664266586304], "(1, 2, 2, 2)": [0.25226661562919617, 0.3046278953552246, 0.3506568670272827, 0.6148165464401245, 0.4247807562351227], "(3, 3, 2, 2)": [0.6494212746620178, 0.6472200751304626, 0.6947119235992432, 3.1237308979034424, 0.4644889235496521], "(3, 4, 2, 2)": [0.7479545474052429, 0.853972315788269, 0.8498486876487732, 1.0506426095962524, 0.596457302570343], "(3, 5, 2, 2)": [0.6531317830085754, 1.0547773838043213, 0.738696813583374, 0.7667744159698486, 2.1530065536499023], "(3, 6, 2, 2)": [1.116329550743103, 2.723453998565674, 1.3362267017364502, 3.9626502990722656, 1.0859947204589844], "(3, 2, 2, 2)": [0.34189799427986145, 0.7050092816352844, 0.27911096811294556, 0.22378748655319214, 0.3766864240169525], "(3, 1, 2, 2)": [8.138932228088379, 5.255009651184082, 1.9572011232376099, 2.6857540607452393, 0.7781447172164917], "(3, 7, 2, 2)": [4.348140239715576, 16.733516693115234, 5.202649116516113, 4.66680908203125, 3.2867228984832764], "(1, 5, 2, 2)": [0.4554971754550934, 0.180293008685112, 0.2636423110961914, 0.34423598647117615, 0.21171776950359344], "(1, 6, 2, 2)": [0.6364489197731018, 0.2976476550102234, 0.27908656001091003, 0.2697610855102539, 0.21287350356578827], "(1, 7, 2, 2)": [0.2466764748096466, 0.49830448627471924, 0.070001021027565, 1.8150029182434082, 3.4982481002807617], "(1, 3, 2, 2)": [0.3551728129386902, 0.13244231045246124, 0.2116180807352066, 0.182968869805336, 2.100555658340454], "(1, 4, 2, 2)": [0.19037114083766937, 0.1919490545988083, 0.15640144050121307, 0.273110032081604, 2.6950929164886475], "(2, 1, 2, 1)": [0.0, 1.0256438255310059, 0.0, 0.0, 0.0], "(2, 2, 2, 1)": [0.0, 0.0, 0.0, 1.2125186920166016, 0.0], "(2, 6, 2, 3)": [0.0, 0.0, 0.0, 2.1430625915527344, 0.0]}}