{"q_values": {"(2, 5, 2, 2)": [13.404255867004395, 13.336055755615234, 13.582137107849121, 13.322954177856445, 12.845684051513672], "(2, 6, 2, 2)": [11.50211238861084, 11.779705047607422, 11.228500366210938, 11.599099159240723, 10.897440910339355], "(2, 7, 2, 2)": [8.809882164001465, 8.98281478881836, 8.98912525177002, 8.686851501464844, 8.789471626281738], "(2, 1, 2, 2)": [9.929581642150879, 9.729955673217773, 10.237794876098633, 10.051377296447754, 10.681414604187012], "(2, 2, 2, 2)": [11.582354545593262, 12.768725395202637, 12.658824920654297, 12.717864036560059, 12.663076400756836], "(2, 4, 2, 2)": [13.551173210144043, 14.125207901000977, 13.993070602416992, 13.86998176574707, 13.914008140563965], "(2, 3, 2, 2)": [13.578164100646973, 13.305161476135254, 13.945783615112305, 13.87853717803955, 13.321184158325195], "(2, 1, 2, 1)": [0.3559415638446808, 0.5889521837234497, 2.0195679664611816, 1.8369026184082031, 1.6584022045135498], "(2, 3, 2, 3)": [0.31974703073501587, 0.4123484194278717, 0.3287883698940277, 0.0, 0.03089682199060917], "(2, 4, 2, 3)": [0.0, 0.0, 0.7042640447616577, 0.06393108516931534, 0.09501947462558746], "(2, 5, 2, 3)": [1.7223445177078247, 1.1101582050323486, 0.11828658729791641, 0.08012440800666809, 0.15211166441440582], "(2, 4, 2, 1)": [0.143333300948143, 0.2021075040102005, 0.04247128218412399, 0.3812127113342285, 1.1631417274475098], "(2, 3, 2, 1)": [0.10505722463130951, 0.13756495714187622, 0.14177674055099487, 0.6255580186843872, 0.6353248953819275], "(2, 2, 2, 1)": [0.27731743454933167, 0.2792288661003113, 0.6838524341583252, 0.30965590476989746, 2.2739784717559814], "(2, 6, 2, 3)": [0.29797059297561646, 1.5716612339019775, 0.7205628752708435, 0.3742743730545044, 0.302886039018631], "(2, 7, 2, 3)": [1.5045933723449707, 0.49250268936157227, 0.912287712097168, 0.6227478384971619, 1.894382357597351], "(3, 2, 2, 2)": [0.0, 0.0, 0.02751729264855385, 0.027931440621614456, 0.0], "(3, 1, 2, 2)": [0.026118023321032524, 0.0, 0.05263357609510422, 0.08835633099079132, 0.0], "(3, 7, 2, 2)": [0.15716812014579773, 0.14520978927612305, 0.2995167076587677, 0.2563517093658447, 0.1311996728181839], "(3, 5, 2, 2)": [0.05899018794298172, 0.08663243055343628, 0.02927517704665661, 0.0, 0.0], "(3, 5, 2, 3)": [0.0, 0.0, 0.0, 0.02893892116844654, 0.0], "(3, 6, 3, 3)": [0.0, 0.0, 0.0, 0.0, 0.02630552463233471], "(3, 6, 2, 2)": [0.0, 0.027638215571641922, 0.058161236345767975, 0.029891815036535263, 0.02746487222611904], "(3, 7, 3, 3)": [0.0, 0.07421017438173294, 0.0, 0.02484441176056862, 0.0], "(2, 5, 2, 1)": [0.0, 0.15053138136863708, 0.0, 0.21564480662345886, 0.0], "(3, 4, 2, 2)": [0.030899593606591225, 0.0, 0.0, 0.0, 0.08906855434179306], "(2, 5, 1, 1)": [0.0, 0.0, 0.0, 0.0, 0.0], "(2, 1, 1, 1)": [0.0, 0.0, 0.0, 0.0, 0.0], "(2, 5, 3, 3)": [0.0, 0.0, 0.0, 0.0, 0.0]}}