{"q_values": {"(2, 5, 2, 2)": [26.267799377441406, 25.737201690673828, 25.67315101623535, 25.325942993164062, 25.48521614074707], "(2, 6, 2, 2)": [21.21536636352539, 21.168039321899414, 20.825197219848633, 21.252721786499023, 20.904104232788086], "(2, 7, 2, 2)": [18.223695755004883, 18.818838119506836, 18.139684677124023, 18.624431610107422, 18.908248901367188], "(2, 1, 2, 2)": [20.694171905517578, 21.14698600769043, 20.59430503845215, 20.484933853149414, 20.382349014282227], "(2, 2, 2, 2)": [24.366392135620117, 24.765575408935547, 24.585126876831055, 25.033241271972656, 25.652576446533203], "(2, 4, 2, 2)": [27.833215713500977, 27.49659538269043, 27.84527587890625, 27.594425201416016, 27.600595474243164], "(2, 3, 2, 2)": [27.18647575378418, 27.21196746826172, 27.098772048950195, 27.157182693481445, 27.285486221313477], "(1, 1, 2, 2)": [0.08475784957408905, 0.6997184753417969, 0.10930807143449783, 0.11683216691017151, 0.6634117960929871], "(1, 2, 2, 2)": [0.028953583911061287, 0.08421529084444046, 0.13779251277446747, 0.5266563296318054, 0.0563548281788826], "(3, 3, 2, 2)": [0.15586233139038086, 0.11794618517160416, 0.2066410630941391, 0.2890265882015228, 0.14775237441062927], "(3, 4, 2, 2)": [0.029999880120158195, 0.0, 0.1710168868303299, 0.029973408207297325, 0.08980628848075867], "(3, 5, 2, 2)": [0.08792684972286224, 0.0582277774810791, 0.0, 0.08715877681970596, 0.11366130411624908], "(3, 6, 2, 2)": [0.08958600461483002, 0.11070180684328079, 0.18235565721988678, 0.057001110166311264, 0.08392731845378876], "(3, 2, 2, 2)": [0.0, 0.056019604206085205, 0.08196967840194702, 0.0, 0.0], "(3, 1, 2, 2)": [0.9111263751983643, 0.14637070894241333, 0.026700593531131744, 0.02569642849266529, 0.0], "(3, 7, 2, 2)": [0.44124695658683777, 0.23569710552692413, 0.3749951720237732, 0.5850920081138611, 0.05091620609164238], "(1, 5, 2, 2)": [0.0, 0.029157796874642372, 0.057620368897914886, 0.0, 0.05868326872587204], "(1, 6, 2, 2)": [0.08168090134859085, 0.0, 0.0, 0.0, 0.0], "(1, 7, 2, 2)": [0.026062633842229843, 0.0, 0.0, 0.0, 0.24192975461483002]}}