{"q_values": {"(2, 5, 2, 2)": [29.662076950073242, 29.088003158569336, 29.44162368774414, 29.365949630737305, 28.20035743713379], "(2, 6, 2, 2)": [26.838146209716797, 27.01483726501465, 26.410722732543945, 26.438268661499023, 25.980205535888672], "(2, 7, 2, 2)": [24.17527198791504, 24.37159538269043, 24.143102645874023, 24.149822235107422, 22.239614486694336], "(2, 1, 2, 2)": [23.10039710998535, 23.492820739746094, 23.420499801635742, 22.820775985717773, 23.345684051513672], "(2, 2, 2, 2)": [26.050466537475586, 26.424699783325195, 26.60952377319336, 26.931034088134766, 26.925275802612305], "(2, 4, 2, 2)": [29.71086311340332, 30.4947509765625, 30.896608352661133, 30.780845642089844, 30.445363998413086], "(2, 3, 2, 2)": [26.940431594848633, 27.454389572143555, 28.215686798095703, 28.893417358398438, 28.39592742919922], "(2, 1, 2, 1)": [2.1205568313598633, 2.535172700881958, 5.065728664398193, 5.312262535095215, 5.9436469078063965], "(2, 3, 2, 3)": [0.31974703073501587, 1.434881567955017, 0.9291226863861084, 0.05881061404943466, 0.03089682199060917], "(2, 4, 2, 3)": [3.0452780723571777, 2.365752696990967, 1.6019723415374756, 0.24144291877746582, 0.33256247639656067], "(2, 5, 2, 3)": [3.5165085792541504, 4.593381404876709, 2.896205425262451, 0.40372025966644287, 0.8467990756034851], "(2, 4, 2, 1)": [0.18144342303276062, 0.4649149775505066, 2.536926507949829, 1.759455680847168, 3.1740477085113525], "(2, 3, 2, 1)": [0.3538840711116791, 0.9788187742233276, 2.8415534496307373, 3.534635066986084, 5.182000160217285], "(2, 2, 2, 1)": [0.6452234983444214, 0.9846968650817871, 2.1398816108703613, 4.522079944610596, 7.14755916595459], "(2, 6, 2, 3)": [6.493189334869385, 5.619288921356201, 0.9565283060073853, 0.67702317237854, 0.8681221008300781], "(2, 7, 2, 3)": [7.720623970031738, 4.566648483276367, 2.7294983863830566, 3.512392997741699, 3.697366952896118], "(3, 2, 2, 2)": [0.0, 0.06358308345079422, 0.05618269741535187, 0.05662760138511658, 0.059344738721847534], "(3, 1, 2, 2)": [0.06032835692167282, 0.7035643458366394, 0.08562389761209488, 0.20963984727859497, 0.03382082283496857], "(3, 7, 2, 2)": [0.3216213285923004, 1.0216894149780273, 0.8695220351219177, 0.8398677110671997, 0.25108444690704346], "(3, 5, 2, 2)": [0.7561734914779663, 0.2838822603225708, 0.20319800078868866, 0.060595400631427765, 0.12396527826786041], "(3, 5, 2, 3)": [0.0, 0.0, 0.0, 0.02893892116844654, 0.0], "(3, 6, 3, 3)": [0.0, 0.0, 0.0, 0.0, 0.02630552463233471], "(3, 6, 2, 2)": [0.23957467079162598, 0.25757843255996704, 0.304931104183197, 0.23234570026397705, 0.22926723957061768], "(3, 7, 3, 3)": [0.0, 0.07421017438173294, 0.0, 0.02484441176056862, 0.0], "(2, 5, 2, 1)": [0.0, 0.15053138136863708, 0.0, 0.21564480662345886, 0.0], "(3, 4, 2, 2)": [0.18924643099308014, 0.10140761733055115, 0.06924042105674744, 0.03595949709415436, 0.23768024146556854], "(2, 5, 1, 1)": [0.0, 0.0, 0.0, 0.0, 0.0], "(2, 1, 1, 1)": [0.659237265586853, 0.0, 0.0, 0.0, 0.0], "(2, 5, 3, 3)": [0.08850916475057602, 0.0, 0.0, 0.0, 0.0], "(2, 4, 3, 3)": [0.0, 0.0, 0.0, 0.05909675732254982, 0.0], "(2, 6, 2, 1)": [0.029338274151086807, 0.0, 0.0, 0.0, 0.0], "(1, 4, 2, 2)": [0.11526156961917877, 0.059052105993032455, 0.02993529848754406, 0.05897201597690582, 0.1145881712436676], "(1, 5, 2, 2)": [0.0, 0.0, 0.029426462948322296, 0.028755640611052513, 0.0], "(1, 6, 2, 2)": [0.0, 0.029349012300372124, 0.028349196538329124, 0.0, 0.02823312021791935], "(1, 7, 2, 2)": [0.029048264026641846, 0.11486192047595978, 0.02625958062708378, 0.054257333278656006, 0.7292639017105103], "(1, 3, 2, 2)": [0.0, 0.05830242484807968, 0.02884845994412899, 0.0, 0.058681219816207886], "(1, 2, 2, 2)": [0.0, 0.08079418540000916, 0.0, 0.0, 0.0], "(1, 1, 2, 2)": [0.0, 0.0, 0.025048531591892242, 0.587519645690918, 0.8559191226959229], "(1, 4, 2, 3)": [0.0, 0.0, 0.05677125230431557, 0.02994508668780327, 0.0], "(2, 6, 1, 1)": [0.0, 0.0, 0.0, 0.0, 0.0], "(2, 6, 3, 3)": [0.0, 0.1957608461380005, 0.0, 0.0, 0.0], "(2, 3, 1, 1)": [0.0, 0.028773166239261627, 0.0, 0.16852371394634247, 0.0], "(3, 3, 2, 2)": [0.0, 0.08618815988302231, 0.03597618639469147, 0.06660027801990509, 0.06431803107261658], "(1, 6, 1, 2)": [0.0, 0.0, 0.0, 0.0, 0.0], "(2, 2, 1, 1)": [0.0, 0.0, 0.21802322566509247, 0.0, 0.0]}}