{"q_values": {"(2, 5, 2, 2)": [9.803272247314453, 9.975200653076172, 9.84536361694336, 10.074563026428223, 9.883959770202637], "(2, 6, 2, 2)": [8.515969276428223, 8.04593276977539, 8.223123550415039, 7.871679306030273, 8.082315444946289], "(2, 7, 2, 2)": [6.125771522521973, 6.320672035217285, 6.597804069519043, 6.289578437805176, 6.2823567390441895], "(2, 1, 2, 2)": [7.193887233734131, 7.167189598083496, 7.305664539337158, 7.115173816680908, 7.418100833892822], "(2, 2, 2, 2)": [8.991155624389648, 9.213857650756836, 9.383227348327637, 9.652368545532227, 9.501407623291016], "(2, 4, 2, 2)": [10.718040466308594, 10.800448417663574, 10.35295581817627, 10.76279354095459, 10.83423137664795], "(2, 3, 2, 2)": [10.868327140808105, 10.816937446594238, 10.800969123840332, 10.829100608825684, 10.75857925415039], "(1, 1, 2, 2)": [0.0, 0.0, 0.053747933357954025, 0.0, 0.02683224342763424], "(1, 2, 2, 2)": [0.0, 0.0, 0.027638422325253487, 0.16449667513370514, 0.0], "(3, 3, 2, 2)": [0.030751654878258705, 0.05875498056411743, 0.02969222515821457, 0.08924257755279541, 0.0892394632101059], "(3, 4, 2, 2)": [0.029999880120158195, 0.0, 0.08708503097295761, 0.029973408207297325, 0.0], "(3, 5, 2, 2)": [0.029852135106921196, 0.0582277774810791, 0.0, 0.058559540659189224, 0.08564025908708572], "(3, 6, 2, 2)": [0.02972179464995861, 0.11070180684328079, 0.13540717959403992, 0.057001110166311264, 0.08392731845378876], "(3, 2, 2, 2)": [0.0, 0.0, 0.027537982910871506, 0.0, 0.0], "(3, 1, 2, 2)": [0.0, 0.14637070894241333, 0.026700593531131744, 0.02569642849266529, 0.0], "(3, 7, 2, 2)": [0.05140335112810135, 0.1736939251422882, 0.0510413758456707, 0.0, 0.0], "(1, 5, 2, 2)": [0.0, 0.029157796874642372, 0.057620368897914886, 0.0, 0.05868326872587204], "(1, 6, 2, 2)": [0.08168090134859085, 0.0, 0.0, 0.0, 0.0], "(1, 7, 2, 2)": [0.026062633842229843, 0.0, 0.0, 0.0, 0.24192975461483002]}}