{"q_values": {"(2, 5, 2, 2)": [24.690038681030273, 24.67908477783203, 25.113601684570312, 24.582334518432617, 24.38184928894043], "(2, 6, 2, 2)": [21.58805274963379, 22.422447204589844, 21.541955947875977, 21.73245620727539, 21.412166595458984], "(2, 7, 2, 2)": [20.243375778198242, 19.925670623779297, 19.89011573791504, 19.425363540649414, 19.455739974975586], "(2, 1, 2, 2)": [19.414066314697266, 20.12375259399414, 20.10489845275879, 20.414274215698242, 20.445810317993164], "(2, 2, 2, 2)": [21.05699348449707, 22.495929718017578, 22.65475845336914, 23.105722427368164, 22.669832229614258], "(2, 4, 2, 2)": [24.75982093811035, 25.4800968170166, 25.696203231811523, 25.79000473022461, 25.879365921020508], "(2, 3, 2, 2)": [24.459369659423828, 24.5489444732666, 24.74718475341797, 24.689550399780273, 25.218059539794922], "(2, 1, 2, 1)": [0.7676020860671997, 2.245429277420044, 4.439691066741943, 3.6154696941375732, 5.3877763748168945], "(2, 3, 2, 3)": [0.31974703073501587, 1.434881567955017, 0.9291226863861084, 0.02981407754123211, 0.03089682199060917], "(2, 4, 2, 3)": [0.6506352424621582, 2.365752696990967, 1.6019723415374756, 0.09249437600374222, 0.33256247639656067], "(2, 5, 2, 3)": [3.5165085792541504, 3.131739854812622, 2.8351688385009766, 0.40372025966644287, 0.4234299063682556], "(2, 4, 2, 1)": [0.143333300948143, 0.4649149775505066, 0.8646308779716492, 0.9866527915000916, 2.4094555377960205], "(2, 3, 2, 1)": [0.27754318714141846, 0.4782806634902954, 1.2535247802734375, 1.2345830202102661, 3.876032829284668], "(2, 2, 2, 1)": [0.4779895544052124, 0.8270741105079651, 2.1398816108703613, 3.990400791168213, 4.2025885581970215], "(2, 6, 2, 3)": [3.710355520248413, 3.920322895050049, 0.8167537450790405, 0.67702317237854, 0.7278675436973572], "(2, 7, 2, 3)": [5.173418998718262, 3.024430274963379, 2.2406630516052246, 2.313278913497925, 3.1624367237091064], "(3, 2, 2, 2)": [0.0, 0.06358308345079422, 0.05618269741535187, 0.05662760138511658, 0.059344738721847534], "(3, 1, 2, 2)": [0.06032835692167282, 0.7035643458366394, 0.08562389761209488, 0.20963984727859497, 0.03382082283496857], "(3, 7, 2, 2)": [0.23229001462459564, 0.9556156992912292, 0.8414573669433594, 0.7567958235740662, 0.1565280556678772], "(3, 5, 2, 2)": [0.7561734914779663, 0.2558918297290802, 0.20319800078868866, 0.060595400631427765, 0.09332840889692307], "(3, 5, 2, 3)": [0.0, 0.0, 0.0, 0.02893892116844654, 0.0], "(3, 6, 3, 3)": [0.0, 0.0, 0.0, 0.0, 0.02630552463233471], "(3, 6, 2, 2)": [0.23957467079162598, 0.25757843255996704, 0.304931104183197, 0.20369009673595428, 0.20090484619140625], "(3, 7, 3, 3)": [0.0, 0.07421017438173294, 0.0, 0.02484441176056862, 0.0], "(2, 5, 2, 1)": [0.0, 0.15053138136863708, 0.0, 0.21564480662345886, 0.0], "(3, 4, 2, 2)": [0.18924643099308014, 0.10140761733055115, 0.06924042105674744, 0.03595949709415436, 0.23768024146556854], "(2, 5, 1, 1)": [0.0, 0.0, 0.0, 0.0, 0.0], "(2, 1, 1, 1)": [0.659237265586853, 0.0, 0.0, 0.0, 0.0], "(2, 5, 3, 3)": [0.08850916475057602, 0.0, 0.0, 0.0, 0.0], "(2, 4, 3, 3)": [0.0, 0.0, 0.0, 0.05909675732254982, 0.0], "(2, 6, 2, 1)": [0.029338274151086807, 0.0, 0.0, 0.0, 0.0], "(1, 4, 2, 2)": [0.11526156961917877, 0.059052105993032455, 0.02993529848754406, 0.05897201597690582, 0.1145881712436676], "(1, 5, 2, 2)": [0.0, 0.0, 0.029426462948322296, 0.028755640611052513, 0.0], "(1, 6, 2, 2)": [0.0, 0.029349012300372124, 0.028349196538329124, 0.0, 0.02823312021791935], "(1, 7, 2, 2)": [0.029048264026641846, 0.11486192047595978, 0.02625958062708378, 0.054257333278656006, 0.7292639017105103], "(1, 3, 2, 2)": [0.0, 0.05830242484807968, 0.02884845994412899, 0.0, 0.058681219816207886], "(1, 2, 2, 2)": [0.0, 0.08079418540000916, 0.0, 0.0, 0.0], "(1, 1, 2, 2)": [0.0, 0.0, 0.025048531591892242, 0.5592703223228455, 0.0], "(1, 4, 2, 3)": [0.0, 0.0, 0.05677125230431557, 0.02994508668780327, 0.0], "(2, 6, 1, 1)": [0.0, 0.0, 0.0, 0.0, 0.0], "(2, 6, 3, 3)": [0.0, 0.0, 0.0, 0.0, 0.0], "(2, 3, 1, 1)": [0.0, 0.028773166239261627, 0.0, 0.16852371394634247, 0.0], "(3, 3, 2, 2)": [0.0, 0.08618815988302231, 0.03597618639469147, 0.06660027801990509, 0.06431803107261658], "(1, 6, 1, 2)": [0.0, 0.0, 0.0, 0.0, 0.0], "(2, 2, 1, 1)": [0.0, 0.0, 0.21802322566509247, 0.0, 0.0]}}