{"q_values": {"(2, 5, 2, 2)": [20.987407684326172, 20.593406677246094, 20.42547607421875, 19.450977325439453, 19.88404655456543], "(2, 6, 2, 2)": [16.325328826904297, 16.256393432617188, 16.234617233276367, 16.38800811767578, 16.095911026000977], "(2, 7, 2, 2)": [14.543627738952637, 14.660585403442383, 15.14044189453125, 14.97375774383545, 15.194822311401367], "(2, 1, 2, 2)": [16.475496292114258, 16.473318099975586, 16.741676330566406, 16.883874893188477, 16.588665008544922], "(2, 2, 2, 2)": [20.547630310058594, 20.698678970336914, 20.862192153930664, 20.782867431640625, 21.51912498474121], "(2, 4, 2, 2)": [23.421321868896484, 22.928544998168945, 23.111083984375, 22.721153259277344, 22.769550323486328], "(2, 3, 2, 2)": [22.247085571289062, 22.306407928466797, 22.514150619506836, 22.789674758911133, 22.338926315307617], "(1, 1, 2, 2)": [0.054937943816185, 0.02839532680809498, 0.08023614436388016, 0.027903879061341286, 0.6264601945877075], "(1, 2, 2, 2)": [0.028953583911061287, 0.08421529084444046, 0.13779251277446747, 0.5266563296318054, 0.0563548281788826], "(3, 3, 2, 2)": [0.06393654644489288, 0.11794618517160416, 0.1472654938697815, 0.17758522927761078, 0.14775237441062927], "(3, 4, 2, 2)": [0.029999880120158195, 0.0, 0.08708503097295761, 0.029973408207297325, 0.0], "(3, 5, 2, 2)": [0.029852135106921196, 0.0582277774810791, 0.0, 0.058559540659189224, 0.08564025908708572], "(3, 6, 2, 2)": [0.02972179464995861, 0.11070180684328079, 0.18235565721988678, 0.057001110166311264, 0.08392731845378876], "(3, 2, 2, 2)": [0.0, 0.02867901884019375, 0.05478687211871147, 0.0, 0.0], "(3, 1, 2, 2)": [0.3310287594795227, 0.14637070894241333, 0.026700593531131744, 0.02569642849266529, 0.0], "(3, 7, 2, 2)": [0.44124695658683777, 0.21466173231601715, 0.3749951720237732, 0.5850920081138611, 0.05091620609164238], "(1, 5, 2, 2)": [0.0, 0.029157796874642372, 0.057620368897914886, 0.0, 0.05868326872587204], "(1, 6, 2, 2)": [0.08168090134859085, 0.0, 0.0, 0.0, 0.0], "(1, 7, 2, 2)": [0.026062633842229843, 0.0, 0.0, 0.0, 0.24192975461483002]}}