{"q_values": {"(2, 5, 2, 2)": [49.6284065246582, 49.84846878051758, 49.59551239013672, 48.99637222290039, 48.584800720214844], "(2, 6, 2, 2)": [43.7082405090332, 44.5582275390625, 43.7599983215332, 43.7532958984375, 43.523197174072266], "(2, 7, 2, 2)": [39.563358306884766, 39.36333465576172, 39.74653625488281, 39.70528030395508, 40.155029296875], "(2, 1, 2, 2)": [41.48972702026367, 41.02452850341797, 41.53484344482422, 40.85123825073242, 41.94487762451172], "(2, 2, 2, 2)": [46.22359085083008, 46.039512634277344, 46.42504119873047, 46.99638748168945, 47.3026123046875], "(2, 4, 2, 2)": [51.4769287109375, 51.53458023071289, 51.33460998535156, 51.08189392089844, 51.37432098388672], "(2, 3, 2, 2)": [50.19199752807617, 50.1546630859375, 50.588077545166016, 49.98100662231445, 50.28948211669922], "(1, 1, 2, 2)": [0.08475784957408905, 1.5652239322662354, 0.9816084504127502, 0.38319551944732666, 0.7358224391937256], "(1, 2, 2, 2)": [0.1897050440311432, 0.20479926466941833, 0.2576492726802826, 0.5961499214172363, 0.2363898754119873], "(3, 3, 2, 2)": [0.2956242263317108, 0.3311702013015747, 0.3695833384990692, 0.4434656500816345, 0.17885150015354156], "(3, 4, 2, 2)": [0.25358420610427856, 0.1657138615846634, 0.38462305068969727, 0.1553322970867157, 0.18421755731105804], "(3, 5, 2, 2)": [0.14586429297924042, 0.26038041710853577, 0.06502881646156311, 0.17388717830181122, 0.25196003913879395], "(3, 6, 2, 2)": [0.17804116010665894, 0.20252251625061035, 0.23474957048892975, 0.12485267221927643, 0.2502131462097168], "(3, 2, 2, 2)": [0.08166835457086563, 0.16510529816150665, 0.13854047656059265, 0.030847417190670967, 0.03039700537919998], "(3, 1, 2, 2)": [0.9331082701683044, 1.1587629318237305, 0.17662714421749115, 2.4608607292175293, 0.07471632957458496], "(3, 7, 2, 2)": [1.0992236137390137, 0.28246596455574036, 1.7309837341308594, 0.6150221824645996, 0.05091620609164238], "(1, 5, 2, 2)": [0.1440465897321701, 0.029157796874642372, 0.11351121217012405, 0.08943767100572586, 0.09201592952013016], "(1, 6, 2, 2)": [0.1706995666027069, 0.09636092931032181, 0.0642361044883728, 0.058941833674907684, 0.03102790005505085], "(1, 7, 2, 2)": [0.10955847799777985, 0.0, 0.0, 0.19116643071174622, 1.4484261274337769], "(1, 3, 2, 2)": [0.11961865425109863, 0.029344601556658745, 0.09824909269809723, 0.08982428163290024, 0.08967901021242142], "(1, 4, 2, 2)": [0.09079361706972122, 0.0925208032131195, 0.06261572241783142, 0.12335216253995895, 0.03179370239377022], "(2, 1, 2, 1)": [0.0, 1.0256438255310059, 0.0, 0.0, 0.0], "(2, 2, 2, 1)": [0.0, 0.0, 0.0, 1.2125186920166016, 0.0]}}