{"q_values": {"(2, 5, 2, 2)": [73.45438385009766, 73.34525299072266, 73.0984115600586, 72.13440704345703, 73.28894805908203], "(2, 6, 2, 2)": [68.17525482177734, 67.73497009277344, 65.8453140258789, 68.58108520507812, 67.12759399414062], "(2, 7, 2, 2)": [66.09147644042969, 67.10186004638672, 66.50241088867188, 66.35737609863281, 65.51969909667969], "(2, 1, 2, 2)": [65.88883972167969, 66.1480941772461, 66.69548797607422, 66.38642883300781, 67.12842559814453], "(2, 2, 2, 2)": [70.8794174194336, 71.35419464111328, 71.3059310913086, 71.23451232910156, 72.08908081054688], "(2, 4, 2, 2)": [76.37186431884766, 75.77677154541016, 75.73125457763672, 75.62200927734375, 74.06292724609375], "(2, 3, 2, 2)": [74.9132080078125, 75.23926544189453, 75.21556854248047, 75.845947265625, 75.6311264038086], "(1, 1, 2, 2)": [2.2821874618530273, 1.5674127340316772, 3.0409798622131348, 0.5193432569503784, 1.1232351064682007], "(1, 2, 2, 2)": [0.25226661562919617, 0.265876829624176, 0.31612759828567505, 0.6148165464401245, 0.2964625954627991], "(3, 3, 2, 2)": [0.4483014643192291, 0.5046794414520264, 0.46966075897216797, 0.6650558710098267, 0.29014354944229126], "(3, 4, 2, 2)": [0.25358420610427856, 0.4431479573249817, 0.5753651857376099, 0.3953854441642761, 0.2776913642883301], "(3, 5, 2, 2)": [0.44891518354415894, 0.7053862810134888, 0.5016340017318726, 0.4332848787307739, 2.2109017372131348], "(3, 6, 2, 2)": [0.5045285224914551, 2.111811637878418, 0.6063152551651001, 0.6582231521606445, 0.46373456716537476], "(3, 2, 2, 2)": [0.1888481080532074, 0.39092254638671875, 0.17088744044303894, 0.18583256006240845, 0.22725825011730194], "(3, 1, 2, 2)": [4.409518241882324, 1.1587629318237305, 1.893189549446106, 2.601839303970337, 0.35754379630088806], "(3, 7, 2, 2)": [2.843435525894165, 5.2480082511901855, 1.6893607378005981, 0.8270866274833679, 0.7582927942276001], "(1, 5, 2, 2)": [0.41159236431121826, 0.180293008685112, 0.20052455365657806, 0.17846156656742096, 0.18379051983356476], "(1, 6, 2, 2)": [0.4851349890232086, 0.2976476550102234, 0.207145094871521, 0.19730183482170105, 0.17436175048351288], "(1, 7, 2, 2)": [0.10955847799777985, 0.36866262555122375, 0.070001021027565, 1.8150029182434082, 3.4242477416992188], "(1, 3, 2, 2)": [0.2903735935688019, 0.09749562293291092, 0.09824909269809723, 0.182968869805336, 2.1502537727355957], "(1, 4, 2, 2)": [0.15502381324768066, 0.15664631128311157, 0.12664064764976501, 0.24673369526863098, 0.1381605714559555], "(2, 1, 2, 1)": [0.0, 1.0256438255310059, 0.0, 0.0, 0.0], "(2, 2, 2, 1)": [0.0, 0.0, 0.0, 1.2125186920166016, 0.0]}}