{"q_values": {"(2, 5, 2, 2)": [16.697704315185547, 16.772184371948242, 16.618371963500977, 16.304075241088867, 16.461362838745117], "(2, 6, 2, 2)": [13.648542404174805, 13.636275291442871, 13.729148864746094, 13.644287109375, 13.536747932434082], "(2, 7, 2, 2)": [11.640338897705078, 11.990621566772461, 11.487750053405762, 11.705618858337402, 11.946441650390625], "(2, 1, 2, 2)": [12.54459285736084, 12.987817764282227, 12.807291030883789, 13.25644588470459, 13.264369010925293], "(2, 2, 2, 2)": [15.844612121582031, 15.424127578735352, 16.04460906982422, 16.094804763793945, 16.43918800354004], "(2, 4, 2, 2)": [18.295696258544922, 18.10613441467285, 18.18475914001465, 18.115278244018555, 18.047679901123047], "(2, 3, 2, 2)": [17.584259033203125, 17.698068618774414, 17.990394592285156, 17.899690628051758, 17.528213500976562], "(1, 1, 2, 2)": [0.028085023164749146, 0.0, 0.053747933357954025, 0.0, 0.05349560081958771], "(1, 2, 2, 2)": [0.028953583911061287, 0.02919750101864338, 0.05542471259832382, 0.5266563296318054, 0.0563548281788826], "(3, 3, 2, 2)": [0.030751654878258705, 0.05875498056411743, 0.02969222515821457, 0.08924257755279541, 0.0892394632101059], "(3, 4, 2, 2)": [0.029999880120158195, 0.0, 0.08708503097295761, 0.029973408207297325, 0.0], "(3, 5, 2, 2)": [0.029852135106921196, 0.0582277774810791, 0.0, 0.058559540659189224, 0.08564025908708572], "(3, 6, 2, 2)": [0.02972179464995861, 0.11070180684328079, 0.18235565721988678, 0.057001110166311264, 0.08392731845378876], "(3, 2, 2, 2)": [0.0, 0.0, 0.027537982910871506, 0.0, 0.0], "(3, 1, 2, 2)": [0.0, 0.14637070894241333, 0.026700593531131744, 0.02569642849266529, 0.0], "(3, 7, 2, 2)": [0.44124695658683777, 0.21466173231601715, 0.3749951720237732, 0.5850920081138611, 0.05091620609164238], "(1, 5, 2, 2)": [0.0, 0.029157796874642372, 0.057620368897914886, 0.0, 0.05868326872587204], "(1, 6, 2, 2)": [0.08168090134859085, 0.0, 0.0, 0.0, 0.0], "(1, 7, 2, 2)": [0.026062633842229843, 0.0, 0.0, 0.0, 0.24192975461483002]}}