{"q_values": {"(2, 5, 2, 2)": [31.390361785888672, 30.960166931152344, 31.093244552612305, 30.999258041381836, 30.539270401000977], "(2, 6, 2, 2)": [28.416093826293945, 28.09501838684082, 27.91238021850586, 27.978708267211914, 28.080263137817383], "(2, 7, 2, 2)": [25.209375381469727, 25.792978286743164, 24.926456451416016, 24.416032791137695, 24.124393463134766], "(2, 1, 2, 2)": [24.22999382019043, 24.480138778686523, 24.39204978942871, 23.99185562133789, 24.57461929321289], "(2, 2, 2, 2)": [26.581815719604492, 27.925907135009766, 28.283586502075195, 28.53836441040039, 28.1517333984375], "(2, 4, 2, 2)": [31.309980392456055, 32.03678894042969, 31.91546630859375, 31.924570083618164, 31.94010353088379], "(2, 3, 2, 2)": [29.066104888916016, 29.749420166015625, 30.674480438232422, 30.514795303344727, 30.210905075073242], "(2, 1, 2, 1)": [2.825927972793579, 3.243720531463623, 5.667080402374268, 5.312262535095215, 7.12835693359375], "(2, 3, 2, 3)": [0.31974703073501587, 1.434881567955017, 0.9291226863861084, 0.05881061404943466, 0.03089682199060917], "(2, 4, 2, 3)": [3.0452780723571777, 2.365752696990967, 1.6019723415374756, 0.24144291877746582, 0.33256247639656067], "(2, 5, 2, 3)": [3.5165085792541504, 4.593381404876709, 2.896205425262451, 0.40372025966644287, 0.8467990756034851], "(2, 4, 2, 1)": [0.2810432016849518, 0.4649149775505066, 2.536926507949829, 2.6298646926879883, 3.1740477085113525], "(2, 3, 2, 1)": [0.3538840711116791, 1.2421990633010864, 2.9780325889587402, 4.286806583404541, 5.182000160217285], "(2, 2, 2, 1)": [0.6539934873580933, 0.9846968650817871, 2.628239631652832, 4.522079944610596, 7.661485195159912], "(2, 6, 2, 3)": [6.493189334869385, 5.619288921356201, 0.9565283060073853, 0.67702317237854, 0.8681221008300781], "(2, 7, 2, 3)": [8.325732231140137, 4.566648483276367, 2.7294983863830566, 3.512392997741699, 3.780508041381836], "(3, 2, 2, 2)": [0.0, 0.06358308345079422, 0.05618269741535187, 0.05662760138511658, 0.059344738721847534], "(3, 1, 2, 2)": [0.06032835692167282, 0.7035643458366394, 0.08562389761209488, 0.20963984727859497, 0.03382082283496857], "(3, 7, 2, 2)": [0.3216213285923004, 1.0216894149780273, 0.8695220351219177, 0.8398677110671997, 0.25108444690704346], "(3, 5, 2, 2)": [0.7561734914779663, 0.2838822603225708, 0.20319800078868866, 0.060595400631427765, 0.12396527826786041], "(3, 5, 2, 3)": [0.0, 0.0, 0.0, 0.02893892116844654, 0.0], "(3, 6, 3, 3)": [0.0, 0.0, 0.0, 0.0, 0.02630552463233471], "(3, 6, 2, 2)": [0.23957467079162598, 0.25757843255996704, 0.304931104183197, 0.23234570026397705, 0.22926723957061768], "(3, 7, 3, 3)": [0.0, 0.07421017438173294, 0.0, 0.02484441176056862, 0.0], "(2, 5, 2, 1)": [0.0, 0.15053138136863708, 0.0, 0.21564480662345886, 0.0], "(3, 4, 2, 2)": [0.18924643099308014, 0.10140761733055115, 0.06924042105674744, 0.03595949709415436, 0.23768024146556854], "(2, 5, 1, 1)": [0.0, 0.0, 0.0, 0.0, 0.0], "(2, 1, 1, 1)": [0.659237265586853, 0.0, 0.0, 0.0, 0.0], "(2, 5, 3, 3)": [0.08850916475057602, 0.0, 0.0, 0.0, 0.0], "(2, 4, 3, 3)": [0.0, 0.0, 0.0, 0.05909675732254982, 0.0], "(2, 6, 2, 1)": [0.029338274151086807, 0.0, 0.0, 0.0, 0.0], "(1, 4, 2, 2)": [0.19663594663143158, 0.08818364143371582, 0.059900715947151184, 0.05897201597690582, 0.14191332459449768], "(1, 5, 2, 2)": [0.059842899441719055, 0.06041238456964493, 0.05857231095433235, 0.028755640611052513, 0.0], "(1, 6, 2, 2)": [0.0, 0.11982539296150208, 0.054899051785469055, 0.0, 0.02823312021791935], "(1, 7, 2, 2)": [0.10022123157978058, 0.11486192047595978, 0.02625958062708378, 0.054257333278656006, 0.7460535168647766], "(1, 3, 2, 2)": [0.0, 0.05830242484807968, 0.057618655264377594, 0.033600665628910065, 0.058681219816207886], "(1, 2, 2, 2)": [0.0, 0.08079418540000916, 0.11163060367107391, 0.0596674382686615, 0.031419042497873306], "(1, 1, 2, 2)": [0.0, 0.0, 0.025048531591892242, 0.587519645690918, 0.8559191226959229], "(1, 4, 2, 3)": [0.0, 0.033526450395584106, 0.05677125230431557, 0.02994508668780327, 0.0], "(2, 6, 1, 1)": [0.0, 0.0, 0.0, 0.0, 0.0], "(2, 6, 3, 3)": [0.0, 0.1957608461380005, 0.0, 0.0, 0.0], "(2, 3, 1, 1)": [0.0, 0.028773166239261627, 0.20305420458316803, 0.16852371394634247, 0.0], "(3, 3, 2, 2)": [0.0, 0.08618815988302231, 0.03597618639469147, 0.06660027801990509, 0.06431803107261658], "(1, 6, 1, 2)": [0.0, 0.0, 0.0, 0.0, 0.0], "(2, 2, 1, 1)": [0.0, 0.03248615935444832, 0.21802322566509247, 0.0, 0.0]}}