{"q_values": {"(2, 5, 2, 2)": [5.6389594078063965, 5.219843864440918, 5.492733478546143, 5.483098030090332, 5.211465835571289], "(2, 6, 2, 2)": [4.354006767272949, 4.516239643096924, 4.655169486999512, 4.452645301818848, 4.0875020027160645], "(2, 7, 2, 2)": [2.90681529045105, 2.513174057006836, 2.8570449352264404, 2.796022653579712, 2.730764389038086], "(2, 1, 2, 2)": [3.4551472663879395, 3.548058032989502, 3.726968288421631, 3.6696012020111084, 3.85386323928833], "(2, 2, 2, 2)": [4.301806449890137, 4.725554943084717, 4.880862712860107, 4.9055495262146, 4.89661169052124], "(2, 4, 2, 2)": [5.847742080688477, 6.005910873413086, 5.923762798309326, 5.857250690460205, 5.765956878662109], "(2, 3, 2, 2)": [5.394766330718994, 5.564768314361572, 5.542621612548828, 5.347325325012207, 5.591568470001221], "(1, 1, 2, 2)": [0.0, 0.0, 0.053747933357954025, 0.0, 0.02683224342763424], "(1, 2, 2, 2)": [0.0, 0.0, 0.027638422325253487, 0.16449667513370514, 0.0]}}