{"q_values": {"(2, 5, 2, 2)": [35.15977478027344, 35.75718688964844, 35.14506149291992, 34.92525863647461, 34.09735107421875], "(2, 6, 2, 2)": [32.33643341064453, 32.74187088012695, 32.92860412597656, 32.25325012207031, 31.376117706298828], "(2, 7, 2, 2)": [29.72218132019043, 30.15752601623535, 29.69727897644043, 29.751300811767578, 28.70025062561035], "(2, 1, 2, 2)": [27.541852951049805, 28.098102569580078, 28.42787742614746, 28.24930763244629, 28.203109741210938], "(2, 2, 2, 2)": [30.675142288208008, 30.900249481201172, 31.458850860595703, 32.27729797363281, 31.605117797851562], "(2, 4, 2, 2)": [34.643951416015625, 35.433502197265625, 35.46101760864258, 35.01432418823242, 35.090065002441406], "(2, 3, 2, 2)": [32.99708557128906, 33.905853271484375, 34.51301574707031, 34.56888198852539, 33.79457473754883], "(2, 1, 2, 1)": [4.659559726715088, 4.1132917404174805, 6.49341344833374, 7.308359622955322, 9.977813720703125], "(2, 3, 2, 3)": [0.31974703073501587, 1.434881567955017, 0.9291226863861084, 0.05881061404943466, 0.03089682199060917], "(2, 4, 2, 3)": [4.830745697021484, 4.339416027069092, 1.6413966417312622, 0.24144291877746582, 0.33256247639656067], "(2, 5, 2, 3)": [4.394873142242432, 5.511005401611328, 2.896205425262451, 0.40372025966644287, 0.8467990756034851], "(2, 4, 2, 1)": [0.36229997873306274, 0.4649149775505066, 2.536926507949829, 3.5654890537261963, 3.1740477085113525], "(2, 3, 2, 1)": [0.861736536026001, 1.2421990633010864, 5.474628925323486, 5.936341285705566, 6.788382530212402], "(2, 2, 2, 1)": [1.1777276992797852, 1.7425894737243652, 4.0334320068359375, 4.522079944610596, 9.541976928710938], "(2, 6, 2, 3)": [9.705320358276367, 7.075103759765625, 1.9829630851745605, 0.67702317237854, 1.2490990161895752], "(2, 7, 2, 3)": [8.973002433776855, 5.276736736297607, 2.7294983863830566, 4.57153844833374, 5.542914390563965], "(3, 2, 2, 2)": [0.029202105477452278, 0.06358308345079422, 0.08483149111270905, 0.08600812405347824, 0.1427820473909378], "(3, 1, 2, 2)": [0.08778318762779236, 0.7292990684509277, 0.08562389761209488, 0.20963984727859497, 0.11477527022361755], "(3, 7, 2, 2)": [0.3216213285923004, 1.0216894149780273, 0.8695220351219177, 0.8398677110671997, 0.25108444690704346], "(3, 5, 2, 2)": [0.7867240905761719, 0.2838822603225708, 0.20319800078868866, 0.060595400631427765, 0.12396527826786041], "(3, 5, 2, 3)": [0.0, 0.0, 0.0, 0.02893892116844654, 0.0], "(3, 6, 3, 3)": [0.0, 0.0, 0.0, 0.0, 0.02630552463233471], "(3, 6, 2, 2)": [0.3207137882709503, 0.3399784564971924, 0.33168062567710876, 0.289437472820282, 0.28634488582611084], "(3, 7, 3, 3)": [0.0, 0.07421017438173294, 0.0, 0.02484441176056862, 0.0], "(2, 5, 2, 1)": [0.0, 0.15053138136863708, 0.04246995225548744, 0.21564480662345886, 0.0], "(3, 4, 2, 2)": [0.18924643099308014, 0.13606204092502594, 0.06924042105674744, 0.03595949709415436, 0.23768024146556854], "(2, 5, 1, 1)": [0.0, 0.0, 0.0, 0.0, 0.0], "(2, 1, 1, 1)": [0.659237265586853, 0.0, 0.0, 0.0, 0.0], "(2, 5, 3, 3)": [0.08850916475057602, 0.0, 0.0, 0.0, 0.0], "(2, 4, 3, 3)": [0.0, 0.0, 0.0, 0.05909675732254982, 0.0], "(2, 6, 2, 1)": [0.029338274151086807, 0.0, 0.0, 0.0, 0.0], "(1, 4, 2, 2)": [0.30253830552101135, 0.08818364143371582, 0.12252415716648102, 0.05897201597690582, 0.1712876260280609], "(1, 5, 2, 2)": [0.14469070732593536, 0.11612746864557266, 0.1714402437210083, 0.05758906155824661, 0.11713812500238419], "(1, 6, 2, 2)": [0.05718335136771202, 0.2751190662384033, 0.08445123583078384, 0.05833839625120163, 0.0582583025097847], "(1, 7, 2, 2)": [0.13420985639095306, 0.1495072841644287, 0.02625958062708378, 0.054257333278656006, 0.7460535168647766], "(1, 3, 2, 2)": [0.0, 0.05830242484807968, 1.0699366331100464, 0.033600665628910065, 0.058681219816207886], "(1, 2, 2, 2)": [0.0884488970041275, 0.08079418540000916, 0.11163060367107391, 0.0596674382686615, 0.11775386333465576], "(1, 1, 2, 2)": [0.0524970144033432, 0.056251294910907745, 0.0784144476056099, 0.6332689523696899, 0.858217179775238], "(1, 4, 2, 3)": [0.0, 0.033526450395584106, 0.05677125230431557, 0.02994508668780327, 0.0], "(2, 6, 1, 1)": [0.0, 0.0, 0.0, 0.0, 0.0], "(2, 6, 3, 3)": [0.0, 0.1957608461380005, 0.0, 0.0, 0.0], "(2, 3, 1, 1)": [0.0, 0.028773166239261627, 0.20305420458316803, 0.16852371394634247, 0.0], "(3, 3, 2, 2)": [0.032653361558914185, 0.11301734298467636, 0.03597618639469147, 0.06660027801990509, 0.06431803107261658], "(1, 6, 1, 2)": [0.0, 0.0, 0.0, 0.0, 0.0], "(2, 2, 1, 1)": [0.0, 0.03248615935444832, 0.21802322566509247, 0.0, 0.0], "(2, 2, 2, 3)": [0.0, 0.0, 0.9433045387268066, 0.0, 0.0], "(2, 4, 3, 2)": [0.0, 1.0344038009643555, 0.0, 0.0, 0.0], "(3, 4, 2, 1)": [0.0, 0.0, 0.0, 0.0, 0.0], "(3, 3, 2, 1)": [0.0, 0.02886495366692543, 0.0, 0.0, 0.0], "(3, 2, 2, 1)": [0.0, 0.0, 0.0, 0.0, 0.0], "(1, 5, 2, 3)": [0.0, 0.0, 0.0, 0.0, 0.0], "(1, 6, 2, 3)": [0.0, 0.026335787028074265, 0.02742062695324421, 0.0, 0.0], "(1, 7, 2, 3)": [0.0, 0.8800593018531799, 0.0, 0.0, 0.0]}}