{"q_values": {"(2, 5, 2, 2)": [34.89368438720703, 34.334800720214844, 34.19522476196289, 33.591697692871094, 34.23558044433594], "(2, 6, 2, 2)": [30.561697006225586, 30.849292755126953, 30.142765045166016, 30.14048194885254, 30.036975860595703], "(2, 7, 2, 2)": [28.388757705688477, 27.708847045898438, 27.756704330444336, 27.85677146911621, 27.803531646728516], "(2, 1, 2, 2)": [29.89949607849121, 29.912120819091797, 29.62747573852539, 29.85352897644043, 30.853708267211914], "(2, 2, 2, 2)": [33.32358932495117, 33.06505584716797, 33.19826126098633, 33.46511459350586, 34.38323211669922], "(2, 4, 2, 2)": [37.04728698730469, 37.4141960144043, 37.362037658691406, 37.11478042602539, 36.99416732788086], "(2, 3, 2, 2)": [36.58272171020508, 35.3603630065918, 36.839847564697266, 36.010440826416016, 36.35048294067383], "(1, 1, 2, 2)": [0.08475784957408905, 1.5652239322662354, 0.9816084504127502, 0.3450980484485626, 0.7358224391937256], "(1, 2, 2, 2)": [0.1897050440311432, 0.20479926466941833, 0.2576492726802826, 0.5776798129081726, 0.2363898754119873], "(3, 3, 2, 2)": [0.26444679498672485, 0.18092568218708038, 0.26056623458862305, 0.3159627616405487, 0.17885150015354156], "(3, 4, 2, 2)": [0.0940563827753067, 0.06591194868087769, 0.22515523433685303, 0.12389489263296127, 0.12056571245193481], "(3, 5, 2, 2)": [0.08792684972286224, 0.08961687237024307, 0.03432084992527962, 0.11598675698041916, 0.17209243774414062], "(3, 6, 2, 2)": [0.17804116010665894, 0.1703716516494751, 0.23474957048892975, 0.090413898229599, 0.2252085655927658], "(3, 2, 2, 2)": [0.0, 0.10846391320228577, 0.1083211824297905, 0.030847417190670967, 0.03039700537919998], "(3, 1, 2, 2)": [0.9114545583724976, 0.14637070894241333, 0.052503250539302826, 1.0489449501037598, 0.02645713835954666], "(3, 7, 2, 2)": [1.0992236137390137, 0.28246596455574036, 0.42625898122787476, 0.6150221824645996, 0.05091620609164238], "(1, 5, 2, 2)": [0.0, 0.029157796874642372, 0.057620368897914886, 0.0, 0.05868326872587204], "(1, 6, 2, 2)": [0.08168090134859085, 0.0, 0.0, 0.0, 0.0], "(1, 7, 2, 2)": [0.026062633842229843, 0.0, 0.0, 0.0, 0.24192975461483002], "(1, 3, 2, 2)": [0.061271294951438904, 0.029344601556658745, 0.03724971413612366, 0.030810877680778503, 0.02979983761906624], "(1, 4, 2, 2)": [0.09079361706972122, 0.061695538461208344, 0.06261572241783142, 0.09344358742237091, 0.03179370239377022]}}