{"q_values": {"(2, 5, 2, 2)": [0.0, 0.0, 0.0579710379242897, 0.028699373826384544, 0.05862671881914139], "(2, 6, 2, 2)": [0.0, 0.0, 0.027437524870038033, 0.02659408375620842, 0.02814553491771221], "(2, 7, 2, 2)": [0.024766916409134865, 0.0, 0.025625858455896378, 0.0, -0.06617176532745361]}}