{"q_values": {"(2, 5, 2, 2)": [32.68059158325195, 31.76696014404297, 32.70095443725586, 32.42006301879883, 32.37363052368164], "(2, 6, 2, 2)": [28.509323120117188, 29.3563175201416, 28.74220848083496, 28.515432357788086, 28.666786193847656], "(2, 7, 2, 2)": [26.75436019897461, 26.249229431152344, 26.16877555847168, 25.74801254272461, 26.322813034057617], "(2, 1, 2, 2)": [28.172164916992188, 28.523082733154297, 27.676801681518555, 28.195444107055664, 28.733139038085938], "(2, 2, 2, 2)": [31.651775360107422, 31.76961326599121, 31.86510467529297, 32.0959358215332, 31.928531646728516], "(2, 4, 2, 2)": [35.254180908203125, 35.63218307495117, 35.21855545043945, 35.3173828125, 35.04044723510742], "(2, 3, 2, 2)": [34.425750732421875, 34.86803436279297, 34.847694396972656, 34.12836837768555, 35.284706115722656], "(1, 1, 2, 2)": [0.08475784957408905, 1.5652239322662354, 0.9816084504127502, 0.3072001039981842, 0.7358224391937256], "(1, 2, 2, 2)": [0.15829244256019592, 0.20479926466941833, 0.2576492726802826, 0.5776798129081726, 0.2363898754119873], "(3, 3, 2, 2)": [0.21094070374965668, 0.14969024062156677, 0.23185831308364868, 0.3159627616405487, 0.14775237441062927], "(3, 4, 2, 2)": [0.029999880120158195, 0.0, 0.22515523433685303, 0.061684660613536835, 0.08980628848075867], "(3, 5, 2, 2)": [0.08792684972286224, 0.08961687237024307, 0.03432084992527962, 0.11598675698041916, 0.17209243774414062], "(3, 6, 2, 2)": [0.17804116010665894, 0.1703716516494751, 0.23474957048892975, 0.090413898229599, 0.1427461802959442], "(3, 2, 2, 2)": [0.0, 0.08296255022287369, 0.08196967840194702, 0.0, 0.0], "(3, 1, 2, 2)": [0.9111263751983643, 0.14637070894241333, 0.052503250539302826, 0.02569642849266529, 0.0], "(3, 7, 2, 2)": [1.1098968982696533, 0.23569710552692413, 0.4111112952232361, 0.6150221824645996, 0.05091620609164238], "(1, 5, 2, 2)": [0.0, 0.029157796874642372, 0.057620368897914886, 0.0, 0.05868326872587204], "(1, 6, 2, 2)": [0.08168090134859085, 0.0, 0.0, 0.0, 0.0], "(1, 7, 2, 2)": [0.026062633842229843, 0.0, 0.0, 0.0, 0.24192975461483002], "(1, 3, 2, 2)": [0.061271294951438904, 0.029344601556658745, 0.0, 0.030810877680778503, 0.02979983761906624], "(1, 4, 2, 2)": [0.09079361706972122, 0.061695538461208344, 0.06261572241783142, 0.09344358742237091, 0.03179370239377022]}}