{"q_values": {"(2, 5, 2, 2)": [22.248144149780273, 21.58023452758789, 21.91790771484375, 21.520164489746094, 21.974836349487305], "(2, 6, 2, 2)": [18.11981773376465, 17.90631866455078, 17.665075302124023, 17.770051956176758, 17.87550163269043], "(2, 7, 2, 2)": [15.822942733764648, 16.092304229736328, 16.04395294189453, 16.197227478027344, 16.116697311401367], "(2, 1, 2, 2)": [17.46861457824707, 17.564634323120117, 17.77501106262207, 17.573827743530273, 17.740861892700195], "(2, 2, 2, 2)": [21.462669372558594, 21.128265380859375, 21.89225196838379, 22.19007682800293, 22.34874725341797], "(2, 4, 2, 2)": [25.10602569580078, 25.025968551635742, 24.755817413330078, 25.124717712402344, 24.929250717163086], "(2, 3, 2, 2)": [23.45071029663086, 23.800251007080078, 24.10404396057129, 24.102842330932617, 24.174198150634766], "(1, 1, 2, 2)": [0.08475784957408905, 0.08918793499469757, 0.10930807143449783, 0.08763118833303452, 0.6634117960929871], "(1, 2, 2, 2)": [0.028953583911061287, 0.08421529084444046, 0.13779251277446747, 0.5266563296318054, 0.0563548281788826], "(3, 3, 2, 2)": [0.06393654644489288, 0.11794618517160416, 0.1472654938697815, 0.17758522927761078, 0.14775237441062927], "(3, 4, 2, 2)": [0.029999880120158195, 0.0, 0.08708503097295761, 0.029973408207297325, 0.0], "(3, 5, 2, 2)": [0.029852135106921196, 0.0582277774810791, 0.0, 0.058559540659189224, 0.08564025908708572], "(3, 6, 2, 2)": [0.02972179464995861, 0.11070180684328079, 0.18235565721988678, 0.057001110166311264, 0.08392731845378876], "(3, 2, 2, 2)": [0.0, 0.02867901884019375, 0.05478687211871147, 0.0, 0.0], "(3, 1, 2, 2)": [0.3310287594795227, 0.14637070894241333, 0.026700593531131744, 0.02569642849266529, 0.0], "(3, 7, 2, 2)": [0.44124695658683777, 0.23569710552692413, 0.3749951720237732, 0.5850920081138611, 0.05091620609164238], "(1, 5, 2, 2)": [0.0, 0.029157796874642372, 0.057620368897914886, 0.0, 0.05868326872587204], "(1, 6, 2, 2)": [0.08168090134859085, 0.0, 0.0, 0.0, 0.0], "(1, 7, 2, 2)": [0.026062633842229843, 0.0, 0.0, 0.0, 0.24192975461483002]}}