{"q_values": {"(2, 5, 2, 2)": [11.701149940490723, 11.48874282836914, 11.518770217895508, 11.431602478027344, 11.259322166442871], "(2, 6, 2, 2)": [9.389399528503418, 8.948094367980957, 9.172782897949219, 8.987458229064941, 9.011429786682129], "(2, 7, 2, 2)": [6.7320942878723145, 7.117395401000977, 7.215612411499023, 7.061978816986084, 7.125532627105713], "(2, 1, 2, 2)": [8.429462432861328, 8.123077392578125, 8.138236999511719, 8.393187522888184, 8.639339447021484], "(2, 2, 2, 2)": [10.449501991271973, 10.461092948913574, 10.589973449707031, 10.67689037322998, 10.792699813842773], "(2, 4, 2, 2)": [12.221518516540527, 12.42224407196045, 12.550618171691895, 12.369577407836914, 12.359004974365234], "(2, 3, 2, 2)": [11.956442832946777, 11.753311157226562, 12.085066795349121, 11.968299865722656, 12.0055513381958], "(1, 1, 2, 2)": [0.028085023164749146, 0.0, 0.053747933357954025, 0.0, 0.05349560081958771], "(1, 2, 2, 2)": [0.028953583911061287, 0.02919750101864338, 0.05542471259832382, 0.5266563296318054, 0.0563548281788826], "(3, 3, 2, 2)": [0.030751654878258705, 0.05875498056411743, 0.02969222515821457, 0.08924257755279541, 0.0892394632101059], "(3, 4, 2, 2)": [0.029999880120158195, 0.0, 0.08708503097295761, 0.029973408207297325, 0.0], "(3, 5, 2, 2)": [0.029852135106921196, 0.0582277774810791, 0.0, 0.058559540659189224, 0.08564025908708572], "(3, 6, 2, 2)": [0.02972179464995861, 0.11070180684328079, 0.13540717959403992, 0.057001110166311264, 0.08392731845378876], "(3, 2, 2, 2)": [0.0, 0.0, 0.027537982910871506, 0.0, 0.0], "(3, 1, 2, 2)": [0.0, 0.14637070894241333, 0.026700593531131744, 0.02569642849266529, 0.0], "(3, 7, 2, 2)": [0.21220917999744415, 0.21466173231601715, 0.0510413758456707, 0.026024283841252327, 0.05091620609164238], "(1, 5, 2, 2)": [0.0, 0.029157796874642372, 0.057620368897914886, 0.0, 0.05868326872587204], "(1, 6, 2, 2)": [0.08168090134859085, 0.0, 0.0, 0.0, 0.0], "(1, 7, 2, 2)": [0.026062633842229843, 0.0, 0.0, 0.0, 0.24192975461483002]}}