{"q_values": {"(2, 5, 2, 2)": [21.643600463867188, 21.588958740234375, 21.313417434692383, 21.248512268066406, 20.426223754882812], "(2, 6, 2, 2)": [18.705333709716797, 19.087549209594727, 19.01274871826172, 18.74034309387207, 18.47321128845215], "(2, 7, 2, 2)": [17.193113327026367, 17.23007583618164, 17.38942527770996, 17.458560943603516, 16.801822662353516], "(2, 1, 2, 2)": [17.19904327392578, 17.558218002319336, 17.72539520263672, 18.1964111328125, 17.967453002929688], "(2, 2, 2, 2)": [18.638845443725586, 20.340686798095703, 21.008853912353516, 20.712465286254883, 20.380573272705078], "(2, 4, 2, 2)": [23.272457122802734, 23.45802879333496, 23.505990982055664, 23.429813385009766, 22.99998664855957], "(2, 3, 2, 2)": [21.686981201171875, 22.42952537536621, 22.39746856689453, 22.161205291748047, 22.643753051757812], "(2, 1, 2, 1)": [0.7676020860671997, 1.742563247680664, 4.005226135253906, 3.6154696941375732, 3.926088571548462], "(2, 3, 2, 3)": [0.31974703073501587, 1.434881567955017, 0.9291226863861084, 0.02981407754123211, 0.03089682199060917], "(2, 4, 2, 3)": [0.6506352424621582, 2.365752696990967, 1.6019723415374756, 0.06393108516931534, 0.20678970217704773], "(2, 5, 2, 3)": [2.2779738903045654, 3.131739854812622, 2.255190849304199, 0.40372025966644287, 0.4234299063682556], "(2, 4, 2, 1)": [0.143333300948143, 0.3917863965034485, 0.16484373807907104, 0.9734252691268921, 1.7143590450286865], "(2, 3, 2, 1)": [0.10505722463130951, 0.4782806634902954, 0.5654980540275574, 1.0995734930038452, 2.6915674209594727], "(2, 2, 2, 1)": [0.4593399167060852, 0.8270741105079651, 1.3843302726745605, 2.873323917388916, 3.6178152561187744], "(2, 6, 2, 3)": [2.126552104949951, 2.787558078765869, 0.8167537450790405, 0.5484447479248047, 0.5277355909347534], "(2, 7, 2, 3)": [3.907715082168579, 2.474309206008911, 1.3593566417694092, 1.2665802240371704, 2.69337797164917], "(3, 2, 2, 2)": [0.0, 0.0, 0.02751729264855385, 0.027931440621614456, 0.0], "(3, 1, 2, 2)": [0.026118023321032524, 0.0, 0.05263357609510422, 0.08835633099079132, 0.0], "(3, 7, 2, 2)": [0.23229001462459564, 0.9556156992912292, 0.8360055685043335, 0.7567958235740662, 0.1565280556678772], "(3, 5, 2, 2)": [0.7561734914779663, 0.2558918297290802, 0.20319800078868866, 0.060595400631427765, 0.09332840889692307], "(3, 5, 2, 3)": [0.0, 0.0, 0.0, 0.02893892116844654, 0.0], "(3, 6, 3, 3)": [0.0, 0.0, 0.0, 0.0, 0.02630552463233471], "(3, 6, 2, 2)": [0.23957467079162598, 0.25757843255996704, 0.304931104183197, 0.20369009673595428, 0.20090484619140625], "(3, 7, 3, 3)": [0.0, 0.07421017438173294, 0.0, 0.02484441176056862, 0.0], "(2, 5, 2, 1)": [0.0, 0.15053138136863708, 0.0, 0.21564480662345886, 0.0], "(3, 4, 2, 2)": [0.06422963738441467, 0.10140761733055115, 0.03425319865345955, 0.03595949709415436, 0.20793378353118896], "(2, 5, 1, 1)": [0.0, 0.0, 0.0, 0.0, 0.0], "(2, 1, 1, 1)": [0.0, 0.0, 0.0, 0.0, 0.0], "(2, 5, 3, 3)": [0.08850916475057602, 0.0, 0.0, 0.0, 0.0], "(2, 4, 3, 3)": [0.0, 0.0, 0.0, 0.05909675732254982, 0.0], "(2, 6, 2, 1)": [0.029338274151086807, 0.0, 0.0, 0.0, 0.0], "(1, 4, 2, 2)": [0.11526156961917877, 0.059052105993032455, 0.02993529848754406, 0.05897201597690582, 0.1145881712436676], "(1, 5, 2, 2)": [0.0, 0.0, 0.029426462948322296, 0.028755640611052513, 0.0], "(1, 6, 2, 2)": [0.0, 0.0, 0.0, 0.0, 0.0], "(1, 7, 2, 2)": [0.0, 0.0, 0.02625958062708378, 0.026135927066206932, 0.0], "(1, 3, 2, 2)": [0.0, 0.05830242484807968, 0.02884845994412899, 0.0, 0.058681219816207886], "(1, 2, 2, 2)": [0.0, 0.08079418540000916, 0.0, 0.0, 0.0], "(1, 1, 2, 2)": [0.0, 0.0, 0.025048531591892242, 0.5592703223228455, 0.0], "(1, 4, 2, 3)": [0.0, 0.0, 0.05677125230431557, 0.02994508668780327, 0.0], "(2, 6, 1, 1)": [0.0, 0.0, 0.0, 0.0, 0.0], "(2, 6, 3, 3)": [0.0, 0.0, 0.0, 0.0, 0.0]}}