{"q_values": {"(2, 5, 2, 2)": [61.163848876953125, 61.690704345703125, 62.51598358154297, 61.71941375732422, 59.007843017578125], "(2, 6, 2, 2)": [57.26303482055664, 57.68587875366211, 57.88634490966797, 57.14605712890625, 56.737430572509766], "(2, 7, 2, 2)": [53.1978874206543, 53.332557678222656, 53.8582649230957, 53.11726760864258, 53.400062561035156], "(2, 1, 2, 2)": [54.72300338745117, 54.9608154296875, 54.682090759277344, 55.45174026489258, 55.136207580566406], "(2, 2, 2, 2)": [56.78272247314453, 59.42147445678711, 59.21992492675781, 60.36053466796875, 59.284278869628906], "(2, 4, 2, 2)": [63.85346603393555, 64.7508773803711, 64.31169128417969, 63.72943878173828, 63.798397064208984], "(2, 3, 2, 2)": [63.6699333190918, 63.53927230834961, 64.01712036132812, 64.89012145996094, 63.963165283203125], "(2, 1, 2, 1)": [13.609420776367188, 11.90015983581543, 15.635547637939453, 16.6337833404541, 21.08533477783203], "(2, 3, 2, 3)": [1.441072940826416, 5.543079853057861, 0.9291226863861084, 0.4939448833465576, 0.03089682199060917], "(2, 4, 2, 3)": [15.95265007019043, 6.054842948913574, 4.622280597686768, 1.353838324546814, 0.6932536363601685], "(2, 5, 2, 3)": [17.198383331298828, 10.41280746459961, 7.157535552978516, 2.0938196182250977, 2.7330334186553955], "(2, 4, 2, 1)": [1.0008983612060547, 2.553748369216919, 8.79833984375, 8.654535293579102, 4.348977088928223], "(2, 3, 2, 1)": [1.697830080986023, 4.5312910079956055, 7.824373245239258, 12.599027633666992, 16.699729919433594], "(2, 2, 2, 1)": [4.139303684234619, 7.105317115783691, 8.628342628479004, 11.459217071533203, 24.000558853149414], "(2, 6, 2, 3)": [23.38991355895996, 13.852922439575195, 8.560649871826172, 4.645679950714111, 4.261146545410156], "(2, 7, 2, 3)": [24.43691062927246, 14.276578903198242, 10.284432411193848, 13.55345344543457, 10.667280197143555], "(3, 2, 2, 2)": [0.20882831513881683, 0.300168514251709, 0.4632914960384369, 0.5141564607620239, 0.3698650896549225], "(3, 1, 2, 2)": [1.480970025062561, 0.7682255506515503, 0.14620648324489594, 2.5487000942230225, 5.0515947341918945], "(3, 7, 2, 2)": [0.762874960899353, 1.372565746307373, 2.0423152446746826, 1.0539517402648926, 1.6577759981155396], "(3, 5, 2, 2)": [0.9460943937301636, 1.4936448335647583, 0.4934445917606354, 0.6057074069976807, 0.44229575991630554], "(3, 5, 2, 3)": [0.0, 0.0, 0.0, 0.02893892116844654, 0.0], "(3, 6, 3, 3)": [0.0, 0.035488903522491455, 0.0, 0.0, 0.02630552463233471], "(3, 6, 2, 2)": [1.5223207473754883, 0.5000219941139221, 0.6152313351631165, 0.45950114727020264, 0.47516557574272156], "(3, 7, 3, 3)": [0.0, 0.07421017438173294, 0.0, 0.02484441176056862, 0.0], "(2, 5, 2, 1)": [0.029832448810338974, 0.2663682997226715, 1.9190980195999146, 3.9187445640563965, 1.692582368850708], "(3, 4, 2, 2)": [0.5062077641487122, 0.5258378982543945, 0.26165303587913513, 0.2519264221191406, 0.5898182392120361], "(2, 5, 1, 1)": [0.0, 0.0, 0.18011416494846344, 0.0, 0.0], "(2, 1, 1, 1)": [1.6387230157852173, 0.0, 0.0, 0.4527411162853241, 0.0], "(2, 5, 3, 3)": [1.623400330543518, 0.0, 0.0, 0.04133528470993042, 0.0], "(2, 4, 3, 3)": [0.0, 0.0, 0.04688836634159088, 0.05909675732254982, 0.030895138159394264], "(2, 6, 2, 1)": [0.029338274151086807, 0.0, 1.1310659646987915, 1.4628636837005615, 0.0], "(1, 4, 2, 2)": [0.30253830552101135, 0.08818364143371582, 0.1821206510066986, 0.09082736074924469, 1.5726374387741089], "(1, 5, 2, 2)": [0.1705954372882843, 0.20165063440799713, 1.531630277633667, 0.23073789477348328, 0.2600054442882538], "(1, 6, 2, 2)": [0.40398746728897095, 0.6509283185005188, 0.38042163848876953, 0.255936861038208, 0.3058640956878662], "(1, 7, 2, 2)": [2.2081964015960693, 0.32907193899154663, 1.5245088338851929, 0.4961460530757904, 1.8038833141326904], "(1, 3, 2, 2)": [0.06588049978017807, 0.09091576188802719, 1.0763014554977417, 0.1328883171081543, 0.24003936350345612], "(1, 2, 2, 2)": [0.0884488970041275, 0.08079418540000916, 0.11163060367107391, 0.0596674382686615, 0.11775386333465576], "(1, 1, 2, 2)": [0.0524970144033432, 1.5465480089187622, 0.0784144476056099, 0.6332689523696899, 0.858217179775238], "(1, 4, 2, 3)": [0.0, 0.033526450395584106, 0.05677125230431557, 0.02994508668780327, 0.0], "(2, 6, 1, 1)": [0.0, 0.0, 0.0, 0.0, 0.0], "(2, 6, 3, 3)": [0.0, 0.623194694519043, 0.0, 0.0, 0.0], "(2, 3, 1, 1)": [0.0, 0.028773166239261627, 0.20305420458316803, 0.16852371394634247, 0.0], "(3, 3, 2, 2)": [0.16823603212833405, 1.562502384185791, 0.27006059885025024, 0.1567031443119049, 0.2023850381374359], "(1, 6, 1, 2)": [0.0, 0.0, 0.0, 0.0, 0.0], "(2, 2, 1, 1)": [0.037355031818151474, 0.03248615935444832, 0.21802322566509247, 0.0, 0.0], "(2, 2, 2, 3)": [0.0, 1.45297372341156, 0.9433045387268066, 0.0, 0.0], "(2, 4, 3, 2)": [0.0, 1.0344038009643555, 0.0, 0.0, 0.0], "(3, 4, 2, 1)": [0.0, 0.0, 0.0, 0.0, 0.0], "(3, 3, 2, 1)": [0.0, 0.02886495366692543, 0.0, 0.0, 0.0], "(3, 2, 2, 1)": [0.0, 0.0, 0.05553359538316727, 0.0, 1.2378493547439575], "(1, 5, 2, 3)": [0.0, 0.0, 0.0, 0.0, 0.0], "(1, 6, 2, 3)": [0.0, 0.026335787028074265, 0.02742062695324421, 0.0, 0.0], "(1, 7, 2, 3)": [0.0, 0.8800593018531799, 0.0, 0.0, 0.0], "(3, 5, 3, 3)": [0.0, 0.0, 0.0, 0.0, 0.0], "(3, 7, 2, 3)": [0.0, 0.9873462319374084, 0.0, 0.0, 0.0], "(3, 1, 2, 1)": [0.0, 0.025190196931362152, 0.0, 0.0, 0.9896114468574524], "(2, 4, 1, 1)": [0.0, 0.0, 0.0, 0.0, 0.0], "(3, 3, 3, 2)": [0.0, 0.0, 0.0, 0.0, 0.029918691143393517], "(3, 4, 3, 2)": [0.04374305158853531, 0.0, 0.0, 0.0, 0.0], "(3, 5, 3, 2)": [0.0, 0.033753957599401474, 0.0, 0.0, 0.0], "(2, 2, 3, 2)": [0.0, 0.0, 0.0, 0.0, 0.0], "(2, 3, 3, 3)": [0.0, 0.0, 0.0, 0.0, 0.0], "(2, 3, 3, 2)": [0.0, 0.0, 0.0, 0.0, 0.0], "(2, 7, 3, 3)": [0.0, 0.0, 0.0, 1.7986220121383667, 0.0]}}