{"q_values": {"(2, 5, 2, 2)": [7.41579532623291, 7.311269760131836, 7.410098552703857, 7.31966495513916, 7.436183929443359], "(2, 6, 2, 2)": [5.985523223876953, 6.280479431152344, 6.062611103057861, 5.849332809448242, 5.641611576080322], "(2, 7, 2, 2)": [4.274471759796143, 4.406189918518066, 4.45984411239624, 4.4289960861206055, 3.880436420440674], "(2, 1, 2, 2)": [5.654627799987793, 5.305927276611328, 5.808300495147705, 5.887965202331543, 5.919568061828613], "(2, 2, 2, 2)": [7.147353172302246, 6.8370585441589355, 7.1616411209106445, 7.260387420654297, 7.306482791900635], "(2, 4, 2, 2)": [7.94871187210083, 8.046414375305176, 8.058289527893066, 8.076733589172363, 7.746870994567871], "(2, 3, 2, 2)": [7.766172409057617, 7.774113655090332, 8.1055326461792, 7.984356880187988, 7.7052001953125], "(2, 1, 2, 1)": [0.13887695968151093, 0.07811576873064041, 0.5383236408233643, 0.6929106712341309, 0.6193360090255737], "(2, 3, 2, 3)": [0.0, 0.0, 0.03414785861968994, 0.0, 0.03089682199060917], "(2, 4, 2, 3)": [0.0, 0.0, 0.06220058351755142, 0.029884910210967064, 0.0442940853536129], "(2, 5, 2, 3)": [0.5405957698822021, 0.4281778931617737, 0.11828658729791641, 0.029329167678952217, 0.061126403510570526], "(2, 4, 2, 1)": [0.029761897400021553, 0.06737952679395676, 0.0, 0.032615065574645996, 0.42961686849594116], "(2, 3, 2, 1)": [0.06298049539327621, 0.0658932477235794, 0.06991425156593323, 0.03902705758810043, 0.4058536887168884], "(2, 2, 2, 1)": [0.1921161711215973, 0.03275230899453163, 0.2163330465555191, 0.270397424697876, 0.5277838706970215], "(2, 6, 2, 3)": [0.228514164686203, 0.05185995250940323, 0.41161125898361206, 0.13154470920562744, 0.2574600577354431], "(2, 7, 2, 3)": [0.6019878387451172, 0.21272596716880798, 0.21957239508628845, 0.18677006661891937, 0.09809069335460663], "(3, 2, 2, 2)": [0.0, 0.0, 0.02751729264855385, 0.027931440621614456, 0.0], "(3, 1, 2, 2)": [0.0, 0.0, 0.026689577847719193, 0.08835633099079132, 0.0], "(3, 7, 2, 2)": [0.15716812014579773, 0.14520978927612305, 0.27959656715393066, 0.2563517093658447, 0.1311996728181839], "(3, 5, 2, 2)": [0.05899018794298172, 0.08663243055343628, 0.02927517704665661, 0.0, 0.0], "(3, 5, 2, 3)": [0.0, 0.0, 0.0, 0.02893892116844654, 0.0], "(3, 6, 3, 3)": [0.0, 0.0, 0.0, 0.0, 0.02630552463233471], "(3, 6, 2, 2)": [0.0, 0.027638215571641922, 0.058161236345767975, 0.029891815036535263, 0.02746487222611904], "(3, 7, 3, 3)": [0.0, 0.07421017438173294, 0.0, 0.02484441176056862, 0.0], "(2, 5, 2, 1)": [0.0, 0.02957267314195633, 0.0, 0.21564480662345886, 0.0], "(3, 4, 2, 2)": [0.030899593606591225, 0.0, 0.0, 0.0, 0.08906855434179306]}}