{"q_values": {"(2, 5, 2, 2)": [19.035367965698242, 19.03643226623535, 18.942649841308594, 18.150936126708984, 18.72102165222168], "(2, 6, 2, 2)": [15.221782684326172, 15.541435241699219, 15.486204147338867, 15.379704475402832, 15.244869232177734], "(2, 7, 2, 2)": [13.579094886779785, 13.725686073303223, 13.974703788757324, 13.672112464904785, 13.734224319458008], "(2, 1, 2, 2)": [15.380664825439453, 15.230074882507324, 14.972485542297363, 15.455760955810547, 15.021724700927734], "(2, 2, 2, 2)": [19.002660751342773, 18.807668685913086, 18.7827205657959, 18.973392486572266, 19.183595657348633], "(2, 4, 2, 2)": [20.95182228088379, 20.82933807373047, 20.475162506103516, 20.617042541503906, 20.57948875427246], "(2, 3, 2, 2)": [20.61007308959961, 20.965084075927734, 20.99359703063965, 20.816951751708984, 21.139225006103516], "(1, 1, 2, 2)": [0.028085023164749146, 0.0, 0.053747933357954025, 0.0, 0.05349560081958771], "(1, 2, 2, 2)": [0.028953583911061287, 0.02919750101864338, 0.05542471259832382, 0.5266563296318054, 0.0563548281788826], "(3, 3, 2, 2)": [0.06393654644489288, 0.11794618517160416, 0.1472654938697815, 0.17758522927761078, 0.14775237441062927], "(3, 4, 2, 2)": [0.029999880120158195, 0.0, 0.08708503097295761, 0.029973408207297325, 0.0], "(3, 5, 2, 2)": [0.029852135106921196, 0.0582277774810791, 0.0, 0.058559540659189224, 0.08564025908708572], "(3, 6, 2, 2)": [0.02972179464995861, 0.11070180684328079, 0.18235565721988678, 0.057001110166311264, 0.08392731845378876], "(3, 2, 2, 2)": [0.0, 0.02867901884019375, 0.05478687211871147, 0.0, 0.0], "(3, 1, 2, 2)": [0.3310287594795227, 0.14637070894241333, 0.026700593531131744, 0.02569642849266529, 0.0], "(3, 7, 2, 2)": [0.44124695658683777, 0.21466173231601715, 0.3749951720237732, 0.5850920081138611, 0.05091620609164238], "(1, 5, 2, 2)": [0.0, 0.029157796874642372, 0.057620368897914886, 0.0, 0.05868326872587204], "(1, 6, 2, 2)": [0.08168090134859085, 0.0, 0.0, 0.0, 0.0], "(1, 7, 2, 2)": [0.026062633842229843, 0.0, 0.0, 0.0, 0.24192975461483002]}}