{"q_values": {"(2, 5, 2, 2)": [27.57522201538086, 27.1278018951416, 27.297679901123047, 27.14642333984375, 26.95720863342285], "(2, 6, 2, 2)": [25.42903709411621, 25.431020736694336, 24.64685821533203, 24.902481079101562, 24.041664123535156], "(2, 7, 2, 2)": [23.126787185668945, 22.70891571044922, 22.89834213256836, 22.458179473876953, 21.1015567779541], "(2, 1, 2, 2)": [21.900732040405273, 22.15048599243164, 22.325246810913086, 22.701705932617188, 22.372251510620117], "(2, 2, 2, 2)": [23.91245460510254, 25.314638137817383, 25.381853103637695, 25.86363410949707, 25.264232635498047], "(2, 4, 2, 2)": [27.90934181213379, 29.17655372619629, 29.166242599487305, 28.645191192626953, 28.775449752807617], "(2, 3, 2, 2)": [24.76513671875, 26.46430206298828, 26.773576736450195, 27.210439682006836, 26.83287811279297], "(2, 1, 2, 1)": [1.3686256408691406, 2.367511034011841, 4.996859550476074, 4.229962348937988, 5.3877763748168945], "(2, 3, 2, 3)": [0.31974703073501587, 1.434881567955017, 0.9291226863861084, 0.05881061404943466, 0.03089682199060917], "(2, 4, 2, 3)": [3.0452780723571777, 2.365752696990967, 1.6019723415374756, 0.24144291877746582, 0.33256247639656067], "(2, 5, 2, 3)": [3.5165085792541504, 3.8279550075531006, 2.896205425262451, 0.40372025966644287, 0.5619458556175232], "(2, 4, 2, 1)": [0.18144342303276062, 0.4649149775505066, 1.707211971282959, 1.759455680847168, 3.1740477085113525], "(2, 3, 2, 1)": [0.3538840711116791, 0.8001825213432312, 2.8415534496307373, 2.7731094360351562, 5.182000160217285], "(2, 2, 2, 1)": [0.6452234983444214, 0.9846968650817871, 2.1398816108703613, 4.522079944610596, 6.521512508392334], "(2, 6, 2, 3)": [5.285001277923584, 5.619288921356201, 0.9565283060073853, 0.67702317237854, 0.8660604953765869], "(2, 7, 2, 3)": [6.0670294761657715, 3.955554485321045, 2.7294983863830566, 2.879603147506714, 3.697366952896118], "(3, 2, 2, 2)": [0.0, 0.06358308345079422, 0.05618269741535187, 0.05662760138511658, 0.059344738721847534], "(3, 1, 2, 2)": [0.06032835692167282, 0.7035643458366394, 0.08562389761209488, 0.20963984727859497, 0.03382082283496857], "(3, 7, 2, 2)": [0.3216213285923004, 1.0216894149780273, 0.8695220351219177, 0.8398677110671997, 0.25108444690704346], "(3, 5, 2, 2)": [0.7561734914779663, 0.2838822603225708, 0.20319800078868866, 0.060595400631427765, 0.12396527826786041], "(3, 5, 2, 3)": [0.0, 0.0, 0.0, 0.02893892116844654, 0.0], "(3, 6, 3, 3)": [0.0, 0.0, 0.0, 0.0, 0.02630552463233471], "(3, 6, 2, 2)": [0.23957467079162598, 0.25757843255996704, 0.304931104183197, 0.23234570026397705, 0.22926723957061768], "(3, 7, 3, 3)": [0.0, 0.07421017438173294, 0.0, 0.02484441176056862, 0.0], "(2, 5, 2, 1)": [0.0, 0.15053138136863708, 0.0, 0.21564480662345886, 0.0], "(3, 4, 2, 2)": [0.18924643099308014, 0.10140761733055115, 0.06924042105674744, 0.03595949709415436, 0.23768024146556854], "(2, 5, 1, 1)": [0.0, 0.0, 0.0, 0.0, 0.0], "(2, 1, 1, 1)": [0.659237265586853, 0.0, 0.0, 0.0, 0.0], "(2, 5, 3, 3)": [0.08850916475057602, 0.0, 0.0, 0.0, 0.0], "(2, 4, 3, 3)": [0.0, 0.0, 0.0, 0.05909675732254982, 0.0], "(2, 6, 2, 1)": [0.029338274151086807, 0.0, 0.0, 0.0, 0.0], "(1, 4, 2, 2)": [0.11526156961917877, 0.059052105993032455, 0.02993529848754406, 0.05897201597690582, 0.1145881712436676], "(1, 5, 2, 2)": [0.0, 0.0, 0.029426462948322296, 0.028755640611052513, 0.0], "(1, 6, 2, 2)": [0.0, 0.029349012300372124, 0.028349196538329124, 0.0, 0.02823312021791935], "(1, 7, 2, 2)": [0.029048264026641846, 0.11486192047595978, 0.02625958062708378, 0.054257333278656006, 0.7292639017105103], "(1, 3, 2, 2)": [0.0, 0.05830242484807968, 0.02884845994412899, 0.0, 0.058681219816207886], "(1, 2, 2, 2)": [0.0, 0.08079418540000916, 0.0, 0.0, 0.0], "(1, 1, 2, 2)": [0.0, 0.0, 0.025048531591892242, 0.5592703223228455, 0.0], "(1, 4, 2, 3)": [0.0, 0.0, 0.05677125230431557, 0.02994508668780327, 0.0], "(2, 6, 1, 1)": [0.0, 0.0, 0.0, 0.0, 0.0], "(2, 6, 3, 3)": [0.0, 0.0, 0.0, 0.0, 0.0], "(2, 3, 1, 1)": [0.0, 0.028773166239261627, 0.0, 0.16852371394634247, 0.0], "(3, 3, 2, 2)": [0.0, 0.08618815988302231, 0.03597618639469147, 0.06660027801990509, 0.06431803107261658], "(1, 6, 1, 2)": [0.0, 0.0, 0.0, 0.0, 0.0], "(2, 2, 1, 1)": [0.0, 0.0, 0.21802322566509247, 0.0, 0.0]}}