{"q_values": {"(2, 5, 2, 2)": [82.51162719726562, 82.06902313232422, 81.66460418701172, 82.02050018310547, 81.00409698486328], "(2, 6, 2, 2)": [76.74649810791016, 76.76499938964844, 76.83391571044922, 77.68479919433594, 76.73231506347656], "(2, 7, 2, 2)": [76.46176147460938, 76.79646301269531, 76.69750213623047, 76.13593292236328, 76.14088439941406], "(2, 1, 2, 2)": [77.0805892944336, 76.62513732910156, 77.28278350830078, 77.4137191772461, 76.82490539550781], "(2, 2, 2, 2)": [82.068359375, 81.84392547607422, 82.61238861083984, 83.50697326660156, 82.88752746582031], "(2, 4, 2, 2)": [83.9256591796875, 86.24588775634766, 85.76123046875, 85.61634826660156, 85.44593811035156], "(2, 3, 2, 2)": [85.71190643310547, 85.49112701416016, 85.95667266845703, 86.5766372680664, 85.97554016113281], "(1, 1, 2, 2)": [2.2821874618530273, 1.5674127340316772, 3.0520896911621094, 0.5193432569503784, 1.1266664266586304], "(1, 2, 2, 2)": [0.25226661562919617, 0.3046278953552246, 0.3506568670272827, 0.6148165464401245, 0.4247807562351227], "(3, 3, 2, 2)": [0.5725348591804504, 0.6472200751304626, 0.6558269262313843, 3.1598901748657227, 0.4644889235496521], "(3, 4, 2, 2)": [0.7479545474052429, 0.7817498445510864, 0.8498486876487732, 0.9988461136817932, 0.4741746783256531], "(3, 5, 2, 2)": [0.607802152633667, 1.0218217372894287, 0.738696813583374, 0.7667744159698486, 2.1552534103393555], "(3, 6, 2, 2)": [1.076844573020935, 2.498685121536255, 1.3362267017364502, 1.4766186475753784, 0.8065029978752136], "(3, 2, 2, 2)": [0.34189799427986145, 0.7050092816352844, 0.27911096811294556, 0.22378748655319214, 0.3766864240169525], "(3, 1, 2, 2)": [8.138932228088379, 5.255009651184082, 1.9572011232376099, 2.6857540607452393, 0.7781447172164917], "(3, 7, 2, 2)": [4.348140239715576, 12.846125602722168, 5.052093505859375, 4.328088283538818, 3.0797171592712402], "(1, 5, 2, 2)": [0.4554971754550934, 0.180293008685112, 0.2636423110961914, 0.34423598647117615, 0.21171776950359344], "(1, 6, 2, 2)": [0.6364489197731018, 0.2976476550102234, 0.27908656001091003, 0.2697610855102539, 0.21287350356578827], "(1, 7, 2, 2)": [0.2466764748096466, 0.49830448627471924, 0.070001021027565, 1.8150029182434082, 3.4982481002807617], "(1, 3, 2, 2)": [0.3551728129386902, 0.13244231045246124, 0.2116180807352066, 0.182968869805336, 2.100555658340454], "(1, 4, 2, 2)": [0.19037114083766937, 0.1919490545988083, 0.15640144050121307, 0.273110032081604, 2.6950929164886475], "(2, 1, 2, 1)": [0.0, 1.0256438255310059, 0.0, 0.0, 0.0], "(2, 2, 2, 1)": [0.0, 0.0, 0.0, 1.2125186920166016, 0.0], "(2, 6, 2, 3)": [0.0, 0.0, 0.0, 2.1430625915527344, 0.0]}}