{"q_values": {"(2, 5, 2, 2)": [22.993200302124023, 23.443628311157227, 23.190092086791992, 22.9811954498291, 21.834165573120117], "(2, 6, 2, 2)": [20.29955291748047, 20.4114990234375, 19.714847564697266, 20.126184463500977, 19.31919288635254], "(2, 7, 2, 2)": [18.29127311706543, 18.338327407836914, 18.401771545410156, 18.016029357910156, 18.051753997802734], "(2, 1, 2, 2)": [18.471548080444336, 18.690385818481445, 19.227127075195312, 19.58819580078125, 19.20050811767578], "(2, 2, 2, 2)": [20.767314910888672, 21.64780616760254, 21.83226776123047, 21.994972229003906, 21.761661529541016], "(2, 4, 2, 2)": [24.764690399169922, 24.325389862060547, 24.979751586914062, 24.95599365234375, 24.770030975341797], "(2, 3, 2, 2)": [23.047544479370117, 23.500797271728516, 23.680458068847656, 23.479488372802734, 23.82750129699707], "(2, 1, 2, 1)": [0.7676020860671997, 2.245429277420044, 4.439691066741943, 3.6154696941375732, 4.894430637359619], "(2, 3, 2, 3)": [0.31974703073501587, 1.434881567955017, 0.9291226863861084, 0.02981407754123211, 0.03089682199060917], "(2, 4, 2, 3)": [0.6506352424621582, 2.365752696990967, 1.6019723415374756, 0.06393108516931534, 0.20678970217704773], "(2, 5, 2, 3)": [2.9214963912963867, 3.131739854812622, 2.255190849304199, 0.40372025966644287, 0.4234299063682556], "(2, 4, 2, 1)": [0.143333300948143, 0.3917863965034485, 0.8646308779716492, 0.9734252691268921, 1.7143590450286865], "(2, 3, 2, 1)": [0.2557702362537384, 0.4782806634902954, 0.5654980540275574, 1.0995734930038452, 3.876032829284668], "(2, 2, 2, 1)": [0.4779895544052124, 0.8270741105079651, 2.033142566680908, 3.392080783843994, 3.6178152561187744], "(2, 6, 2, 3)": [2.7205147743225098, 3.3741354942321777, 0.8167537450790405, 0.67702317237854, 0.6293975114822388], "(2, 7, 2, 3)": [4.769474506378174, 2.474309206008911, 1.4626541137695312, 1.71405029296875, 2.7567789554595947], "(3, 2, 2, 2)": [0.0, 0.0, 0.02751729264855385, 0.027931440621614456, 0.0], "(3, 1, 2, 2)": [0.026118023321032524, 0.0, 0.05263357609510422, 0.08835633099079132, 0.0], "(3, 7, 2, 2)": [0.23229001462459564, 0.9556156992912292, 0.8360055685043335, 0.7567958235740662, 0.1565280556678772], "(3, 5, 2, 2)": [0.7561734914779663, 0.2558918297290802, 0.20319800078868866, 0.060595400631427765, 0.09332840889692307], "(3, 5, 2, 3)": [0.0, 0.0, 0.0, 0.02893892116844654, 0.0], "(3, 6, 3, 3)": [0.0, 0.0, 0.0, 0.0, 0.02630552463233471], "(3, 6, 2, 2)": [0.23957467079162598, 0.25757843255996704, 0.304931104183197, 0.20369009673595428, 0.20090484619140625], "(3, 7, 3, 3)": [0.0, 0.07421017438173294, 0.0, 0.02484441176056862, 0.0], "(2, 5, 2, 1)": [0.0, 0.15053138136863708, 0.0, 0.21564480662345886, 0.0], "(3, 4, 2, 2)": [0.06422963738441467, 0.10140761733055115, 0.03425319865345955, 0.03595949709415436, 0.20793378353118896], "(2, 5, 1, 1)": [0.0, 0.0, 0.0, 0.0, 0.0], "(2, 1, 1, 1)": [0.659237265586853, 0.0, 0.0, 0.0, 0.0], "(2, 5, 3, 3)": [0.08850916475057602, 0.0, 0.0, 0.0, 0.0], "(2, 4, 3, 3)": [0.0, 0.0, 0.0, 0.05909675732254982, 0.0], "(2, 6, 2, 1)": [0.029338274151086807, 0.0, 0.0, 0.0, 0.0], "(1, 4, 2, 2)": [0.11526156961917877, 0.059052105993032455, 0.02993529848754406, 0.05897201597690582, 0.1145881712436676], "(1, 5, 2, 2)": [0.0, 0.0, 0.029426462948322296, 0.028755640611052513, 0.0], "(1, 6, 2, 2)": [0.0, 0.0, 0.0, 0.0, 0.0], "(1, 7, 2, 2)": [0.0, 0.0, 0.02625958062708378, 0.026135927066206932, 0.0], "(1, 3, 2, 2)": [0.0, 0.05830242484807968, 0.02884845994412899, 0.0, 0.058681219816207886], "(1, 2, 2, 2)": [0.0, 0.08079418540000916, 0.0, 0.0, 0.0], "(1, 1, 2, 2)": [0.0, 0.0, 0.025048531591892242, 0.5592703223228455, 0.0], "(1, 4, 2, 3)": [0.0, 0.0, 0.05677125230431557, 0.02994508668780327, 0.0], "(2, 6, 1, 1)": [0.0, 0.0, 0.0, 0.0, 0.0], "(2, 6, 3, 3)": [0.0, 0.0, 0.0, 0.0, 0.0], "(2, 3, 1, 1)": [0.0, 0.0, 0.0, 0.16852371394634247, 0.0]}}