{"q_values": {"(2, 5, 2, 2)": [57.32124710083008, 56.97795867919922, 56.92498016357422, 56.23654556274414, 56.5736198425293], "(2, 6, 2, 2)": [51.65594482421875, 52.536705017089844, 52.009822845458984, 51.011749267578125, 51.6579475402832], "(2, 7, 2, 2)": [48.809696197509766, 47.965999603271484, 48.128883361816406, 49.15298843383789, 48.65825271606445], "(2, 1, 2, 2)": [48.6727180480957, 48.134796142578125, 48.80842590332031, 48.49747085571289, 49.632442474365234], "(2, 2, 2, 2)": [52.526084899902344, 52.98659896850586, 52.31726837158203, 52.69436264038086, 53.31688690185547], "(2, 4, 2, 2)": [57.99702453613281, 58.21351623535156, 57.96024703979492, 58.35575485229492, 58.58599853515625], "(2, 3, 2, 2)": [56.79857635498047, 56.896907806396484, 56.292747497558594, 57.15529251098633, 56.451839447021484], "(1, 1, 2, 2)": [0.08475784957408905, 1.5654151439666748, 1.0166442394256592, 0.38319551944732666, 0.7609087228775024], "(1, 2, 2, 2)": [0.1897050440311432, 0.20479926466941833, 0.2576492726802826, 0.5961499214172363, 0.2363898754119873], "(3, 3, 2, 2)": [0.3638867139816284, 0.43455326557159424, 0.43340396881103516, 0.5628355741500854, 0.21432428061962128], "(3, 4, 2, 2)": [0.25358420610427856, 0.1657138615846634, 0.4097423553466797, 0.1891028881072998, 0.2440587431192398], "(3, 5, 2, 2)": [0.17472277581691742, 0.26038041710853577, 0.25290632247924805, 0.2321539968252182, 0.33021125197410583], "(3, 6, 2, 2)": [0.21372374892234802, 0.2744833528995514, 0.3523187041282654, 0.15884804725646973, 0.3135175108909607], "(3, 2, 2, 2)": [0.08166835457086563, 0.1946464478969574, 0.13854047656059265, 0.06399235874414444, 0.08936253190040588], "(3, 1, 2, 2)": [1.0033799409866333, 1.1587629318237305, 0.35411715507507324, 2.5033187866210938, 0.1845787763595581], "(3, 7, 2, 2)": [2.6827895641326904, 1.987523078918457, 1.6893607378005981, 0.6595169901847839, 0.11237737536430359], "(1, 5, 2, 2)": [0.16968713700771332, 0.029157796874642372, 0.1407482624053955, 0.12248136103153229, 0.09201592952013016], "(1, 6, 2, 2)": [0.3493156135082245, 0.16021546721458435, 0.09790237247943878, 0.12593360245227814, 0.06549803912639618], "(1, 7, 2, 2)": [0.10955847799777985, 0.09794306010007858, 0.0, 0.19116643071174622, 1.5556056499481201], "(1, 3, 2, 2)": [0.2301187664270401, 0.06165707856416702, 0.09824909269809723, 0.14982877671718597, 0.11898069083690643], "(1, 4, 2, 2)": [0.1225370466709137, 0.12420157343149185, 0.12664064764976501, 0.18472915887832642, 0.03179370239377022], "(2, 1, 2, 1)": [0.0, 1.0256438255310059, 0.0, 0.0, 0.0], "(2, 2, 2, 1)": [0.0, 0.0, 0.0, 1.2125186920166016, 0.0]}}