{"q_values": {"(2, 5, 2, 2)": [13.000704765319824, 12.83843994140625, 13.032050132751465, 12.936721801757812, 12.713489532470703], "(2, 6, 2, 2)": [10.863913536071777, 10.812495231628418, 10.96385669708252, 10.57698917388916, 10.686137199401855], "(2, 7, 2, 2)": [7.907164096832275, 8.41254711151123, 8.159534454345703, 8.073286056518555, 8.420304298400879], "(2, 1, 2, 2)": [9.639780044555664, 9.397527694702148, 9.444058418273926, 9.382152557373047, 9.847925186157227], "(2, 2, 2, 2)": [12.226325035095215, 12.335240364074707, 12.464408874511719, 12.484559059143066, 12.599479675292969], "(2, 4, 2, 2)": [13.796289443969727, 13.77392292022705, 14.063288688659668, 13.804045677185059, 13.76097297668457], "(2, 3, 2, 2)": [13.343369483947754, 13.495818138122559, 13.325098991394043, 13.399806022644043, 13.563666343688965], "(1, 1, 2, 2)": [0.028085023164749146, 0.0, 0.053747933357954025, 0.0, 0.05349560081958771], "(1, 2, 2, 2)": [0.028953583911061287, 0.02919750101864338, 0.05542471259832382, 0.5266563296318054, 0.0563548281788826], "(3, 3, 2, 2)": [0.030751654878258705, 0.05875498056411743, 0.02969222515821457, 0.08924257755279541, 0.0892394632101059], "(3, 4, 2, 2)": [0.029999880120158195, 0.0, 0.08708503097295761, 0.029973408207297325, 0.0], "(3, 5, 2, 2)": [0.029852135106921196, 0.0582277774810791, 0.0, 0.058559540659189224, 0.08564025908708572], "(3, 6, 2, 2)": [0.02972179464995861, 0.11070180684328079, 0.18235565721988678, 0.057001110166311264, 0.08392731845378876], "(3, 2, 2, 2)": [0.0, 0.0, 0.027537982910871506, 0.0, 0.0], "(3, 1, 2, 2)": [0.0, 0.14637070894241333, 0.026700593531131744, 0.02569642849266529, 0.0], "(3, 7, 2, 2)": [0.41176602244377136, 0.21466173231601715, 0.0510413758456707, 0.5850920081138611, 0.05091620609164238], "(1, 5, 2, 2)": [0.0, 0.029157796874642372, 0.057620368897914886, 0.0, 0.05868326872587204], "(1, 6, 2, 2)": [0.08168090134859085, 0.0, 0.0, 0.0, 0.0], "(1, 7, 2, 2)": [0.026062633842229843, 0.0, 0.0, 0.0, 0.24192975461483002]}}