{"q_values": {"(2, 5, 2, 2)": [59.749935150146484, 59.15407180786133, 59.47444534301758, 59.05738067626953, 58.2702522277832], "(2, 6, 2, 2)": [54.19237518310547, 55.31966781616211, 54.44548797607422, 53.29817199707031, 53.70259094238281], "(2, 7, 2, 2)": [50.78828811645508, 50.34786605834961, 50.50796890258789, 50.55731964111328, 50.44366455078125], "(2, 1, 2, 2)": [50.03878402709961, 49.99647903442383, 50.26142120361328, 50.026004791259766, 51.102779388427734], "(2, 2, 2, 2)": [54.56401443481445, 54.94413757324219, 55.08895492553711, 55.16105651855469, 55.93079376220703], "(2, 4, 2, 2)": [59.771366119384766, 60.16931915283203, 60.31303787231445, 60.06289291381836, 60.63126754760742], "(2, 3, 2, 2)": [57.90428161621094, 58.133724212646484, 57.955020904541016, 57.59919738769531, 58.507118225097656], "(1, 1, 2, 2)": [0.08475784957408905, 1.5654151439666748, 1.0166442394256592, 0.38319551944732666, 0.7609087228775024], "(1, 2, 2, 2)": [0.1897050440311432, 0.20479926466941833, 0.2576492726802826, 0.5961499214172363, 0.2363898754119873], "(3, 3, 2, 2)": [0.4483014643192291, 0.5046794414520264, 0.46966075897216797, 0.594319760799408, 0.29014354944229126], "(3, 4, 2, 2)": [0.25358420610427856, 0.34201544523239136, 0.5417065024375916, 0.22182445228099823, 0.2776913642883301], "(3, 5, 2, 2)": [0.21042492985725403, 0.38429996371269226, 0.3124833106994629, 0.2622540295124054, 0.33021125197410583], "(3, 6, 2, 2)": [0.21372374892234802, 0.2744833528995514, 0.3523187041282654, 0.15884804725646973, 0.3135175108909607], "(3, 2, 2, 2)": [0.13568389415740967, 0.1946464478969574, 0.17088744044303894, 0.18583256006240845, 0.22725825011730194], "(3, 1, 2, 2)": [2.4901089668273926, 1.1587629318237305, 1.893189549446106, 2.5573465824127197, 0.35754379630088806], "(3, 7, 2, 2)": [2.6827895641326904, 1.987523078918457, 1.6893607378005981, 0.6595169901847839, 0.11237737536430359], "(1, 5, 2, 2)": [0.39038780331611633, 0.15197110176086426, 0.20052455365657806, 0.17846156656742096, 0.15528884530067444], "(1, 6, 2, 2)": [0.37543249130249023, 0.16021546721458435, 0.09790237247943878, 0.12593360245227814, 0.0999155044555664], "(1, 7, 2, 2)": [0.10955847799777985, 0.09794306010007858, 0.0, 0.19116643071174622, 1.6502153873443604], "(1, 3, 2, 2)": [0.2301187664270401, 0.06165707856416702, 0.09824909269809723, 0.14982877671718597, 0.11898069083690643], "(1, 4, 2, 2)": [0.15502381324768066, 0.15664631128311157, 0.12664064764976501, 0.24673369526863098, 0.1381605714559555], "(2, 1, 2, 1)": [0.0, 1.0256438255310059, 0.0, 0.0, 0.0], "(2, 2, 2, 1)": [0.0, 0.0, 0.0, 1.2125186920166016, 0.0]}}