{"q_values": {"(2, 5, 2, 2)": [24.419605255126953, 23.956405639648438, 23.864025115966797, 23.492088317871094, 23.682100296020508], "(2, 6, 2, 2)": [20.26497459411621, 19.286561965942383, 19.14592170715332, 19.226579666137695, 19.365829467773438], "(2, 7, 2, 2)": [17.0172176361084, 17.217985153198242, 17.115442276000977, 17.22197914123535, 17.290237426757812], "(2, 1, 2, 2)": [18.831010818481445, 19.245729446411133, 19.41506004333496, 19.752124786376953, 19.561595916748047], "(2, 2, 2, 2)": [22.769651412963867, 23.351694107055664, 23.150632858276367, 23.364688873291016, 23.885950088500977], "(2, 4, 2, 2)": [26.610755920410156, 26.39743995666504, 26.6938533782959, 26.703115463256836, 26.258678436279297], "(2, 3, 2, 2)": [25.48099136352539, 25.712291717529297, 25.442033767700195, 25.82560157775879, 26.091928482055664], "(1, 1, 2, 2)": [0.08475784957408905, 0.6997184753417969, 0.10930807143449783, 0.11683216691017151, 0.6634117960929871], "(1, 2, 2, 2)": [0.028953583911061287, 0.08421529084444046, 0.13779251277446747, 0.5266563296318054, 0.0563548281788826], "(3, 3, 2, 2)": [0.15586233139038086, 0.11794618517160416, 0.2066410630941391, 0.2890265882015228, 0.14775237441062927], "(3, 4, 2, 2)": [0.029999880120158195, 0.0, 0.1710168868303299, 0.029973408207297325, 0.08980628848075867], "(3, 5, 2, 2)": [0.08792684972286224, 0.0582277774810791, 0.0, 0.08715877681970596, 0.11366130411624908], "(3, 6, 2, 2)": [0.08958600461483002, 0.11070180684328079, 0.18235565721988678, 0.057001110166311264, 0.08392731845378876], "(3, 2, 2, 2)": [0.0, 0.056019604206085205, 0.08196967840194702, 0.0, 0.0], "(3, 1, 2, 2)": [0.9111263751983643, 0.14637070894241333, 0.026700593531131744, 0.02569642849266529, 0.0], "(3, 7, 2, 2)": [0.44124695658683777, 0.23569710552692413, 0.3749951720237732, 0.5850920081138611, 0.05091620609164238], "(1, 5, 2, 2)": [0.0, 0.029157796874642372, 0.057620368897914886, 0.0, 0.05868326872587204], "(1, 6, 2, 2)": [0.08168090134859085, 0.0, 0.0, 0.0, 0.0], "(1, 7, 2, 2)": [0.026062633842229843, 0.0, 0.0, 0.0, 0.24192975461483002]}}