{"q_values": {"(2, 5, 2, 2)": [65.34612274169922, 64.16167449951172, 64.94354248046875, 64.33727264404297, 64.24896240234375], "(2, 6, 2, 2)": [59.20703125, 59.675315856933594, 58.562339782714844, 58.57807922363281, 57.93043899536133], "(2, 7, 2, 2)": [54.697723388671875, 55.05588912963867, 54.62980270385742, 54.1463737487793, 54.66515350341797], "(2, 1, 2, 2)": [54.6425666809082, 55.05780792236328, 54.74701690673828, 55.310569763183594, 55.91776657104492], "(2, 2, 2, 2)": [58.199703216552734, 58.3167839050293, 58.374671936035156, 57.442481994628906, 58.46140670776367], "(2, 4, 2, 2)": [65.00657653808594, 64.85492706298828, 65.19314575195312, 65.16295623779297, 65.82860565185547], "(2, 3, 2, 2)": [63.00523376464844, 63.25080108642578, 62.84233856201172, 62.731842041015625, 63.75029754638672], "(1, 1, 2, 2)": [2.0313990116119385, 1.5674127340316772, 1.0166442394256592, 0.38319551944732666, 0.7609087228775024], "(1, 2, 2, 2)": [0.1897050440311432, 0.20479926466941833, 0.2576492726802826, 0.5961499214172363, 0.2363898754119873], "(3, 3, 2, 2)": [0.4483014643192291, 0.5046794414520264, 0.46966075897216797, 0.594319760799408, 0.29014354944229126], "(3, 4, 2, 2)": [0.25358420610427856, 0.34201544523239136, 0.5417065024375916, 0.22182445228099823, 0.2776913642883301], "(3, 5, 2, 2)": [0.21042492985725403, 0.38429996371269226, 0.3124833106994629, 0.2622540295124054, 0.33021125197410583], "(3, 6, 2, 2)": [0.21372374892234802, 0.2744833528995514, 0.3523187041282654, 0.15884804725646973, 0.3135175108909607], "(3, 2, 2, 2)": [0.13568389415740967, 0.1946464478969574, 0.17088744044303894, 0.18583256006240845, 0.22725825011730194], "(3, 1, 2, 2)": [2.4901089668273926, 1.1587629318237305, 1.893189549446106, 2.5573465824127197, 0.35754379630088806], "(3, 7, 2, 2)": [2.6827895641326904, 1.987523078918457, 1.6893607378005981, 0.6595169901847839, 0.11237737536430359], "(1, 5, 2, 2)": [0.41159236431121826, 0.180293008685112, 0.20052455365657806, 0.17846156656742096, 0.18379051983356476], "(1, 6, 2, 2)": [0.4851349890232086, 0.2976476550102234, 0.17185094952583313, 0.19730183482170105, 0.0999155044555664], "(1, 7, 2, 2)": [0.10955847799777985, 0.36866262555122375, 0.0, 1.784285306930542, 1.6502153873443604], "(1, 3, 2, 2)": [0.2301187664270401, 0.06165707856416702, 0.09824909269809723, 0.14982877671718597, 0.11898069083690643], "(1, 4, 2, 2)": [0.15502381324768066, 0.15664631128311157, 0.12664064764976501, 0.24673369526863098, 0.1381605714559555], "(2, 1, 2, 1)": [0.0, 1.0256438255310059, 0.0, 0.0, 0.0], "(2, 2, 2, 1)": [0.0, 0.0, 0.0, 1.2125186920166016, 0.0]}}