{"q_values": {"(2, 5, 2, 2)": [50.65643310546875, 50.83671188354492, 50.32590866088867, 50.28556823730469, 47.20913314819336], "(2, 6, 2, 2)": [46.82838439941406, 46.870948791503906, 46.63116455078125, 45.963966369628906, 45.375640869140625], "(2, 7, 2, 2)": [44.155372619628906, 44.33726119995117, 44.97336196899414, 44.28122329711914, 44.576812744140625], "(2, 1, 2, 2)": [41.567752838134766, 42.54485321044922, 43.12751388549805, 43.4509162902832, 43.55594253540039], "(2, 2, 2, 2)": [43.12792205810547, 45.033565521240234, 45.21977615356445, 46.12508773803711, 45.219417572021484], "(2, 4, 2, 2)": [51.91354751586914, 52.32400894165039, 52.418331146240234, 51.93216323852539, 50.928932189941406], "(2, 3, 2, 2)": [49.380760192871094, 49.89793395996094, 50.177738189697266, 51.209529876708984, 50.63249969482422], "(2, 1, 2, 1)": [9.434416770935059, 7.25583553314209, 11.8888578414917, 14.484188079833984, 16.792421340942383], "(2, 3, 2, 3)": [1.441072940826416, 3.798417091369629, 0.9291226863861084, 0.11753019690513611, 0.03089682199060917], "(2, 4, 2, 3)": [11.709125518798828, 4.339416027069092, 2.885974407196045, 0.6434451341629028, 0.33256247639656067], "(2, 5, 2, 3)": [12.081727981567383, 8.824994087219238, 5.597289562225342, 1.1536052227020264, 1.8113058805465698], "(2, 4, 2, 1)": [1.0008983612060547, 0.982483983039856, 7.078832626342773, 5.764626979827881, 4.348977088928223], "(2, 3, 2, 1)": [1.7106355428695679, 3.0896239280700684, 6.5970964431762695, 7.990743160247803, 10.858575820922852], "(2, 2, 2, 1)": [3.2099978923797607, 5.556674003601074, 7.629149436950684, 8.473512649536133, 15.455301284790039], "(2, 6, 2, 3)": [18.467344284057617, 10.160259246826172, 7.826859474182129, 3.2816500663757324, 3.378471851348877], "(2, 7, 2, 3)": [17.340747833251953, 10.89880657196045, 8.325631141662598, 10.943825721740723, 10.208649635314941], "(3, 2, 2, 2)": [0.14783109724521637, 0.15111716091632843, 0.3300597667694092, 0.23416198790073395, 0.2848201096057892], "(3, 1, 2, 2)": [0.11154018342494965, 0.7373526096343994, 0.11987723410129547, 2.6872293949127197, 2.467101573944092], "(3, 7, 2, 2)": [0.3216213285923004, 1.1145390272140503, 1.9352545738220215, 0.9706342220306396, 1.6461093425750732], "(3, 5, 2, 2)": [0.8515621423721313, 1.5354535579681396, 0.3430088758468628, 0.3243832290172577, 0.3166821300983429], "(3, 5, 2, 3)": [0.0, 0.0, 0.0, 0.02893892116844654, 0.0], "(3, 6, 3, 3)": [0.0, 0.035488903522491455, 0.0, 0.0, 0.02630552463233471], "(3, 6, 2, 2)": [1.5500565767288208, 0.44010430574417114, 0.43937182426452637, 0.3941343426704407, 0.3308067321777344], "(3, 7, 3, 3)": [0.0, 0.07421017438173294, 0.0, 0.02484441176056862, 0.0], "(2, 5, 2, 1)": [0.029832448810338974, 0.2663682997226715, 0.25712814927101135, 3.9187445640563965, 0.0], "(3, 4, 2, 2)": [0.3073731064796448, 0.4298921227455139, 0.13645625114440918, 0.11422643065452576, 0.4377814531326294], "(2, 5, 1, 1)": [0.0, 0.0, 0.18011416494846344, 0.0, 0.0], "(2, 1, 1, 1)": [1.6387230157852173, 0.0, 0.0, 0.0, 0.0], "(2, 5, 3, 3)": [0.08850916475057602, 0.0, 0.0, 0.0, 0.0], "(2, 4, 3, 3)": [0.0, 0.0, 0.0, 0.05909675732254982, 0.0], "(2, 6, 2, 1)": [0.029338274151086807, 0.0, 1.1310659646987915, 1.4628636837005615, 0.0], "(1, 4, 2, 2)": [0.30253830552101135, 0.08818364143371582, 0.1821206510066986, 0.09082736074924469, 1.5726374387741089], "(1, 5, 2, 2)": [0.1705954372882843, 0.20165063440799713, 1.531630277633667, 0.23073789477348328, 0.2600054442882538], "(1, 6, 2, 2)": [0.37235918641090393, 0.627860963344574, 0.3482590317726135, 0.2198658287525177, 0.3058640956878662], "(1, 7, 2, 2)": [2.208932876586914, 0.32907193899154663, 1.50200617313385, 0.44316038489341736, 1.8038833141326904], "(1, 3, 2, 2)": [0.06588049978017807, 0.09091576188802719, 1.0763014554977417, 0.1328883171081543, 0.24003936350345612], "(1, 2, 2, 2)": [0.0884488970041275, 0.08079418540000916, 0.11163060367107391, 0.0596674382686615, 0.11775386333465576], "(1, 1, 2, 2)": [0.0524970144033432, 0.056251294910907745, 0.0784144476056099, 0.6332689523696899, 0.858217179775238], "(1, 4, 2, 3)": [0.0, 0.033526450395584106, 0.05677125230431557, 0.02994508668780327, 0.0], "(2, 6, 1, 1)": [0.0, 0.0, 0.0, 0.0, 0.0], "(2, 6, 3, 3)": [0.0, 0.1957608461380005, 0.0, 0.0, 0.0], "(2, 3, 1, 1)": [0.0, 0.028773166239261627, 0.20305420458316803, 0.16852371394634247, 0.0], "(3, 3, 2, 2)": [0.0651111751794815, 1.5923575162887573, 0.20874716341495514, 0.1567031443119049, 0.17180722951889038], "(1, 6, 1, 2)": [0.0, 0.0, 0.0, 0.0, 0.0], "(2, 2, 1, 1)": [0.0, 0.03248615935444832, 0.21802322566509247, 0.0, 0.0], "(2, 2, 2, 3)": [0.0, 1.45297372341156, 0.9433045387268066, 0.0, 0.0], "(2, 4, 3, 2)": [0.0, 1.0344038009643555, 0.0, 0.0, 0.0], "(3, 4, 2, 1)": [0.0, 0.0, 0.0, 0.0, 0.0], "(3, 3, 2, 1)": [0.0, 0.02886495366692543, 0.0, 0.0, 0.0], "(3, 2, 2, 1)": [0.0, 0.0, 0.0, 0.0, 1.2378493547439575], "(1, 5, 2, 3)": [0.0, 0.0, 0.0, 0.0, 0.0], "(1, 6, 2, 3)": [0.0, 0.026335787028074265, 0.02742062695324421, 0.0, 0.0], "(1, 7, 2, 3)": [0.0, 0.8800593018531799, 0.0, 0.0, 0.0], "(3, 5, 3, 3)": [0.0, 0.0, 0.0, 0.0, 0.0], "(3, 7, 2, 3)": [0.0, 0.9873462319374084, 0.0, 0.0, 0.0], "(3, 1, 2, 1)": [0.0, 0.025190196931362152, 0.0, 0.0, 0.9815198183059692], "(2, 4, 1, 1)": [0.0, 0.0, 0.0, 0.0, 0.0], "(3, 3, 3, 2)": [0.0, 0.0, 0.0, 0.0, 0.029918691143393517], "(3, 4, 3, 2)": [0.04374305158853531, 0.0, 0.0, 0.0, 0.0], "(3, 5, 3, 2)": [0.0, 0.033753957599401474, 0.0, 0.0, 0.0]}}