{"q_values": {"(2, 5, 2, 2)": [15.729145050048828, 15.977137565612793, 16.002622604370117, 16.106002807617188, 14.500299453735352], "(2, 6, 2, 2)": [13.890108108520508, 14.020601272583008, 13.618632316589355, 13.81619930267334, 12.973956108093262], "(2, 7, 2, 2)": [11.300363540649414, 11.444315910339355, 11.736578941345215, 11.399731636047363, 10.97415828704834], "(2, 1, 2, 2)": [12.01873779296875, 12.204846382141113, 12.58284854888916, 12.310837745666504, 12.713858604431152], "(2, 2, 2, 2)": [13.772727966308594, 14.107398986816406, 14.261468887329102, 14.405932426452637, 14.655489921569824], "(2, 4, 2, 2)": [16.30915069580078, 16.604461669921875, 16.748046875, 16.593414306640625, 16.666452407836914], "(2, 3, 2, 2)": [15.079050064086914, 15.574962615966797, 15.614766120910645, 15.804402351379395, 15.854161262512207], "(2, 1, 2, 1)": [0.3559415638446808, 0.9845101237297058, 2.347975969314575, 2.175363302230835, 1.6584022045135498], "(2, 3, 2, 3)": [0.31974703073501587, 0.8655554056167603, 0.3287883698940277, 0.0, 0.03089682199060917], "(2, 4, 2, 3)": [0.0, 0.0, 1.6019723415374756, 0.06393108516931534, 0.09501947462558746], "(2, 5, 2, 3)": [1.7223445177078247, 1.5632580518722534, 1.337119698524475, 0.16008639335632324, 0.21019819378852844], "(2, 4, 2, 1)": [0.143333300948143, 0.23849119246006012, 0.126176118850708, 0.3812127113342285, 1.1631417274475098], "(2, 3, 2, 1)": [0.10505722463130951, 0.13756495714187622, 0.5654980540275574, 1.0995734930038452, 1.5245753526687622], "(2, 2, 2, 1)": [0.3451569974422455, 0.36833202838897705, 0.7207714319229126, 0.30965590476989746, 2.2739784717559814], "(2, 6, 2, 3)": [0.29797059297561646, 1.5863360166549683, 0.7205628752708435, 0.41845372319221497, 0.39189842343330383], "(2, 7, 2, 3)": [1.5045933723449707, 0.835518479347229, 0.9293398857116699, 0.6398088335990906, 2.4591116905212402], "(3, 2, 2, 2)": [0.0, 0.0, 0.02751729264855385, 0.027931440621614456, 0.0], "(3, 1, 2, 2)": [0.026118023321032524, 0.0, 0.05263357609510422, 0.08835633099079132, 0.0], "(3, 7, 2, 2)": [0.15716812014579773, 0.5004074573516846, 0.2995167076587677, 0.2563517093658447, 0.1311996728181839], "(3, 5, 2, 2)": [0.05899018794298172, 0.08663243055343628, 0.02927517704665661, 0.0, 0.0], "(3, 5, 2, 3)": [0.0, 0.0, 0.0, 0.02893892116844654, 0.0], "(3, 6, 3, 3)": [0.0, 0.0, 0.0, 0.0, 0.02630552463233471], "(3, 6, 2, 2)": [0.0, 0.027638215571641922, 0.058161236345767975, 0.029891815036535263, 0.02746487222611904], "(3, 7, 3, 3)": [0.0, 0.07421017438173294, 0.0, 0.02484441176056862, 0.0], "(2, 5, 2, 1)": [0.0, 0.15053138136863708, 0.0, 0.21564480662345886, 0.0], "(3, 4, 2, 2)": [0.030899593606591225, 0.0, 0.0, 0.0, 0.08906855434179306], "(2, 5, 1, 1)": [0.0, 0.0, 0.0, 0.0, 0.0], "(2, 1, 1, 1)": [0.0, 0.0, 0.0, 0.0, 0.0], "(2, 5, 3, 3)": [0.0, 0.0, 0.0, 0.0, 0.0], "(2, 4, 3, 3)": [0.0, 0.0, 0.0, 0.029998214915394783, 0.0], "(2, 6, 2, 1)": [0.029338274151086807, 0.0, 0.0, 0.0, 0.0], "(1, 4, 2, 2)": [0.11526156961917877, 0.059052105993032455, 0.02993529848754406, 0.05897201597690582, 0.0872073844075203], "(1, 5, 2, 2)": [0.0, 0.0, 0.029426462948322296, 0.028755640611052513, 0.0], "(1, 6, 2, 2)": [0.0, 0.0, 0.0, 0.0, 0.0], "(1, 7, 2, 2)": [0.0, 0.0, 0.02625958062708378, 0.026135927066206932, 0.0], "(1, 3, 2, 2)": [0.0, 0.05830242484807968, 0.0, 0.0, 0.0], "(1, 2, 2, 2)": [0.0, 0.05385372042655945, 0.0, 0.0, 0.0], "(1, 1, 2, 2)": [0.0, 0.0, 0.025048531591892242, 0.0, 0.0]}}