{"q_values": {"(2, 5, 2, 2)": [42.66977310180664, 41.88554763793945, 42.52334976196289, 42.47791290283203, 42.08145523071289], "(2, 6, 2, 2)": [39.110599517822266, 39.476051330566406, 39.924339294433594, 38.359153747558594, 36.860321044921875], "(2, 7, 2, 2)": [38.052425384521484, 37.615455627441406, 38.00252151489258, 37.40373992919922, 36.37690353393555], "(2, 1, 2, 2)": [35.00346755981445, 35.64249038696289, 35.58430862426758, 35.63611602783203, 35.99079513549805], "(2, 2, 2, 2)": [37.767642974853516, 38.20115280151367, 37.92740249633789, 38.4125862121582, 38.70476531982422], "(2, 4, 2, 2)": [42.9638786315918, 43.57670211791992, 43.622745513916016, 43.79109191894531, 42.513980865478516], "(2, 3, 2, 2)": [39.58893966674805, 40.551151275634766, 40.34086990356445, 40.93202590942383, 40.84763717651367], "(2, 1, 2, 1)": [8.519694328308105, 5.400530815124512, 10.986845970153809, 11.097593307495117, 13.885372161865234], "(2, 3, 2, 3)": [1.441072940826416, 3.798417091369629, 0.9291226863861084, 0.11753019690513611, 0.03089682199060917], "(2, 4, 2, 3)": [8.152323722839355, 4.339416027069092, 2.885974407196045, 0.6434451341629028, 0.33256247639656067], "(2, 5, 2, 3)": [6.470626354217529, 6.548423767089844, 4.2661566734313965, 0.6533207893371582, 1.0764023065567017], "(2, 4, 2, 1)": [0.6451242566108704, 0.982483983039856, 5.8879899978637695, 4.597386360168457, 4.348977088928223], "(2, 3, 2, 1)": [0.861736536026001, 2.0457675457000732, 6.5970964431762695, 7.928289890289307, 7.736261367797852], "(2, 2, 2, 1)": [1.879311203956604, 4.127183437347412, 7.629149436950684, 6.394893646240234, 11.0457181930542], "(2, 6, 2, 3)": [15.438323974609375, 7.9859113693237305, 4.279326438903809, 2.2500791549682617, 2.734412670135498], "(2, 7, 2, 3)": [13.212115287780762, 9.783553123474121, 8.11865234375, 8.187499046325684, 8.448040008544922], "(3, 2, 2, 2)": [0.11781901121139526, 0.11942394077777863, 0.22287695109844208, 0.1716112345457077, 0.20103292167186737], "(3, 1, 2, 2)": [0.11154018342494965, 0.7292990684509277, 0.08562389761209488, 0.20963984727859497, 1.2423969507217407], "(3, 7, 2, 2)": [0.3216213285923004, 1.0862064361572266, 1.932490587234497, 0.9383061528205872, 0.296489417552948], "(3, 5, 2, 2)": [0.8283618092536926, 1.6256085634231567, 0.25929132103919983, 0.16320620477199554, 0.24179132282733917], "(3, 5, 2, 3)": [0.0, 0.0, 0.0, 0.02893892116844654, 0.0], "(3, 6, 3, 3)": [0.0, 0.035488903522491455, 0.0, 0.0, 0.02630552463233471], "(3, 6, 2, 2)": [1.5791369676589966, 0.41536054015159607, 0.35777345299720764, 0.3941343426704407, 0.3308067321777344], "(3, 7, 3, 3)": [0.0, 0.07421017438173294, 0.0, 0.02484441176056862, 0.0], "(2, 5, 2, 1)": [0.029832448810338974, 0.2663682997226715, 0.04246995225548744, 1.3405545949935913, 0.0], "(3, 4, 2, 2)": [0.18924643099308014, 0.20051628351211548, 0.10805261135101318, 0.11422643065452576, 0.3287176191806793], "(2, 5, 1, 1)": [0.0, 0.0, 0.18011416494846344, 0.0, 0.0], "(2, 1, 1, 1)": [1.6574201583862305, 0.0, 0.0, 0.0, 0.0], "(2, 5, 3, 3)": [0.08850916475057602, 0.0, 0.0, 0.0, 0.0], "(2, 4, 3, 3)": [0.0, 0.0, 0.0, 0.05909675732254982, 0.0], "(2, 6, 2, 1)": [0.029338274151086807, 0.0, 1.1310659646987915, 0.0, 0.0], "(1, 4, 2, 2)": [0.30253830552101135, 0.08818364143371582, 0.14967171847820282, 0.09082736074924469, 0.1712876260280609], "(1, 5, 2, 2)": [0.1705954372882843, 0.1717405915260315, 0.19791942834854126, 0.20155733823776245, 0.19882309436798096], "(1, 6, 2, 2)": [0.21723121404647827, 0.40720123052597046, 0.2573626935482025, 0.18653923273086548, 0.14520105719566345], "(1, 7, 2, 2)": [2.2364866733551025, 0.21029004454612732, 0.15649281442165375, 0.2105029970407486, 1.7897770404815674], "(1, 3, 2, 2)": [0.06588049978017807, 0.09091576188802719, 1.0699129104614258, 0.09735014289617538, 0.17715415358543396], "(1, 2, 2, 2)": [0.0884488970041275, 0.08079418540000916, 0.11163060367107391, 0.0596674382686615, 0.11775386333465576], "(1, 1, 2, 2)": [0.0524970144033432, 0.056251294910907745, 0.0784144476056099, 0.6332689523696899, 0.858217179775238], "(1, 4, 2, 3)": [0.0, 0.033526450395584106, 0.05677125230431557, 0.02994508668780327, 0.0], "(2, 6, 1, 1)": [0.0, 0.0, 0.0, 0.0, 0.0], "(2, 6, 3, 3)": [0.0, 0.1957608461380005, 0.0, 0.0, 0.0], "(2, 3, 1, 1)": [0.0, 0.028773166239261627, 0.20305420458316803, 0.16852371394634247, 0.0], "(3, 3, 2, 2)": [0.032653361558914185, 0.11301734298467636, 0.15233002603054047, 0.1283574402332306, 0.10089388489723206], "(1, 6, 1, 2)": [0.0, 0.0, 0.0, 0.0, 0.0], "(2, 2, 1, 1)": [0.0, 0.03248615935444832, 0.21802322566509247, 0.0, 0.0], "(2, 2, 2, 3)": [0.0, 0.0, 0.9433045387268066, 0.0, 0.0], "(2, 4, 3, 2)": [0.0, 1.0344038009643555, 0.0, 0.0, 0.0], "(3, 4, 2, 1)": [0.0, 0.0, 0.0, 0.0, 0.0], "(3, 3, 2, 1)": [0.0, 0.02886495366692543, 0.0, 0.0, 0.0], "(3, 2, 2, 1)": [0.0, 0.0, 0.0, 0.0, 0.0], "(1, 5, 2, 3)": [0.0, 0.0, 0.0, 0.0, 0.0], "(1, 6, 2, 3)": [0.0, 0.026335787028074265, 0.02742062695324421, 0.0, 0.0], "(1, 7, 2, 3)": [0.0, 0.8800593018531799, 0.0, 0.0, 0.0], "(3, 5, 3, 3)": [0.0, 0.0, 0.0, 0.0, 0.0], "(3, 7, 2, 3)": [0.0, 0.9873462319374084, 0.0, 0.0, 0.0], "(3, 1, 2, 1)": [0.0, 0.025190196931362152, 0.0, 0.0, 0.9815198183059692], "(2, 4, 1, 1)": [0.0, 0.0, 0.0, 0.0, 0.0]}}