{"q_values": {"(2, 5, 2, 2)": [37.197364807128906, 37.069210052490234, 37.11532211303711, 37.57131576538086, 35.564796447753906], "(2, 6, 2, 2)": [34.62569808959961, 35.13814926147461, 34.921207427978516, 33.73576354980469, 34.310447692871094], "(2, 7, 2, 2)": [32.87446594238281, 32.67255401611328, 32.560367584228516, 32.48101806640625, 31.255443572998047], "(2, 1, 2, 2)": [30.999765396118164, 30.89865493774414, 31.986669540405273, 31.28108787536621, 31.14055633544922], "(2, 2, 2, 2)": [33.413970947265625, 34.6102409362793, 34.566009521484375, 35.03379821777344, 33.85312271118164], "(2, 4, 2, 2)": [36.725711822509766, 37.90200424194336, 37.88070297241211, 38.335567474365234, 37.853267669677734], "(2, 3, 2, 2)": [35.8519401550293, 36.03508377075195, 36.87262725830078, 36.52421188354492, 36.6734504699707], "(2, 1, 2, 1)": [5.713259696960449, 4.282288551330566, 9.492664337158203, 8.687970161437988, 10.569910049438477], "(2, 3, 2, 3)": [1.441072940826416, 1.434881567955017, 0.9291226863861084, 0.05881061404943466, 0.03089682199060917], "(2, 4, 2, 3)": [4.830745697021484, 4.339416027069092, 2.7049903869628906, 0.3216681480407715, 0.33256247639656067], "(2, 5, 2, 3)": [4.394873142242432, 5.511005401611328, 2.896205425262451, 0.40372025966644287, 0.8467990756034851], "(2, 4, 2, 1)": [0.36229997873306274, 0.4649149775505066, 3.532123565673828, 4.597386360168457, 3.1740477085113525], "(2, 3, 2, 1)": [0.861736536026001, 1.2421990633010864, 5.474628925323486, 6.776707649230957, 6.788382530212402], "(2, 2, 2, 1)": [1.1777276992797852, 1.7425894737243652, 5.531280994415283, 4.522079944610596, 9.541976928710938], "(2, 6, 2, 3)": [10.382987976074219, 7.09517765045166, 2.938110113143921, 1.421919584274292, 1.531741976737976], "(2, 7, 2, 3)": [11.120420455932617, 6.026705741882324, 6.072516441345215, 6.122584342956543, 5.695151329040527], "(3, 2, 2, 2)": [0.058687806129455566, 0.09101824462413788, 0.11289943754673004, 0.11405759304761887, 0.1427820473909378], "(3, 1, 2, 2)": [0.11154018342494965, 0.7292990684509277, 0.08562389761209488, 0.20963984727859497, 0.1695462465286255], "(3, 7, 2, 2)": [0.3216213285923004, 1.0444984436035156, 0.8695220351219177, 0.8685689568519592, 0.296489417552948], "(3, 5, 2, 2)": [0.7867240905761719, 0.2838822603225708, 0.20319800078868866, 0.060595400631427765, 0.12396527826786041], "(3, 5, 2, 3)": [0.0, 0.0, 0.0, 0.02893892116844654, 0.0], "(3, 6, 3, 3)": [0.0, 0.035488903522491455, 0.0, 0.0, 0.02630552463233471], "(3, 6, 2, 2)": [0.3207137882709503, 0.3399784564971924, 0.33168062567710876, 0.289437472820282, 0.28634488582611084], "(3, 7, 3, 3)": [0.0, 0.07421017438173294, 0.0, 0.02484441176056862, 0.0], "(2, 5, 2, 1)": [0.0, 0.2663682997226715, 0.04246995225548744, 1.3405545949935913, 0.0], "(3, 4, 2, 2)": [0.18924643099308014, 0.13606204092502594, 0.06924042105674744, 0.03595949709415436, 0.23768024146556854], "(2, 5, 1, 1)": [0.0, 0.0, 0.0, 0.0, 0.0], "(2, 1, 1, 1)": [0.659237265586853, 0.0, 0.0, 0.0, 0.0], "(2, 5, 3, 3)": [0.08850916475057602, 0.0, 0.0, 0.0, 0.0], "(2, 4, 3, 3)": [0.0, 0.0, 0.0, 0.05909675732254982, 0.0], "(2, 6, 2, 1)": [0.029338274151086807, 0.0, 1.1310659646987915, 0.0, 0.0], "(1, 4, 2, 2)": [0.30253830552101135, 0.08818364143371582, 0.14967171847820282, 0.09082736074924469, 0.1712876260280609], "(1, 5, 2, 2)": [0.1705954372882843, 0.14301858842372894, 0.1714402437210083, 0.1397242546081543, 0.17070317268371582], "(1, 6, 2, 2)": [0.11415249854326248, 0.2751190662384033, 0.1397690623998642, 0.08730119466781616, 0.11561575531959534], "(1, 7, 2, 2)": [1.13864266872406, 0.1495072841644287, 0.15649281442165375, 0.11841070652008057, 0.7460535168647766], "(1, 3, 2, 2)": [0.03252655267715454, 0.05830242484807968, 1.0699129104614258, 0.0649954229593277, 0.14636938273906708], "(1, 2, 2, 2)": [0.0884488970041275, 0.08079418540000916, 0.11163060367107391, 0.0596674382686615, 0.11775386333465576], "(1, 1, 2, 2)": [0.0524970144033432, 0.056251294910907745, 0.0784144476056099, 0.6332689523696899, 0.858217179775238], "(1, 4, 2, 3)": [0.0, 0.033526450395584106, 0.05677125230431557, 0.02994508668780327, 0.0], "(2, 6, 1, 1)": [0.0, 0.0, 0.0, 0.0, 0.0], "(2, 6, 3, 3)": [0.0, 0.1957608461380005, 0.0, 0.0, 0.0], "(2, 3, 1, 1)": [0.0, 0.028773166239261627, 0.20305420458316803, 0.16852371394634247, 0.0], "(3, 3, 2, 2)": [0.032653361558914185, 0.11301734298467636, 0.03597618639469147, 0.06660027801990509, 0.06431803107261658], "(1, 6, 1, 2)": [0.0, 0.0, 0.0, 0.0, 0.0], "(2, 2, 1, 1)": [0.0, 0.03248615935444832, 0.21802322566509247, 0.0, 0.0], "(2, 2, 2, 3)": [0.0, 0.0, 0.9433045387268066, 0.0, 0.0], "(2, 4, 3, 2)": [0.0, 1.0344038009643555, 0.0, 0.0, 0.0], "(3, 4, 2, 1)": [0.0, 0.0, 0.0, 0.0, 0.0], "(3, 3, 2, 1)": [0.0, 0.02886495366692543, 0.0, 0.0, 0.0], "(3, 2, 2, 1)": [0.0, 0.0, 0.0, 0.0, 0.0], "(1, 5, 2, 3)": [0.0, 0.0, 0.0, 0.0, 0.0], "(1, 6, 2, 3)": [0.0, 0.026335787028074265, 0.02742062695324421, 0.0, 0.0], "(1, 7, 2, 3)": [0.0, 0.8800593018531799, 0.0, 0.0, 0.0], "(3, 5, 3, 3)": [0.0, 0.0, 0.0, 0.0, 0.0], "(3, 7, 2, 3)": [0.0, 0.9873462319374084, 0.0, 0.0, 0.0], "(3, 1, 2, 1)": [0.0, 0.025190196931362152, 0.0, 0.0, 0.9815198183059692]}}