{"q_values": {"(2, 5, 2, 2)": [4.020564079284668, 3.9671108722686768, 3.8643693923950195, 3.941923141479492, 4.163675308227539], "(2, 6, 2, 2)": [3.425286293029785, 3.5331661701202393, 3.419515609741211, 3.3761937618255615, 3.4355576038360596], "(2, 7, 2, 2)": [2.0455455780029297, 1.8566442728042603, 1.8955199718475342, 2.091926336288452, 1.8964999914169312], "(2, 1, 2, 2)": [2.5010688304901123, 2.4746053218841553, 2.6971216201782227, 2.585257053375244, 2.8902318477630615], "(2, 2, 2, 2)": [3.5451536178588867, 3.7526683807373047, 3.722365379333496, 3.5913596153259277, 3.741166591644287], "(2, 4, 2, 2)": [4.3212456703186035, 4.3663740158081055, 4.363564491271973, 4.379749774932861, 4.456736087799072], "(2, 3, 2, 2)": [3.8242075443267822, 4.010397911071777, 4.013695240020752, 3.8417046070098877, 4.198904991149902]}}