{"q_values": {"(2, 5, 2, 2)": [8.715322494506836, 8.49553108215332, 8.472599029541016, 8.711999893188477, 8.422504425048828], "(2, 6, 2, 2)": [7.553509712219238, 7.067537784576416, 6.961071014404297, 7.039714813232422, 7.05153226852417], "(2, 7, 2, 2)": [4.9701008796691895, 5.257838249206543, 5.245481967926025, 5.18887186050415, 5.27620267868042], "(2, 1, 2, 2)": [6.590032577514648, 6.2226104736328125, 6.45806360244751, 6.563285827636719, 6.382038116455078], "(2, 2, 2, 2)": [7.872783660888672, 8.160892486572266, 8.249475479125977, 8.514299392700195, 8.329513549804688], "(2, 4, 2, 2)": [9.586944580078125, 9.612505912780762, 9.497054100036621, 9.584976196289062, 9.350935935974121], "(2, 3, 2, 2)": [9.594926834106445, 9.350765228271484, 9.637415885925293, 9.489304542541504, 9.505654335021973], "(1, 1, 2, 2)": [0.0, 0.0, 0.053747933357954025, 0.0, 0.02683224342763424], "(1, 2, 2, 2)": [0.0, 0.0, 0.027638422325253487, 0.16449667513370514, 0.0], "(3, 3, 2, 2)": [0.030751654878258705, 0.05875498056411743, 0.02969222515821457, 0.08924257755279541, 0.0892394632101059], "(3, 4, 2, 2)": [0.029999880120158195, 0.0, 0.08708503097295761, 0.029973408207297325, 0.0], "(3, 5, 2, 2)": [0.029852135106921196, 0.0582277774810791, 0.0, 0.058559540659189224, 0.08564025908708572], "(3, 6, 2, 2)": [0.02972179464995861, 0.11070180684328079, 0.13540717959403992, 0.057001110166311264, 0.08392731845378876], "(3, 2, 2, 2)": [0.0, 0.0, 0.027537982910871506, 0.0, 0.0], "(3, 1, 2, 2)": [0.0, 0.14637070894241333, 0.026700593531131744, 0.02569642849266529, 0.0], "(3, 7, 2, 2)": [0.05140335112810135, 0.1736939251422882, 0.0510413758456707, 0.0, 0.0]}}