{"q_values": {"(2, 5, 2, 2)": [18.66214942932129, 18.450237274169922, 18.421693801879883, 18.26728630065918, 17.282917022705078], "(2, 6, 2, 2)": [16.019207000732422, 15.8549165725708, 15.69662857055664, 15.924071311950684, 15.049103736877441], "(2, 7, 2, 2)": [14.089147567749023, 14.556747436523438, 14.26783275604248, 13.980705261230469, 14.008289337158203], "(2, 1, 2, 2)": [14.122594833374023, 14.031343460083008, 14.176994323730469, 14.447504997253418, 14.3714599609375], "(2, 2, 2, 2)": [16.868690490722656, 16.68743896484375, 17.117233276367188, 17.574125289916992, 17.299427032470703], "(2, 4, 2, 2)": [18.374988555908203, 19.32069969177246, 19.072330474853516, 18.541006088256836, 18.98263168334961], "(2, 3, 2, 2)": [18.072376251220703, 18.992006301879883, 19.06452751159668, 19.08076286315918, 19.14729881286621], "(2, 1, 2, 1)": [0.7676020860671997, 1.3042716979980469, 3.3279552459716797, 2.175305128097534, 1.6584022045135498], "(2, 3, 2, 3)": [0.31974703073501587, 1.434881567955017, 0.3287883698940277, 0.0, 0.03089682199060917], "(2, 4, 2, 3)": [0.0, 1.06417715549469, 1.6019723415374756, 0.06393108516931534, 0.09501947462558746], "(2, 5, 2, 3)": [1.7223445177078247, 1.5632580518722534, 2.2070670127868652, 0.230451762676239, 0.32700005173683167], "(2, 4, 2, 1)": [0.143333300948143, 0.23849119246006012, 0.126176118850708, 0.9734252691268921, 1.7143590450286865], "(2, 3, 2, 1)": [0.10505722463130951, 0.13756495714187622, 0.5654980540275574, 1.0995734930038452, 1.5245753526687622], "(2, 2, 2, 1)": [0.3451569974422455, 0.5885792374610901, 0.7977292537689209, 0.7816759943962097, 2.6555371284484863], "(2, 6, 2, 3)": [1.1612210273742676, 2.314297676086426, 0.7205628752708435, 0.4749073386192322, 0.4543561041355133], "(2, 7, 2, 3)": [2.200468063354492, 2.0129311084747314, 0.9293398857116699, 0.7340064644813538, 2.707035541534424], "(3, 2, 2, 2)": [0.0, 0.0, 0.02751729264855385, 0.027931440621614456, 0.0], "(3, 1, 2, 2)": [0.026118023321032524, 0.0, 0.05263357609510422, 0.08835633099079132, 0.0], "(3, 7, 2, 2)": [0.23229001462459564, 0.9556156992912292, 0.8360055685043335, 0.7567958235740662, 0.1565280556678772], "(3, 5, 2, 2)": [0.08656376600265503, 0.14404457807540894, 0.14609858393669128, 0.060595400631427765, 0.0], "(3, 5, 2, 3)": [0.0, 0.0, 0.0, 0.02893892116844654, 0.0], "(3, 6, 3, 3)": [0.0, 0.0, 0.0, 0.0, 0.02630552463233471], "(3, 6, 2, 2)": [0.12494870275259018, 0.20320317149162292, 0.20006364583969116, 0.1749696582555771, 0.17040614783763885], "(3, 7, 3, 3)": [0.0, 0.07421017438173294, 0.0, 0.02484441176056862, 0.0], "(2, 5, 2, 1)": [0.0, 0.15053138136863708, 0.0, 0.21564480662345886, 0.0], "(3, 4, 2, 2)": [0.06422963738441467, 0.06745284795761108, 0.03425319865345955, 0.0, 0.20793378353118896], "(2, 5, 1, 1)": [0.0, 0.0, 0.0, 0.0, 0.0], "(2, 1, 1, 1)": [0.0, 0.0, 0.0, 0.0, 0.0], "(2, 5, 3, 3)": [0.0, 0.0, 0.0, 0.0, 0.0], "(2, 4, 3, 3)": [0.0, 0.0, 0.0, 0.05909675732254982, 0.0], "(2, 6, 2, 1)": [0.029338274151086807, 0.0, 0.0, 0.0, 0.0], "(1, 4, 2, 2)": [0.11526156961917877, 0.059052105993032455, 0.02993529848754406, 0.05897201597690582, 0.1145881712436676], "(1, 5, 2, 2)": [0.0, 0.0, 0.029426462948322296, 0.028755640611052513, 0.0], "(1, 6, 2, 2)": [0.0, 0.0, 0.0, 0.0, 0.0], "(1, 7, 2, 2)": [0.0, 0.0, 0.02625958062708378, 0.026135927066206932, 0.0], "(1, 3, 2, 2)": [0.0, 0.05830242484807968, 0.0, 0.0, 0.058681219816207886], "(1, 2, 2, 2)": [0.0, 0.05385372042655945, 0.0, 0.0, 0.0], "(1, 1, 2, 2)": [0.0, 0.0, 0.025048531591892242, 0.0, 0.0], "(1, 4, 2, 3)": [0.0, 0.0, 0.05677125230431557, 0.02994508668780327, 0.0]}}