{"q_values": {"(2, 5, 2, 2)": [69.07717895507812, 70.90119171142578, 69.73649597167969, 68.37442016601562, 68.27666473388672], "(2, 6, 2, 2)": [66.32194519042969, 67.42079162597656, 65.91642761230469, 66.21461486816406, 65.06085205078125], "(2, 7, 2, 2)": [62.58629608154297, 61.5241813659668, 62.17100524902344, 61.40811538696289, 60.805503845214844], "(2, 1, 2, 2)": [61.84031677246094, 62.30950927734375, 62.4190559387207, 63.41840362548828, 62.25223159790039], "(2, 2, 2, 2)": [66.40008544921875, 67.20431518554688, 68.2147216796875, 68.9869384765625, 68.20191955566406], "(2, 4, 2, 2)": [71.22661590576172, 71.97067260742188, 71.63152313232422, 70.80314636230469, 70.50469207763672], "(2, 3, 2, 2)": [71.21832275390625, 70.69933319091797, 71.85834503173828, 71.48656463623047, 71.1717300415039], "(2, 1, 2, 1)": [18.152301788330078, 14.098817825317383, 17.026357650756836, 18.14958953857422, 28.830570220947266], "(2, 3, 2, 3)": [3.4355247020721436, 7.366852760314941, 0.9291226863861084, 0.4939448833465576, 0.03089682199060917], "(2, 4, 2, 3)": [19.123451232910156, 7.77067232131958, 6.575117111206055, 1.353838324546814, 1.1226792335510254], "(2, 5, 2, 3)": [20.257368087768555, 10.41280746459961, 10.566231727600098, 2.6776247024536133, 3.7036492824554443], "(2, 4, 2, 1)": [1.0008476972579956, 3.534498691558838, 10.598508834838867, 8.654535293579102, 4.348977088928223], "(2, 3, 2, 1)": [2.4478330612182617, 5.393364906311035, 7.824373245239258, 14.263970375061035, 19.6292667388916], "(2, 2, 2, 1)": [5.958488941192627, 10.134467124938965, 11.412302017211914, 13.641843795776367, 25.06482696533203], "(2, 6, 2, 3)": [27.2863826751709, 16.807174682617188, 9.00711727142334, 6.85667610168457, 5.3952765464782715], "(2, 7, 2, 3)": [30.33449363708496, 15.983745574951172, 14.810845375061035, 17.653766632080078, 12.954751968383789], "(3, 2, 2, 2)": [0.20882831513881683, 0.300168514251709, 0.4632914960384369, 0.5141564607620239, 0.3698650896549225], "(3, 1, 2, 2)": [3.4757676124572754, 0.7682255506515503, 0.14620648324489594, 2.5487000942230225, 4.814907550811768], "(3, 7, 2, 2)": [0.762874960899353, 1.372565746307373, 2.0423152446746826, 1.0539517402648926, 1.6577759981155396], "(3, 5, 2, 2)": [0.9460943937301636, 1.4936448335647583, 0.4934445917606354, 0.6057074069976807, 0.44229575991630554], "(3, 5, 2, 3)": [0.0, 0.0, 0.0, 0.02893892116844654, 0.0], "(3, 6, 3, 3)": [0.0, 0.035488903522491455, 0.0, 0.0, 0.02630552463233471], "(3, 6, 2, 2)": [1.5223207473754883, 0.5000219941139221, 0.6152313351631165, 0.45950114727020264, 0.47516557574272156], "(3, 7, 3, 3)": [0.0, 0.07421017438173294, 0.0, 0.02484441176056862, 0.0], "(2, 5, 2, 1)": [0.029832448810338974, 0.5556027889251709, 1.9190980195999146, 3.9187445640563965, 1.692582368850708], "(3, 4, 2, 2)": [0.5062077641487122, 0.5258378982543945, 0.26165303587913513, 0.2519264221191406, 0.5898182392120361], "(2, 5, 1, 1)": [0.0, 0.0, 0.18011416494846344, 0.0, 0.0], "(2, 1, 1, 1)": [3.5942165851593018, 0.0, 0.0, 0.4527411162853241, 0.0], "(2, 5, 3, 3)": [1.623400330543518, 0.0, 0.0, 0.04133528470993042, 0.0], "(2, 4, 3, 3)": [0.0, 0.0, 0.04688836634159088, 0.05909675732254982, 0.030895138159394264], "(2, 6, 2, 1)": [0.029338274151086807, 0.0, 1.1310659646987915, 1.4628636837005615, 0.0], "(1, 4, 2, 2)": [0.30253830552101135, 0.1211298480629921, 0.21400463581085205, 0.09082736074924469, 1.5726374387741089], "(1, 5, 2, 2)": [0.2008960247039795, 0.20165063440799713, 1.5211539268493652, 0.23073789477348328, 0.3494984805583954], "(1, 6, 2, 2)": [0.40398746728897095, 0.6989713907241821, 0.38042163848876953, 0.255936861038208, 0.3058640956878662], "(1, 7, 2, 2)": [2.209388017654419, 0.44073766469955444, 1.5851702690124512, 0.5481178164482117, 1.8160128593444824], "(1, 3, 2, 2)": [0.06588049978017807, 0.09091576188802719, 1.0763014554977417, 0.1328883171081543, 0.24003936350345612], "(1, 2, 2, 2)": [0.0884488970041275, 0.08079418540000916, 0.11163060367107391, 0.0596674382686615, 0.2535518705844879], "(1, 1, 2, 2)": [0.20121896266937256, 1.813572645187378, 0.5430049896240234, 2.64208984375, 0.9711081981658936], "(1, 4, 2, 3)": [0.0, 0.033526450395584106, 0.05677125230431557, 0.02994508668780327, 0.0], "(2, 6, 1, 1)": [0.0, 0.0, 0.0, 0.0, 0.0], "(2, 6, 3, 3)": [0.0, 0.623194694519043, 0.0, 0.0, 0.0], "(2, 3, 1, 1)": [0.0, 0.028773166239261627, 0.20305420458316803, 0.16852371394634247, 0.0], "(3, 3, 2, 2)": [0.16823603212833405, 1.562502384185791, 0.27006059885025024, 0.1567031443119049, 0.2023850381374359], "(1, 6, 1, 2)": [0.0, 0.0, 0.0, 0.0, 0.0], "(2, 2, 1, 1)": [0.037355031818151474, 0.03248615935444832, 0.21802322566509247, 0.0, 0.0], "(2, 2, 2, 3)": [2.0150606632232666, 1.45297372341156, 0.9433045387268066, 0.0, 0.0], "(2, 4, 3, 2)": [0.0, 1.0344038009643555, 0.0, 0.0, 0.0], "(3, 4, 2, 1)": [0.0, 0.0, 0.0, 0.0, 0.0], "(3, 3, 2, 1)": [0.0, 0.02886495366692543, 0.0, 0.0, 0.0], "(3, 2, 2, 1)": [0.0, 0.0, 0.05553359538316727, 0.0, 1.2378493547439575], "(1, 5, 2, 3)": [0.0, 0.0, 0.0, 0.0, 0.0], "(1, 6, 2, 3)": [0.0, 0.026335787028074265, 0.02742062695324421, 0.0, 0.0], "(1, 7, 2, 3)": [0.0, 0.8800593018531799, 0.0, 0.0, 0.0], "(3, 5, 3, 3)": [0.0, 0.0, 0.0, 0.0, 0.0], "(3, 7, 2, 3)": [0.0, 0.9873462319374084, 0.0, 0.0, 0.0], "(3, 1, 2, 1)": [0.0, 0.025190196931362152, 0.0, 0.0, 0.9896114468574524], "(2, 4, 1, 1)": [0.0, 0.0, 0.0, 0.0, 0.0], "(3, 3, 3, 2)": [0.0, 0.0, 0.0, 0.0, 0.029918691143393517], "(3, 4, 3, 2)": [0.04374305158853531, 0.0, 0.0, 0.0, 0.0], "(3, 5, 3, 2)": [0.0, 0.033753957599401474, 0.0, 0.0, 0.0], "(2, 2, 3, 2)": [0.0, 0.0, 0.0, 0.0, 0.0], "(2, 3, 3, 3)": [0.0, 0.0, 0.0, 0.0, 0.0], "(2, 3, 3, 2)": [0.0, 0.0, 0.0, 0.0, 0.0], "(2, 7, 3, 3)": [0.0, 0.8324441909790039, 0.0, 1.7986220121383667, 0.0]}}