{"q_values": {"(2, 5, 2, 2)": [44.65989685058594, 44.70064926147461, 45.01799774169922, 43.56394958496094, 42.287498474121094], "(2, 6, 2, 2)": [42.337249755859375, 42.06529998779297, 42.21128463745117, 42.546714782714844, 41.06709671020508], "(2, 7, 2, 2)": [40.19445037841797, 40.73484802246094, 40.86007308959961, 40.1754150390625, 39.99263000488281], "(2, 1, 2, 2)": [37.99539566040039, 38.302528381347656, 38.52681350708008, 38.28910827636719, 38.908363342285156], "(2, 2, 2, 2)": [39.75953674316406, 40.557830810546875, 40.92870330810547, 40.46007537841797, 41.375152587890625], "(2, 4, 2, 2)": [45.98933410644531, 45.33446502685547, 46.7359504699707, 46.82707214355469, 45.44801330566406], "(2, 3, 2, 2)": [43.18714141845703, 44.100059509277344, 44.31385803222656, 45.340301513671875, 44.001399993896484], "(2, 1, 2, 1)": [9.434416770935059, 5.580867290496826, 10.986845970153809, 11.916574478149414, 15.226827621459961], "(2, 3, 2, 3)": [1.441072940826416, 3.798417091369629, 0.9291226863861084, 0.11753019690513611, 0.03089682199060917], "(2, 4, 2, 3)": [9.273181915283203, 4.339416027069092, 2.885974407196045, 0.6434451341629028, 0.33256247639656067], "(2, 5, 2, 3)": [9.627664566040039, 7.66926383972168, 4.2661566734313965, 0.8956338167190552, 1.3290596008300781], "(2, 4, 2, 1)": [0.6451242566108704, 0.982483983039856, 7.078832626342773, 5.764626979827881, 4.348977088928223], "(2, 3, 2, 1)": [1.3430867195129395, 2.2846662998199463, 6.5970964431762695, 7.990743160247803, 8.757246017456055], "(2, 2, 2, 1)": [1.879311203956604, 4.127183437347412, 7.629149436950684, 7.376410961151123, 13.59950065612793], "(2, 6, 2, 3)": [16.968700408935547, 9.960598945617676, 7.499560356140137, 2.633901357650757, 2.734412670135498], "(2, 7, 2, 3)": [14.821471214294434, 10.74610710144043, 8.11865234375, 8.544268608093262, 10.208649635314941], "(3, 2, 2, 2)": [0.14783109724521637, 0.11942394077777863, 0.2741887867450714, 0.1716112345457077, 0.2565777003765106], "(3, 1, 2, 2)": [0.11154018342494965, 0.7373526096343994, 0.08562389761209488, 1.3494207859039307, 1.2423969507217407], "(3, 7, 2, 2)": [0.3216213285923004, 1.0862064361572266, 1.932490587234497, 0.9383061528205872, 0.296489417552948], "(3, 5, 2, 2)": [0.8283618092536926, 1.5871763229370117, 0.25929132103919983, 0.16320620477199554, 0.3166821300983429], "(3, 5, 2, 3)": [0.0, 0.0, 0.0, 0.02893892116844654, 0.0], "(3, 6, 3, 3)": [0.0, 0.035488903522491455, 0.0, 0.0, 0.02630552463233471], "(3, 6, 2, 2)": [1.5791369676589966, 0.41536054015159607, 0.35777345299720764, 0.3941343426704407, 0.3308067321777344], "(3, 7, 3, 3)": [0.0, 0.07421017438173294, 0.0, 0.02484441176056862, 0.0], "(2, 5, 2, 1)": [0.029832448810338974, 0.2663682997226715, 0.25712814927101135, 3.9187445640563965, 0.0], "(3, 4, 2, 2)": [0.18924643099308014, 0.2664278745651245, 0.13645625114440918, 0.11422643065452576, 0.3287176191806793], "(2, 5, 1, 1)": [0.0, 0.0, 0.18011416494846344, 0.0, 0.0], "(2, 1, 1, 1)": [1.6574201583862305, 0.0, 0.0, 0.0, 0.0], "(2, 5, 3, 3)": [0.08850916475057602, 0.0, 0.0, 0.0, 0.0], "(2, 4, 3, 3)": [0.0, 0.0, 0.0, 0.05909675732254982, 0.0], "(2, 6, 2, 1)": [0.029338274151086807, 0.0, 1.1310659646987915, 0.0, 0.0], "(1, 4, 2, 2)": [0.30253830552101135, 0.08818364143371582, 0.1821206510066986, 0.09082736074924469, 1.5726374387741089], "(1, 5, 2, 2)": [0.1705954372882843, 0.1717405915260315, 0.19791942834854126, 0.20155733823776245, 0.19882309436798096], "(1, 6, 2, 2)": [0.2498312145471573, 0.46311256289482117, 0.2890286147594452, 0.18653923273086548, 0.21359670162200928], "(1, 7, 2, 2)": [2.2374439239501953, 0.2704950273036957, 0.21920731663703918, 0.2105029970407486, 1.8038833141326904], "(1, 3, 2, 2)": [0.06588049978017807, 0.09091576188802719, 1.0763014554977417, 0.1328883171081543, 0.24003936350345612], "(1, 2, 2, 2)": [0.0884488970041275, 0.08079418540000916, 0.11163060367107391, 0.0596674382686615, 0.11775386333465576], "(1, 1, 2, 2)": [0.0524970144033432, 0.056251294910907745, 0.0784144476056099, 0.6332689523696899, 0.858217179775238], "(1, 4, 2, 3)": [0.0, 0.033526450395584106, 0.05677125230431557, 0.02994508668780327, 0.0], "(2, 6, 1, 1)": [0.0, 0.0, 0.0, 0.0, 0.0], "(2, 6, 3, 3)": [0.0, 0.1957608461380005, 0.0, 0.0, 0.0], "(2, 3, 1, 1)": [0.0, 0.028773166239261627, 0.20305420458316803, 0.16852371394634247, 0.0], "(3, 3, 2, 2)": [0.032653361558914185, 0.11301734298467636, 0.20874716341495514, 0.1567031443119049, 0.12758219242095947], "(1, 6, 1, 2)": [0.0, 0.0, 0.0, 0.0, 0.0], "(2, 2, 1, 1)": [0.0, 0.03248615935444832, 0.21802322566509247, 0.0, 0.0], "(2, 2, 2, 3)": [0.0, 0.0, 0.9433045387268066, 0.0, 0.0], "(2, 4, 3, 2)": [0.0, 1.0344038009643555, 0.0, 0.0, 0.0], "(3, 4, 2, 1)": [0.0, 0.0, 0.0, 0.0, 0.0], "(3, 3, 2, 1)": [0.0, 0.02886495366692543, 0.0, 0.0, 0.0], "(3, 2, 2, 1)": [0.0, 0.0, 0.0, 0.0, 0.0], "(1, 5, 2, 3)": [0.0, 0.0, 0.0, 0.0, 0.0], "(1, 6, 2, 3)": [0.0, 0.026335787028074265, 0.02742062695324421, 0.0, 0.0], "(1, 7, 2, 3)": [0.0, 0.8800593018531799, 0.0, 0.0, 0.0], "(3, 5, 3, 3)": [0.0, 0.0, 0.0, 0.0, 0.0], "(3, 7, 2, 3)": [0.0, 0.9873462319374084, 0.0, 0.0, 0.0], "(3, 1, 2, 1)": [0.0, 0.025190196931362152, 0.0, 0.0, 0.9815198183059692], "(2, 4, 1, 1)": [0.0, 0.0, 0.0, 0.0, 0.0], "(3, 3, 3, 2)": [0.0, 0.0, 0.0, 0.0, 0.029918691143393517], "(3, 4, 3, 2)": [0.04374305158853531, 0.0, 0.0, 0.0, 0.0], "(3, 5, 3, 2)": [0.0, 0.033753957599401474, 0.0, 0.0, 0.0]}}