{"q_values": {"(2, 5, 2, 2)": [8.471843719482422, 8.465068817138672, 8.479665756225586, 8.481929779052734, 8.598188400268555], "(2, 6, 2, 2)": [7.47730827331543, 7.544173240661621, 7.150261402130127, 7.368868350982666, 6.794811725616455], "(2, 7, 2, 2)": [5.079302787780762, 4.958122253417969, 5.14624547958374, 5.312361240386963, 4.801819324493408], "(2, 1, 2, 2)": [6.231032848358154, 6.774036407470703, 6.584983825683594, 6.568435192108154, 6.607222080230713], "(2, 2, 2, 2)": [8.061452865600586, 7.766175746917725, 8.076211929321289, 8.256786346435547, 8.329854011535645], "(2, 4, 2, 2)": [9.435063362121582, 9.291364669799805, 9.27792739868164, 9.279936790466309, 9.064276695251465], "(2, 3, 2, 2)": [9.154287338256836, 8.930402755737305, 9.437729835510254, 9.131939888000488, 8.853760719299316], "(2, 1, 2, 1)": [0.13887695968151093, 0.2070252001285553, 1.0321052074432373, 0.7098644375801086, 0.6193360090255737], "(2, 3, 2, 3)": [0.0, 0.0, 0.3287883698940277, 0.0, 0.03089682199060917], "(2, 4, 2, 3)": [0.0, 0.0, 0.3502066433429718, 0.029884910210967064, 0.0442940853536129], "(2, 5, 2, 3)": [1.0308587551116943, 0.4281778931617737, 0.11828658729791641, 0.029329167678952217, 0.09447614848613739], "(2, 4, 2, 1)": [0.07128927856683731, 0.10079939663410187, 0.0, 0.032615065574645996, 0.42961686849594116], "(2, 3, 2, 1)": [0.06298049539327621, 0.0658932477235794, 0.06991425156593323, 0.27937647700309753, 0.6353248953819275], "(2, 2, 2, 1)": [0.22744444012641907, 0.061642371118068695, 0.2507491707801819, 0.270397424697876, 0.5277838706970215], "(2, 6, 2, 3)": [0.228514164686203, 0.26444345712661743, 0.41161125898361206, 0.16491349041461945, 0.2574600577354431], "(2, 7, 2, 3)": [0.7639237642288208, 0.21272596716880798, 0.21957239508628845, 0.18677006661891937, 0.1714707911014557], "(3, 2, 2, 2)": [0.0, 0.0, 0.02751729264855385, 0.027931440621614456, 0.0], "(3, 1, 2, 2)": [0.0, 0.0, 0.026689577847719193, 0.08835633099079132, 0.0], "(3, 7, 2, 2)": [0.15716812014579773, 0.14520978927612305, 0.27959656715393066, 0.2563517093658447, 0.1311996728181839], "(3, 5, 2, 2)": [0.05899018794298172, 0.08663243055343628, 0.02927517704665661, 0.0, 0.0], "(3, 5, 2, 3)": [0.0, 0.0, 0.0, 0.02893892116844654, 0.0], "(3, 6, 3, 3)": [0.0, 0.0, 0.0, 0.0, 0.02630552463233471], "(3, 6, 2, 2)": [0.0, 0.027638215571641922, 0.058161236345767975, 0.029891815036535263, 0.02746487222611904], "(3, 7, 3, 3)": [0.0, 0.07421017438173294, 0.0, 0.02484441176056862, 0.0], "(2, 5, 2, 1)": [0.0, 0.07115687429904938, 0.0, 0.21564480662345886, 0.0], "(3, 4, 2, 2)": [0.030899593606591225, 0.0, 0.0, 0.0, 0.08906855434179306]}}