{"q_values": {"(2, 5, 2, 2)": [69.1915054321289, 68.22281646728516, 68.19363403320312, 68.73963928222656, 68.29937744140625], "(2, 6, 2, 2)": [60.85960006713867, 63.219181060791016, 61.44926452636719, 60.98093795776367, 61.2281379699707], "(2, 7, 2, 2)": [56.730857849121094, 57.911766052246094, 56.58663558959961, 56.18824005126953, 56.366050720214844], "(2, 1, 2, 2)": [57.002925872802734, 57.587623596191406, 57.0952033996582, 57.76836395263672, 58.44511032104492], "(2, 2, 2, 2)": [60.593841552734375, 60.55295181274414, 60.705078125, 60.193206787109375, 61.512081146240234], "(2, 4, 2, 2)": [68.25201416015625, 68.35643768310547, 68.37794494628906, 68.4303970336914, 69.14251708984375], "(2, 3, 2, 2)": [65.82874298095703, 65.88328552246094, 65.9967269897461, 65.8063735961914, 66.5396957397461], "(1, 1, 2, 2)": [2.0313990116119385, 1.5674127340316772, 1.0166442394256592, 0.38319551944732666, 0.7609087228775024], "(1, 2, 2, 2)": [0.1897050440311432, 0.20479926466941833, 0.2576492726802826, 0.5961499214172363, 0.2363898754119873], "(3, 3, 2, 2)": [0.4483014643192291, 0.5046794414520264, 0.46966075897216797, 0.594319760799408, 0.29014354944229126], "(3, 4, 2, 2)": [0.25358420610427856, 0.34201544523239136, 0.5417065024375916, 0.22182445228099823, 0.2776913642883301], "(3, 5, 2, 2)": [0.21042492985725403, 0.41321003437042236, 0.3124833106994629, 0.2622540295124054, 0.33021125197410583], "(3, 6, 2, 2)": [0.21372374892234802, 2.3494951725006104, 0.3831731677055359, 0.15884804725646973, 0.3135175108909607], "(3, 2, 2, 2)": [0.13568389415740967, 0.1946464478969574, 0.17088744044303894, 0.18583256006240845, 0.22725825011730194], "(3, 1, 2, 2)": [2.4901089668273926, 1.1587629318237305, 1.893189549446106, 2.5573465824127197, 0.35754379630088806], "(3, 7, 2, 2)": [2.6827895641326904, 1.987523078918457, 1.6893607378005981, 0.6595169901847839, 0.11237737536430359], "(1, 5, 2, 2)": [0.41159236431121826, 0.180293008685112, 0.20052455365657806, 0.17846156656742096, 0.18379051983356476], "(1, 6, 2, 2)": [0.4851349890232086, 0.2976476550102234, 0.17185094952583313, 0.19730183482170105, 0.0999155044555664], "(1, 7, 2, 2)": [0.10955847799777985, 0.36866262555122375, 0.0, 1.784285306930542, 1.6502153873443604], "(1, 3, 2, 2)": [0.2301187664270401, 0.06165707856416702, 0.09824909269809723, 0.14982877671718597, 0.11898069083690643], "(1, 4, 2, 2)": [0.15502381324768066, 0.15664631128311157, 0.12664064764976501, 0.24673369526863098, 0.1381605714559555], "(2, 1, 2, 1)": [0.0, 1.0256438255310059, 0.0, 0.0, 0.0], "(2, 2, 2, 1)": [0.0, 0.0, 0.0, 1.2125186920166016, 0.0]}}