{"q_values": {"(2, 5, 2, 2)": [80.76647186279297, 81.34420776367188, 80.43403625488281, 80.35140228271484, 79.5793685913086], "(2, 6, 2, 2)": [75.2254409790039, 75.25140380859375, 74.74264526367188, 75.70809173583984, 74.95731353759766], "(2, 7, 2, 2)": [74.38139343261719, 75.14032745361328, 74.17933654785156, 73.56189727783203, 74.44293212890625], "(2, 1, 2, 2)": [75.32938385009766, 75.90628051757812, 75.54996490478516, 75.92411804199219, 75.22606658935547], "(2, 2, 2, 2)": [80.43061065673828, 80.28192901611328, 80.47089385986328, 81.18426513671875, 80.62781524658203], "(2, 4, 2, 2)": [82.92169952392578, 83.79287719726562, 83.19905090332031, 83.05422973632812, 83.14441680908203], "(2, 3, 2, 2)": [82.9266586303711, 82.97125244140625, 83.27134704589844, 83.4923324584961, 82.88707733154297], "(1, 1, 2, 2)": [2.2821874618530273, 1.5674127340316772, 3.0409798622131348, 0.5193432569503784, 1.1266664266586304], "(1, 2, 2, 2)": [0.25226661562919617, 0.265876829624176, 0.3506568670272827, 0.6148165464401245, 0.3306693136692047], "(3, 3, 2, 2)": [0.4892829358577728, 0.5685073733329773, 0.6190202832221985, 3.343553066253662, 0.37773972749710083], "(3, 4, 2, 2)": [0.6809599995613098, 0.7156011462211609, 0.7893359065055847, 0.9988461136817932, 0.4327636957168579], "(3, 5, 2, 2)": [0.607802152633667, 1.0218217372894287, 0.738696813583374, 0.7667744159698486, 2.1552534103393555], "(3, 6, 2, 2)": [1.076844573020935, 2.498685121536255, 1.3362267017364502, 1.4766186475753784, 0.8065029978752136], "(3, 2, 2, 2)": [0.34189799427986145, 0.6589776277542114, 0.27911096811294556, 0.22378748655319214, 0.2620605528354645], "(3, 1, 2, 2)": [8.138932228088379, 5.292837142944336, 1.9572011232376099, 2.6857540607452393, 0.7781447172164917], "(3, 7, 2, 2)": [4.348140239715576, 10.990985870361328, 5.052093505859375, 4.328088283538818, 3.0797171592712402], "(1, 5, 2, 2)": [0.4554971754550934, 0.180293008685112, 0.2636423110961914, 0.34423598647117615, 0.21171776950359344], "(1, 6, 2, 2)": [0.6364489197731018, 0.2976476550102234, 0.27908656001091003, 0.2697610855102539, 0.21287350356578827], "(1, 7, 2, 2)": [0.2466764748096466, 0.49830448627471924, 0.070001021027565, 1.8150029182434082, 3.4982481002807617], "(1, 3, 2, 2)": [0.3551728129386902, 0.13244231045246124, 0.13406255841255188, 0.182968869805336, 2.100555658340454], "(1, 4, 2, 2)": [0.15502381324768066, 0.1919490545988083, 0.15640144050121307, 0.273110032081604, 2.6950929164886475], "(2, 1, 2, 1)": [0.0, 1.0256438255310059, 0.0, 0.0, 0.0], "(2, 2, 2, 1)": [0.0, 0.0, 0.0, 1.2125186920166016, 0.0], "(2, 6, 2, 3)": [0.0, 0.0, 0.0, 2.1430625915527344, 0.0]}}