{"q_values": {"(2, 5, 2, 2)": [54.539188385009766, 55.903404235839844, 56.369529724121094, 55.80621337890625, 54.66010665893555], "(2, 6, 2, 2)": [53.811065673828125, 53.0976448059082, 53.54434585571289, 52.837215423583984, 51.29121780395508], "(2, 7, 2, 2)": [48.30525207519531, 48.30942153930664, 48.64008712768555, 48.04128646850586, 48.174072265625], "(2, 1, 2, 2)": [48.85376739501953, 49.39146423339844, 50.13010025024414, 50.02977752685547, 50.75446701049805], "(2, 2, 2, 2)": [52.324073791503906, 53.088191986083984, 53.87199020385742, 54.99824142456055, 54.514644622802734], "(2, 4, 2, 2)": [59.070980072021484, 58.22685241699219, 59.47541046142578, 58.592891693115234, 58.706119537353516], "(2, 3, 2, 2)": [57.28644561767578, 59.11035919189453, 58.82822036743164, 59.34457015991211, 58.62886428833008], "(2, 1, 2, 1)": [11.96966552734375, 9.012553215026855, 13.222480773925781, 15.483017921447754, 17.72165870666504], "(2, 3, 2, 3)": [1.441072940826416, 3.798417091369629, 0.9291226863861084, 0.11753019690513611, 0.03089682199060917], "(2, 4, 2, 3)": [12.988224029541016, 4.339416027069092, 2.885974407196045, 0.6434451341629028, 0.6932536363601685], "(2, 5, 2, 3)": [13.397510528564453, 8.824994087219238, 5.597289562225342, 1.1536052227020264, 2.3537745475769043], "(2, 4, 2, 1)": [1.0008983612060547, 1.6079339981079102, 7.078832626342773, 8.654535293579102, 4.348977088928223], "(2, 3, 2, 1)": [1.7106355428695679, 3.7102935314178467, 7.2724690437316895, 9.475126266479492, 10.858575820922852], "(2, 2, 2, 1)": [4.139303684234619, 7.105317115783691, 8.27291488647461, 8.473512649536133, 21.938899993896484], "(2, 6, 2, 3)": [20.369890213012695, 10.160259246826172, 7.954878807067871, 4.200650691986084, 3.804215431213379], "(2, 7, 2, 3)": [23.391637802124023, 12.006839752197266, 8.895931243896484, 12.37000846862793, 10.667280197143555], "(3, 2, 2, 2)": [0.20882831513881683, 0.2174270898103714, 0.3860524594783783, 0.4033013582229614, 0.34434834122657776], "(3, 1, 2, 2)": [1.480970025062561, 0.7595945596694946, 0.14620648324489594, 2.595618724822998, 3.621019124984741], "(3, 7, 2, 2)": [0.37393495440483093, 1.1432162523269653, 1.9352545738220215, 0.9706342220306396, 1.6577759981155396], "(3, 5, 2, 2)": [0.9460943937301636, 1.4936448335647583, 0.4934445917606354, 0.6057074069976807, 0.44229575991630554], "(3, 5, 2, 3)": [0.0, 0.0, 0.0, 0.02893892116844654, 0.0], "(3, 6, 3, 3)": [0.0, 0.035488903522491455, 0.0, 0.0, 0.02630552463233471], "(3, 6, 2, 2)": [1.5223207473754883, 0.5000219941139221, 0.6152313351631165, 0.45950114727020264, 0.47516557574272156], "(3, 7, 3, 3)": [0.0, 0.07421017438173294, 0.0, 0.02484441176056862, 0.0], "(2, 5, 2, 1)": [0.029832448810338974, 0.2663682997226715, 1.9190980195999146, 3.9187445640563965, 1.692582368850708], "(3, 4, 2, 2)": [0.3900214731693268, 0.48935621976852417, 0.17031852900981903, 0.20696505904197693, 0.5552895665168762], "(2, 5, 1, 1)": [0.0, 0.0, 0.18011416494846344, 0.0, 0.0], "(2, 1, 1, 1)": [1.6387230157852173, 0.0, 0.0, 0.4527411162853241, 0.0], "(2, 5, 3, 3)": [1.623400330543518, 0.0, 0.0, 0.04133528470993042, 0.0], "(2, 4, 3, 3)": [0.0, 0.0, 0.04688836634159088, 0.05909675732254982, 0.030895138159394264], "(2, 6, 2, 1)": [0.029338274151086807, 0.0, 1.1310659646987915, 1.4628636837005615, 0.0], "(1, 4, 2, 2)": [0.30253830552101135, 0.08818364143371582, 0.1821206510066986, 0.09082736074924469, 1.5726374387741089], "(1, 5, 2, 2)": [0.1705954372882843, 0.20165063440799713, 1.531630277633667, 0.23073789477348328, 0.2600054442882538], "(1, 6, 2, 2)": [0.40398746728897095, 0.6509283185005188, 0.38042163848876953, 0.255936861038208, 0.3058640956878662], "(1, 7, 2, 2)": [2.2081964015960693, 0.32907193899154663, 1.5245088338851929, 0.4961460530757904, 1.8038833141326904], "(1, 3, 2, 2)": [0.06588049978017807, 0.09091576188802719, 1.0763014554977417, 0.1328883171081543, 0.24003936350345612], "(1, 2, 2, 2)": [0.0884488970041275, 0.08079418540000916, 0.11163060367107391, 0.0596674382686615, 0.11775386333465576], "(1, 1, 2, 2)": [0.0524970144033432, 1.5465480089187622, 0.0784144476056099, 0.6332689523696899, 0.858217179775238], "(1, 4, 2, 3)": [0.0, 0.033526450395584106, 0.05677125230431557, 0.02994508668780327, 0.0], "(2, 6, 1, 1)": [0.0, 0.0, 0.0, 0.0, 0.0], "(2, 6, 3, 3)": [0.0, 0.623194694519043, 0.0, 0.0, 0.0], "(2, 3, 1, 1)": [0.0, 0.028773166239261627, 0.20305420458316803, 0.16852371394634247, 0.0], "(3, 3, 2, 2)": [0.13609778881072998, 1.562502384185791, 0.23809385299682617, 0.1567031443119049, 0.2023850381374359], "(1, 6, 1, 2)": [0.0, 0.0, 0.0, 0.0, 0.0], "(2, 2, 1, 1)": [0.0, 0.03248615935444832, 0.21802322566509247, 0.0, 0.0], "(2, 2, 2, 3)": [0.0, 1.45297372341156, 0.9433045387268066, 0.0, 0.0], "(2, 4, 3, 2)": [0.0, 1.0344038009643555, 0.0, 0.0, 0.0], "(3, 4, 2, 1)": [0.0, 0.0, 0.0, 0.0, 0.0], "(3, 3, 2, 1)": [0.0, 0.02886495366692543, 0.0, 0.0, 0.0], "(3, 2, 2, 1)": [0.0, 0.0, 0.05553359538316727, 0.0, 1.2378493547439575], "(1, 5, 2, 3)": [0.0, 0.0, 0.0, 0.0, 0.0], "(1, 6, 2, 3)": [0.0, 0.026335787028074265, 0.02742062695324421, 0.0, 0.0], "(1, 7, 2, 3)": [0.0, 0.8800593018531799, 0.0, 0.0, 0.0], "(3, 5, 3, 3)": [0.0, 0.0, 0.0, 0.0, 0.0], "(3, 7, 2, 3)": [0.0, 0.9873462319374084, 0.0, 0.0, 0.0], "(3, 1, 2, 1)": [0.0, 0.025190196931362152, 0.0, 0.0, 0.9896114468574524], "(2, 4, 1, 1)": [0.0, 0.0, 0.0, 0.0, 0.0], "(3, 3, 3, 2)": [0.0, 0.0, 0.0, 0.0, 0.029918691143393517], "(3, 4, 3, 2)": [0.04374305158853531, 0.0, 0.0, 0.0, 0.0], "(3, 5, 3, 2)": [0.0, 0.033753957599401474, 0.0, 0.0, 0.0], "(2, 2, 3, 2)": [0.0, 0.0, 0.0, 0.0, 0.0], "(2, 3, 3, 3)": [0.0, 0.0, 0.0, 0.0, 0.0], "(2, 3, 3, 2)": [0.0, 0.0, 0.0, 0.0, 0.0]}}