{"q_values": {"(2, 5, 2, 2)": [39.64616012573242, 38.796607971191406, 38.741722106933594, 38.31281280517578, 37.644290924072266], "(2, 6, 2, 2)": [34.17462158203125, 34.529083251953125, 33.76268005371094, 33.98306655883789, 33.70112609863281], "(2, 7, 2, 2)": [31.696712493896484, 31.028520584106445, 31.427532196044922, 31.085098266601562, 30.212665557861328], "(2, 1, 2, 2)": [33.99707794189453, 34.81887435913086, 34.2285041809082, 34.128265380859375, 34.77408981323242], "(2, 2, 2, 2)": [38.089481353759766, 38.084774017333984, 38.30341339111328, 38.79252243041992, 38.605743408203125], "(2, 4, 2, 2)": [41.41628646850586, 41.697418212890625, 41.35006332397461, 41.28236770629883, 41.24969482421875], "(2, 3, 2, 2)": [40.43785858154297, 40.4060173034668, 40.44251251220703, 40.75141906738281, 40.62839889526367], "(1, 1, 2, 2)": [0.08475784957408905, 1.5652239322662354, 0.9816084504127502, 0.3450980484485626, 0.7358224391937256], "(1, 2, 2, 2)": [0.1897050440311432, 0.20479926466941833, 0.2576492726802826, 0.5776798129081726, 0.2363898754119873], "(3, 3, 2, 2)": [0.26444679498672485, 0.18092568218708038, 0.26056623458862305, 0.3159627616405487, 0.17885150015354156], "(3, 4, 2, 2)": [0.0940563827753067, 0.06591194868087769, 0.22515523433685303, 0.12389489263296127, 0.12056571245193481], "(3, 5, 2, 2)": [0.08792684972286224, 0.08961687237024307, 0.03432084992527962, 0.11598675698041916, 0.17209243774414062], "(3, 6, 2, 2)": [0.17804116010665894, 0.1703716516494751, 0.23474957048892975, 0.090413898229599, 0.2252085655927658], "(3, 2, 2, 2)": [0.0, 0.10846391320228577, 0.1083211824297905, 0.030847417190670967, 0.03039700537919998], "(3, 1, 2, 2)": [0.9108520150184631, 1.1587629318237305, 0.052503250539302826, 1.045935869216919, 0.02645713835954666], "(3, 7, 2, 2)": [1.0992236137390137, 0.28246596455574036, 0.42625898122787476, 0.6150221824645996, 0.05091620609164238], "(1, 5, 2, 2)": [0.0, 0.029157796874642372, 0.057620368897914886, 0.0, 0.05868326872587204], "(1, 6, 2, 2)": [0.08168090134859085, 0.0, 0.0, 0.0, 0.0], "(1, 7, 2, 2)": [0.05284503847360611, 0.0, 0.0, 0.0275980643928051, 1.4335193634033203], "(1, 3, 2, 2)": [0.061271294951438904, 0.029344601556658745, 0.03724971413612366, 0.030810877680778503, 0.02979983761906624], "(1, 4, 2, 2)": [0.09079361706972122, 0.061695538461208344, 0.06261572241783142, 0.09344358742237091, 0.03179370239377022], "(2, 1, 2, 1)": [0.0, 1.0256438255310059, 0.0, 0.0, 0.0]}}