{"q_values": {"(2, 5, 2, 2)": [27.46137237548828, 27.073429107666016, 26.721872329711914, 26.769453048706055, 26.453319549560547], "(2, 6, 2, 2)": [22.160919189453125, 22.80864143371582, 21.81805992126465, 22.14406967163086, 22.11466407775879], "(2, 7, 2, 2)": [19.201847076416016, 19.444908142089844, 19.514774322509766, 19.51531982421875, 19.822099685668945], "(2, 1, 2, 2)": [22.212047576904297, 22.510929107666016, 21.790903091430664, 21.638397216796875, 21.7706356048584], "(2, 2, 2, 2)": [26.184463500976562, 26.096250534057617, 26.305126190185547, 26.220787048339844, 26.67159080505371], "(2, 4, 2, 2)": [28.973609924316406, 28.873397827148438, 28.888322830200195, 28.907791137695312, 28.695579528808594], "(2, 3, 2, 2)": [28.175661087036133, 28.181535720825195, 28.433992385864258, 28.182600021362305, 28.40431785583496], "(1, 1, 2, 2)": [0.08475784957408905, 0.6997184753417969, 0.10930807143449783, 0.11683216691017151, 0.6634117960929871], "(1, 2, 2, 2)": [0.028953583911061287, 0.08421529084444046, 0.13779251277446747, 0.5266563296318054, 0.0563548281788826], "(3, 3, 2, 2)": [0.15586233139038086, 0.11794618517160416, 0.2066410630941391, 0.2890265882015228, 0.14775237441062927], "(3, 4, 2, 2)": [0.029999880120158195, 0.0, 0.1710168868303299, 0.029973408207297325, 0.08980628848075867], "(3, 5, 2, 2)": [0.08792684972286224, 0.0582277774810791, 0.0, 0.11598675698041916, 0.11366130411624908], "(3, 6, 2, 2)": [0.11870761215686798, 0.11070180684328079, 0.18235565721988678, 0.057001110166311264, 0.11333151161670685], "(3, 2, 2, 2)": [0.0, 0.056019604206085205, 0.08196967840194702, 0.0, 0.0], "(3, 1, 2, 2)": [0.9111263751983643, 0.14637070894241333, 0.026700593531131744, 0.02569642849266529, 0.0], "(3, 7, 2, 2)": [0.44124695658683777, 0.23569710552692413, 0.4111112952232361, 0.5850920081138611, 0.05091620609164238], "(1, 5, 2, 2)": [0.0, 0.029157796874642372, 0.057620368897914886, 0.0, 0.05868326872587204], "(1, 6, 2, 2)": [0.08168090134859085, 0.0, 0.0, 0.0, 0.0], "(1, 7, 2, 2)": [0.026062633842229843, 0.0, 0.0, 0.0, 0.24192975461483002]}}