{"q_values": {"(2, 5, 2, 2)": [2.452080488204956, 2.392364978790283, 2.4507710933685303, 2.468602180480957, 2.4195876121520996], "(2, 6, 2, 2)": [2.510435104370117, 2.44704008102417, 2.3768532276153564, 2.29193115234375, 2.1941890716552734], "(2, 7, 2, 2)": [1.1861035823822021, 1.2131123542785645, 1.0510057210922241, 0.8917988538742065, 0.9756689667701721], "(2, 1, 2, 2)": [1.485167145729065, 1.5643775463104248, 1.7502765655517578, 1.8922351598739624, 1.850823163986206], "(2, 2, 2, 2)": [2.587834596633911, 2.7993955612182617, 2.645817279815674, 2.6543519496917725, 2.578615427017212], "(2, 4, 2, 2)": [2.5735225677490234, 2.824681282043457, 2.490814685821533, 2.351947784423828, 2.277599334716797], "(2, 3, 2, 2)": [2.800827741622925, 2.8197133541107178, 2.9258625507354736, 2.5236093997955322, 2.7386183738708496], "(2, 1, 2, 1)": [-0.08775503933429718, 0.00873575359582901, 0.09455278515815735, 0.05123627558350563, 0.0], "(2, 3, 2, 3)": [0.0, 0.0, 0.0, 0.0, 0.03089682199060917], "(2, 4, 2, 3)": [0.0, 0.0, 0.029584074392914772, 0.029884910210967064, 0.0], "(2, 5, 2, 3)": [0.03686146438121796, 0.11674389243125916, 0.11828658729791641, 0.0, 0.029500199481844902], "(2, 4, 2, 1)": [0.029761897400021553, 0.0, 0.0, 0.032615065574645996, 0.0], "(2, 3, 2, 1)": [0.02860099822282791, 0.0, 0.0, 0.0, 0.20213773846626282], "(2, 2, 2, 1)": [0.027468770742416382, 0.0, 0.05803082138299942, 0.06739415228366852, 0.10969197005033493], "(2, 6, 2, 3)": [0.09513865411281586, 0.05185995250940323, 0.032416921108961105, 0.026031676679849625, 0.10574793070554733], "(2, 7, 2, 3)": [-0.013618094846606255, -0.0009677484631538391, -0.028860246762633324, 0.004780905321240425, 0.030135074630379677]}}