{"q_values": {"(2, 5, 2, 2)": [28.035947799682617, 27.668920516967773, 27.754993438720703, 27.45705223083496, 27.476360321044922], "(2, 6, 2, 2)": [23.671751022338867, 24.15957260131836, 23.74708366394043, 23.646564483642578, 23.487815856933594], "(2, 7, 2, 2)": [20.905925750732422, 20.792829513549805, 21.294511795043945, 20.984844207763672, 21.114757537841797], "(2, 1, 2, 2)": [22.973878860473633, 23.442964553833008, 22.956016540527344, 23.073680877685547, 23.476688385009766], "(2, 2, 2, 2)": [27.682348251342773, 27.51628303527832, 27.77635955810547, 27.60086441040039, 27.61858558654785], "(2, 4, 2, 2)": [30.41934585571289, 30.591205596923828, 30.485576629638672, 30.242631912231445, 30.1525821685791], "(2, 3, 2, 2)": [29.656909942626953, 29.59516716003418, 30.06651496887207, 29.70033836364746, 29.801332473754883], "(1, 1, 2, 2)": [0.08475784957408905, 0.6997184753417969, 0.10930807143449783, 0.11683216691017151, 0.6634117960929871], "(1, 2, 2, 2)": [0.028953583911061287, 0.08421529084444046, 0.13779251277446747, 0.5266563296318054, 0.0563548281788826], "(3, 3, 2, 2)": [0.1805730164051056, 0.14969024062156677, 0.2066410630941391, 0.3159627616405487, 0.14775237441062927], "(3, 4, 2, 2)": [0.029999880120158195, 0.0, 0.1710168868303299, 0.029973408207297325, 0.08980628848075867], "(3, 5, 2, 2)": [0.08792684972286224, 0.08961687237024307, 0.03432084992527962, 0.11598675698041916, 0.17209243774414062], "(3, 6, 2, 2)": [0.17804116010665894, 0.1703716516494751, 0.23474957048892975, 0.090413898229599, 0.1427461802959442], "(3, 2, 2, 2)": [0.0, 0.08296255022287369, 0.08196967840194702, 0.0, 0.0], "(3, 1, 2, 2)": [0.9111263751983643, 0.14637070894241333, 0.052503250539302826, 0.02569642849266529, 0.0], "(3, 7, 2, 2)": [0.44124695658683777, 0.23569710552692413, 0.4111112952232361, 0.5850920081138611, 0.05091620609164238], "(1, 5, 2, 2)": [0.0, 0.029157796874642372, 0.057620368897914886, 0.0, 0.05868326872587204], "(1, 6, 2, 2)": [0.08168090134859085, 0.0, 0.0, 0.0, 0.0], "(1, 7, 2, 2)": [0.026062633842229843, 0.0, 0.0, 0.0, 0.24192975461483002]}}