{"q_values": {"(2, 5, 2, 2)": [33.58560562133789, 34.07729721069336, 33.88782501220703, 33.13471984863281, 33.22755813598633], "(2, 6, 2, 2)": [31.891551971435547, 31.384939193725586, 31.49863052368164, 30.473949432373047, 30.70486068725586], "(2, 7, 2, 2)": [28.57159996032715, 28.774738311767578, 28.26200294494629, 28.45213508605957, 28.190095901489258], "(2, 1, 2, 2)": [25.91607666015625, 26.896631240844727, 26.963409423828125, 26.771345138549805, 26.805803298950195], "(2, 2, 2, 2)": [29.131736755371094, 30.161893844604492, 30.120203018188477, 30.201066970825195, 30.224855422973633], "(2, 4, 2, 2)": [33.997623443603516, 33.535926818847656, 33.86810302734375, 33.90902328491211, 33.90501403808594], "(2, 3, 2, 2)": [32.021942138671875, 32.75294876098633, 32.5858154296875, 33.38657760620117, 33.202537536621094], "(2, 1, 2, 1)": [3.8369321823120117, 3.243720531463623, 5.667080402374268, 7.2541046142578125, 9.427632331848145], "(2, 3, 2, 3)": [0.31974703073501587, 1.434881567955017, 0.9291226863861084, 0.05881061404943466, 0.03089682199060917], "(2, 4, 2, 3)": [3.8939590454101562, 3.351116418838501, 1.6019723415374756, 0.24144291877746582, 0.33256247639656067], "(2, 5, 2, 3)": [4.394873142242432, 4.593381404876709, 2.896205425262451, 0.40372025966644287, 0.8467990756034851], "(2, 4, 2, 1)": [0.36229997873306274, 0.4649149775505066, 2.536926507949829, 3.5654890537261963, 3.1740477085113525], "(2, 3, 2, 1)": [0.861736536026001, 1.2421990633010864, 4.639371871948242, 5.936341285705566, 6.788382530212402], "(2, 2, 2, 1)": [0.9078351259231567, 1.4518157243728638, 3.6753666400909424, 4.522079944610596, 8.844285011291504], "(2, 6, 2, 3)": [9.705320358276367, 5.619288921356201, 1.9829630851745605, 0.67702317237854, 1.0265440940856934], "(2, 7, 2, 3)": [8.325732231140137, 5.276736736297607, 2.7294983863830566, 4.57153844833374, 4.701157093048096], "(3, 2, 2, 2)": [0.029202105477452278, 0.06358308345079422, 0.08483149111270905, 0.08600812405347824, 0.1427820473909378], "(3, 1, 2, 2)": [0.08778318762779236, 0.7292990684509277, 0.08562389761209488, 0.20963984727859497, 0.11477527022361755], "(3, 7, 2, 2)": [0.3216213285923004, 1.0216894149780273, 0.8695220351219177, 0.8398677110671997, 0.25108444690704346], "(3, 5, 2, 2)": [0.7867240905761719, 0.2838822603225708, 0.20319800078868866, 0.060595400631427765, 0.12396527826786041], "(3, 5, 2, 3)": [0.0, 0.0, 0.0, 0.02893892116844654, 0.0], "(3, 6, 3, 3)": [0.0, 0.0, 0.0, 0.0, 0.02630552463233471], "(3, 6, 2, 2)": [0.3207137882709503, 0.3399784564971924, 0.33168062567710876, 0.289437472820282, 0.28634488582611084], "(3, 7, 3, 3)": [0.0, 0.07421017438173294, 0.0, 0.02484441176056862, 0.0], "(2, 5, 2, 1)": [0.0, 0.15053138136863708, 0.04246995225548744, 0.21564480662345886, 0.0], "(3, 4, 2, 2)": [0.18924643099308014, 0.13606204092502594, 0.06924042105674744, 0.03595949709415436, 0.23768024146556854], "(2, 5, 1, 1)": [0.0, 0.0, 0.0, 0.0, 0.0], "(2, 1, 1, 1)": [0.659237265586853, 0.0, 0.0, 0.0, 0.0], "(2, 5, 3, 3)": [0.08850916475057602, 0.0, 0.0, 0.0, 0.0], "(2, 4, 3, 3)": [0.0, 0.0, 0.0, 0.05909675732254982, 0.0], "(2, 6, 2, 1)": [0.029338274151086807, 0.0, 0.0, 0.0, 0.0], "(1, 4, 2, 2)": [0.30253830552101135, 0.08818364143371582, 0.12252415716648102, 0.05897201597690582, 0.1712876260280609], "(1, 5, 2, 2)": [0.11819113790988922, 0.06041238456964493, 0.11926545947790146, 0.028755640611052513, 0.061623938381671906], "(1, 6, 2, 2)": [0.0, 0.11982539296150208, 0.054899051785469055, 0.0, 0.02823312021791935], "(1, 7, 2, 2)": [0.10022123157978058, 0.11486192047595978, 0.02625958062708378, 0.054257333278656006, 0.7460535168647766], "(1, 3, 2, 2)": [0.0, 0.05830242484807968, 1.0699366331100464, 0.033600665628910065, 0.058681219816207886], "(1, 2, 2, 2)": [0.0884488970041275, 0.08079418540000916, 0.11163060367107391, 0.0596674382686615, 0.11775386333465576], "(1, 1, 2, 2)": [0.0524970144033432, 0.056251294910907745, 0.0784144476056099, 0.6332689523696899, 0.858217179775238], "(1, 4, 2, 3)": [0.0, 0.033526450395584106, 0.05677125230431557, 0.02994508668780327, 0.0], "(2, 6, 1, 1)": [0.0, 0.0, 0.0, 0.0, 0.0], "(2, 6, 3, 3)": [0.0, 0.1957608461380005, 0.0, 0.0, 0.0], "(2, 3, 1, 1)": [0.0, 0.028773166239261627, 0.20305420458316803, 0.16852371394634247, 0.0], "(3, 3, 2, 2)": [0.032653361558914185, 0.11301734298467636, 0.03597618639469147, 0.06660027801990509, 0.06431803107261658], "(1, 6, 1, 2)": [0.0, 0.0, 0.0, 0.0, 0.0], "(2, 2, 1, 1)": [0.0, 0.03248615935444832, 0.21802322566509247, 0.0, 0.0], "(2, 2, 2, 3)": [0.0, 0.0, 0.9433045387268066, 0.0, 0.0], "(2, 4, 3, 2)": [0.0, 1.0344038009643555, 0.0, 0.0, 0.0], "(3, 4, 2, 1)": [0.0, 0.0, 0.0, 0.0, 0.0], "(3, 3, 2, 1)": [0.0, 0.02886495366692543, 0.0, 0.0, 0.0], "(3, 2, 2, 1)": [0.0, 0.0, 0.0, 0.0, 0.0], "(1, 5, 2, 3)": [0.0, 0.0, 0.0, 0.0, 0.0], "(1, 6, 2, 3)": [0.0, 0.026335787028074265, 0.02742062695324421, 0.0, 0.0], "(1, 7, 2, 3)": [0.0, 0.8800593018531799, 0.0, 0.0, 0.0]}}