{"q_values": {"(2, 5, 2, 2)": [5.032948970794678, 4.9329705238342285, 5.10042142868042, 5.025416374206543, 5.015698432922363], "(2, 6, 2, 2)": [4.607238292694092, 4.805208206176758, 4.710153102874756, 4.484951496124268, 4.514667510986328], "(2, 7, 2, 2)": [3.225923538208008, 2.9573323726654053, 2.913350820541382, 2.810908317565918, 2.64267897605896], "(2, 1, 2, 2)": [3.4275834560394287, 3.6019861698150635, 3.8657870292663574, 3.9243264198303223, 3.595661163330078], "(2, 2, 2, 2)": [4.628665447235107, 4.727336406707764, 4.962443828582764, 4.8222832679748535, 4.940332412719727], "(2, 4, 2, 2)": [4.915279865264893, 5.020875453948975, 5.209122180938721, 5.156619548797607, 4.937572479248047], "(2, 3, 2, 2)": [5.007657527923584, 5.101984024047852, 5.067156791687012, 4.887196063995361, 4.788430213928223], "(2, 1, 2, 1)": [0.07712382078170776, 0.048125576227903366, 0.15354286134243011, 0.05123627558350563, 0.08550198376178741], "(2, 3, 2, 3)": [0.0, 0.0, 0.03414785861968994, 0.0, 0.03089682199060917], "(2, 4, 2, 3)": [0.0, 0.0, 0.06220058351755142, 0.029884910210967064, 0.0], "(2, 5, 2, 3)": [0.14797016978263855, 0.23098132014274597, 0.11828658729791641, 0.029329167678952217, 0.061126403510570526], "(2, 4, 2, 1)": [0.029761897400021553, 0.034072455018758774, 0.0, 0.032615065574645996, 0.17854897677898407], "(2, 3, 2, 1)": [0.02860099822282791, 0.0, 0.0, 0.0, 0.20213773846626282], "(2, 2, 2, 1)": [0.027468770742416382, 0.0, 0.15673625469207764, 0.06739415228366852, 0.10969197005033493], "(2, 6, 2, 3)": [0.09513865411281586, 0.05185995250940323, 0.08104510605335236, 0.07786887884140015, 0.15274596214294434], "(2, 7, 2, 3)": [0.23430395126342773, 0.21272596716880798, 0.077527716755867, 0.004780905321240425, 0.06858056783676147], "(3, 2, 2, 2)": [0.0, 0.0, 0.02751729264855385, 0.027931440621614456, 0.0], "(3, 1, 2, 2)": [0.0, 0.0, 0.026689577847719193, 0.08835633099079132, 0.0]}}