{"q_values": {"(2, 5, 2, 2)": [2.4729368686676025, 2.4301719665527344, 2.484734296798706, 2.4829649925231934, 2.454725980758667], "(2, 6, 2, 2)": [2.5079283714294434, 2.441283941268921, 2.3587241172790527, 2.2843453884124756, 2.4155893325805664], "(2, 7, 2, 2)": [1.0960438251495361, 1.238053798675537, 1.0185868740081787, 0.8682184815406799, 0.9879134893417358], "(2, 1, 2, 2)": [1.4729785919189453, 1.501726746559143, 1.7358582019805908, 1.872943639755249, 1.842574954032898], "(2, 2, 2, 2)": [2.643721580505371, 2.849754810333252, 2.669848680496216, 2.6576013565063477, 2.5992789268493652], "(2, 4, 2, 2)": [2.631398916244507, 2.8707501888275146, 2.5351948738098145, 2.3971521854400635, 2.3542535305023193], "(2, 3, 2, 2)": [2.81790828704834, 2.878797769546509, 2.944669723510742, 2.531208038330078, 2.7809746265411377]}}