{"q_values": {"(2, 5, 2, 2)": [40.903202056884766, 41.237937927246094, 41.17420196533203, 41.092384338378906, 40.228694915771484], "(2, 6, 2, 2)": [38.04561996459961, 37.54203796386719, 37.47616958618164, 37.27213668823242, 35.8514404296875], "(2, 7, 2, 2)": [36.33205795288086, 35.555702209472656, 35.717041015625, 35.424442291259766, 34.47927474975586], "(2, 1, 2, 2)": [34.16952133178711, 33.87472152709961, 34.656227111816406, 34.5905876159668, 34.51831817626953], "(2, 2, 2, 2)": [37.24639129638672, 37.31997299194336, 36.684593200683594, 38.176979064941406, 38.180850982666016], "(2, 4, 2, 2)": [41.6455192565918, 42.140445709228516, 42.63249588012695, 42.57969665527344, 42.11031723022461], "(2, 3, 2, 2)": [37.77467346191406, 38.71257400512695, 39.123634338378906, 39.814632415771484, 39.35772705078125], "(2, 1, 2, 1)": [7.667306900024414, 5.267220497131348, 10.986845970153809, 10.244550704956055, 13.26683235168457], "(2, 3, 2, 3)": [1.441072940826416, 2.5537045001983643, 0.9291226863861084, 0.05881061404943466, 0.03089682199060917], "(2, 4, 2, 3)": [7.078804016113281, 4.339416027069092, 2.7049903869628906, 0.46804147958755493, 0.33256247639656067], "(2, 5, 2, 3)": [6.470626354217529, 5.511005401611328, 3.06840443611145, 0.40372025966644287, 1.0801063776016235], "(2, 4, 2, 1)": [0.6342178583145142, 0.734056830406189, 4.714338302612305, 4.597386360168457, 4.348977088928223], "(2, 3, 2, 1)": [0.861736536026001, 2.0457675457000732, 6.5970964431762695, 7.670665740966797, 7.736261367797852], "(2, 2, 2, 1)": [1.4360982179641724, 3.7530405521392822, 7.629149436950684, 5.373430252075195, 10.275350570678711], "(2, 6, 2, 3)": [14.000244140625, 7.9859113693237305, 3.9931445121765137, 2.2500791549682617, 2.0333151817321777], "(2, 7, 2, 3)": [11.839581489562988, 7.854790210723877, 7.9528584480285645, 6.343295574188232, 7.612384796142578], "(3, 2, 2, 2)": [0.11781901121139526, 0.11942394077777863, 0.22287695109844208, 0.1716112345457077, 0.20103292167186737], "(3, 1, 2, 2)": [0.11154018342494965, 0.7292990684509277, 0.08562389761209488, 0.20963984727859497, 1.2423969507217407], "(3, 7, 2, 2)": [0.3216213285923004, 1.0862064361572266, 1.932490587234497, 0.8685689568519592, 0.296489417552948], "(3, 5, 2, 2)": [0.808707594871521, 0.3857898414134979, 0.25929132103919983, 0.12462758272886276, 0.21429957449436188], "(3, 5, 2, 3)": [0.0, 0.0, 0.0, 0.02893892116844654, 0.0], "(3, 6, 3, 3)": [0.0, 0.035488903522491455, 0.0, 0.0, 0.02630552463233471], "(3, 6, 2, 2)": [1.590481162071228, 0.41536054015159607, 0.33168062567710876, 0.34164637327194214, 0.3308067321777344], "(3, 7, 3, 3)": [0.0, 0.07421017438173294, 0.0, 0.02484441176056862, 0.0], "(2, 5, 2, 1)": [0.0, 0.2663682997226715, 0.04246995225548744, 1.3405545949935913, 0.0], "(3, 4, 2, 2)": [0.18924643099308014, 0.20051628351211548, 0.10805261135101318, 0.07343168556690216, 0.3287176191806793], "(2, 5, 1, 1)": [0.0, 0.0, 0.0, 0.0, 0.0], "(2, 1, 1, 1)": [1.6574201583862305, 0.0, 0.0, 0.0, 0.0], "(2, 5, 3, 3)": [0.08850916475057602, 0.0, 0.0, 0.0, 0.0], "(2, 4, 3, 3)": [0.0, 0.0, 0.0, 0.05909675732254982, 0.0], "(2, 6, 2, 1)": [0.029338274151086807, 0.0, 1.1310659646987915, 0.0, 0.0], "(1, 4, 2, 2)": [0.30253830552101135, 0.08818364143371582, 0.14967171847820282, 0.09082736074924469, 0.1712876260280609], "(1, 5, 2, 2)": [0.1705954372882843, 0.1717405915260315, 0.19791942834854126, 0.20155733823776245, 0.19882309436798096], "(1, 6, 2, 2)": [0.21723121404647827, 0.40720123052597046, 0.2573626935482025, 0.18653923273086548, 0.14520105719566345], "(1, 7, 2, 2)": [2.2364866733551025, 0.21029004454612732, 0.15649281442165375, 0.2105029970407486, 1.7897770404815674], "(1, 3, 2, 2)": [0.06588049978017807, 0.09091576188802719, 1.0699129104614258, 0.09735014289617538, 0.17715415358543396], "(1, 2, 2, 2)": [0.0884488970041275, 0.08079418540000916, 0.11163060367107391, 0.0596674382686615, 0.11775386333465576], "(1, 1, 2, 2)": [0.0524970144033432, 0.056251294910907745, 0.0784144476056099, 0.6332689523696899, 0.858217179775238], "(1, 4, 2, 3)": [0.0, 0.033526450395584106, 0.05677125230431557, 0.02994508668780327, 0.0], "(2, 6, 1, 1)": [0.0, 0.0, 0.0, 0.0, 0.0], "(2, 6, 3, 3)": [0.0, 0.1957608461380005, 0.0, 0.0, 0.0], "(2, 3, 1, 1)": [0.0, 0.028773166239261627, 0.20305420458316803, 0.16852371394634247, 0.0], "(3, 3, 2, 2)": [0.032653361558914185, 0.11301734298467636, 0.15233002603054047, 0.1283574402332306, 0.10089388489723206], "(1, 6, 1, 2)": [0.0, 0.0, 0.0, 0.0, 0.0], "(2, 2, 1, 1)": [0.0, 0.03248615935444832, 0.21802322566509247, 0.0, 0.0], "(2, 2, 2, 3)": [0.0, 0.0, 0.9433045387268066, 0.0, 0.0], "(2, 4, 3, 2)": [0.0, 1.0344038009643555, 0.0, 0.0, 0.0], "(3, 4, 2, 1)": [0.0, 0.0, 0.0, 0.0, 0.0], "(3, 3, 2, 1)": [0.0, 0.02886495366692543, 0.0, 0.0, 0.0], "(3, 2, 2, 1)": [0.0, 0.0, 0.0, 0.0, 0.0], "(1, 5, 2, 3)": [0.0, 0.0, 0.0, 0.0, 0.0], "(1, 6, 2, 3)": [0.0, 0.026335787028074265, 0.02742062695324421, 0.0, 0.0], "(1, 7, 2, 3)": [0.0, 0.8800593018531799, 0.0, 0.0, 0.0], "(3, 5, 3, 3)": [0.0, 0.0, 0.0, 0.0, 0.0], "(3, 7, 2, 3)": [0.0, 0.9873462319374084, 0.0, 0.0, 0.0], "(3, 1, 2, 1)": [0.0, 0.025190196931362152, 0.0, 0.0, 0.9815198183059692]}}