{"q_values": {"(2, 5, 2, 2)": [54.26622772216797, 54.85810852050781, 54.197383880615234, 54.0141716003418, 53.22514724731445], "(2, 6, 2, 2)": [51.34748077392578, 50.77915573120117, 50.1741943359375, 49.92209243774414, 47.87189865112305], "(2, 7, 2, 2)": [46.639015197753906, 47.01217269897461, 47.41142272949219, 46.854042053222656, 46.95545196533203], "(2, 1, 2, 2)": [46.38728332519531, 47.81566619873047, 48.402259826660156, 47.8528938293457, 48.47438430786133], "(2, 2, 2, 2)": [49.51272964477539, 50.93889617919922, 51.52772521972656, 52.546207427978516, 51.61753845214844], "(2, 4, 2, 2)": [56.296714782714844, 56.6226806640625, 57.149532318115234, 56.586978912353516, 56.49113082885742], "(2, 3, 2, 2)": [55.76826858520508, 56.66263961791992, 56.55779266357422, 57.290245056152344, 56.66981887817383], "(2, 1, 2, 1)": [10.927680015563965, 8.701562881469727, 13.222480773925781, 15.483017921447754, 17.72165870666504], "(2, 3, 2, 3)": [1.441072940826416, 3.798417091369629, 0.9291226863861084, 0.11753019690513611, 0.03089682199060917], "(2, 4, 2, 3)": [12.988224029541016, 4.339416027069092, 2.885974407196045, 0.6434451341629028, 0.33256247639656067], "(2, 5, 2, 3)": [12.081727981567383, 8.824994087219238, 5.597289562225342, 1.1536052227020264, 2.378739356994629], "(2, 4, 2, 1)": [1.0008983612060547, 1.3613076210021973, 7.078832626342773, 8.654535293579102, 4.348977088928223], "(2, 3, 2, 1)": [1.7106355428695679, 3.7102935314178467, 7.036584377288818, 9.475126266479492, 10.858575820922852], "(2, 2, 2, 1)": [4.139303684234619, 6.531956195831299, 7.937935829162598, 8.473512649536133, 21.050031661987305], "(2, 6, 2, 3)": [19.330812454223633, 10.160259246826172, 7.954878807067871, 3.7603063583374023, 3.378471851348877], "(2, 7, 2, 3)": [21.69975471496582, 12.006839752197266, 8.325631141662598, 11.141214370727539, 10.208649635314941], "(3, 2, 2, 2)": [0.18205851316452026, 0.2174270898103714, 0.3860524594783783, 0.37606194615364075, 0.3148484528064728], "(3, 1, 2, 2)": [1.480970025062561, 0.7513163089752197, 0.11987723410129547, 2.6433498859405518, 3.621019124984741], "(3, 7, 2, 2)": [0.3216213285923004, 1.1145390272140503, 1.9352545738220215, 0.9706342220306396, 1.6461093425750732], "(3, 5, 2, 2)": [0.9460943937301636, 1.4936323165893555, 0.46164557337760925, 0.5476921796798706, 0.407363623380661], "(3, 5, 2, 3)": [0.0, 0.0, 0.0, 0.02893892116844654, 0.0], "(3, 6, 3, 3)": [0.0, 0.035488903522491455, 0.0, 0.0, 0.02630552463233471], "(3, 6, 2, 2)": [1.5250426530838013, 0.5000219941139221, 0.5270793437957764, 0.3941343426704407, 0.3890153765678406], "(3, 7, 3, 3)": [0.0, 0.07421017438173294, 0.0, 0.02484441176056862, 0.0], "(2, 5, 2, 1)": [0.029832448810338974, 0.2663682997226715, 1.9190980195999146, 3.9187445640563965, 1.692582368850708], "(3, 4, 2, 2)": [0.34931454062461853, 0.48935621976852417, 0.17031852900981903, 0.16067233681678772, 0.5328466892242432], "(2, 5, 1, 1)": [0.0, 0.0, 0.18011416494846344, 0.0, 0.0], "(2, 1, 1, 1)": [1.6387230157852173, 0.0, 0.0, 0.4527411162853241, 0.0], "(2, 5, 3, 3)": [1.623400330543518, 0.0, 0.0, 0.0, 0.0], "(2, 4, 3, 3)": [0.0, 0.0, 0.04688836634159088, 0.05909675732254982, 0.030895138159394264], "(2, 6, 2, 1)": [0.029338274151086807, 0.0, 1.1310659646987915, 1.4628636837005615, 0.0], "(1, 4, 2, 2)": [0.30253830552101135, 0.08818364143371582, 0.1821206510066986, 0.09082736074924469, 1.5726374387741089], "(1, 5, 2, 2)": [0.1705954372882843, 0.20165063440799713, 1.531630277633667, 0.23073789477348328, 0.2600054442882538], "(1, 6, 2, 2)": [0.37235918641090393, 0.627860963344574, 0.3482590317726135, 0.2198658287525177, 0.3058640956878662], "(1, 7, 2, 2)": [2.208932876586914, 0.32907193899154663, 1.50200617313385, 0.44316038489341736, 1.8038833141326904], "(1, 3, 2, 2)": [0.06588049978017807, 0.09091576188802719, 1.0763014554977417, 0.1328883171081543, 0.24003936350345612], "(1, 2, 2, 2)": [0.0884488970041275, 0.08079418540000916, 0.11163060367107391, 0.0596674382686615, 0.11775386333465576], "(1, 1, 2, 2)": [0.0524970144033432, 1.5465480089187622, 0.0784144476056099, 0.6332689523696899, 0.858217179775238], "(1, 4, 2, 3)": [0.0, 0.033526450395584106, 0.05677125230431557, 0.02994508668780327, 0.0], "(2, 6, 1, 1)": [0.0, 0.0, 0.0, 0.0, 0.0], "(2, 6, 3, 3)": [0.0, 0.1957608461380005, 0.0, 0.0, 0.0], "(2, 3, 1, 1)": [0.0, 0.028773166239261627, 0.20305420458316803, 0.16852371394634247, 0.0], "(3, 3, 2, 2)": [0.0651111751794815, 1.562502384185791, 0.23809385299682617, 0.1567031443119049, 0.2023850381374359], "(1, 6, 1, 2)": [0.0, 0.0, 0.0, 0.0, 0.0], "(2, 2, 1, 1)": [0.0, 0.03248615935444832, 0.21802322566509247, 0.0, 0.0], "(2, 2, 2, 3)": [0.0, 1.45297372341156, 0.9433045387268066, 0.0, 0.0], "(2, 4, 3, 2)": [0.0, 1.0344038009643555, 0.0, 0.0, 0.0], "(3, 4, 2, 1)": [0.0, 0.0, 0.0, 0.0, 0.0], "(3, 3, 2, 1)": [0.0, 0.02886495366692543, 0.0, 0.0, 0.0], "(3, 2, 2, 1)": [0.0, 0.0, 0.05553359538316727, 0.0, 1.2378493547439575], "(1, 5, 2, 3)": [0.0, 0.0, 0.0, 0.0, 0.0], "(1, 6, 2, 3)": [0.0, 0.026335787028074265, 0.02742062695324421, 0.0, 0.0], "(1, 7, 2, 3)": [0.0, 0.8800593018531799, 0.0, 0.0, 0.0], "(3, 5, 3, 3)": [0.0, 0.0, 0.0, 0.0, 0.0], "(3, 7, 2, 3)": [0.0, 0.9873462319374084, 0.0, 0.0, 0.0], "(3, 1, 2, 1)": [0.0, 0.025190196931362152, 0.0, 0.0, 0.9896114468574524], "(2, 4, 1, 1)": [0.0, 0.0, 0.0, 0.0, 0.0], "(3, 3, 3, 2)": [0.0, 0.0, 0.0, 0.0, 0.029918691143393517], "(3, 4, 3, 2)": [0.04374305158853531, 0.0, 0.0, 0.0, 0.0], "(3, 5, 3, 2)": [0.0, 0.033753957599401474, 0.0, 0.0, 0.0], "(2, 2, 3, 2)": [0.0, 0.0, 0.0, 0.0, 0.0], "(2, 3, 3, 3)": [0.0, 0.0, 0.0, 0.0, 0.0], "(2, 3, 3, 2)": [0.0, 0.0, 0.0, 0.0, 0.0]}}