{"q_values": {"(2, 5, 2, 2)": [37.336063385009766, 36.9079475402832, 36.890342712402344, 36.05659866333008, 36.7780647277832], "(2, 6, 2, 2)": [32.293148040771484, 32.49065399169922, 31.81618881225586, 31.634552001953125, 31.445119857788086], "(2, 7, 2, 2)": [30.30918312072754, 28.630878448486328, 29.804597854614258, 29.468276977539062, 29.55349349975586], "(2, 1, 2, 2)": [31.937191009521484, 31.85663604736328, 31.762859344482422, 31.86479949951172, 32.39187240600586], "(2, 2, 2, 2)": [34.7910270690918, 35.34686279296875, 35.18952560424805, 35.857521057128906, 36.32489776611328], "(2, 4, 2, 2)": [39.032920837402344, 39.39767074584961, 38.966827392578125, 39.02031326293945, 38.94918441772461], "(2, 3, 2, 2)": [38.41762161254883, 38.29841232299805, 38.86053466796875, 38.615264892578125, 38.64157485961914], "(1, 1, 2, 2)": [0.08475784957408905, 1.5652239322662354, 0.9816084504127502, 0.3450980484485626, 0.7358224391937256], "(1, 2, 2, 2)": [0.1897050440311432, 0.20479926466941833, 0.2576492726802826, 0.5776798129081726, 0.2363898754119873], "(3, 3, 2, 2)": [0.26444679498672485, 0.18092568218708038, 0.26056623458862305, 0.3159627616405487, 0.17885150015354156], "(3, 4, 2, 2)": [0.0940563827753067, 0.06591194868087769, 0.22515523433685303, 0.12389489263296127, 0.12056571245193481], "(3, 5, 2, 2)": [0.08792684972286224, 0.08961687237024307, 0.03432084992527962, 0.11598675698041916, 0.17209243774414062], "(3, 6, 2, 2)": [0.17804116010665894, 0.1703716516494751, 0.23474957048892975, 0.090413898229599, 0.2252085655927658], "(3, 2, 2, 2)": [0.0, 0.10846391320228577, 0.1083211824297905, 0.030847417190670967, 0.03039700537919998], "(3, 1, 2, 2)": [0.9108520150184631, 1.1587629318237305, 0.052503250539302826, 1.045935869216919, 0.02645713835954666], "(3, 7, 2, 2)": [1.0992236137390137, 0.28246596455574036, 0.42625898122787476, 0.6150221824645996, 0.05091620609164238], "(1, 5, 2, 2)": [0.0, 0.029157796874642372, 0.057620368897914886, 0.0, 0.05868326872587204], "(1, 6, 2, 2)": [0.08168090134859085, 0.0, 0.0, 0.0, 0.0], "(1, 7, 2, 2)": [0.026062633842229843, 0.0, 0.0, 0.0, 0.24192975461483002], "(1, 3, 2, 2)": [0.061271294951438904, 0.029344601556658745, 0.03724971413612366, 0.030810877680778503, 0.02979983761906624], "(1, 4, 2, 2)": [0.09079361706972122, 0.061695538461208344, 0.06261572241783142, 0.09344358742237091, 0.03179370239377022], "(2, 1, 2, 1)": [0.0, 1.0256438255310059, 0.0, 0.0, 0.0]}}