{"q_values": {"(2, 5, 2, 2)": [31.143003463745117, 30.306522369384766, 30.53217887878418, 30.367115020751953, 30.603464126586914], "(2, 6, 2, 2)": [26.978864669799805, 27.35076332092285, 27.129674911499023, 26.96092414855957, 26.620466232299805], "(2, 7, 2, 2)": [24.16183853149414, 23.78307342529297, 23.799463272094727, 24.350482940673828, 23.870033264160156], "(2, 1, 2, 2)": [26.660388946533203, 26.540287017822266, 26.468544006347656, 26.09185791015625, 26.992530822753906], "(2, 2, 2, 2)": [30.163633346557617, 30.30048179626465, 30.19923210144043, 31.14139747619629, 30.465295791625977], "(2, 4, 2, 2)": [33.65768051147461, 33.83486557006836, 33.46670150756836, 33.3447380065918, 32.44811248779297], "(2, 3, 2, 2)": [33.16858673095703, 33.4548225402832, 33.48985290527344, 33.23518753051758, 33.867637634277344], "(1, 1, 2, 2)": [0.08475784957408905, 1.5652239322662354, 0.19307909905910492, 0.3072001039981842, 0.7358224391937256], "(1, 2, 2, 2)": [0.028953583911061287, 0.08421529084444046, 0.13779251277446747, 0.5266563296318054, 0.0563548281788826], "(3, 3, 2, 2)": [0.21094070374965668, 0.14969024062156677, 0.23185831308364868, 0.3159627616405487, 0.14775237441062927], "(3, 4, 2, 2)": [0.029999880120158195, 0.0, 0.22515523433685303, 0.061684660613536835, 0.08980628848075867], "(3, 5, 2, 2)": [0.08792684972286224, 0.08961687237024307, 0.03432084992527962, 0.11598675698041916, 0.17209243774414062], "(3, 6, 2, 2)": [0.17804116010665894, 0.1703716516494751, 0.23474957048892975, 0.090413898229599, 0.1427461802959442], "(3, 2, 2, 2)": [0.0, 0.08296255022287369, 0.08196967840194702, 0.0, 0.0], "(3, 1, 2, 2)": [0.9111263751983643, 0.14637070894241333, 0.052503250539302826, 0.02569642849266529, 0.0], "(3, 7, 2, 2)": [0.44124695658683777, 0.23569710552692413, 0.4111112952232361, 0.5850920081138611, 0.05091620609164238], "(1, 5, 2, 2)": [0.0, 0.029157796874642372, 0.057620368897914886, 0.0, 0.05868326872587204], "(1, 6, 2, 2)": [0.08168090134859085, 0.0, 0.0, 0.0, 0.0], "(1, 7, 2, 2)": [0.026062633842229843, 0.0, 0.0, 0.0, 0.24192975461483002]}}