{"q_values": {"(2, 5, 2, 2)": [9.798771858215332, 10.033598899841309, 9.847826957702637, 9.781461715698242, 9.592293739318848], "(2, 6, 2, 2)": [8.843993186950684, 8.772809982299805, 8.473340034484863, 8.390764236450195, 8.466150283813477], "(2, 7, 2, 2)": [6.161042213439941, 6.096904754638672, 6.045252799987793, 6.22367525100708, 5.957610607147217], "(2, 1, 2, 2)": [6.902034759521484, 7.470673084259033, 7.312344551086426, 7.42279052734375, 7.435295581817627], "(2, 2, 2, 2)": [8.557266235351562, 9.332845687866211, 9.448107719421387, 9.187627792358398, 9.623448371887207], "(2, 4, 2, 2)": [10.644927024841309, 10.98750114440918, 10.893757820129395, 10.614290237426758, 10.678553581237793], "(2, 3, 2, 2)": [10.242508888244629, 10.381217002868652, 10.471503257751465, 10.501173973083496, 10.167160034179688], "(2, 1, 2, 1)": [0.31955045461654663, 0.2070252001285553, 1.397640347480774, 0.7098644375801086, 1.0547581911087036], "(2, 3, 2, 3)": [0.31974703073501587, 0.0, 0.3287883698940277, 0.0, 0.03089682199060917], "(2, 4, 2, 3)": [0.0, 0.0, 0.3502066433429718, 0.029884910210967064, 0.09501947462558746], "(2, 5, 2, 3)": [1.0308587551116943, 0.4281778931617737, 0.11828658729791641, 0.08012440800666809, 0.09447614848613739], "(2, 4, 2, 1)": [0.07128927856683731, 0.14238034188747406, 0.04247128218412399, 0.3812127113342285, 0.42961686849594116], "(2, 3, 2, 1)": [0.10505722463130951, 0.0658932477235794, 0.06991425156593323, 0.27937647700309753, 0.6353248953819275], "(2, 2, 2, 1)": [0.27731743454933167, 0.18527308106422424, 0.2507491707801819, 0.30965590476989746, 0.7398990392684937], "(2, 6, 2, 3)": [0.228514164686203, 0.26444345712661743, 0.43953457474708557, 0.23465409874916077, 0.2574600577354431], "(2, 7, 2, 3)": [1.0887410640716553, 0.21272596716880798, 0.5978570580482483, 0.18677006661891937, 0.6099641919136047], "(3, 2, 2, 2)": [0.0, 0.0, 0.02751729264855385, 0.027931440621614456, 0.0], "(3, 1, 2, 2)": [0.0, 0.0, 0.026689577847719193, 0.08835633099079132, 0.0], "(3, 7, 2, 2)": [0.15716812014579773, 0.14520978927612305, 0.2995167076587677, 0.2563517093658447, 0.1311996728181839], "(3, 5, 2, 2)": [0.05899018794298172, 0.08663243055343628, 0.02927517704665661, 0.0, 0.0], "(3, 5, 2, 3)": [0.0, 0.0, 0.0, 0.02893892116844654, 0.0], "(3, 6, 3, 3)": [0.0, 0.0, 0.0, 0.0, 0.02630552463233471], "(3, 6, 2, 2)": [0.0, 0.027638215571641922, 0.058161236345767975, 0.029891815036535263, 0.02746487222611904], "(3, 7, 3, 3)": [0.0, 0.07421017438173294, 0.0, 0.02484441176056862, 0.0], "(2, 5, 2, 1)": [0.0, 0.11145958304405212, 0.0, 0.21564480662345886, 0.0], "(3, 4, 2, 2)": [0.030899593606591225, 0.0, 0.0, 0.0, 0.08906855434179306], "(2, 5, 1, 1)": [0.0, 0.0, 0.0, 0.0, 0.0], "(2, 1, 1, 1)": [0.0, 0.0, 0.0, 0.0, 0.0]}}