{"q_values": {"(2, 5, 2, 2)": [71.36243438720703, 70.60220336914062, 70.81979370117188, 70.60722351074219, 70.50543975830078], "(2, 6, 2, 2)": [65.31361389160156, 64.59214782714844, 64.79005432128906, 65.53746795654297, 65.18321990966797], "(2, 7, 2, 2)": [61.72224426269531, 63.038143157958984, 61.208900451660156, 62.653255462646484, 61.721778869628906], "(2, 1, 2, 2)": [61.133934020996094, 60.8915901184082, 60.83138656616211, 61.26726150512695, 61.71504211425781], "(2, 2, 2, 2)": [64.64518737792969, 64.70800018310547, 65.14183807373047, 65.31446075439453, 65.75045776367188], "(2, 4, 2, 2)": [72.39502716064453, 72.27560424804688, 72.23324584960938, 72.59915161132812, 72.85126495361328], "(2, 3, 2, 2)": [69.37635803222656, 69.84015655517578, 69.86141204833984, 70.50186157226562, 69.78153991699219], "(1, 1, 2, 2)": [2.0313990116119385, 1.5674127340316772, 1.0166442394256592, 0.38319551944732666, 0.7609087228775024], "(1, 2, 2, 2)": [0.22126048803329468, 0.20479926466941833, 0.2576492726802826, 0.5961499214172363, 0.26656943559646606], "(3, 3, 2, 2)": [0.4483014643192291, 0.5046794414520264, 0.46966075897216797, 0.6650558710098267, 0.29014354944229126], "(3, 4, 2, 2)": [0.25358420610427856, 0.34201544523239136, 0.5753651857376099, 0.2927798926830292, 0.2776913642883301], "(3, 5, 2, 2)": [0.31516867876052856, 0.550899863243103, 0.34468579292297363, 0.2960592210292816, 0.33021125197410583], "(3, 6, 2, 2)": [0.21372374892234802, 2.3494951725006104, 0.3831731677055359, 0.2067480832338333, 0.35914942622184753], "(3, 2, 2, 2)": [0.1888481080532074, 0.39092254638671875, 0.17088744044303894, 0.18583256006240845, 0.22725825011730194], "(3, 1, 2, 2)": [4.409518241882324, 1.1587629318237305, 1.893189549446106, 2.601839303970337, 0.35754379630088806], "(3, 7, 2, 2)": [2.6269795894622803, 3.684837818145752, 1.6893607378005981, 0.6595169901847839, 0.1638197898864746], "(1, 5, 2, 2)": [0.41159236431121826, 0.180293008685112, 0.20052455365657806, 0.17846156656742096, 0.18379051983356476], "(1, 6, 2, 2)": [0.4851349890232086, 0.2976476550102234, 0.207145094871521, 0.19730183482170105, 0.17436175048351288], "(1, 7, 2, 2)": [0.10955847799777985, 0.36866262555122375, 0.070001021027565, 1.8150029182434082, 3.4242477416992188], "(1, 3, 2, 2)": [0.2301187664270401, 0.06165707856416702, 0.09824909269809723, 0.14982877671718597, 2.177983522415161], "(1, 4, 2, 2)": [0.15502381324768066, 0.15664631128311157, 0.12664064764976501, 0.24673369526863098, 0.1381605714559555], "(2, 1, 2, 1)": [0.0, 1.0256438255310059, 0.0, 0.0, 0.0], "(2, 2, 2, 1)": [0.0, 0.0, 0.0, 1.2125186920166016, 0.0]}}