{"q_values": {"(2, 5, 2, 2)": [17.86574935913086, 17.8825626373291, 17.426715850830078, 17.371286392211914, 17.383508682250977], "(2, 6, 2, 2)": [14.502603530883789, 14.717944145202637, 14.659279823303223, 14.507115364074707, 14.235383987426758], "(2, 7, 2, 2)": [12.403952598571777, 12.907395362854004, 12.538962364196777, 12.598207473754883, 12.882752418518066], "(2, 1, 2, 2)": [14.209290504455566, 14.25292682647705, 14.219886779785156, 14.289083480834961, 14.207412719726562], "(2, 2, 2, 2)": [17.7552547454834, 17.89609718322754, 17.674753189086914, 17.582794189453125, 17.976457595825195], "(2, 4, 2, 2)": [19.3890323638916, 19.222326278686523, 18.94146728515625, 19.120994567871094, 19.01750373840332], "(2, 3, 2, 2)": [19.528230667114258, 19.47891616821289, 19.763648986816406, 19.593530654907227, 19.452234268188477], "(1, 1, 2, 2)": [0.028085023164749146, 0.0, 0.053747933357954025, 0.0, 0.05349560081958771], "(1, 2, 2, 2)": [0.028953583911061287, 0.02919750101864338, 0.05542471259832382, 0.5266563296318054, 0.0563548281788826], "(3, 3, 2, 2)": [0.030751654878258705, 0.05875498056411743, 0.02969222515821457, 0.08924257755279541, 0.0892394632101059], "(3, 4, 2, 2)": [0.029999880120158195, 0.0, 0.08708503097295761, 0.029973408207297325, 0.0], "(3, 5, 2, 2)": [0.029852135106921196, 0.0582277774810791, 0.0, 0.058559540659189224, 0.08564025908708572], "(3, 6, 2, 2)": [0.02972179464995861, 0.11070180684328079, 0.18235565721988678, 0.057001110166311264, 0.08392731845378876], "(3, 2, 2, 2)": [0.0, 0.0, 0.027537982910871506, 0.0, 0.0], "(3, 1, 2, 2)": [0.0, 0.14637070894241333, 0.026700593531131744, 0.02569642849266529, 0.0], "(3, 7, 2, 2)": [0.44124695658683777, 0.21466173231601715, 0.3749951720237732, 0.5850920081138611, 0.05091620609164238], "(1, 5, 2, 2)": [0.0, 0.029157796874642372, 0.057620368897914886, 0.0, 0.05868326872587204], "(1, 6, 2, 2)": [0.08168090134859085, 0.0, 0.0, 0.0, 0.0], "(1, 7, 2, 2)": [0.026062633842229843, 0.0, 0.0, 0.0, 0.24192975461483002]}}