{"q_values": {"(2, 5, 2, 2)": [19.912487030029297, 19.477367401123047, 19.64785385131836, 19.414997100830078, 18.767107009887695], "(2, 6, 2, 2)": [17.002782821655273, 16.87226104736328, 17.287410736083984, 16.827131271362305, 16.715389251708984], "(2, 7, 2, 2)": [15.429349899291992, 15.47747802734375, 15.560001373291016, 15.1793851852417, 15.10002326965332], "(2, 1, 2, 2)": [15.022939682006836, 15.052659034729004, 15.272951126098633, 15.787737846374512, 15.45340633392334], "(2, 2, 2, 2)": [17.7985897064209, 18.37492561340332, 18.854259490966797, 18.763837814331055, 18.660358428955078], "(2, 4, 2, 2)": [20.72157096862793, 20.91897964477539, 20.475263595581055, 20.481544494628906, 20.637653350830078], "(2, 3, 2, 2)": [19.74882698059082, 20.126323699951172, 20.323503494262695, 20.330806732177734, 19.947256088256836], "(2, 1, 2, 1)": [0.7676020860671997, 1.6998045444488525, 4.047253608703613, 2.175305128097534, 1.6584022045135498], "(2, 3, 2, 3)": [0.31974703073501587, 1.434881567955017, 0.9291226863861084, 0.0, 0.03089682199060917], "(2, 4, 2, 3)": [0.0, 1.06417715549469, 1.6019723415374756, 0.06393108516931534, 0.09501947462558746], "(2, 5, 2, 3)": [2.2779738903045654, 2.6585962772369385, 2.2070670127868652, 0.29854851961135864, 0.32700005173683167], "(2, 4, 2, 1)": [0.143333300948143, 0.23849119246006012, 0.126176118850708, 0.9734252691268921, 1.7143590450286865], "(2, 3, 2, 1)": [0.10505722463130951, 0.2571294605731964, 0.5654980540275574, 1.0995734930038452, 2.105146646499634], "(2, 2, 2, 1)": [0.4593399167060852, 0.6941054463386536, 0.7977292537689209, 2.377288579940796, 3.1553053855895996], "(2, 6, 2, 3)": [1.612139105796814, 2.314297676086426, 0.7205628752708435, 0.4749073386192322, 0.4543561041355133], "(2, 7, 2, 3)": [2.6254734992980957, 2.0129311084747314, 0.9293398857116699, 0.7340064644813538, 2.707035541534424], "(3, 2, 2, 2)": [0.0, 0.0, 0.02751729264855385, 0.027931440621614456, 0.0], "(3, 1, 2, 2)": [0.026118023321032524, 0.0, 0.05263357609510422, 0.08835633099079132, 0.0], "(3, 7, 2, 2)": [0.23229001462459564, 0.9556156992912292, 0.8360055685043335, 0.7567958235740662, 0.1565280556678772], "(3, 5, 2, 2)": [0.08656376600265503, 0.14404457807540894, 0.14609858393669128, 0.060595400631427765, 0.0], "(3, 5, 2, 3)": [0.0, 0.0, 0.0, 0.02893892116844654, 0.0], "(3, 6, 3, 3)": [0.0, 0.0, 0.0, 0.0, 0.02630552463233471], "(3, 6, 2, 2)": [0.12494870275259018, 0.20320317149162292, 0.20006364583969116, 0.1749696582555771, 0.17040614783763885], "(3, 7, 3, 3)": [0.0, 0.07421017438173294, 0.0, 0.02484441176056862, 0.0], "(2, 5, 2, 1)": [0.0, 0.15053138136863708, 0.0, 0.21564480662345886, 0.0], "(3, 4, 2, 2)": [0.06422963738441467, 0.06745284795761108, 0.03425319865345955, 0.0, 0.20793378353118896], "(2, 5, 1, 1)": [0.0, 0.0, 0.0, 0.0, 0.0], "(2, 1, 1, 1)": [0.0, 0.0, 0.0, 0.0, 0.0], "(2, 5, 3, 3)": [0.0, 0.0, 0.0, 0.0, 0.0], "(2, 4, 3, 3)": [0.0, 0.0, 0.0, 0.05909675732254982, 0.0], "(2, 6, 2, 1)": [0.029338274151086807, 0.0, 0.0, 0.0, 0.0], "(1, 4, 2, 2)": [0.11526156961917877, 0.059052105993032455, 0.02993529848754406, 0.05897201597690582, 0.1145881712436676], "(1, 5, 2, 2)": [0.0, 0.0, 0.029426462948322296, 0.028755640611052513, 0.0], "(1, 6, 2, 2)": [0.0, 0.0, 0.0, 0.0, 0.0], "(1, 7, 2, 2)": [0.0, 0.0, 0.02625958062708378, 0.026135927066206932, 0.0], "(1, 3, 2, 2)": [0.0, 0.05830242484807968, 0.0, 0.0, 0.058681219816207886], "(1, 2, 2, 2)": [0.0, 0.05385372042655945, 0.0, 0.0, 0.0], "(1, 1, 2, 2)": [0.0, 0.0, 0.025048531591892242, 0.0, 0.0], "(1, 4, 2, 3)": [0.0, 0.0, 0.05677125230431557, 0.02994508668780327, 0.0], "(2, 6, 1, 1)": [0.0, 0.0, 0.0, 0.0, 0.0]}}