{"q_values": {"(2, 5, 2, 2)": [76.3524398803711, 75.47903442382812, 75.310791015625, 75.18563079833984, 75.32621765136719], "(2, 6, 2, 2)": [69.46104431152344, 69.65065002441406, 68.2563705444336, 69.96640014648438, 69.13365936279297], "(2, 7, 2, 2)": [67.69246673583984, 69.47708892822266, 68.341796875, 68.15449523925781, 67.52338409423828], "(2, 1, 2, 2)": [68.32013702392578, 67.96114349365234, 68.83490753173828, 68.35887908935547, 69.49711608886719], "(2, 2, 2, 2)": [73.66456604003906, 73.69763946533203, 74.2479019165039, 73.89299774169922, 74.77278900146484], "(2, 4, 2, 2)": [78.42852783203125, 77.79181671142578, 77.33783721923828, 77.4581069946289, 77.70458221435547], "(2, 3, 2, 2)": [77.22151184082031, 77.24362182617188, 77.17897033691406, 77.69981384277344, 77.75209045410156], "(1, 1, 2, 2)": [2.2821874618530273, 1.5674127340316772, 3.0409798622131348, 0.5193432569503784, 1.1232351064682007], "(1, 2, 2, 2)": [0.25226661562919617, 0.265876829624176, 0.31612759828567505, 0.6148165464401245, 0.2964625954627991], "(3, 3, 2, 2)": [0.4483014643192291, 0.5046794414520264, 0.46966075897216797, 0.6650558710098267, 0.29014354944229126], "(3, 4, 2, 2)": [0.25358420610427856, 0.4431479573249817, 0.5753651857376099, 0.3953854441642761, 0.2776913642883301], "(3, 5, 2, 2)": [0.44891518354415894, 0.7053862810134888, 0.5016340017318726, 0.4332848787307739, 2.2109017372131348], "(3, 6, 2, 2)": [0.5045285224914551, 2.111811637878418, 0.6063152551651001, 0.6582231521606445, 0.46373456716537476], "(3, 2, 2, 2)": [0.1888481080532074, 0.39092254638671875, 0.17088744044303894, 0.18583256006240845, 0.22725825011730194], "(3, 1, 2, 2)": [4.409518241882324, 1.1587629318237305, 1.893189549446106, 2.601839303970337, 0.35754379630088806], "(3, 7, 2, 2)": [2.9437978267669678, 5.2480082511901855, 1.8258559703826904, 2.758714199066162, 0.7582927942276001], "(1, 5, 2, 2)": [0.41159236431121826, 0.180293008685112, 0.22730542719364166, 0.3197953701019287, 0.21171776950359344], "(1, 6, 2, 2)": [0.6117410659790039, 0.2976476550102234, 0.24344302713871002, 0.2333008348941803, 0.17436175048351288], "(1, 7, 2, 2)": [0.2466764748096466, 0.49830448627471924, 0.070001021027565, 1.8150029182434082, 3.4611053466796875], "(1, 3, 2, 2)": [0.2903735935688019, 0.09749562293291092, 0.09824909269809723, 0.182968869805336, 2.1502537727355957], "(1, 4, 2, 2)": [0.15502381324768066, 0.15664631128311157, 0.15640144050121307, 0.24673369526863098, 0.17248642444610596], "(2, 1, 2, 1)": [0.0, 1.0256438255310059, 0.0, 0.0, 0.0], "(2, 2, 2, 1)": [0.0, 0.0, 0.0, 1.2125186920166016, 0.0]}}