{"q_values": {"(2, 5, 2, 2)": [51.76021957397461, 52.36709213256836, 51.36115646362305, 51.25771713256836, 51.495872497558594], "(2, 6, 2, 2)": [45.29177474975586, 46.28909683227539, 45.30577850341797, 45.30698776245117, 45.09048843383789], "(2, 7, 2, 2)": [41.648094177246094, 41.40095901489258, 41.07759475708008, 42.035133361816406, 41.8171272277832], "(2, 1, 2, 2)": [43.41920471191406, 43.92561340332031, 43.4868278503418, 43.641822814941406, 44.50364685058594], "(2, 2, 2, 2)": [47.283851623535156, 46.819759368896484, 47.49836349487305, 47.3085823059082, 48.0871696472168], "(2, 4, 2, 2)": [53.064697265625, 53.01851272583008, 52.97661590576172, 52.95840072631836, 53.228431701660156], "(2, 3, 2, 2)": [51.718353271484375, 51.68007278442383, 52.07393264770508, 51.929954528808594, 51.761451721191406], "(1, 1, 2, 2)": [0.08475784957408905, 1.5654151439666748, 1.0166442394256592, 0.38319551944732666, 0.7609087228775024], "(1, 2, 2, 2)": [0.1897050440311432, 0.20479926466941833, 0.2576492726802826, 0.5961499214172363, 0.2363898754119873], "(3, 3, 2, 2)": [0.2956242263317108, 0.3311702013015747, 0.3695833384990692, 0.4434656500816345, 0.17885150015354156], "(3, 4, 2, 2)": [0.25358420610427856, 0.1657138615846634, 0.38462305068969727, 0.1553322970867157, 0.18421755731105804], "(3, 5, 2, 2)": [0.14586429297924042, 0.26038041710853577, 0.06502881646156311, 0.17388717830181122, 0.25196003913879395], "(3, 6, 2, 2)": [0.17804116010665894, 0.20252251625061035, 0.23474957048892975, 0.12485267221927643, 0.2502131462097168], "(3, 2, 2, 2)": [0.08166835457086563, 0.1946464478969574, 0.13854047656059265, 0.06399235874414444, 0.08936253190040588], "(3, 1, 2, 2)": [0.9331082701683044, 1.1587629318237305, 0.17662714421749115, 2.4608607292175293, 0.1845787763595581], "(3, 7, 2, 2)": [1.0992236137390137, 0.28246596455574036, 1.7309837341308594, 0.6150221824645996, 0.05091620609164238], "(1, 5, 2, 2)": [0.1440465897321701, 0.029157796874642372, 0.11351121217012405, 0.08943767100572586, 0.09201592952013016], "(1, 6, 2, 2)": [0.1706995666027069, 0.09636092931032181, 0.0642361044883728, 0.058941833674907684, 0.03102790005505085], "(1, 7, 2, 2)": [0.10955847799777985, 0.0, 0.0, 0.19116643071174622, 1.4484261274337769], "(1, 3, 2, 2)": [0.11961865425109863, 0.029344601556658745, 0.09824909269809723, 0.08982428163290024, 0.08967901021242142], "(1, 4, 2, 2)": [0.09079361706972122, 0.0925208032131195, 0.06261572241783142, 0.12335216253995895, 0.03179370239377022], "(2, 1, 2, 1)": [0.0, 1.0256438255310059, 0.0, 0.0, 0.0], "(2, 2, 2, 1)": [0.0, 0.0, 0.0, 1.2125186920166016, 0.0]}}