{"q_values": {"(2, 5, 2, 2)": [14.108909606933594, 14.106226921081543, 14.02801513671875, 14.0108642578125, 14.002676963806152], "(2, 6, 2, 2)": [11.778430938720703, 11.694743156433105, 12.105192184448242, 11.53889274597168, 11.716963768005371], "(2, 7, 2, 2)": [8.932429313659668, 9.504701614379883, 9.270133972167969, 9.056262969970703, 9.28209114074707], "(2, 1, 2, 2)": [10.503596305847168, 10.483193397521973, 10.533984184265137, 10.409724235534668, 10.530264854431152], "(2, 2, 2, 2)": [13.48360538482666, 13.062823295593262, 13.510699272155762, 13.780731201171875, 13.564473152160645], "(2, 4, 2, 2)": [15.065450668334961, 14.932609558105469, 15.074442863464355, 15.102903366088867, 14.821965217590332], "(2, 3, 2, 2)": [14.650041580200195, 14.993773460388184, 14.859556198120117, 14.60874080657959, 15.133514404296875], "(1, 1, 2, 2)": [0.028085023164749146, 0.0, 0.053747933357954025, 0.0, 0.05349560081958771], "(1, 2, 2, 2)": [0.028953583911061287, 0.02919750101864338, 0.05542471259832382, 0.5266563296318054, 0.0563548281788826], "(3, 3, 2, 2)": [0.030751654878258705, 0.05875498056411743, 0.02969222515821457, 0.08924257755279541, 0.0892394632101059], "(3, 4, 2, 2)": [0.029999880120158195, 0.0, 0.08708503097295761, 0.029973408207297325, 0.0], "(3, 5, 2, 2)": [0.029852135106921196, 0.0582277774810791, 0.0, 0.058559540659189224, 0.08564025908708572], "(3, 6, 2, 2)": [0.02972179464995861, 0.11070180684328079, 0.18235565721988678, 0.057001110166311264, 0.08392731845378876], "(3, 2, 2, 2)": [0.0, 0.0, 0.027537982910871506, 0.0, 0.0], "(3, 1, 2, 2)": [0.0, 0.14637070894241333, 0.026700593531131744, 0.02569642849266529, 0.0], "(3, 7, 2, 2)": [0.44124695658683777, 0.21466173231601715, 0.3749951720237732, 0.5850920081138611, 0.05091620609164238], "(1, 5, 2, 2)": [0.0, 0.029157796874642372, 0.057620368897914886, 0.0, 0.05868326872587204], "(1, 6, 2, 2)": [0.08168090134859085, 0.0, 0.0, 0.0, 0.0], "(1, 7, 2, 2)": [0.026062633842229843, 0.0, 0.0, 0.0, 0.24192975461483002]}}