{"q_values": {"(2, 5, 2, 2)": [46.9113655090332, 47.11012268066406, 46.755836486816406, 46.06912612915039, 45.99045181274414], "(2, 6, 2, 2)": [44.16400146484375, 43.52943420410156, 43.49641036987305, 43.18171310424805, 42.33925247192383], "(2, 7, 2, 2)": [41.74174118041992, 41.588623046875, 42.27072525024414, 41.6429328918457, 41.352760314941406], "(2, 1, 2, 2)": [39.396934509277344, 39.59323501586914, 40.19476318359375, 39.73637771606445, 40.48126220703125], "(2, 2, 2, 2)": [41.54813766479492, 41.5928955078125, 42.39309310913086, 43.36939239501953, 43.31880187988281], "(2, 4, 2, 2)": [48.54948425292969, 48.69926452636719, 49.39904022216797, 48.8254508972168, 48.10088348388672], "(2, 3, 2, 2)": [46.16034698486328, 46.479976654052734, 47.047447204589844, 47.55173873901367, 46.87042999267578], "(2, 1, 2, 1)": [9.434416770935059, 5.972288131713867, 10.986845970153809, 12.801876068115234, 15.998804092407227], "(2, 3, 2, 3)": [1.441072940826416, 3.798417091369629, 0.9291226863861084, 0.11753019690513611, 0.03089682199060917], "(2, 4, 2, 3)": [9.273181915283203, 4.339416027069092, 2.885974407196045, 0.6434451341629028, 0.33256247639656067], "(2, 5, 2, 3)": [9.627664566040039, 8.824994087219238, 5.47675895690918, 1.1536052227020264, 1.8113058805465698], "(2, 4, 2, 1)": [0.6451242566108704, 0.982483983039856, 7.078832626342773, 5.764626979827881, 4.348977088928223], "(2, 3, 2, 1)": [1.3430867195129395, 2.765009880065918, 6.5970964431762695, 7.990743160247803, 8.757246017456055], "(2, 2, 2, 1)": [1.879311203956604, 4.127183437347412, 7.629149436950684, 7.376410961151123, 13.59950065612793], "(2, 6, 2, 3)": [18.467344284057617, 9.931406021118164, 7.499560356140137, 2.633901357650757, 2.734412670135498], "(2, 7, 2, 3)": [15.648703575134277, 10.89880657196045, 8.325631141662598, 9.623358726501465, 10.208649635314941], "(3, 2, 2, 2)": [0.14783109724521637, 0.11942394077777863, 0.2741887867450714, 0.1716112345457077, 0.2565777003765106], "(3, 1, 2, 2)": [0.11154018342494965, 0.7373526096343994, 0.08562389761209488, 1.3494207859039307, 1.2423969507217407], "(3, 7, 2, 2)": [0.3216213285923004, 1.0862064361572266, 1.932490587234497, 0.9383061528205872, 0.296489417552948], "(3, 5, 2, 2)": [0.8395545482635498, 1.5755501985549927, 0.28764382004737854, 0.16320620477199554, 0.3166821300983429], "(3, 5, 2, 3)": [0.0, 0.0, 0.0, 0.02893892116844654, 0.0], "(3, 6, 3, 3)": [0.0, 0.035488903522491455, 0.0, 0.0, 0.02630552463233471], "(3, 6, 2, 2)": [1.5791369676589966, 0.41536054015159607, 0.35777345299720764, 0.3941343426704407, 0.3308067321777344], "(3, 7, 3, 3)": [0.0, 0.07421017438173294, 0.0, 0.02484441176056862, 0.0], "(2, 5, 2, 1)": [0.029832448810338974, 0.2663682997226715, 0.25712814927101135, 3.9187445640563965, 0.0], "(3, 4, 2, 2)": [0.2679339647293091, 0.30404365062713623, 0.13645625114440918, 0.11422643065452576, 0.3645157217979431], "(2, 5, 1, 1)": [0.0, 0.0, 0.18011416494846344, 0.0, 0.0], "(2, 1, 1, 1)": [1.6574201583862305, 0.0, 0.0, 0.0, 0.0], "(2, 5, 3, 3)": [0.08850916475057602, 0.0, 0.0, 0.0, 0.0], "(2, 4, 3, 3)": [0.0, 0.0, 0.0, 0.05909675732254982, 0.0], "(2, 6, 2, 1)": [0.029338274151086807, 0.0, 1.1310659646987915, 0.0, 0.0], "(1, 4, 2, 2)": [0.30253830552101135, 0.08818364143371582, 0.1821206510066986, 0.09082736074924469, 1.5726374387741089], "(1, 5, 2, 2)": [0.1705954372882843, 0.20165063440799713, 1.531630277633667, 0.23073789477348328, 0.19882309436798096], "(1, 6, 2, 2)": [0.2498312145471573, 0.48796868324279785, 0.31906062364578247, 0.2198658287525177, 0.27532294392585754], "(1, 7, 2, 2)": [2.2088160514831543, 0.2704950273036957, 0.21920731663703918, 0.32927998900413513, 1.8038833141326904], "(1, 3, 2, 2)": [0.06588049978017807, 0.09091576188802719, 1.0763014554977417, 0.1328883171081543, 0.24003936350345612], "(1, 2, 2, 2)": [0.0884488970041275, 0.08079418540000916, 0.11163060367107391, 0.0596674382686615, 0.11775386333465576], "(1, 1, 2, 2)": [0.0524970144033432, 0.056251294910907745, 0.0784144476056099, 0.6332689523696899, 0.858217179775238], "(1, 4, 2, 3)": [0.0, 0.033526450395584106, 0.05677125230431557, 0.02994508668780327, 0.0], "(2, 6, 1, 1)": [0.0, 0.0, 0.0, 0.0, 0.0], "(2, 6, 3, 3)": [0.0, 0.1957608461380005, 0.0, 0.0, 0.0], "(2, 3, 1, 1)": [0.0, 0.028773166239261627, 0.20305420458316803, 0.16852371394634247, 0.0], "(3, 3, 2, 2)": [0.032653361558914185, 0.14201340079307556, 0.20874716341495514, 0.1567031443119049, 0.12758219242095947], "(1, 6, 1, 2)": [0.0, 0.0, 0.0, 0.0, 0.0], "(2, 2, 1, 1)": [0.0, 0.03248615935444832, 0.21802322566509247, 0.0, 0.0], "(2, 2, 2, 3)": [0.0, 0.0, 0.9433045387268066, 0.0, 0.0], "(2, 4, 3, 2)": [0.0, 1.0344038009643555, 0.0, 0.0, 0.0], "(3, 4, 2, 1)": [0.0, 0.0, 0.0, 0.0, 0.0], "(3, 3, 2, 1)": [0.0, 0.02886495366692543, 0.0, 0.0, 0.0], "(3, 2, 2, 1)": [0.0, 0.0, 0.0, 0.0, 1.2378493547439575], "(1, 5, 2, 3)": [0.0, 0.0, 0.0, 0.0, 0.0], "(1, 6, 2, 3)": [0.0, 0.026335787028074265, 0.02742062695324421, 0.0, 0.0], "(1, 7, 2, 3)": [0.0, 0.8800593018531799, 0.0, 0.0, 0.0], "(3, 5, 3, 3)": [0.0, 0.0, 0.0, 0.0, 0.0], "(3, 7, 2, 3)": [0.0, 0.9873462319374084, 0.0, 0.0, 0.0], "(3, 1, 2, 1)": [0.0, 0.025190196931362152, 0.0, 0.0, 0.9815198183059692], "(2, 4, 1, 1)": [0.0, 0.0, 0.0, 0.0, 0.0], "(3, 3, 3, 2)": [0.0, 0.0, 0.0, 0.0, 0.029918691143393517], "(3, 4, 3, 2)": [0.04374305158853531, 0.0, 0.0, 0.0, 0.0], "(3, 5, 3, 2)": [0.0, 0.033753957599401474, 0.0, 0.0, 0.0]}}