{"q_values": {"(2, 5, 2, 2)": [59.56318664550781, 59.85588073730469, 60.748783111572266, 59.709259033203125, 59.39785385131836], "(2, 6, 2, 2)": [56.487037658691406, 56.740474700927734, 56.45500946044922, 55.84934997558594, 53.7388801574707], "(2, 7, 2, 2)": [50.890228271484375, 50.83828353881836, 51.49089813232422, 51.94701385498047, 51.093994140625], "(2, 1, 2, 2)": [52.00254440307617, 53.393714904785156, 52.90671920776367, 53.1685791015625, 53.568138122558594], "(2, 2, 2, 2)": [55.98406219482422, 57.039794921875, 57.30312728881836, 58.15070724487305, 57.9708137512207], "(2, 4, 2, 2)": [60.322776794433594, 62.21904373168945, 62.15459060668945, 62.350669860839844, 59.36701965332031], "(2, 3, 2, 2)": [60.76897430419922, 61.655006408691406, 62.23813247680664, 63.042884826660156, 60.494571685791016], "(2, 1, 2, 1)": [13.609420776367188, 10.507905006408691, 15.497941017150879, 16.6337833404541, 20.013330459594727], "(2, 3, 2, 3)": [1.441072940826416, 5.543079853057861, 0.9291226863861084, 0.4939448833465576, 0.03089682199060917], "(2, 4, 2, 3)": [14.435467720031738, 6.054842948913574, 4.622280597686768, 1.0040894746780396, 0.6932536363601685], "(2, 5, 2, 3)": [14.658803939819336, 10.41280746459961, 5.597289562225342, 1.1536052227020264, 2.3537745475769043], "(2, 4, 2, 1)": [1.0008983612060547, 2.553748369216919, 7.078832626342773, 8.654535293579102, 4.348977088928223], "(2, 3, 2, 1)": [1.697830080986023, 4.1271185874938965, 7.824373245239258, 11.10377311706543, 15.235084533691406], "(2, 2, 2, 1)": [4.139303684234619, 7.105317115783691, 8.628342628479004, 9.927786827087402, 24.000558853149414], "(2, 6, 2, 3)": [21.40407943725586, 13.852922439575195, 8.269453048706055, 4.200650691986084, 3.804215431213379], "(2, 7, 2, 3)": [24.43691062927246, 14.276578903198242, 10.284432411193848, 12.37000846862793, 10.667280197143555], "(3, 2, 2, 2)": [0.20882831513881683, 0.300168514251709, 0.4632914960384369, 0.5141564607620239, 0.3698650896549225], "(3, 1, 2, 2)": [1.480970025062561, 0.7682255506515503, 0.14620648324489594, 2.5487000942230225, 5.0515947341918945], "(3, 7, 2, 2)": [0.762874960899353, 1.372565746307373, 2.0423152446746826, 1.0539517402648926, 1.6577759981155396], "(3, 5, 2, 2)": [0.9460943937301636, 1.4936448335647583, 0.4934445917606354, 0.6057074069976807, 0.44229575991630554], "(3, 5, 2, 3)": [0.0, 0.0, 0.0, 0.02893892116844654, 0.0], "(3, 6, 3, 3)": [0.0, 0.035488903522491455, 0.0, 0.0, 0.02630552463233471], "(3, 6, 2, 2)": [1.5223207473754883, 0.5000219941139221, 0.6152313351631165, 0.45950114727020264, 0.47516557574272156], "(3, 7, 3, 3)": [0.0, 0.07421017438173294, 0.0, 0.02484441176056862, 0.0], "(2, 5, 2, 1)": [0.029832448810338974, 0.2663682997226715, 1.9190980195999146, 3.9187445640563965, 1.692582368850708], "(3, 4, 2, 2)": [0.5062077641487122, 0.5258378982543945, 0.26165303587913513, 0.2519264221191406, 0.5898182392120361], "(2, 5, 1, 1)": [0.0, 0.0, 0.18011416494846344, 0.0, 0.0], "(2, 1, 1, 1)": [1.6387230157852173, 0.0, 0.0, 0.4527411162853241, 0.0], "(2, 5, 3, 3)": [1.623400330543518, 0.0, 0.0, 0.04133528470993042, 0.0], "(2, 4, 3, 3)": [0.0, 0.0, 0.04688836634159088, 0.05909675732254982, 0.030895138159394264], "(2, 6, 2, 1)": [0.029338274151086807, 0.0, 1.1310659646987915, 1.4628636837005615, 0.0], "(1, 4, 2, 2)": [0.30253830552101135, 0.08818364143371582, 0.1821206510066986, 0.09082736074924469, 1.5726374387741089], "(1, 5, 2, 2)": [0.1705954372882843, 0.20165063440799713, 1.531630277633667, 0.23073789477348328, 0.2600054442882538], "(1, 6, 2, 2)": [0.40398746728897095, 0.6509283185005188, 0.38042163848876953, 0.255936861038208, 0.3058640956878662], "(1, 7, 2, 2)": [2.2081964015960693, 0.32907193899154663, 1.5245088338851929, 0.4961460530757904, 1.8038833141326904], "(1, 3, 2, 2)": [0.06588049978017807, 0.09091576188802719, 1.0763014554977417, 0.1328883171081543, 0.24003936350345612], "(1, 2, 2, 2)": [0.0884488970041275, 0.08079418540000916, 0.11163060367107391, 0.0596674382686615, 0.11775386333465576], "(1, 1, 2, 2)": [0.0524970144033432, 1.5465480089187622, 0.0784144476056099, 0.6332689523696899, 0.858217179775238], "(1, 4, 2, 3)": [0.0, 0.033526450395584106, 0.05677125230431557, 0.02994508668780327, 0.0], "(2, 6, 1, 1)": [0.0, 0.0, 0.0, 0.0, 0.0], "(2, 6, 3, 3)": [0.0, 0.623194694519043, 0.0, 0.0, 0.0], "(2, 3, 1, 1)": [0.0, 0.028773166239261627, 0.20305420458316803, 0.16852371394634247, 0.0], "(3, 3, 2, 2)": [0.16823603212833405, 1.562502384185791, 0.27006059885025024, 0.1567031443119049, 0.2023850381374359], "(1, 6, 1, 2)": [0.0, 0.0, 0.0, 0.0, 0.0], "(2, 2, 1, 1)": [0.037355031818151474, 0.03248615935444832, 0.21802322566509247, 0.0, 0.0], "(2, 2, 2, 3)": [0.0, 1.45297372341156, 0.9433045387268066, 0.0, 0.0], "(2, 4, 3, 2)": [0.0, 1.0344038009643555, 0.0, 0.0, 0.0], "(3, 4, 2, 1)": [0.0, 0.0, 0.0, 0.0, 0.0], "(3, 3, 2, 1)": [0.0, 0.02886495366692543, 0.0, 0.0, 0.0], "(3, 2, 2, 1)": [0.0, 0.0, 0.05553359538316727, 0.0, 1.2378493547439575], "(1, 5, 2, 3)": [0.0, 0.0, 0.0, 0.0, 0.0], "(1, 6, 2, 3)": [0.0, 0.026335787028074265, 0.02742062695324421, 0.0, 0.0], "(1, 7, 2, 3)": [0.0, 0.8800593018531799, 0.0, 0.0, 0.0], "(3, 5, 3, 3)": [0.0, 0.0, 0.0, 0.0, 0.0], "(3, 7, 2, 3)": [0.0, 0.9873462319374084, 0.0, 0.0, 0.0], "(3, 1, 2, 1)": [0.0, 0.025190196931362152, 0.0, 0.0, 0.9896114468574524], "(2, 4, 1, 1)": [0.0, 0.0, 0.0, 0.0, 0.0], "(3, 3, 3, 2)": [0.0, 0.0, 0.0, 0.0, 0.029918691143393517], "(3, 4, 3, 2)": [0.04374305158853531, 0.0, 0.0, 0.0, 0.0], "(3, 5, 3, 2)": [0.0, 0.033753957599401474, 0.0, 0.0, 0.0], "(2, 2, 3, 2)": [0.0, 0.0, 0.0, 0.0, 0.0], "(2, 3, 3, 3)": [0.0, 0.0, 0.0, 0.0, 0.0], "(2, 3, 3, 2)": [0.0, 0.0, 0.0, 0.0, 0.0]}}