{"q_values": {"(2, 5, 2, 2)": [1.3625311851501465, 1.2723772525787354, 1.2815858125686646, 1.3927125930786133, 1.346775770187378], "(2, 6, 2, 2)": [1.234092354774475, 1.1096621751785278, 1.1282246112823486, 1.1833175420761108, 1.315223217010498], "(2, 7, 2, 2)": [0.523253321647644, 0.756916344165802, 0.506930947303772, 0.3211464583873749, 0.4368438422679901], "(2, 1, 2, 2)": [0.22837311029434204, 0.5599051713943481, 0.652580201625824, 0.5561763048171997, 0.5689873695373535], "(2, 2, 2, 2)": [1.266756296157837, 1.3354357481002808, 1.3264238834381104, 1.3561224937438965, 1.2566317319869995], "(2, 4, 2, 2)": [1.3334707021713257, 1.4200353622436523, 1.277096152305603, 1.2731266021728516, 1.1969718933105469], "(2, 3, 2, 2)": [1.4327086210250854, 1.573094129562378, 1.4682793617248535, 1.077265977859497, 1.4922640323638916]}}