{"q_values": {"(2, 5, 2, 2)": [46.12458038330078, 45.258392333984375, 45.40971755981445, 45.50786209106445, 45.24679946899414], "(2, 6, 2, 2)": [41.20466232299805, 38.30830764770508, 39.44002914428711, 39.50579071044922, 39.41792297363281], "(2, 7, 2, 2)": [35.717411041259766, 36.438812255859375, 35.84272766113281, 36.3291015625, 35.51744842529297], "(2, 1, 2, 2)": [37.927738189697266, 38.41646194458008, 38.67121505737305, 38.078670501708984, 38.67985916137695], "(2, 2, 2, 2)": [42.397254943847656, 42.75631332397461, 42.690895080566406, 43.01892852783203, 43.5941276550293], "(2, 4, 2, 2)": [47.16250991821289, 47.63789367675781, 47.25836181640625, 47.70986557006836, 47.4822883605957], "(2, 3, 2, 2)": [45.66383361816406, 45.9920768737793, 45.919185638427734, 46.22520065307617, 46.26811599731445], "(1, 1, 2, 2)": [0.08475784957408905, 1.5652239322662354, 0.9816084504127502, 0.38319551944732666, 0.7358224391937256], "(1, 2, 2, 2)": [0.1897050440311432, 0.20479926466941833, 0.2576492726802826, 0.5961499214172363, 0.2363898754119873], "(3, 3, 2, 2)": [0.26444679498672485, 0.21102041006088257, 0.3416443467140198, 0.34177297353744507, 0.17885150015354156], "(3, 4, 2, 2)": [0.15527811646461487, 0.09737952053546906, 0.3070511221885681, 0.12389489263296127, 0.15038302540779114], "(3, 5, 2, 2)": [0.11722251772880554, 0.14788776636123657, 0.06502881646156311, 0.11598675698041916, 0.22668984532356262], "(3, 6, 2, 2)": [0.17804116010665894, 0.20252251625061035, 0.23474957048892975, 0.12485267221927643, 0.2502131462097168], "(3, 2, 2, 2)": [0.0, 0.16510529816150665, 0.1083211824297905, 0.030847417190670967, 0.03039700537919998], "(3, 1, 2, 2)": [0.9108520150184631, 1.1587629318237305, 0.052503250539302826, 1.045935869216919, 0.02645713835954666], "(3, 7, 2, 2)": [1.0992236137390137, 0.28246596455574036, 1.7309837341308594, 0.6150221824645996, 0.05091620609164238], "(1, 5, 2, 2)": [0.08845759928226471, 0.029157796874642372, 0.11351121217012405, 0.06110106408596039, 0.05868326872587204], "(1, 6, 2, 2)": [0.14076784253120422, 0.09636092931032181, 0.0642361044883728, 0.058941833674907684, 0.03102790005505085], "(1, 7, 2, 2)": [0.10955847799777985, 0.0, 0.0, 0.13791771233081818, 1.4484261274337769], "(1, 3, 2, 2)": [0.061271294951438904, 0.029344601556658745, 0.03724971413612366, 0.030810877680778503, 0.02979983761906624], "(1, 4, 2, 2)": [0.09079361706972122, 0.0925208032131195, 0.06261572241783142, 0.09344358742237091, 0.03179370239377022], "(2, 1, 2, 1)": [0.0, 1.0256438255310059, 0.0, 0.0, 0.0], "(2, 2, 2, 1)": [0.0, 0.0, 0.0, 1.2125186920166016, 0.0]}}