{"q_values": {"(2, 5, 2, 2)": [47.71705627441406, 49.716609954833984, 48.92432403564453, 48.81837463378906, 48.95656967163086], "(2, 6, 2, 2)": [45.45370101928711, 44.73584747314453, 44.51923370361328, 43.51513671875, 43.97519302368164], "(2, 7, 2, 2)": [42.9460334777832, 42.89570999145508, 43.463253021240234, 42.88007354736328, 42.895503997802734], "(2, 1, 2, 2)": [40.387451171875, 41.58083724975586, 41.57591247558594, 41.91366958618164, 42.40272903442383], "(2, 2, 2, 2)": [43.280921936035156, 43.705787658691406, 43.81398010253906, 44.71184539794922, 43.87276077270508], "(2, 4, 2, 2)": [49.8531379699707, 50.38444519042969, 51.05479431152344, 50.384063720703125, 49.87471008300781], "(2, 3, 2, 2)": [47.576595306396484, 48.55727767944336, 47.944862365722656, 49.08647155761719, 48.505332946777344], "(2, 1, 2, 1)": [9.434416770935059, 6.1873579025268555, 10.986845970153809, 13.591501235961914, 16.792421340942383], "(2, 3, 2, 3)": [1.441072940826416, 3.798417091369629, 0.9291226863861084, 0.11753019690513611, 0.03089682199060917], "(2, 4, 2, 3)": [11.709125518798828, 4.339416027069092, 2.885974407196045, 0.6434451341629028, 0.33256247639656067], "(2, 5, 2, 3)": [10.861907005310059, 8.824994087219238, 5.47675895690918, 1.1536052227020264, 1.8113058805465698], "(2, 4, 2, 1)": [1.0008983612060547, 0.982483983039856, 7.078832626342773, 5.764626979827881, 4.348977088928223], "(2, 3, 2, 1)": [1.7106355428695679, 3.0896239280700684, 6.5970964431762695, 7.990743160247803, 10.858575820922852], "(2, 2, 2, 1)": [2.5197198390960693, 4.5727009773254395, 7.629149436950684, 7.376410961151123, 14.518911361694336], "(2, 6, 2, 3)": [18.467344284057617, 9.931406021118164, 7.776021480560303, 3.2816500663757324, 3.154228448867798], "(2, 7, 2, 3)": [16.484525680541992, 10.89880657196045, 8.325631141662598, 10.7395658493042, 10.208649635314941], "(3, 2, 2, 2)": [0.14783109724521637, 0.15111716091632843, 0.3014170527458191, 0.23416198790073395, 0.2848201096057892], "(3, 1, 2, 2)": [0.11154018342494965, 0.7373526096343994, 0.08562389761209488, 2.733272075653076, 1.2423969507217407], "(3, 7, 2, 2)": [0.3216213285923004, 1.1145390272140503, 1.9352545738220215, 0.9706342220306396, 1.6461093425750732], "(3, 5, 2, 2)": [0.8515621423721313, 1.5354535579681396, 0.3430088758468628, 0.3243832290172577, 0.3166821300983429], "(3, 5, 2, 3)": [0.0, 0.0, 0.0, 0.02893892116844654, 0.0], "(3, 6, 3, 3)": [0.0, 0.035488903522491455, 0.0, 0.0, 0.02630552463233471], "(3, 6, 2, 2)": [1.5500565767288208, 0.44010430574417114, 0.43937182426452637, 0.3941343426704407, 0.3308067321777344], "(3, 7, 3, 3)": [0.0, 0.07421017438173294, 0.0, 0.02484441176056862, 0.0], "(2, 5, 2, 1)": [0.029832448810338974, 0.2663682997226715, 0.25712814927101135, 3.9187445640563965, 0.0], "(3, 4, 2, 2)": [0.3073731064796448, 0.35481491684913635, 0.13645625114440918, 0.11422643065452576, 0.40105679631233215], "(2, 5, 1, 1)": [0.0, 0.0, 0.18011416494846344, 0.0, 0.0], "(2, 1, 1, 1)": [1.6387230157852173, 0.0, 0.0, 0.0, 0.0], "(2, 5, 3, 3)": [0.08850916475057602, 0.0, 0.0, 0.0, 0.0], "(2, 4, 3, 3)": [0.0, 0.0, 0.0, 0.05909675732254982, 0.0], "(2, 6, 2, 1)": [0.029338274151086807, 0.0, 1.1310659646987915, 1.4628636837005615, 0.0], "(1, 4, 2, 2)": [0.30253830552101135, 0.08818364143371582, 0.1821206510066986, 0.09082736074924469, 1.5726374387741089], "(1, 5, 2, 2)": [0.1705954372882843, 0.20165063440799713, 1.531630277633667, 0.23073789477348328, 0.19882309436798096], "(1, 6, 2, 2)": [0.2498312145471573, 0.48796868324279785, 0.31906062364578247, 0.2198658287525177, 0.27532294392585754], "(1, 7, 2, 2)": [2.2088160514831543, 0.2704950273036957, 0.21920731663703918, 0.32927998900413513, 1.8038833141326904], "(1, 3, 2, 2)": [0.06588049978017807, 0.09091576188802719, 1.0763014554977417, 0.1328883171081543, 0.24003936350345612], "(1, 2, 2, 2)": [0.0884488970041275, 0.08079418540000916, 0.11163060367107391, 0.0596674382686615, 0.11775386333465576], "(1, 1, 2, 2)": [0.0524970144033432, 0.056251294910907745, 0.0784144476056099, 0.6332689523696899, 0.858217179775238], "(1, 4, 2, 3)": [0.0, 0.033526450395584106, 0.05677125230431557, 0.02994508668780327, 0.0], "(2, 6, 1, 1)": [0.0, 0.0, 0.0, 0.0, 0.0], "(2, 6, 3, 3)": [0.0, 0.1957608461380005, 0.0, 0.0, 0.0], "(2, 3, 1, 1)": [0.0, 0.028773166239261627, 0.20305420458316803, 0.16852371394634247, 0.0], "(3, 3, 2, 2)": [0.0651111751794815, 1.5923575162887573, 0.20874716341495514, 0.1567031443119049, 0.12758219242095947], "(1, 6, 1, 2)": [0.0, 0.0, 0.0, 0.0, 0.0], "(2, 2, 1, 1)": [0.0, 0.03248615935444832, 0.21802322566509247, 0.0, 0.0], "(2, 2, 2, 3)": [0.0, 1.45297372341156, 0.9433045387268066, 0.0, 0.0], "(2, 4, 3, 2)": [0.0, 1.0344038009643555, 0.0, 0.0, 0.0], "(3, 4, 2, 1)": [0.0, 0.0, 0.0, 0.0, 0.0], "(3, 3, 2, 1)": [0.0, 0.02886495366692543, 0.0, 0.0, 0.0], "(3, 2, 2, 1)": [0.0, 0.0, 0.0, 0.0, 1.2378493547439575], "(1, 5, 2, 3)": [0.0, 0.0, 0.0, 0.0, 0.0], "(1, 6, 2, 3)": [0.0, 0.026335787028074265, 0.02742062695324421, 0.0, 0.0], "(1, 7, 2, 3)": [0.0, 0.8800593018531799, 0.0, 0.0, 0.0], "(3, 5, 3, 3)": [0.0, 0.0, 0.0, 0.0, 0.0], "(3, 7, 2, 3)": [0.0, 0.9873462319374084, 0.0, 0.0, 0.0], "(3, 1, 2, 1)": [0.0, 0.025190196931362152, 0.0, 0.0, 0.9815198183059692], "(2, 4, 1, 1)": [0.0, 0.0, 0.0, 0.0, 0.0], "(3, 3, 3, 2)": [0.0, 0.0, 0.0, 0.0, 0.029918691143393517], "(3, 4, 3, 2)": [0.04374305158853531, 0.0, 0.0, 0.0, 0.0], "(3, 5, 3, 2)": [0.0, 0.033753957599401474, 0.0, 0.0, 0.0]}}