{"q_values": {"(2, 5, 2, 2)": [36.679534912109375, 35.611637115478516, 36.52516555786133, 36.7053337097168, 36.0527229309082], "(2, 6, 2, 2)": [33.84078598022461, 33.98597717285156, 33.839942932128906, 33.333744049072266, 32.71336364746094], "(2, 7, 2, 2)": [31.38034439086914, 31.18883514404297, 31.23020362854004, 30.371559143066406, 30.48406982421875], "(2, 1, 2, 2)": [29.766847610473633, 29.545412063598633, 30.2608699798584, 29.832866668701172, 29.683610916137695], "(2, 2, 2, 2)": [31.44606590270996, 32.8388671875, 32.981361389160156, 33.30429458618164, 33.146141052246094], "(2, 4, 2, 2)": [35.49306869506836, 36.89753341674805, 36.55754852294922, 36.684539794921875, 36.537567138671875], "(2, 3, 2, 2)": [33.41859436035156, 34.04168701171875, 35.30530548095703, 35.29026794433594, 34.629905700683594], "(2, 1, 2, 1)": [4.811540126800537, 4.282288551330566, 8.100364685058594, 7.980154037475586, 10.569910049438477], "(2, 3, 2, 3)": [0.31974703073501587, 1.434881567955017, 0.9291226863861084, 0.05881061404943466, 0.03089682199060917], "(2, 4, 2, 3)": [4.830745697021484, 4.339416027069092, 2.7049903869628906, 0.3216681480407715, 0.33256247639656067], "(2, 5, 2, 3)": [4.394873142242432, 5.511005401611328, 2.896205425262451, 0.40372025966644287, 0.8467990756034851], "(2, 4, 2, 1)": [0.36229997873306274, 0.4649149775505066, 3.532123565673828, 3.5654890537261963, 3.1740477085113525], "(2, 3, 2, 1)": [0.861736536026001, 1.2421990633010864, 5.474628925323486, 6.776707649230957, 6.788382530212402], "(2, 2, 2, 1)": [1.1777276992797852, 1.7425894737243652, 4.616907119750977, 4.522079944610596, 9.541976928710938], "(2, 6, 2, 3)": [9.705320358276367, 7.075103759765625, 2.938110113143921, 1.1582558155059814, 1.2490990161895752], "(2, 7, 2, 3)": [8.973002433776855, 5.276736736297607, 5.209028244018555, 4.57153844833374, 5.542914390563965], "(3, 2, 2, 2)": [0.029202105477452278, 0.06358308345079422, 0.08483149111270905, 0.08600812405347824, 0.1427820473909378], "(3, 1, 2, 2)": [0.08778318762779236, 0.7292990684509277, 0.08562389761209488, 0.20963984727859497, 0.11477527022361755], "(3, 7, 2, 2)": [0.3216213285923004, 1.0444984436035156, 0.8695220351219177, 0.8685689568519592, 0.296489417552948], "(3, 5, 2, 2)": [0.7867240905761719, 0.2838822603225708, 0.20319800078868866, 0.060595400631427765, 0.12396527826786041], "(3, 5, 2, 3)": [0.0, 0.0, 0.0, 0.02893892116844654, 0.0], "(3, 6, 3, 3)": [0.0, 0.035488903522491455, 0.0, 0.0, 0.02630552463233471], "(3, 6, 2, 2)": [0.3207137882709503, 0.3399784564971924, 0.33168062567710876, 0.289437472820282, 0.28634488582611084], "(3, 7, 3, 3)": [0.0, 0.07421017438173294, 0.0, 0.02484441176056862, 0.0], "(2, 5, 2, 1)": [0.0, 0.15053138136863708, 0.04246995225548744, 1.3405545949935913, 0.0], "(3, 4, 2, 2)": [0.18924643099308014, 0.13606204092502594, 0.06924042105674744, 0.03595949709415436, 0.23768024146556854], "(2, 5, 1, 1)": [0.0, 0.0, 0.0, 0.0, 0.0], "(2, 1, 1, 1)": [0.659237265586853, 0.0, 0.0, 0.0, 0.0], "(2, 5, 3, 3)": [0.08850916475057602, 0.0, 0.0, 0.0, 0.0], "(2, 4, 3, 3)": [0.0, 0.0, 0.0, 0.05909675732254982, 0.0], "(2, 6, 2, 1)": [0.029338274151086807, 0.0, 0.0, 0.0, 0.0], "(1, 4, 2, 2)": [0.30253830552101135, 0.08818364143371582, 0.14967171847820282, 0.09082736074924469, 0.1712876260280609], "(1, 5, 2, 2)": [0.1705954372882843, 0.14301858842372894, 0.1714402437210083, 0.1397242546081543, 0.17070317268371582], "(1, 6, 2, 2)": [0.11415249854326248, 0.2751190662384033, 0.1397690623998642, 0.08730119466781616, 0.11561575531959534], "(1, 7, 2, 2)": [1.13864266872406, 0.1495072841644287, 0.15649281442165375, 0.11841070652008057, 0.7460535168647766], "(1, 3, 2, 2)": [0.03252655267715454, 0.05830242484807968, 1.0699129104614258, 0.0649954229593277, 0.14636938273906708], "(1, 2, 2, 2)": [0.0884488970041275, 0.08079418540000916, 0.11163060367107391, 0.0596674382686615, 0.11775386333465576], "(1, 1, 2, 2)": [0.0524970144033432, 0.056251294910907745, 0.0784144476056099, 0.6332689523696899, 0.858217179775238], "(1, 4, 2, 3)": [0.0, 0.033526450395584106, 0.05677125230431557, 0.02994508668780327, 0.0], "(2, 6, 1, 1)": [0.0, 0.0, 0.0, 0.0, 0.0], "(2, 6, 3, 3)": [0.0, 0.1957608461380005, 0.0, 0.0, 0.0], "(2, 3, 1, 1)": [0.0, 0.028773166239261627, 0.20305420458316803, 0.16852371394634247, 0.0], "(3, 3, 2, 2)": [0.032653361558914185, 0.11301734298467636, 0.03597618639469147, 0.06660027801990509, 0.06431803107261658], "(1, 6, 1, 2)": [0.0, 0.0, 0.0, 0.0, 0.0], "(2, 2, 1, 1)": [0.0, 0.03248615935444832, 0.21802322566509247, 0.0, 0.0], "(2, 2, 2, 3)": [0.0, 0.0, 0.9433045387268066, 0.0, 0.0], "(2, 4, 3, 2)": [0.0, 1.0344038009643555, 0.0, 0.0, 0.0], "(3, 4, 2, 1)": [0.0, 0.0, 0.0, 0.0, 0.0], "(3, 3, 2, 1)": [0.0, 0.02886495366692543, 0.0, 0.0, 0.0], "(3, 2, 2, 1)": [0.0, 0.0, 0.0, 0.0, 0.0], "(1, 5, 2, 3)": [0.0, 0.0, 0.0, 0.0, 0.0], "(1, 6, 2, 3)": [0.0, 0.026335787028074265, 0.02742062695324421, 0.0, 0.0], "(1, 7, 2, 3)": [0.0, 0.8800593018531799, 0.0, 0.0, 0.0], "(3, 5, 3, 3)": [0.0, 0.0, 0.0, 0.0, 0.0], "(3, 7, 2, 3)": [0.0, 0.9873462319374084, 0.0, 0.0, 0.0]}}