{"q_values": {"(2, 5, 2, 2)": [41.30546951293945, 40.654869079589844, 40.74478530883789, 40.37264633178711, 41.08504104614258], "(2, 6, 2, 2)": [36.2723274230957, 35.51232147216797, 35.60811233520508, 35.78727722167969, 35.43860626220703], "(2, 7, 2, 2)": [32.84339904785156, 33.037174224853516, 32.60393524169922, 32.3110237121582, 31.791873931884766], "(2, 1, 2, 2)": [35.62223434448242, 35.77510452270508, 35.452796936035156, 35.33837127685547, 35.76433563232422], "(2, 2, 2, 2)": [39.558837890625, 39.54363250732422, 39.5831298828125, 40.07819366455078, 39.7564697265625], "(2, 4, 2, 2)": [42.95570755004883, 43.22419738769531, 42.80674362182617, 42.31616973876953, 42.684444427490234], "(2, 3, 2, 2)": [41.263519287109375, 41.858272552490234, 42.023380279541016, 41.941837310791016, 42.409751892089844], "(1, 1, 2, 2)": [0.08475784957408905, 1.5652239322662354, 0.9816084504127502, 0.3450980484485626, 0.7358224391937256], "(1, 2, 2, 2)": [0.1897050440311432, 0.20479926466941833, 0.2576492726802826, 0.5776798129081726, 0.2363898754119873], "(3, 3, 2, 2)": [0.26444679498672485, 0.21102041006088257, 0.3157065212726593, 0.34177297353744507, 0.17885150015354156], "(3, 4, 2, 2)": [0.12469262629747391, 0.09737952053546906, 0.2544788420200348, 0.12389489263296127, 0.15038302540779114], "(3, 5, 2, 2)": [0.11722251772880554, 0.14788776636123657, 0.06502881646156311, 0.11598675698041916, 0.22668984532356262], "(3, 6, 2, 2)": [0.17804116010665894, 0.20252251625061035, 0.23474957048892975, 0.12485267221927643, 0.2502131462097168], "(3, 2, 2, 2)": [0.0, 0.13650302588939667, 0.1083211824297905, 0.030847417190670967, 0.03039700537919998], "(3, 1, 2, 2)": [0.9108520150184631, 1.1587629318237305, 0.052503250539302826, 1.045935869216919, 0.02645713835954666], "(3, 7, 2, 2)": [1.0992236137390137, 0.28246596455574036, 0.42625898122787476, 0.6150221824645996, 0.05091620609164238], "(1, 5, 2, 2)": [0.028939634561538696, 0.029157796874642372, 0.11351121217012405, 0.0, 0.05868326872587204], "(1, 6, 2, 2)": [0.08168090134859085, 0.0, 0.0, 0.02776733972132206, 0.0], "(1, 7, 2, 2)": [0.05284503847360611, 0.0, 0.0, 0.08314964920282364, 1.4335193634033203], "(1, 3, 2, 2)": [0.061271294951438904, 0.029344601556658745, 0.03724971413612366, 0.030810877680778503, 0.02979983761906624], "(1, 4, 2, 2)": [0.09079361706972122, 0.0925208032131195, 0.06261572241783142, 0.09344358742237091, 0.03179370239377022], "(2, 1, 2, 1)": [0.0, 1.0256438255310059, 0.0, 0.0, 0.0], "(2, 2, 2, 1)": [0.0, 0.0, 0.0, 1.2125186920166016, 0.0]}}