{"q_values": {"(2, 5, 2, 2)": [15.719074249267578, 15.438395500183105, 15.144109725952148, 15.466133117675781, 15.403887748718262], "(2, 6, 2, 2)": [12.739252090454102, 13.046224594116211, 13.23056697845459, 12.543895721435547, 12.476821899414062], "(2, 7, 2, 2)": [10.486316680908203, 10.600802421569824, 10.30080795288086, 10.222808837890625, 10.915838241577148], "(2, 1, 2, 2)": [11.233001708984375, 11.311013221740723, 10.849794387817383, 11.652134895324707, 11.57660961151123], "(2, 2, 2, 2)": [14.049700736999512, 13.757086753845215, 14.302209854125977, 14.317840576171875, 14.601722717285156], "(2, 4, 2, 2)": [16.593982696533203, 16.737470626831055, 16.6549072265625, 16.8360538482666, 16.44902229309082], "(2, 3, 2, 2)": [15.915986061096191, 16.089982986450195, 15.972742080688477, 15.899703025817871, 16.260345458984375], "(1, 1, 2, 2)": [0.028085023164749146, 0.0, 0.053747933357954025, 0.0, 0.05349560081958771], "(1, 2, 2, 2)": [0.028953583911061287, 0.02919750101864338, 0.05542471259832382, 0.5266563296318054, 0.0563548281788826], "(3, 3, 2, 2)": [0.030751654878258705, 0.05875498056411743, 0.02969222515821457, 0.08924257755279541, 0.0892394632101059], "(3, 4, 2, 2)": [0.029999880120158195, 0.0, 0.08708503097295761, 0.029973408207297325, 0.0], "(3, 5, 2, 2)": [0.029852135106921196, 0.0582277774810791, 0.0, 0.058559540659189224, 0.08564025908708572], "(3, 6, 2, 2)": [0.02972179464995861, 0.11070180684328079, 0.18235565721988678, 0.057001110166311264, 0.08392731845378876], "(3, 2, 2, 2)": [0.0, 0.0, 0.027537982910871506, 0.0, 0.0], "(3, 1, 2, 2)": [0.0, 0.14637070894241333, 0.026700593531131744, 0.02569642849266529, 0.0], "(3, 7, 2, 2)": [0.44124695658683777, 0.21466173231601715, 0.3749951720237732, 0.5850920081138611, 0.05091620609164238], "(1, 5, 2, 2)": [0.0, 0.029157796874642372, 0.057620368897914886, 0.0, 0.05868326872587204], "(1, 6, 2, 2)": [0.08168090134859085, 0.0, 0.0, 0.0, 0.0], "(1, 7, 2, 2)": [0.026062633842229843, 0.0, 0.0, 0.0, 0.24192975461483002]}}