{"q_values": {"(2, 5, 2, 2)": [6.27681827545166, 6.3078293800354, 6.162459373474121, 6.220215320587158, 6.1333699226379395], "(2, 6, 2, 2)": [5.286801338195801, 5.5290398597717285, 5.398930072784424, 5.0517144203186035, 4.892892360687256], "(2, 7, 2, 2)": [3.8018620014190674, 3.8237247467041016, 3.592912197113037, 3.664292335510254, 3.438554525375366], "(2, 1, 2, 2)": [4.562921524047852, 4.47973108291626, 4.683502674102783, 4.726356029510498, 4.879056453704834], "(2, 2, 2, 2)": [5.854223728179932, 5.848597049713135, 6.035633563995361, 6.165866374969482, 6.264827728271484], "(2, 4, 2, 2)": [6.6640238761901855, 6.87471342086792, 6.880983829498291, 6.710961818695068, 6.548825740814209], "(2, 3, 2, 2)": [6.449420928955078, 6.786956787109375, 6.793671607971191, 6.898817539215088, 6.940579891204834], "(2, 1, 2, 1)": [0.10606589913368225, 0.07811576873064041, 0.31604790687561035, 0.19337666034698486, 0.21953652799129486], "(2, 3, 2, 3)": [0.0, 0.0, 0.03414785861968994, 0.0, 0.03089682199060917], "(2, 4, 2, 3)": [0.0, 0.0, 0.06220058351755142, 0.029884910210967064, 0.0], "(2, 5, 2, 3)": [0.14797016978263855, 0.4281778931617737, 0.11828658729791641, 0.029329167678952217, 0.061126403510570526], "(2, 4, 2, 1)": [0.029761897400021553, 0.034072455018758774, 0.0, 0.032615065574645996, 0.17854897677898407], "(2, 3, 2, 1)": [0.06298049539327621, 0.0658932477235794, 0.0, 0.0, 0.4058536887168884], "(2, 2, 2, 1)": [0.05951296165585518, 0.03275230899453163, 0.15673625469207764, 0.24858872592449188, 0.30019405484199524], "(2, 6, 2, 3)": [0.228514164686203, 0.05185995250940323, 0.08104510605335236, 0.13154470920562744, 0.2574600577354431], "(2, 7, 2, 3)": [0.4796651601791382, 0.21272596716880798, 0.19005216658115387, 0.06949268281459808, 0.06858056783676147], "(3, 2, 2, 2)": [0.0, 0.0, 0.02751729264855385, 0.027931440621614456, 0.0], "(3, 1, 2, 2)": [0.0, 0.0, 0.026689577847719193, 0.08835633099079132, 0.0], "(3, 7, 2, 2)": [0.0, 0.12168809026479721, 0.0, 0.0, 0.0], "(3, 5, 2, 2)": [0.0, 0.0, 0.0, 0.0, 0.0], "(3, 5, 2, 3)": [0.0, 0.0, 0.0, 0.02893892116844654, 0.0], "(3, 6, 3, 3)": [0.0, 0.0, 0.0, 0.0, 0.02630552463233471], "(3, 6, 2, 2)": [0.0, 0.0, 0.0, 0.0, 0.02746487222611904], "(3, 7, 3, 3)": [0.0, 0.07421017438173294, 0.0, 0.02484441176056862, 0.0]}}