{"q_values": {"(2, 5, 2, 2)": [67.61583709716797, 68.80984497070312, 67.38885498046875, 66.94832611083984, 65.27667999267578], "(2, 6, 2, 2)": [63.508445739746094, 64.17147064208984, 62.7012939453125, 62.353553771972656, 60.40450668334961], "(2, 7, 2, 2)": [60.23194885253906, 59.24232864379883, 60.209625244140625, 58.38939666748047, 57.68952941894531], "(2, 1, 2, 2)": [60.198123931884766, 61.344642639160156, 61.1288948059082, 61.997413635253906, 61.41006088256836], "(2, 2, 2, 2)": [61.845977783203125, 64.20463562011719, 66.30034637451172, 67.21646118164062, 66.30099487304688], "(2, 4, 2, 2)": [68.76765441894531, 70.80716705322266, 69.88495635986328, 70.19046020507812, 69.23309326171875], "(2, 3, 2, 2)": [69.05652618408203, 68.85942840576172, 70.1521987915039, 69.54320526123047, 67.93212890625], "(2, 1, 2, 1)": [16.77308464050293, 12.174802780151367, 17.026357650756836, 17.9483642578125, 28.830570220947266], "(2, 3, 2, 3)": [3.4355247020721436, 7.366852760314941, 0.9291226863861084, 0.4939448833465576, 0.03089682199060917], "(2, 4, 2, 3)": [17.549278259277344, 7.77067232131958, 6.575117111206055, 1.353838324546814, 1.1226792335510254], "(2, 5, 2, 3)": [18.68488311767578, 10.41280746459961, 10.566231727600098, 2.0938196182250977, 2.7330334186553955], "(2, 4, 2, 1)": [1.0008983612060547, 3.534498691558838, 10.598508834838867, 8.654535293579102, 4.348977088928223], "(2, 3, 2, 1)": [2.4478330612182617, 5.393364906311035, 7.824373245239258, 12.599027633666992, 19.6292667388916], "(2, 2, 2, 1)": [5.378573417663574, 9.255634307861328, 11.412302017211914, 13.204057693481445, 25.06482696533203], "(2, 6, 2, 3)": [27.2863826751709, 16.807174682617188, 9.00711727142334, 5.643657207489014, 5.3952765464782715], "(2, 7, 2, 3)": [29.321325302124023, 15.983745574951172, 11.760366439819336, 17.653766632080078, 12.954751968383789], "(3, 2, 2, 2)": [0.20882831513881683, 0.300168514251709, 0.4632914960384369, 0.5141564607620239, 0.3698650896549225], "(3, 1, 2, 2)": [1.480970025062561, 0.7682255506515503, 0.14620648324489594, 2.5487000942230225, 5.0515947341918945], "(3, 7, 2, 2)": [0.762874960899353, 1.372565746307373, 2.0423152446746826, 1.0539517402648926, 1.6577759981155396], "(3, 5, 2, 2)": [0.9460943937301636, 1.4936448335647583, 0.4934445917606354, 0.6057074069976807, 0.44229575991630554], "(3, 5, 2, 3)": [0.0, 0.0, 0.0, 0.02893892116844654, 0.0], "(3, 6, 3, 3)": [0.0, 0.035488903522491455, 0.0, 0.0, 0.02630552463233471], "(3, 6, 2, 2)": [1.5223207473754883, 0.5000219941139221, 0.6152313351631165, 0.45950114727020264, 0.47516557574272156], "(3, 7, 3, 3)": [0.0, 0.07421017438173294, 0.0, 0.02484441176056862, 0.0], "(2, 5, 2, 1)": [0.029832448810338974, 0.2663682997226715, 1.9190980195999146, 3.9187445640563965, 1.692582368850708], "(3, 4, 2, 2)": [0.5062077641487122, 0.5258378982543945, 0.26165303587913513, 0.2519264221191406, 0.5898182392120361], "(2, 5, 1, 1)": [0.0, 0.0, 0.18011416494846344, 0.0, 0.0], "(2, 1, 1, 1)": [3.5942165851593018, 0.0, 0.0, 0.4527411162853241, 0.0], "(2, 5, 3, 3)": [1.623400330543518, 0.0, 0.0, 0.04133528470993042, 0.0], "(2, 4, 3, 3)": [0.0, 0.0, 0.04688836634159088, 0.05909675732254982, 0.030895138159394264], "(2, 6, 2, 1)": [0.029338274151086807, 0.0, 1.1310659646987915, 1.4628636837005615, 0.0], "(1, 4, 2, 2)": [0.30253830552101135, 0.1211298480629921, 0.21400463581085205, 0.09082736074924469, 1.5726374387741089], "(1, 5, 2, 2)": [0.2008960247039795, 0.20165063440799713, 1.5211539268493652, 0.23073789477348328, 0.3494984805583954], "(1, 6, 2, 2)": [0.40398746728897095, 0.6989713907241821, 0.38042163848876953, 0.255936861038208, 0.3058640956878662], "(1, 7, 2, 2)": [2.209388017654419, 0.44073766469955444, 1.5851702690124512, 0.5481178164482117, 1.8160128593444824], "(1, 3, 2, 2)": [0.06588049978017807, 0.09091576188802719, 1.0763014554977417, 0.1328883171081543, 0.24003936350345612], "(1, 2, 2, 2)": [0.0884488970041275, 0.08079418540000916, 0.11163060367107391, 0.0596674382686615, 0.11775386333465576], "(1, 1, 2, 2)": [0.0524970144033432, 1.5465480089187622, 0.0784144476056099, 0.6332689523696899, 0.858217179775238], "(1, 4, 2, 3)": [0.0, 0.033526450395584106, 0.05677125230431557, 0.02994508668780327, 0.0], "(2, 6, 1, 1)": [0.0, 0.0, 0.0, 0.0, 0.0], "(2, 6, 3, 3)": [0.0, 0.623194694519043, 0.0, 0.0, 0.0], "(2, 3, 1, 1)": [0.0, 0.028773166239261627, 0.20305420458316803, 0.16852371394634247, 0.0], "(3, 3, 2, 2)": [0.16823603212833405, 1.562502384185791, 0.27006059885025024, 0.1567031443119049, 0.2023850381374359], "(1, 6, 1, 2)": [0.0, 0.0, 0.0, 0.0, 0.0], "(2, 2, 1, 1)": [0.037355031818151474, 0.03248615935444832, 0.21802322566509247, 0.0, 0.0], "(2, 2, 2, 3)": [2.0150606632232666, 1.45297372341156, 0.9433045387268066, 0.0, 0.0], "(2, 4, 3, 2)": [0.0, 1.0344038009643555, 0.0, 0.0, 0.0], "(3, 4, 2, 1)": [0.0, 0.0, 0.0, 0.0, 0.0], "(3, 3, 2, 1)": [0.0, 0.02886495366692543, 0.0, 0.0, 0.0], "(3, 2, 2, 1)": [0.0, 0.0, 0.05553359538316727, 0.0, 1.2378493547439575], "(1, 5, 2, 3)": [0.0, 0.0, 0.0, 0.0, 0.0], "(1, 6, 2, 3)": [0.0, 0.026335787028074265, 0.02742062695324421, 0.0, 0.0], "(1, 7, 2, 3)": [0.0, 0.8800593018531799, 0.0, 0.0, 0.0], "(3, 5, 3, 3)": [0.0, 0.0, 0.0, 0.0, 0.0], "(3, 7, 2, 3)": [0.0, 0.9873462319374084, 0.0, 0.0, 0.0], "(3, 1, 2, 1)": [0.0, 0.025190196931362152, 0.0, 0.0, 0.9896114468574524], "(2, 4, 1, 1)": [0.0, 0.0, 0.0, 0.0, 0.0], "(3, 3, 3, 2)": [0.0, 0.0, 0.0, 0.0, 0.029918691143393517], "(3, 4, 3, 2)": [0.04374305158853531, 0.0, 0.0, 0.0, 0.0], "(3, 5, 3, 2)": [0.0, 0.033753957599401474, 0.0, 0.0, 0.0], "(2, 2, 3, 2)": [0.0, 0.0, 0.0, 0.0, 0.0], "(2, 3, 3, 3)": [0.0, 0.0, 0.0, 0.0, 0.0], "(2, 3, 3, 2)": [0.0, 0.0, 0.0, 0.0, 0.0], "(2, 7, 3, 3)": [0.0, 0.0, 0.0, 1.7986220121383667, 0.0]}}