{"q_values": {"(2, 5, 2, 2)": [76.17919921875, 76.63172912597656, 76.05313873291016, 75.98999786376953, 75.1815185546875], "(2, 6, 2, 2)": [71.28842163085938, 72.07464599609375, 71.59259796142578, 71.34117126464844, 70.14600372314453], "(2, 7, 2, 2)": [68.48031616210938, 67.05851745605469, 67.31798553466797, 67.48478698730469, 64.70724487304688], "(2, 1, 2, 2)": [68.20207214355469, 68.38093566894531, 67.9480209350586, 69.11319732666016, 67.51683807373047], "(2, 2, 2, 2)": [70.6481704711914, 72.23334503173828, 73.11325073242188, 73.37797546386719, 73.1854248046875], "(2, 4, 2, 2)": [73.33350372314453, 74.67474365234375, 76.67710876464844, 76.20968627929688, 72.21964263916016], "(2, 3, 2, 2)": [75.07560729980469, 76.04996490478516, 76.52861022949219, 76.33536529541016, 75.98139953613281], "(2, 1, 2, 1)": [20.178308486938477, 14.94986629486084, 22.90294647216797, 19.531152725219727, 34.294857025146484], "(2, 3, 2, 3)": [3.4355247020721436, 9.349802017211914, 0.9291226863861084, 0.4939448833465576, 0.03089682199060917], "(2, 4, 2, 3)": [20.801843643188477, 9.851401329040527, 8.667118072509766, 1.8136967420578003, 1.5894556045532227], "(2, 5, 2, 3)": [21.7081241607666, 10.600412368774414, 13.054298400878906, 3.2437124252319336, 3.7036492824554443], "(2, 4, 2, 1)": [1.3251441717147827, 4.422581672668457, 10.98657512664795, 8.654535293579102, 10.620593070983887], "(2, 3, 2, 1)": [3.894498825073242, 6.675085067749023, 9.801714897155762, 17.834386825561523, 25.880455017089844], "(2, 2, 2, 1)": [6.362311840057373, 12.362730979919434, 11.412302017211914, 13.641843795776367, 27.746707916259766], "(2, 6, 2, 3)": [27.2863826751709, 18.590700149536133, 11.50443172454834, 7.55661678314209, 5.3952765464782715], "(2, 7, 2, 3)": [32.81499481201172, 16.374561309814453, 14.810845375061035, 17.653766632080078, 15.198772430419922], "(3, 2, 2, 2)": [0.20882831513881683, 0.333253413438797, 0.4632914960384369, 0.5141564607620239, 0.40014514327049255], "(3, 1, 2, 2)": [3.4757676124572754, 0.7762687802314758, 0.14620648324489594, 2.5487000942230225, 4.814907550811768], "(3, 7, 2, 2)": [0.762874960899353, 1.372565746307373, 2.0423152446746826, 1.0539517402648926, 1.6577759981155396], "(3, 5, 2, 2)": [0.9460943937301636, 1.4936448335647583, 0.4934445917606354, 0.6057074069976807, 0.4582430124282837], "(3, 5, 2, 3)": [0.0, 0.0, 0.0, 0.02893892116844654, 0.0], "(3, 6, 3, 3)": [0.0, 0.035488903522491455, 0.0, 0.0, 0.02630552463233471], "(3, 6, 2, 2)": [1.5376808643341064, 0.5304837822914124, 0.7037376165390015, 0.5947010517120361, 0.47516557574272156], "(3, 7, 3, 3)": [0.0, 0.07421017438173294, 0.0, 0.02484441176056862, 0.0], "(2, 5, 2, 1)": [0.1819009929895401, 1.2787643671035767, 1.9190980195999146, 3.9544711112976074, 3.8200581073760986], "(3, 4, 2, 2)": [0.5312085747718811, 0.5634830594062805, 0.3482900857925415, 0.3391072154045105, 0.7218828797340393], "(2, 5, 1, 1)": [0.0, 0.0, 0.18011416494846344, 0.0, 0.0], "(2, 1, 1, 1)": [3.5942165851593018, 0.0, 0.0, 0.4527411162853241, 0.0], "(2, 5, 3, 3)": [1.623400330543518, 0.0, 0.0, 0.04133528470993042, 0.0], "(2, 4, 3, 3)": [0.0, 0.0, 0.04688836634159088, 0.05909675732254982, 0.030895138159394264], "(2, 6, 2, 1)": [0.18142502009868622, 0.1527535617351532, 1.1310659646987915, 1.4628636837005615, 0.0], "(1, 4, 2, 2)": [0.30253830552101135, 0.1211298480629921, 0.21400463581085205, 0.09082736074924469, 1.5726374387741089], "(1, 5, 2, 2)": [0.2008960247039795, 0.20165063440799713, 1.5211539268493652, 0.23073789477348328, 0.3494984805583954], "(1, 6, 2, 2)": [0.40398746728897095, 0.6989713907241821, 0.38042163848876953, 0.255936861038208, 0.3058640956878662], "(1, 7, 2, 2)": [2.209388017654419, 0.44073766469955444, 1.5851702690124512, 0.5481178164482117, 1.8160128593444824], "(1, 3, 2, 2)": [0.06588049978017807, 0.09091576188802719, 1.0763014554977417, 0.1328883171081543, 0.24003936350345612], "(1, 2, 2, 2)": [0.0884488970041275, 0.08079418540000916, 0.11163060367107391, 0.0596674382686615, 0.2535518705844879], "(1, 1, 2, 2)": [0.20121896266937256, 1.813572645187378, 0.5430049896240234, 2.64208984375, 0.9711081981658936], "(1, 4, 2, 3)": [0.0, 0.033526450395584106, 0.05677125230431557, 0.02994508668780327, 0.0], "(2, 6, 1, 1)": [0.0, 0.0, 0.0, 0.0, 0.0], "(2, 6, 3, 3)": [0.0, 0.623194694519043, 0.0, 0.0, 0.0], "(2, 3, 1, 1)": [0.0, 0.028773166239261627, 0.20305420458316803, 0.16852371394634247, 0.0], "(3, 3, 2, 2)": [0.20327313244342804, 1.5453230142593384, 0.3328918516635895, 0.22641776502132416, 0.23642778396606445], "(1, 6, 1, 2)": [0.0, 0.0, 0.0, 0.0, 0.0], "(2, 2, 1, 1)": [0.037355031818151474, 0.03248615935444832, 0.21802322566509247, 0.8217653632164001, 0.0], "(2, 2, 2, 3)": [2.0150606632232666, 1.45297372341156, 0.9433045387268066, 0.0, 0.0], "(2, 4, 3, 2)": [0.0, 1.0344038009643555, 0.0, 0.0, 0.0], "(3, 4, 2, 1)": [0.0, 0.0, 0.0, 0.0, 0.0], "(3, 3, 2, 1)": [0.0, 0.02886495366692543, 0.0, 0.0, 0.0], "(3, 2, 2, 1)": [0.0, 0.0, 0.05553359538316727, 0.0, 1.2378493547439575], "(1, 5, 2, 3)": [0.0, 0.0, 0.0, 0.0, 0.0], "(1, 6, 2, 3)": [0.0, 0.026335787028074265, 0.02742062695324421, 0.0, 0.0], "(1, 7, 2, 3)": [0.0, 0.8800593018531799, 0.0, 0.0, 0.0], "(3, 5, 3, 3)": [0.0, 0.0, 0.0, 0.0, 0.0], "(3, 7, 2, 3)": [0.0, 0.9873462319374084, 0.0, 0.0, 0.0], "(3, 1, 2, 1)": [0.0, 0.025190196931362152, 0.0, 0.0, 0.9896114468574524], "(2, 4, 1, 1)": [0.0, 0.0, 0.0, 0.0, 0.0], "(3, 3, 3, 2)": [0.0, 0.0, 0.0, 0.0, 0.029918691143393517], "(3, 4, 3, 2)": [0.04374305158853531, 0.0, 0.0, 0.0, 0.0], "(3, 5, 3, 2)": [0.0, 0.07857852429151535, 0.0, 0.0, 0.0], "(2, 2, 3, 2)": [0.0, 0.0, 0.0, 0.0, 0.0], "(2, 3, 3, 3)": [0.0, 0.0, 0.0, 0.0, 0.0], "(2, 3, 3, 2)": [2.290153980255127, 0.0, 0.0, 0.0, 0.0], "(2, 7, 3, 3)": [0.0, 0.8324441909790039, 0.0, 1.7986220121383667, 0.0]}}