{"q_values": {"(2, 5, 2, 2)": [3.7714521884918213, 3.7729456424713135, 3.900519609451294, 3.79571270942688, 3.645061492919922], "(2, 6, 2, 2)": [3.528268575668335, 3.376305341720581, 3.468170642852783, 3.185112714767456, 3.2844579219818115], "(2, 7, 2, 2)": [1.8992207050323486, 1.7266366481781006, 1.733462929725647, 1.6263608932495117, 1.5533854961395264], "(2, 1, 2, 2)": [2.6050825119018555, 2.650879383087158, 2.8287739753723145, 3.1379013061523438, 2.7828145027160645], "(2, 2, 2, 2)": [3.6256911754608154, 3.8174474239349365, 3.8578736782073975, 3.8046326637268066, 3.971421480178833], "(2, 4, 2, 2)": [3.6945905685424805, 3.972081184387207, 3.8787081241607666, 3.849074363708496, 3.801516056060791], "(2, 3, 2, 2)": [3.764413595199585, 3.584012269973755, 3.6649246215820312, 3.5639901161193848, 3.762429714202881], "(2, 1, 2, 1)": [-0.0108867809176445, 0.048125576227903366, 0.09455278515815735, 0.05123627558350563, 0.08550198376178741], "(2, 3, 2, 3)": [0.0, 0.0, 0.0, 0.0, 0.03089682199060917], "(2, 4, 2, 3)": [0.0, 0.0, 0.029584074392914772, 0.029884910210967064, 0.0], "(2, 5, 2, 3)": [0.14797016978263855, 0.23098132014274597, 0.11828658729791641, 0.029329167678952217, 0.061126403510570526], "(2, 4, 2, 1)": [0.029761897400021553, 0.0, 0.0, 0.032615065574645996, 0.0], "(2, 3, 2, 1)": [0.02860099822282791, 0.0, 0.0, 0.0, 0.20213773846626282], "(2, 2, 2, 1)": [0.027468770742416382, 0.0, 0.15673625469207764, 0.06739415228366852, 0.10969197005033493], "(2, 6, 2, 3)": [0.09513865411281586, 0.05185995250940323, 0.08104510605335236, 0.05088300630450249, 0.15274596214294434], "(2, 7, 2, 3)": [0.05480816960334778, 0.03825023025274277, 0.050741370767354965, 0.004780905321240425, 0.06858056783676147], "(3, 2, 2, 2)": [0.0, 0.0, 0.02751729264855385, 0.027931440621614456, 0.0], "(3, 1, 2, 2)": [0.0, 0.0, 0.026689577847719193, 0.08835633099079132, 0.0]}}