{"q_values": {"(2, 5, 2, 2)": [32.65513610839844, 32.60309600830078, 32.55363082885742, 32.61283874511719, 32.232112884521484], "(2, 6, 2, 2)": [30.21242904663086, 29.982393264770508, 29.83816146850586, 29.634233474731445, 29.304824829101562], "(2, 7, 2, 2)": [26.96951675415039, 27.200925827026367, 26.983867645263672, 26.514089584350586, 26.030296325683594], "(2, 1, 2, 2)": [25.57610321044922, 25.393190383911133, 25.707191467285156, 25.516294479370117, 26.040809631347656], "(2, 2, 2, 2)": [27.81342124938965, 28.800783157348633, 29.25690460205078, 29.61733055114746, 29.279144287109375], "(2, 4, 2, 2)": [32.4041748046875, 31.292551040649414, 32.9962272644043, 32.98553466796875, 32.808876037597656], "(2, 3, 2, 2)": [29.994091033935547, 30.910037994384766, 31.7393856048584, 31.25455093383789, 31.393342971801758], "(2, 1, 2, 1)": [2.825927972793579, 3.243720531463623, 5.667080402374268, 6.51954984664917, 7.12835693359375], "(2, 3, 2, 3)": [0.31974703073501587, 1.434881567955017, 0.9291226863861084, 0.05881061404943466, 0.03089682199060917], "(2, 4, 2, 3)": [3.8939590454101562, 2.365752696990967, 1.6019723415374756, 0.24144291877746582, 0.33256247639656067], "(2, 5, 2, 3)": [4.394873142242432, 4.593381404876709, 2.896205425262451, 0.40372025966644287, 0.8467990756034851], "(2, 4, 2, 1)": [0.2810432016849518, 0.4649149775505066, 2.536926507949829, 2.6298646926879883, 3.1740477085113525], "(2, 3, 2, 1)": [0.6034305691719055, 1.2421990633010864, 4.639371871948242, 5.936341285705566, 5.182000160217285], "(2, 2, 2, 1)": [0.6539934873580933, 1.2145614624023438, 3.3057286739349365, 4.522079944610596, 8.844285011291504], "(2, 6, 2, 3)": [7.781087875366211, 5.619288921356201, 1.8305261135101318, 0.67702317237854, 1.0265440940856934], "(2, 7, 2, 3)": [8.325732231140137, 5.276736736297607, 2.7294983863830566, 3.6008803844451904, 3.780508041381836], "(3, 2, 2, 2)": [0.0, 0.06358308345079422, 0.05618269741535187, 0.05662760138511658, 0.059344738721847534], "(3, 1, 2, 2)": [0.06032835692167282, 0.7035643458366394, 0.08562389761209488, 0.20963984727859497, 0.03382082283496857], "(3, 7, 2, 2)": [0.3216213285923004, 1.0216894149780273, 0.8695220351219177, 0.8398677110671997, 0.25108444690704346], "(3, 5, 2, 2)": [0.7561734914779663, 0.2838822603225708, 0.20319800078868866, 0.060595400631427765, 0.12396527826786041], "(3, 5, 2, 3)": [0.0, 0.0, 0.0, 0.02893892116844654, 0.0], "(3, 6, 3, 3)": [0.0, 0.0, 0.0, 0.0, 0.02630552463233471], "(3, 6, 2, 2)": [0.23957467079162598, 0.25757843255996704, 0.304931104183197, 0.23234570026397705, 0.22926723957061768], "(3, 7, 3, 3)": [0.0, 0.07421017438173294, 0.0, 0.02484441176056862, 0.0], "(2, 5, 2, 1)": [0.0, 0.15053138136863708, 0.0, 0.21564480662345886, 0.0], "(3, 4, 2, 2)": [0.18924643099308014, 0.10140761733055115, 0.06924042105674744, 0.03595949709415436, 0.23768024146556854], "(2, 5, 1, 1)": [0.0, 0.0, 0.0, 0.0, 0.0], "(2, 1, 1, 1)": [0.659237265586853, 0.0, 0.0, 0.0, 0.0], "(2, 5, 3, 3)": [0.08850916475057602, 0.0, 0.0, 0.0, 0.0], "(2, 4, 3, 3)": [0.0, 0.0, 0.0, 0.05909675732254982, 0.0], "(2, 6, 2, 1)": [0.029338274151086807, 0.0, 0.0, 0.0, 0.0], "(1, 4, 2, 2)": [0.19663594663143158, 0.08818364143371582, 0.059900715947151184, 0.05897201597690582, 0.14191332459449768], "(1, 5, 2, 2)": [0.059842899441719055, 0.06041238456964493, 0.05857231095433235, 0.028755640611052513, 0.0], "(1, 6, 2, 2)": [0.0, 0.11982539296150208, 0.054899051785469055, 0.0, 0.02823312021791935], "(1, 7, 2, 2)": [0.10022123157978058, 0.11486192047595978, 0.02625958062708378, 0.054257333278656006, 0.7460535168647766], "(1, 3, 2, 2)": [0.0, 0.05830242484807968, 0.057618655264377594, 0.033600665628910065, 0.058681219816207886], "(1, 2, 2, 2)": [0.0, 0.08079418540000916, 0.11163060367107391, 0.0596674382686615, 0.031419042497873306], "(1, 1, 2, 2)": [0.0, 0.0, 0.025048531591892242, 0.587519645690918, 0.8559191226959229], "(1, 4, 2, 3)": [0.0, 0.033526450395584106, 0.05677125230431557, 0.02994508668780327, 0.0], "(2, 6, 1, 1)": [0.0, 0.0, 0.0, 0.0, 0.0], "(2, 6, 3, 3)": [0.0, 0.1957608461380005, 0.0, 0.0, 0.0], "(2, 3, 1, 1)": [0.0, 0.028773166239261627, 0.20305420458316803, 0.16852371394634247, 0.0], "(3, 3, 2, 2)": [0.0, 0.08618815988302231, 0.03597618639469147, 0.06660027801990509, 0.06431803107261658], "(1, 6, 1, 2)": [0.0, 0.0, 0.0, 0.0, 0.0], "(2, 2, 1, 1)": [0.0, 0.03248615935444832, 0.21802322566509247, 0.0, 0.0]}}