{"q_values": {"(2, 5, 2, 2)": [28.853538513183594, 28.59754753112793, 28.966773986816406, 28.40186309814453, 29.088420867919922], "(2, 6, 2, 2)": [25.4460506439209, 25.694486618041992, 25.591182708740234, 25.141592025756836, 24.98759651184082], "(2, 7, 2, 2)": [22.46835708618164, 22.494525909423828, 22.41678237915039, 22.711164474487305, 22.5380916595459], "(2, 1, 2, 2)": [24.912132263183594, 24.6711483001709, 24.840911865234375, 24.694692611694336, 25.40781593322754], "(2, 2, 2, 2)": [28.92256736755371, 28.203121185302734, 28.68189811706543, 28.967891693115234, 28.600379943847656], "(2, 4, 2, 2)": [31.903553009033203, 31.986736297607422, 31.636207580566406, 31.620037078857422, 31.524253845214844], "(2, 3, 2, 2)": [31.320024490356445, 31.439435958862305, 31.36357307434082, 31.38854217529297, 31.759613037109375], "(1, 1, 2, 2)": [0.08475784957408905, 1.5652239322662354, 0.19307909905910492, 0.3072001039981842, 0.7358224391937256], "(1, 2, 2, 2)": [0.028953583911061287, 0.08421529084444046, 0.13779251277446747, 0.5266563296318054, 0.0563548281788826], "(3, 3, 2, 2)": [0.1805730164051056, 0.14969024062156677, 0.2066410630941391, 0.3159627616405487, 0.14775237441062927], "(3, 4, 2, 2)": [0.029999880120158195, 0.0, 0.1710168868303299, 0.029973408207297325, 0.08980628848075867], "(3, 5, 2, 2)": [0.08792684972286224, 0.08961687237024307, 0.03432084992527962, 0.11598675698041916, 0.17209243774414062], "(3, 6, 2, 2)": [0.17804116010665894, 0.1703716516494751, 0.23474957048892975, 0.090413898229599, 0.1427461802959442], "(3, 2, 2, 2)": [0.0, 0.08296255022287369, 0.08196967840194702, 0.0, 0.0], "(3, 1, 2, 2)": [0.9111263751983643, 0.14637070894241333, 0.052503250539302826, 0.02569642849266529, 0.0], "(3, 7, 2, 2)": [0.44124695658683777, 0.23569710552692413, 0.4111112952232361, 0.5850920081138611, 0.05091620609164238], "(1, 5, 2, 2)": [0.0, 0.029157796874642372, 0.057620368897914886, 0.0, 0.05868326872587204], "(1, 6, 2, 2)": [0.08168090134859085, 0.0, 0.0, 0.0, 0.0], "(1, 7, 2, 2)": [0.026062633842229843, 0.0, 0.0, 0.0, 0.24192975461483002]}}