{"q_values": {"(2, 5, 2, 2)": [78.20346069335938, 78.98418426513672, 77.56231689453125, 78.1775894165039, 77.07701873779297], "(2, 6, 2, 2)": [72.48080444335938, 72.62339782714844, 73.01792907714844, 73.62905883789062, 73.12161254882812], "(2, 7, 2, 2)": [72.34578704833984, 73.23870849609375, 72.49565124511719, 71.0362319946289, 72.22389221191406], "(2, 1, 2, 2)": [73.47486114501953, 73.85514068603516, 73.63862609863281, 73.98616790771484, 75.04934692382812], "(2, 2, 2, 2)": [79.17939758300781, 79.46031188964844, 79.28865814208984, 79.95807647705078, 79.63677978515625], "(2, 4, 2, 2)": [82.4434585571289, 81.98147583007812, 81.92642211914062, 81.9269027709961, 81.97746276855469], "(2, 3, 2, 2)": [81.52334594726562, 81.60124206542969, 81.84741973876953, 82.46484375, 81.5635986328125], "(1, 1, 2, 2)": [2.2821874618530273, 1.5674127340316772, 3.0409798622131348, 0.5193432569503784, 1.1232351064682007], "(1, 2, 2, 2)": [0.25226661562919617, 0.265876829624176, 0.31612759828567505, 0.6148165464401245, 0.2964625954627991], "(3, 3, 2, 2)": [0.4892829358577728, 0.5410907864570618, 0.5816181898117065, 3.343553066253662, 0.37773972749710083], "(3, 4, 2, 2)": [0.6809599995613098, 0.7156011462211609, 0.7893359065055847, 0.9988461136817932, 0.4327636957168579], "(3, 5, 2, 2)": [0.607802152633667, 1.0218217372894287, 0.738696813583374, 0.7667744159698486, 2.1552534103393555], "(3, 6, 2, 2)": [1.076844573020935, 2.498685121536255, 1.3362267017364502, 1.4766186475753784, 0.8065029978752136], "(3, 2, 2, 2)": [0.1888481080532074, 0.6352116465568542, 0.20607109367847443, 0.18583256006240845, 0.2620605528354645], "(3, 1, 2, 2)": [8.530732154846191, 5.292837142944336, 1.9572011232376099, 2.6857540607452393, 0.6782436370849609], "(3, 7, 2, 2)": [4.002645492553711, 11.02612018585205, 5.052093505859375, 4.157350063323975, 2.426504373550415], "(1, 5, 2, 2)": [0.41159236431121826, 0.180293008685112, 0.2636423110961914, 0.34423598647117615, 0.21171776950359344], "(1, 6, 2, 2)": [0.6364489197731018, 0.2976476550102234, 0.27908656001091003, 0.2697610855102539, 0.21287350356578827], "(1, 7, 2, 2)": [0.2466764748096466, 0.49830448627471924, 0.070001021027565, 1.8150029182434082, 3.4982481002807617], "(1, 3, 2, 2)": [0.2903735935688019, 0.09749562293291092, 0.09824909269809723, 0.182968869805336, 2.1502537727355957], "(1, 4, 2, 2)": [0.15502381324768066, 0.15664631128311157, 0.15640144050121307, 0.24673369526863098, 0.17248642444610596], "(2, 1, 2, 1)": [0.0, 1.0256438255310059, 0.0, 0.0, 0.0], "(2, 2, 2, 1)": [0.0, 0.0, 0.0, 1.2125186920166016, 0.0], "(2, 6, 2, 3)": [0.0, 0.0, 0.0, 2.1430625915527344, 0.0]}}