{"q_values": {"(2, 5, 2, 2)": [71.86953735351562, 72.22940063476562, 71.54351043701172, 71.64481353759766, 71.67696380615234], "(2, 6, 2, 2)": [66.35237121582031, 66.1500015258789, 66.06472778320312, 66.792236328125, 64.94025421142578], "(2, 7, 2, 2)": [64.49137878417969, 65.0209732055664, 64.51972961425781, 64.70600128173828, 64.72173309326172], "(2, 1, 2, 2)": [62.383731842041016, 62.67384719848633, 62.261653900146484, 63.21940612792969, 63.83491516113281], "(2, 2, 2, 2)": [67.05077362060547, 67.56153106689453, 67.73211669921875, 68.2842025756836, 68.81837463378906], "(2, 4, 2, 2)": [74.3165283203125, 74.33919525146484, 73.82146453857422, 74.06449127197266, 74.64479064941406], "(2, 3, 2, 2)": [72.1044921875, 72.52664947509766, 72.32299041748047, 73.3568115234375, 72.51976776123047], "(1, 1, 2, 2)": [2.0313990116119385, 1.5674127340316772, 1.0166442394256592, 0.38319551944732666, 0.7609087228775024], "(1, 2, 2, 2)": [0.22126048803329468, 0.20479926466941833, 0.2576492726802826, 0.5961499214172363, 0.26656943559646606], "(3, 3, 2, 2)": [0.4483014643192291, 0.5046794414520264, 0.46966075897216797, 0.6650558710098267, 0.29014354944229126], "(3, 4, 2, 2)": [0.25358420610427856, 0.34201544523239136, 0.5753651857376099, 0.2927798926830292, 0.2776913642883301], "(3, 5, 2, 2)": [0.31516867876052856, 0.550899863243103, 0.34468579292297363, 0.2960592210292816, 0.33021125197410583], "(3, 6, 2, 2)": [0.2458280771970749, 2.277966260910034, 0.513077974319458, 0.37573039531707764, 0.404645711183548], "(3, 2, 2, 2)": [0.1888481080532074, 0.39092254638671875, 0.17088744044303894, 0.18583256006240845, 0.22725825011730194], "(3, 1, 2, 2)": [4.409518241882324, 1.1587629318237305, 1.893189549446106, 2.601839303970337, 0.35754379630088806], "(3, 7, 2, 2)": [2.6809604167938232, 5.285514831542969, 1.6893607378005981, 0.6595169901847839, 0.4139508903026581], "(1, 5, 2, 2)": [0.41159236431121826, 0.180293008685112, 0.20052455365657806, 0.17846156656742096, 0.18379051983356476], "(1, 6, 2, 2)": [0.4851349890232086, 0.2976476550102234, 0.207145094871521, 0.19730183482170105, 0.17436175048351288], "(1, 7, 2, 2)": [0.10955847799777985, 0.36866262555122375, 0.070001021027565, 1.8150029182434082, 3.4242477416992188], "(1, 3, 2, 2)": [0.2301187664270401, 0.06165707856416702, 0.09824909269809723, 0.14982877671718597, 2.177983522415161], "(1, 4, 2, 2)": [0.15502381324768066, 0.15664631128311157, 0.12664064764976501, 0.24673369526863098, 0.1381605714559555], "(2, 1, 2, 1)": [0.0, 1.0256438255310059, 0.0, 0.0, 0.0], "(2, 2, 2, 1)": [0.0, 0.0, 0.0, 1.2125186920166016, 0.0]}}