{"q_values": {"(2, 5, 2, 2)": [61.64175796508789, 60.64396286010742, 60.9542121887207, 60.45071029663086, 60.99576187133789], "(2, 6, 2, 2)": [56.69687271118164, 57.52772903442383, 56.389427185058594, 56.10032653808594, 56.523033142089844], "(2, 7, 2, 2)": [52.580322265625, 52.92880630493164, 52.876216888427734, 52.69552230834961, 52.540470123291016], "(2, 1, 2, 2)": [52.331146240234375, 52.2891845703125, 52.07076644897461, 52.22609329223633, 53.5106086730957], "(2, 2, 2, 2)": [56.24128341674805, 56.16029357910156, 56.42802429199219, 56.81014633178711, 56.74739074707031], "(2, 4, 2, 2)": [61.85185241699219, 62.28866195678711, 62.205596923828125, 62.31875228881836, 62.57923889160156], "(2, 3, 2, 2)": [60.489009857177734, 60.479190826416016, 60.15399169921875, 59.967994689941406, 61.002357482910156], "(1, 1, 2, 2)": [0.08475784957408905, 1.5654151439666748, 1.0166442394256592, 0.38319551944732666, 0.7609087228775024], "(1, 2, 2, 2)": [0.1897050440311432, 0.20479926466941833, 0.2576492726802826, 0.5961499214172363, 0.2363898754119873], "(3, 3, 2, 2)": [0.4483014643192291, 0.5046794414520264, 0.46966075897216797, 0.594319760799408, 0.29014354944229126], "(3, 4, 2, 2)": [0.25358420610427856, 0.34201544523239136, 0.5417065024375916, 0.22182445228099823, 0.2776913642883301], "(3, 5, 2, 2)": [0.21042492985725403, 0.38429996371269226, 0.3124833106994629, 0.2622540295124054, 0.33021125197410583], "(3, 6, 2, 2)": [0.21372374892234802, 0.2744833528995514, 0.3523187041282654, 0.15884804725646973, 0.3135175108909607], "(3, 2, 2, 2)": [0.13568389415740967, 0.1946464478969574, 0.17088744044303894, 0.18583256006240845, 0.22725825011730194], "(3, 1, 2, 2)": [2.4901089668273926, 1.1587629318237305, 1.893189549446106, 2.5573465824127197, 0.35754379630088806], "(3, 7, 2, 2)": [2.6827895641326904, 1.987523078918457, 1.6893607378005981, 0.6595169901847839, 0.11237737536430359], "(1, 5, 2, 2)": [0.41159236431121826, 0.180293008685112, 0.20052455365657806, 0.17846156656742096, 0.18379051983356476], "(1, 6, 2, 2)": [0.4851349890232086, 0.2976476550102234, 0.17185094952583313, 0.19730183482170105, 0.0999155044555664], "(1, 7, 2, 2)": [0.10955847799777985, 0.36866262555122375, 0.0, 1.784285306930542, 1.6502153873443604], "(1, 3, 2, 2)": [0.2301187664270401, 0.06165707856416702, 0.09824909269809723, 0.14982877671718597, 0.11898069083690643], "(1, 4, 2, 2)": [0.15502381324768066, 0.15664631128311157, 0.12664064764976501, 0.24673369526863098, 0.1381605714559555], "(2, 1, 2, 1)": [0.0, 1.0256438255310059, 0.0, 0.0, 0.0], "(2, 2, 2, 1)": [0.0, 0.0, 0.0, 1.2125186920166016, 0.0]}}