{"q_values": {"(2, 5, 2, 2)": [26.228727340698242, 26.14899253845215, 26.354026794433594, 26.263286590576172, 25.08795928955078], "(2, 6, 2, 2)": [23.184831619262695, 24.019977569580078, 23.55751609802246, 22.974170684814453, 22.21690559387207], "(2, 7, 2, 2)": [21.575952529907227, 21.49165153503418, 21.570573806762695, 21.061477661132812, 21.36002540588379], "(2, 1, 2, 2)": [20.373193740844727, 21.104164123535156, 21.469093322753906, 21.45317268371582, 21.068361282348633], "(2, 2, 2, 2)": [21.624162673950195, 23.84575080871582, 23.991138458251953, 24.45612335205078, 24.290964126586914], "(2, 4, 2, 2)": [27.235055923461914, 27.62641143798828, 27.50396156311035, 27.32638931274414, 26.558942794799805], "(2, 3, 2, 2)": [24.275108337402344, 25.499019622802734, 25.666439056396484, 25.682449340820312, 26.208223342895508], "(2, 1, 2, 1)": [1.3686256408691406, 2.367511034011841, 4.439691066741943, 4.149787902832031, 5.3877763748168945], "(2, 3, 2, 3)": [0.31974703073501587, 1.434881567955017, 0.9291226863861084, 0.02981407754123211, 0.03089682199060917], "(2, 4, 2, 3)": [2.25044584274292, 2.365752696990967, 1.6019723415374756, 0.24144291877746582, 0.33256247639656067], "(2, 5, 2, 3)": [3.5165085792541504, 3.131739854812622, 2.896205425262451, 0.40372025966644287, 0.5619458556175232], "(2, 4, 2, 1)": [0.143333300948143, 0.4649149775505066, 0.8646308779716492, 1.759455680847168, 2.4094555377960205], "(2, 3, 2, 1)": [0.3538840711116791, 0.5486736297607422, 2.1061713695526123, 1.2345830202102661, 4.5272979736328125], "(2, 2, 2, 1)": [0.4779895544052124, 0.8270741105079651, 2.1398816108703613, 4.522079944610596, 5.9297285079956055], "(2, 6, 2, 3)": [4.752098560333252, 3.920322895050049, 0.8167537450790405, 0.67702317237854, 0.8660604953765869], "(2, 7, 2, 3)": [6.0670294761657715, 3.4692611694335938, 2.7294983863830566, 2.879603147506714, 3.697366952896118], "(3, 2, 2, 2)": [0.0, 0.06358308345079422, 0.05618269741535187, 0.05662760138511658, 0.059344738721847534], "(3, 1, 2, 2)": [0.06032835692167282, 0.7035643458366394, 0.08562389761209488, 0.20963984727859497, 0.03382082283496857], "(3, 7, 2, 2)": [0.23229001462459564, 0.9773404002189636, 0.8414573669433594, 0.8109892010688782, 0.20249933004379272], "(3, 5, 2, 2)": [0.7561734914779663, 0.2838822603225708, 0.20319800078868866, 0.060595400631427765, 0.12396527826786041], "(3, 5, 2, 3)": [0.0, 0.0, 0.0, 0.02893892116844654, 0.0], "(3, 6, 3, 3)": [0.0, 0.0, 0.0, 0.0, 0.02630552463233471], "(3, 6, 2, 2)": [0.23957467079162598, 0.25757843255996704, 0.304931104183197, 0.23234570026397705, 0.22926723957061768], "(3, 7, 3, 3)": [0.0, 0.07421017438173294, 0.0, 0.02484441176056862, 0.0], "(2, 5, 2, 1)": [0.0, 0.15053138136863708, 0.0, 0.21564480662345886, 0.0], "(3, 4, 2, 2)": [0.18924643099308014, 0.10140761733055115, 0.06924042105674744, 0.03595949709415436, 0.23768024146556854], "(2, 5, 1, 1)": [0.0, 0.0, 0.0, 0.0, 0.0], "(2, 1, 1, 1)": [0.659237265586853, 0.0, 0.0, 0.0, 0.0], "(2, 5, 3, 3)": [0.08850916475057602, 0.0, 0.0, 0.0, 0.0], "(2, 4, 3, 3)": [0.0, 0.0, 0.0, 0.05909675732254982, 0.0], "(2, 6, 2, 1)": [0.029338274151086807, 0.0, 0.0, 0.0, 0.0], "(1, 4, 2, 2)": [0.11526156961917877, 0.059052105993032455, 0.02993529848754406, 0.05897201597690582, 0.1145881712436676], "(1, 5, 2, 2)": [0.0, 0.0, 0.029426462948322296, 0.028755640611052513, 0.0], "(1, 6, 2, 2)": [0.0, 0.029349012300372124, 0.028349196538329124, 0.0, 0.02823312021791935], "(1, 7, 2, 2)": [0.029048264026641846, 0.11486192047595978, 0.02625958062708378, 0.054257333278656006, 0.7292639017105103], "(1, 3, 2, 2)": [0.0, 0.05830242484807968, 0.02884845994412899, 0.0, 0.058681219816207886], "(1, 2, 2, 2)": [0.0, 0.08079418540000916, 0.0, 0.0, 0.0], "(1, 1, 2, 2)": [0.0, 0.0, 0.025048531591892242, 0.5592703223228455, 0.0], "(1, 4, 2, 3)": [0.0, 0.0, 0.05677125230431557, 0.02994508668780327, 0.0], "(2, 6, 1, 1)": [0.0, 0.0, 0.0, 0.0, 0.0], "(2, 6, 3, 3)": [0.0, 0.0, 0.0, 0.0, 0.0], "(2, 3, 1, 1)": [0.0, 0.028773166239261627, 0.0, 0.16852371394634247, 0.0], "(3, 3, 2, 2)": [0.0, 0.08618815988302231, 0.03597618639469147, 0.06660027801990509, 0.06431803107261658], "(1, 6, 1, 2)": [0.0, 0.0, 0.0, 0.0, 0.0], "(2, 2, 1, 1)": [0.0, 0.0, 0.21802322566509247, 0.0, 0.0]}}