{"q_values": {"(2, 5, 2, 2)": [7.6672563552856445, 7.284485340118408, 7.553845405578613, 7.732082843780518, 7.5009260177612305], "(2, 6, 2, 2)": [6.3598551750183105, 6.04902982711792, 6.143321514129639, 6.140315055847168, 6.07797908782959], "(2, 7, 2, 2)": [4.2724080085754395, 4.272416114807129, 4.483355522155762, 4.305948257446289, 4.397706031799316], "(2, 1, 2, 2)": [5.230307102203369, 5.162337779998779, 5.576379299163818, 5.673768043518066, 5.383890151977539], "(2, 2, 2, 2)": [6.8396148681640625, 6.6573381423950195, 6.980794906616211, 7.193129539489746, 6.940676689147949], "(2, 4, 2, 2)": [8.312248229980469, 8.28882884979248, 8.49825382232666, 8.281274795532227, 8.128870010375977], "(2, 3, 2, 2)": [8.42972183227539, 8.24283504486084, 8.397501945495605, 8.448542594909668, 8.456062316894531], "(1, 1, 2, 2)": [0.0, 0.0, 0.053747933357954025, 0.0, 0.02683224342763424], "(1, 2, 2, 2)": [0.0, 0.0, 0.027638422325253487, 0.16449667513370514, 0.0], "(3, 3, 2, 2)": [0.030751654878258705, 0.05875498056411743, 0.02969222515821457, 0.08924257755279541, 0.0892394632101059], "(3, 4, 2, 2)": [0.029999880120158195, 0.0, 0.08708503097295761, 0.029973408207297325, 0.0], "(3, 5, 2, 2)": [0.029852135106921196, 0.0582277774810791, 0.0, 0.058559540659189224, 0.08564025908708572], "(3, 6, 2, 2)": [0.02972179464995861, 0.11070180684328079, 0.13540717959403992, 0.057001110166311264, 0.08392731845378876], "(3, 2, 2, 2)": [0.0, 0.0, 0.027537982910871506, 0.0, 0.0], "(3, 1, 2, 2)": [0.0, 0.14637070894241333, 0.026700593531131744, 0.02569642849266529, 0.0], "(3, 7, 2, 2)": [0.05140335112810135, 0.1736939251422882, 0.0510413758456707, 0.0, 0.0]}}