{"q_values": {"(2, 5, 2, 2)": [20.8920955657959, 20.988157272338867, 20.529584884643555, 20.86928939819336, 20.13344383239746], "(2, 6, 2, 2)": [17.723955154418945, 17.94199562072754, 17.964111328125, 18.02593231201172, 17.211088180541992], "(2, 7, 2, 2)": [16.460886001586914, 16.48699378967285, 16.700773239135742, 16.301937103271484, 16.147106170654297], "(2, 1, 2, 2)": [16.111648559570312, 15.934487342834473, 16.061580657958984, 16.572782516479492, 16.30337905883789], "(2, 2, 2, 2)": [18.530067443847656, 19.13311004638672, 19.864887237548828, 19.580150604248047, 19.618770599365234], "(2, 4, 2, 2)": [21.979877471923828, 22.279029846191406, 21.98128890991211, 21.776731491088867, 21.760046005249023], "(2, 3, 2, 2)": [21.03831672668457, 21.27522850036621, 21.47309112548828, 21.323978424072266, 21.240238189697266], "(2, 1, 2, 1)": [0.7676020860671997, 1.6998045444488525, 4.005226135253906, 2.6318559646606445, 2.9923887252807617], "(2, 3, 2, 3)": [0.31974703073501587, 1.434881567955017, 0.9291226863861084, 0.0, 0.03089682199060917], "(2, 4, 2, 3)": [0.0, 1.6914587020874023, 1.6019723415374756, 0.06393108516931534, 0.09501947462558746], "(2, 5, 2, 3)": [2.2779738903045654, 3.131739854812622, 2.2070670127868652, 0.40372025966644287, 0.32700005173683167], "(2, 4, 2, 1)": [0.143333300948143, 0.23849119246006012, 0.126176118850708, 0.9734252691268921, 1.7143590450286865], "(2, 3, 2, 1)": [0.10505722463130951, 0.2571294605731964, 0.5654980540275574, 1.0995734930038452, 2.6915674209594727], "(2, 2, 2, 1)": [0.4593399167060852, 0.6941054463386536, 0.854271650314331, 2.804051637649536, 3.1553053855895996], "(2, 6, 2, 3)": [1.6331830024719238, 2.3133859634399414, 0.7205628752708435, 0.4749073386192322, 0.5277355909347534], "(2, 7, 2, 3)": [3.0545480251312256, 2.0129311084747314, 1.3593566417694092, 1.1836707592010498, 2.69337797164917], "(3, 2, 2, 2)": [0.0, 0.0, 0.02751729264855385, 0.027931440621614456, 0.0], "(3, 1, 2, 2)": [0.026118023321032524, 0.0, 0.05263357609510422, 0.08835633099079132, 0.0], "(3, 7, 2, 2)": [0.23229001462459564, 0.9556156992912292, 0.8360055685043335, 0.7567958235740662, 0.1565280556678772], "(3, 5, 2, 2)": [0.08656376600265503, 0.14404457807540894, 0.14609858393669128, 0.060595400631427765, 0.0], "(3, 5, 2, 3)": [0.0, 0.0, 0.0, 0.02893892116844654, 0.0], "(3, 6, 3, 3)": [0.0, 0.0, 0.0, 0.0, 0.02630552463233471], "(3, 6, 2, 2)": [0.12494870275259018, 0.20320317149162292, 0.20006364583969116, 0.1749696582555771, 0.17040614783763885], "(3, 7, 3, 3)": [0.0, 0.07421017438173294, 0.0, 0.02484441176056862, 0.0], "(2, 5, 2, 1)": [0.0, 0.15053138136863708, 0.0, 0.21564480662345886, 0.0], "(3, 4, 2, 2)": [0.06422963738441467, 0.06745284795761108, 0.03425319865345955, 0.0, 0.20793378353118896], "(2, 5, 1, 1)": [0.0, 0.0, 0.0, 0.0, 0.0], "(2, 1, 1, 1)": [0.0, 0.0, 0.0, 0.0, 0.0], "(2, 5, 3, 3)": [0.0, 0.0, 0.0, 0.0, 0.0], "(2, 4, 3, 3)": [0.0, 0.0, 0.0, 0.05909675732254982, 0.0], "(2, 6, 2, 1)": [0.029338274151086807, 0.0, 0.0, 0.0, 0.0], "(1, 4, 2, 2)": [0.11526156961917877, 0.059052105993032455, 0.02993529848754406, 0.05897201597690582, 0.1145881712436676], "(1, 5, 2, 2)": [0.0, 0.0, 0.029426462948322296, 0.028755640611052513, 0.0], "(1, 6, 2, 2)": [0.0, 0.0, 0.0, 0.0, 0.0], "(1, 7, 2, 2)": [0.0, 0.0, 0.02625958062708378, 0.026135927066206932, 0.0], "(1, 3, 2, 2)": [0.0, 0.05830242484807968, 0.0, 0.0, 0.058681219816207886], "(1, 2, 2, 2)": [0.0, 0.05385372042655945, 0.0, 0.0, 0.0], "(1, 1, 2, 2)": [0.0, 0.0, 0.025048531591892242, 0.0, 0.0], "(1, 4, 2, 3)": [0.0, 0.0, 0.05677125230431557, 0.02994508668780327, 0.0], "(2, 6, 1, 1)": [0.0, 0.0, 0.0, 0.0, 0.0], "(2, 6, 3, 3)": [0.0, 0.0, 0.0, 0.0, 0.0]}}