{"q_values": {"(2, 5, 2, 2)": [17.338743209838867, 17.482324600219727, 17.026092529296875, 16.949716567993164, 16.37057113647461], "(2, 6, 2, 2)": [14.777997970581055, 14.572043418884277, 14.6167631149292, 14.951807022094727, 14.01235580444336], "(2, 7, 2, 2)": [13.005547523498535, 12.933932304382324, 13.190040588378906, 12.649492263793945, 12.577637672424316], "(2, 1, 2, 2)": [13.198709487915039, 12.787323951721191, 13.105314254760742, 13.683660507202148, 13.257661819458008], "(2, 2, 2, 2)": [15.58053970336914, 15.756672859191895, 15.930971145629883, 16.351198196411133, 16.326393127441406], "(2, 4, 2, 2)": [17.569028854370117, 17.701772689819336, 17.902965545654297, 17.824871063232422, 17.640701293945312], "(2, 3, 2, 2)": [16.43136978149414, 17.204587936401367, 17.147960662841797, 17.3803653717041, 17.42283821105957], "(2, 1, 2, 1)": [0.7676020860671997, 0.9845101237297058, 2.6977131366729736, 2.175363302230835, 1.6584022045135498], "(2, 3, 2, 3)": [0.31974703073501587, 0.8655554056167603, 0.3287883698940277, 0.0, 0.03089682199060917], "(2, 4, 2, 3)": [0.0, 0.5278173089027405, 1.6019723415374756, 0.06393108516931534, 0.09501947462558746], "(2, 5, 2, 3)": [1.7223445177078247, 1.5632580518722534, 2.2082152366638184, 0.230451762676239, 0.21019819378852844], "(2, 4, 2, 1)": [0.143333300948143, 0.23849119246006012, 0.126176118850708, 0.3812127113342285, 1.1631417274475098], "(2, 3, 2, 1)": [0.10505722463130951, 0.13756495714187622, 0.5654980540275574, 1.0995734930038452, 1.5245753526687622], "(2, 2, 2, 1)": [0.3451569974422455, 0.48003828525543213, 0.7977292537689209, 0.7816759943962097, 2.2739784717559814], "(2, 6, 2, 3)": [0.29797059297561646, 1.946510910987854, 0.7205628752708435, 0.41845372319221497, 0.39189842343330383], "(2, 7, 2, 3)": [2.200468063354492, 1.1979010105133057, 0.9293398857116699, 0.6871563792228699, 2.707035541534424], "(3, 2, 2, 2)": [0.0, 0.0, 0.02751729264855385, 0.027931440621614456, 0.0], "(3, 1, 2, 2)": [0.026118023321032524, 0.0, 0.05263357609510422, 0.08835633099079132, 0.0], "(3, 7, 2, 2)": [0.1826583743095398, 0.9500012397766113, 0.3192993104457855, 0.7222859263420105, 0.1565280556678772], "(3, 5, 2, 2)": [0.05899018794298172, 0.08663243055343628, 0.02927517704665661, 0.0, 0.0], "(3, 5, 2, 3)": [0.0, 0.0, 0.0, 0.02893892116844654, 0.0], "(3, 6, 3, 3)": [0.0, 0.0, 0.0, 0.0, 0.02630552463233471], "(3, 6, 2, 2)": [0.029084572568535805, 0.027638215571641922, 0.058161236345767975, 0.029891815036535263, 0.05571386218070984], "(3, 7, 3, 3)": [0.0, 0.07421017438173294, 0.0, 0.02484441176056862, 0.0], "(2, 5, 2, 1)": [0.0, 0.15053138136863708, 0.0, 0.21564480662345886, 0.0], "(3, 4, 2, 2)": [0.030899593606591225, 0.0, 0.0, 0.0, 0.08906855434179306], "(2, 5, 1, 1)": [0.0, 0.0, 0.0, 0.0, 0.0], "(2, 1, 1, 1)": [0.0, 0.0, 0.0, 0.0, 0.0], "(2, 5, 3, 3)": [0.0, 0.0, 0.0, 0.0, 0.0], "(2, 4, 3, 3)": [0.0, 0.0, 0.0, 0.05909675732254982, 0.0], "(2, 6, 2, 1)": [0.029338274151086807, 0.0, 0.0, 0.0, 0.0], "(1, 4, 2, 2)": [0.11526156961917877, 0.059052105993032455, 0.02993529848754406, 0.05897201597690582, 0.0872073844075203], "(1, 5, 2, 2)": [0.0, 0.0, 0.029426462948322296, 0.028755640611052513, 0.0], "(1, 6, 2, 2)": [0.0, 0.0, 0.0, 0.0, 0.0], "(1, 7, 2, 2)": [0.0, 0.0, 0.02625958062708378, 0.026135927066206932, 0.0], "(1, 3, 2, 2)": [0.0, 0.05830242484807968, 0.0, 0.0, 0.0], "(1, 2, 2, 2)": [0.0, 0.05385372042655945, 0.0, 0.0, 0.0], "(1, 1, 2, 2)": [0.0, 0.0, 0.025048531591892242, 0.0, 0.0]}}