{"q_values": {"(2, 5, 2, 2)": [1.3487554788589478, 1.2567752599716187, 1.285220742225647, 1.3826407194137573, 1.335412621498108], "(2, 6, 2, 2)": [1.238289475440979, 1.1111524105072021, 1.124239206314087, 1.1990184783935547, 1.2611818313598633], "(2, 7, 2, 2)": [0.5139172077178955, 0.7548315525054932, 0.531765878200531, 0.29964637756347656, 0.38360220193862915], "(2, 1, 2, 2)": [0.28436511754989624, 0.5765626430511475, 0.6704632639884949, 0.5367334485054016, 0.5907760262489319], "(2, 2, 2, 2)": [1.230015754699707, 1.3371742963790894, 1.3123435974121094, 1.3595091104507446, 1.2556414604187012], "(2, 4, 2, 2)": [1.3163769245147705, 1.4082919359207153, 1.2570855617523193, 1.2521053552627563, 1.188402771949768], "(2, 3, 2, 2)": [1.396351933479309, 1.5648620128631592, 1.4604312181472778, 1.0733699798583984, 1.478409767150879], "(2, 1, 2, 1)": [-0.08775503933429718, 0.02517036907374859, 0.03507784381508827, 0.07931569218635559, 0.0], "(2, 3, 2, 3)": [0.0, 0.0, 0.0, 0.0, 0.0], "(2, 4, 2, 3)": [0.0, 0.0, 0.029584074392914772, 0.0, 0.0], "(2, 5, 2, 3)": [0.03686146438121796, 0.03252474591135979, 0.0, 0.0, 0.0], "(2, 4, 2, 1)": [0.0, 0.0, 0.0, 0.032615065574645996, 0.0], "(2, 3, 2, 1)": [0.02860099822282791, 0.0, 0.0, 0.0, 0.03741835430264473], "(2, 2, 2, 1)": [0.027468770742416382, 0.0, 0.05803082138299942, 0.06739415228366852, 0.03206649422645569], "(2, 6, 2, 3)": [0.0, 0.0, 0.032416921108961105, 0.0, 0.052645452320575714], "(2, 7, 2, 3)": [0.0289112851023674, 0.0, -0.028860246762633324, 0.0, 0.026108991354703903]}}