{"q_values": {"(2, 5, 2, 2)": [12.136574745178223, 12.180787086486816, 12.061068534851074, 12.222712516784668, 11.601770401000977], "(2, 6, 2, 2)": [10.535280227661133, 10.644612312316895, 10.109806060791016, 10.41055965423584, 9.81671142578125], "(2, 7, 2, 2)": [7.90261697769165, 7.947695732116699, 7.9184746742248535, 8.031452178955078, 8.174853324890137], "(2, 1, 2, 2)": [9.030196189880371, 8.858074188232422, 9.308818817138672, 9.21531867980957, 9.151845932006836], "(2, 2, 2, 2)": [11.222501754760742, 11.122949600219727, 11.548944473266602, 10.925492286682129, 11.507349967956543], "(2, 4, 2, 2)": [12.554722785949707, 12.964988708496094, 12.523954391479492, 12.641460418701172, 12.874350547790527], "(2, 3, 2, 2)": [12.208320617675781, 12.360066413879395, 12.557090759277344, 12.616973876953125, 12.23523235321045], "(2, 1, 2, 1)": [0.3559415638446808, 0.5182706117630005, 1.6637312173843384, 1.0866243839263916, 1.168228030204773], "(2, 3, 2, 3)": [0.31974703073501587, 0.0, 0.3287883698940277, 0.0, 0.03089682199060917], "(2, 4, 2, 3)": [0.0, 0.0, 0.6634908318519592, 0.029884910210967064, 0.09501947462558746], "(2, 5, 2, 3)": [1.3454184532165527, 0.7354354858398438, 0.11828658729791641, 0.08012440800666809, 0.15211166441440582], "(2, 4, 2, 1)": [0.07128927856683731, 0.14238034188747406, 0.04247128218412399, 0.3812127113342285, 1.1631417274475098], "(2, 3, 2, 1)": [0.10505722463130951, 0.0658932477235794, 0.06991425156593323, 0.6255580186843872, 0.6353248953819275], "(2, 2, 2, 1)": [0.27731743454933167, 0.23309403657913208, 0.28122469782829285, 0.30965590476989746, 1.2128627300262451], "(2, 6, 2, 3)": [0.29797059297561646, 1.2361875772476196, 0.4671529531478882, 0.30765268206596375, 0.302886039018631], "(2, 7, 2, 3)": [1.2259767055511475, 0.21272596716880798, 0.912287712097168, 0.36191844940185547, 0.939740777015686], "(3, 2, 2, 2)": [0.0, 0.0, 0.02751729264855385, 0.027931440621614456, 0.0], "(3, 1, 2, 2)": [0.0, 0.0, 0.026689577847719193, 0.08835633099079132, 0.0], "(3, 7, 2, 2)": [0.15716812014579773, 0.14520978927612305, 0.2995167076587677, 0.2563517093658447, 0.1311996728181839], "(3, 5, 2, 2)": [0.05899018794298172, 0.08663243055343628, 0.02927517704665661, 0.0, 0.0], "(3, 5, 2, 3)": [0.0, 0.0, 0.0, 0.02893892116844654, 0.0], "(3, 6, 3, 3)": [0.0, 0.0, 0.0, 0.0, 0.02630552463233471], "(3, 6, 2, 2)": [0.0, 0.027638215571641922, 0.058161236345767975, 0.029891815036535263, 0.02746487222611904], "(3, 7, 3, 3)": [0.0, 0.07421017438173294, 0.0, 0.02484441176056862, 0.0], "(2, 5, 2, 1)": [0.0, 0.11145958304405212, 0.0, 0.21564480662345886, 0.0], "(3, 4, 2, 2)": [0.030899593606591225, 0.0, 0.0, 0.0, 0.08906855434179306], "(2, 5, 1, 1)": [0.0, 0.0, 0.0, 0.0, 0.0], "(2, 1, 1, 1)": [0.0, 0.0, 0.0, 0.0, 0.0], "(2, 5, 3, 3)": [0.0, 0.0, 0.0, 0.0, 0.0]}}