{"q_values": {"(2, 5, 2, 2)": [55.4980583190918, 56.28257369995117, 55.58375930786133, 55.22568130493164, 55.07764434814453], "(2, 6, 2, 2)": [49.17692947387695, 50.285667419433594, 49.31727600097656, 49.07762145996094, 49.09973907470703], "(2, 7, 2, 2)": [46.524539947509766, 45.48383712768555, 45.76900863647461, 46.99912643432617, 46.006935119628906], "(2, 1, 2, 2)": [47.159088134765625, 47.0462646484375, 47.25340270996094, 46.74952697753906, 48.03817367553711], "(2, 2, 2, 2)": [50.563819885253906, 50.656368255615234, 50.611637115478516, 50.6929931640625, 51.93362045288086], "(2, 4, 2, 2)": [56.3057975769043, 56.29167938232422, 56.28955841064453, 56.58995819091797, 57.082191467285156], "(2, 3, 2, 2)": [54.65113067626953, 54.86602020263672, 54.82032012939453, 55.369319915771484, 53.688350677490234], "(1, 1, 2, 2)": [0.08475784957408905, 1.5654151439666748, 1.0166442394256592, 0.38319551944732666, 0.7609087228775024], "(1, 2, 2, 2)": [0.1897050440311432, 0.20479926466941833, 0.2576492726802826, 0.5961499214172363, 0.2363898754119873], "(3, 3, 2, 2)": [0.3638867139816284, 0.43455326557159424, 0.43340396881103516, 0.5628355741500854, 0.21432428061962128], "(3, 4, 2, 2)": [0.25358420610427856, 0.1657138615846634, 0.4097423553466797, 0.1891028881072998, 0.2440587431192398], "(3, 5, 2, 2)": [0.17472277581691742, 0.26038041710853577, 0.25290632247924805, 0.2321539968252182, 0.33021125197410583], "(3, 6, 2, 2)": [0.21372374892234802, 0.22821298241615295, 0.3523187041282654, 0.15884804725646973, 0.3135175108909607], "(3, 2, 2, 2)": [0.08166835457086563, 0.1946464478969574, 0.13854047656059265, 0.06399235874414444, 0.08936253190040588], "(3, 1, 2, 2)": [0.9331082701683044, 1.1587629318237305, 0.17662714421749115, 2.4608607292175293, 0.1845787763595581], "(3, 7, 2, 2)": [2.6827895641326904, 0.3484834134578705, 1.6884138584136963, 0.6263108253479004, 0.11237737536430359], "(1, 5, 2, 2)": [0.16968713700771332, 0.029157796874642372, 0.1407482624053955, 0.12248136103153229, 0.09201592952013016], "(1, 6, 2, 2)": [0.3493156135082245, 0.16021546721458435, 0.09790237247943878, 0.12593360245227814, 0.06549803912639618], "(1, 7, 2, 2)": [0.10955847799777985, 0.09794306010007858, 0.0, 0.19116643071174622, 1.5556056499481201], "(1, 3, 2, 2)": [0.2301187664270401, 0.06165707856416702, 0.09824909269809723, 0.14982877671718597, 0.11898069083690643], "(1, 4, 2, 2)": [0.1225370466709137, 0.12420157343149185, 0.12664064764976501, 0.18472915887832642, 0.03179370239377022], "(2, 1, 2, 1)": [0.0, 1.0256438255310059, 0.0, 0.0, 0.0], "(2, 2, 2, 1)": [0.0, 0.0, 0.0, 1.2125186920166016, 0.0]}}