{"q_values": {"(2, 5, 2, 2)": [6.661853313446045, 6.432867050170898, 6.374456882476807, 6.7458415031433105, 6.2874226570129395], "(2, 6, 2, 2)": [5.4761643409729, 5.371277332305908, 5.166735649108887, 5.217555046081543, 5.127037525177002], "(2, 7, 2, 2)": [3.4812686443328857, 3.292722225189209, 3.591254711151123, 3.513608932495117, 3.54951548576355], "(2, 1, 2, 2)": [4.226950645446777, 4.370802402496338, 4.887227535247803, 4.7335662841796875, 4.8101091384887695], "(2, 2, 2, 2)": [5.874616622924805, 5.831010818481445, 5.9736714363098145, 5.988572120666504, 6.279478073120117], "(2, 4, 2, 2)": [7.149106502532959, 7.392599105834961, 7.110223293304443, 6.985584735870361, 7.099273204803467], "(2, 3, 2, 2)": [7.157759189605713, 6.968080997467041, 6.823764324188232, 6.969592571258545, 7.124480247497559], "(1, 1, 2, 2)": [0.0, 0.0, 0.053747933357954025, 0.0, 0.02683224342763424], "(1, 2, 2, 2)": [0.0, 0.0, 0.027638422325253487, 0.16449667513370514, 0.0], "(3, 3, 2, 2)": [0.030751654878258705, 0.05875498056411743, 0.02969222515821457, 0.08924257755279541, 0.0892394632101059], "(3, 4, 2, 2)": [0.029999880120158195, 0.0, 0.08708503097295761, 0.029973408207297325, 0.0], "(3, 5, 2, 2)": [0.029852135106921196, 0.0582277774810791, 0.0, 0.058559540659189224, 0.08564025908708572], "(3, 6, 2, 2)": [0.02972179464995861, 0.11070180684328079, 0.13540717959403992, 0.057001110166311264, 0.08392731845378876], "(3, 2, 2, 2)": [0.0, 0.0, 0.027537982910871506, 0.0, 0.0], "(3, 1, 2, 2)": [0.0, 0.14637070894241333, 0.026700593531131744, 0.02569642849266529, 0.0], "(3, 7, 2, 2)": [0.05140335112810135, 0.1736939251422882, 0.0510413758456707, 0.0, 0.0]}}