{"q_values": {"(2, 5, 2, 2)": [14.70506763458252, 14.516630172729492, 14.652544021606445, 14.513470649719238, 14.298495292663574], "(2, 6, 2, 2)": [12.467529296875, 13.084456443786621, 12.438169479370117, 12.744084358215332, 12.33002758026123], "(2, 7, 2, 2)": [10.014298439025879, 10.242903709411621, 10.069451332092285, 10.114272117614746, 9.506214141845703], "(2, 1, 2, 2)": [11.033599853515625, 10.715788841247559, 11.252323150634766, 11.395991325378418, 11.532299995422363], "(2, 2, 2, 2)": [12.738697052001953, 12.806037902832031, 13.290706634521484, 13.447454452514648, 13.284862518310547], "(2, 4, 2, 2)": [15.145634651184082, 15.467318534851074, 15.344976425170898, 15.24793815612793, 15.142351150512695], "(2, 3, 2, 2)": [14.007658958435059, 14.235960960388184, 14.819705963134766, 14.949461936950684, 14.5966215133667], "(2, 1, 2, 1)": [0.3559415638446808, 0.5889521837234497, 2.0195679664611816, 1.8369026184082031, 1.6584022045135498], "(2, 3, 2, 3)": [0.31974703073501587, 0.8655554056167603, 0.3287883698940277, 0.0, 0.03089682199060917], "(2, 4, 2, 3)": [0.0, 0.0, 1.1256141662597656, 0.06393108516931534, 0.09501947462558746], "(2, 5, 2, 3)": [1.7223445177078247, 1.1101582050323486, 0.11828658729791641, 0.16008639335632324, 0.21019819378852844], "(2, 4, 2, 1)": [0.143333300948143, 0.2021075040102005, 0.04247128218412399, 0.3812127113342285, 1.1631417274475098], "(2, 3, 2, 1)": [0.10505722463130951, 0.13756495714187622, 0.5654980540275574, 0.6255580186843872, 1.0652207136154175], "(2, 2, 2, 1)": [0.3451569974422455, 0.32450276613235474, 0.7207714319229126, 0.30965590476989746, 2.2739784717559814], "(2, 6, 2, 3)": [0.29797059297561646, 1.5863360166549683, 0.7205628752708435, 0.3742743730545044, 0.302886039018631], "(2, 7, 2, 3)": [1.5045933723449707, 0.49250268936157227, 0.912287712097168, 0.6398088335990906, 2.4591116905212402], "(3, 2, 2, 2)": [0.0, 0.0, 0.02751729264855385, 0.027931440621614456, 0.0], "(3, 1, 2, 2)": [0.026118023321032524, 0.0, 0.05263357609510422, 0.08835633099079132, 0.0], "(3, 7, 2, 2)": [0.15716812014579773, 0.5004074573516846, 0.2995167076587677, 0.2563517093658447, 0.1311996728181839], "(3, 5, 2, 2)": [0.05899018794298172, 0.08663243055343628, 0.02927517704665661, 0.0, 0.0], "(3, 5, 2, 3)": [0.0, 0.0, 0.0, 0.02893892116844654, 0.0], "(3, 6, 3, 3)": [0.0, 0.0, 0.0, 0.0, 0.02630552463233471], "(3, 6, 2, 2)": [0.0, 0.027638215571641922, 0.058161236345767975, 0.029891815036535263, 0.02746487222611904], "(3, 7, 3, 3)": [0.0, 0.07421017438173294, 0.0, 0.02484441176056862, 0.0], "(2, 5, 2, 1)": [0.0, 0.15053138136863708, 0.0, 0.21564480662345886, 0.0], "(3, 4, 2, 2)": [0.030899593606591225, 0.0, 0.0, 0.0, 0.08906855434179306], "(2, 5, 1, 1)": [0.0, 0.0, 0.0, 0.0, 0.0], "(2, 1, 1, 1)": [0.0, 0.0, 0.0, 0.0, 0.0], "(2, 5, 3, 3)": [0.0, 0.0, 0.0, 0.0, 0.0], "(2, 4, 3, 3)": [0.0, 0.0, 0.0, 0.029998214915394783, 0.0], "(2, 6, 2, 1)": [0.029338274151086807, 0.0, 0.0, 0.0, 0.0]}}