{"q_values": {"(2, 5, 2, 2)": [51.767879486083984, 52.59613800048828, 52.428070068359375, 52.300193786621094, 49.77861404418945], "(2, 6, 2, 2)": [49.441444396972656, 48.75897216796875, 47.91032791137695, 47.64012145996094, 47.845863342285156], "(2, 7, 2, 2)": [45.20521926879883, 45.19068908691406, 45.86616516113281, 45.504783630371094, 45.370033264160156], "(2, 1, 2, 2)": [43.73124313354492, 45.36452102661133, 45.27043914794922, 45.38203430175781, 46.09781265258789], "(2, 2, 2, 2)": [46.39951705932617, 48.71229553222656, 48.981101989746094, 50.18309783935547, 48.66386032104492], "(2, 4, 2, 2)": [54.91120529174805, 54.688087463378906, 55.405731201171875, 54.55085372924805, 53.98970031738281], "(2, 3, 2, 2)": [53.87513732910156, 53.91440200805664, 54.058555603027344, 55.40884780883789, 52.980655670166016], "(2, 1, 2, 1)": [10.743209838867188, 8.701562881469727, 13.107809066772461, 14.484188079833984, 16.792421340942383], "(2, 3, 2, 3)": [1.441072940826416, 3.798417091369629, 0.9291226863861084, 0.11753019690513611, 0.03089682199060917], "(2, 4, 2, 3)": [11.709125518798828, 4.339416027069092, 2.885974407196045, 0.6434451341629028, 0.33256247639656067], "(2, 5, 2, 3)": [12.081727981567383, 8.824994087219238, 5.597289562225342, 1.1536052227020264, 2.0772922039031982], "(2, 4, 2, 1)": [1.0008983612060547, 1.3613076210021973, 7.078832626342773, 7.1834306716918945, 4.348977088928223], "(2, 3, 2, 1)": [1.7106355428695679, 3.7102935314178467, 7.036584377288818, 7.990743160247803, 10.858575820922852], "(2, 2, 2, 1)": [3.151169538497925, 6.026452541351318, 7.629149436950684, 8.473512649536133, 19.21060562133789], "(2, 6, 2, 3)": [18.467344284057617, 10.160259246826172, 7.826859474182129, 3.5026068687438965, 3.378471851348877], "(2, 7, 2, 3)": [19.050954818725586, 10.89880657196045, 8.325631141662598, 10.943825721740723, 10.208649635314941], "(3, 2, 2, 2)": [0.14783109724521637, 0.18412457406520844, 0.3300597667694092, 0.23416198790073395, 0.2848201096057892], "(3, 1, 2, 2)": [0.11154018342494965, 0.7513163089752197, 0.11987723410129547, 2.6433498859405518, 3.7016916275024414], "(3, 7, 2, 2)": [0.3216213285923004, 1.1145390272140503, 1.9352545738220215, 0.9706342220306396, 1.6461093425750732], "(3, 5, 2, 2)": [0.9460943937301636, 1.4936323165893555, 0.46164557337760925, 0.5476921796798706, 0.407363623380661], "(3, 5, 2, 3)": [0.0, 0.0, 0.0, 0.02893892116844654, 0.0], "(3, 6, 3, 3)": [0.0, 0.035488903522491455, 0.0, 0.0, 0.02630552463233471], "(3, 6, 2, 2)": [1.5250426530838013, 0.5000219941139221, 0.5270793437957764, 0.3941343426704407, 0.3890153765678406], "(3, 7, 3, 3)": [0.0, 0.07421017438173294, 0.0, 0.02484441176056862, 0.0], "(2, 5, 2, 1)": [0.029832448810338974, 0.2663682997226715, 1.9190980195999146, 3.9187445640563965, 0.0], "(3, 4, 2, 2)": [0.34931454062461853, 0.48935621976852417, 0.17031852900981903, 0.16067233681678772, 0.5328466892242432], "(2, 5, 1, 1)": [0.0, 0.0, 0.18011416494846344, 0.0, 0.0], "(2, 1, 1, 1)": [1.6387230157852173, 0.0, 0.0, 0.4527411162853241, 0.0], "(2, 5, 3, 3)": [1.623400330543518, 0.0, 0.0, 0.0, 0.0], "(2, 4, 3, 3)": [0.0, 0.0, 0.04688836634159088, 0.05909675732254982, 0.030895138159394264], "(2, 6, 2, 1)": [0.029338274151086807, 0.0, 1.1310659646987915, 1.4628636837005615, 0.0], "(1, 4, 2, 2)": [0.30253830552101135, 0.08818364143371582, 0.1821206510066986, 0.09082736074924469, 1.5726374387741089], "(1, 5, 2, 2)": [0.1705954372882843, 0.20165063440799713, 1.531630277633667, 0.23073789477348328, 0.2600054442882538], "(1, 6, 2, 2)": [0.37235918641090393, 0.627860963344574, 0.3482590317726135, 0.2198658287525177, 0.3058640956878662], "(1, 7, 2, 2)": [2.208932876586914, 0.32907193899154663, 1.50200617313385, 0.44316038489341736, 1.8038833141326904], "(1, 3, 2, 2)": [0.06588049978017807, 0.09091576188802719, 1.0763014554977417, 0.1328883171081543, 0.24003936350345612], "(1, 2, 2, 2)": [0.0884488970041275, 0.08079418540000916, 0.11163060367107391, 0.0596674382686615, 0.11775386333465576], "(1, 1, 2, 2)": [0.0524970144033432, 0.056251294910907745, 0.0784144476056099, 0.6332689523696899, 0.858217179775238], "(1, 4, 2, 3)": [0.0, 0.033526450395584106, 0.05677125230431557, 0.02994508668780327, 0.0], "(2, 6, 1, 1)": [0.0, 0.0, 0.0, 0.0, 0.0], "(2, 6, 3, 3)": [0.0, 0.1957608461380005, 0.0, 0.0, 0.0], "(2, 3, 1, 1)": [0.0, 0.028773166239261627, 0.20305420458316803, 0.16852371394634247, 0.0], "(3, 3, 2, 2)": [0.0651111751794815, 1.562502384185791, 0.23809385299682617, 0.1567031443119049, 0.2023850381374359], "(1, 6, 1, 2)": [0.0, 0.0, 0.0, 0.0, 0.0], "(2, 2, 1, 1)": [0.0, 0.03248615935444832, 0.21802322566509247, 0.0, 0.0], "(2, 2, 2, 3)": [0.0, 1.45297372341156, 0.9433045387268066, 0.0, 0.0], "(2, 4, 3, 2)": [0.0, 1.0344038009643555, 0.0, 0.0, 0.0], "(3, 4, 2, 1)": [0.0, 0.0, 0.0, 0.0, 0.0], "(3, 3, 2, 1)": [0.0, 0.02886495366692543, 0.0, 0.0, 0.0], "(3, 2, 2, 1)": [0.0, 0.0, 0.05553359538316727, 0.0, 1.2378493547439575], "(1, 5, 2, 3)": [0.0, 0.0, 0.0, 0.0, 0.0], "(1, 6, 2, 3)": [0.0, 0.026335787028074265, 0.02742062695324421, 0.0, 0.0], "(1, 7, 2, 3)": [0.0, 0.8800593018531799, 0.0, 0.0, 0.0], "(3, 5, 3, 3)": [0.0, 0.0, 0.0, 0.0, 0.0], "(3, 7, 2, 3)": [0.0, 0.9873462319374084, 0.0, 0.0, 0.0], "(3, 1, 2, 1)": [0.0, 0.025190196931362152, 0.0, 0.0, 0.9896114468574524], "(2, 4, 1, 1)": [0.0, 0.0, 0.0, 0.0, 0.0], "(3, 3, 3, 2)": [0.0, 0.0, 0.0, 0.0, 0.029918691143393517], "(3, 4, 3, 2)": [0.04374305158853531, 0.0, 0.0, 0.0, 0.0], "(3, 5, 3, 2)": [0.0, 0.033753957599401474, 0.0, 0.0, 0.0], "(2, 2, 3, 2)": [0.0, 0.0, 0.0, 0.0, 0.0], "(2, 3, 3, 3)": [0.0, 0.0, 0.0, 0.0, 0.0], "(2, 3, 3, 2)": [0.0, 0.0, 0.0, 0.0, 0.0]}}