{"q_values": {"(2, 5, 2, 2)": [76.11572265625, 77.47959899902344, 75.20647430419922, 76.0602798461914, 76.77091979980469], "(2, 6, 2, 2)": [70.69674682617188, 71.20860290527344, 70.2033920288086, 70.96173095703125, 70.788818359375], "(2, 7, 2, 2)": [69.82362365722656, 70.98683166503906, 70.19815063476562, 70.23207092285156, 70.19219207763672], "(2, 1, 2, 2)": [70.95452117919922, 71.2439193725586, 70.72918701171875, 71.7960433959961, 72.75068664550781], "(2, 2, 2, 2)": [76.60879516601562, 77.12425231933594, 77.072509765625, 77.35762786865234, 77.94483184814453], "(2, 4, 2, 2)": [81.00077819824219, 80.34966278076172, 80.07979583740234, 80.64938354492188, 80.22544860839844], "(2, 3, 2, 2)": [78.1025390625, 79.11087036132812, 78.89002227783203, 80.67333221435547, 78.55683135986328], "(1, 1, 2, 2)": [2.2821874618530273, 1.5674127340316772, 3.0409798622131348, 0.5193432569503784, 1.1232351064682007], "(1, 2, 2, 2)": [0.25226661562919617, 0.265876829624176, 0.31612759828567505, 0.6148165464401245, 0.2964625954627991], "(3, 3, 2, 2)": [0.4892829358577728, 0.5410907864570618, 0.5816181898117065, 0.9319881796836853, 0.3328695297241211], "(3, 4, 2, 2)": [0.5318849086761475, 0.7156011462211609, 0.7893359065055847, 0.9988461136817932, 0.4327636957168579], "(3, 5, 2, 2)": [0.607802152633667, 0.8555789589881897, 0.6997535228729248, 0.6885383725166321, 2.174531936645508], "(3, 6, 2, 2)": [0.8293192982673645, 2.1887645721435547, 0.8941405415534973, 0.7845302224159241, 0.5855167508125305], "(3, 2, 2, 2)": [0.1888481080532074, 0.6352116465568542, 0.20607109367847443, 0.18583256006240845, 0.2620605528354645], "(3, 1, 2, 2)": [8.530732154846191, 5.292837142944336, 1.9572011232376099, 2.6857540607452393, 0.6782436370849609], "(3, 7, 2, 2)": [3.799527883529663, 9.12663745880127, 4.522638320922852, 3.6954004764556885, 2.0381996631622314], "(1, 5, 2, 2)": [0.41159236431121826, 0.180293008685112, 0.22730542719364166, 0.3197953701019287, 0.21171776950359344], "(1, 6, 2, 2)": [0.6117410659790039, 0.2976476550102234, 0.24344302713871002, 0.2333008348941803, 0.17436175048351288], "(1, 7, 2, 2)": [0.2466764748096466, 0.49830448627471924, 0.070001021027565, 1.8150029182434082, 3.4611053466796875], "(1, 3, 2, 2)": [0.2903735935688019, 0.09749562293291092, 0.09824909269809723, 0.182968869805336, 2.1502537727355957], "(1, 4, 2, 2)": [0.15502381324768066, 0.15664631128311157, 0.15640144050121307, 0.24673369526863098, 0.17248642444610596], "(2, 1, 2, 1)": [0.0, 1.0256438255310059, 0.0, 0.0, 0.0], "(2, 2, 2, 1)": [0.0, 0.0, 0.0, 1.2125186920166016, 0.0], "(2, 6, 2, 3)": [0.0, 0.0, 0.0, 2.1430625915527344, 0.0]}}