{"q_values": {"(2, 5, 2, 2)": [48.10932159423828, 47.821983337402344, 47.98060607910156, 47.63827133178711, 47.316253662109375], "(2, 6, 2, 2)": [42.29473876953125, 42.58849334716797, 41.831504821777344, 41.79170227050781, 41.24575424194336], "(2, 7, 2, 2)": [37.422550201416016, 38.36148452758789, 37.314674377441406, 37.03910446166992, 38.00591278076172], "(2, 1, 2, 2)": [39.795806884765625, 39.77139663696289, 40.671417236328125, 39.365840911865234, 40.375465393066406], "(2, 2, 2, 2)": [44.86831283569336, 45.21464157104492, 44.73286819458008, 44.70110321044922, 45.589988708496094], "(2, 4, 2, 2)": [49.738529205322266, 49.82884979248047, 49.44928741455078, 49.53574752807617, 49.58250427246094], "(2, 3, 2, 2)": [48.32868576049805, 47.462379455566406, 48.9755973815918, 48.47108459472656, 48.528202056884766], "(1, 1, 2, 2)": [0.08475784957408905, 1.5652239322662354, 0.9816084504127502, 0.38319551944732666, 0.7358224391937256], "(1, 2, 2, 2)": [0.1897050440311432, 0.20479926466941833, 0.2576492726802826, 0.5961499214172363, 0.2363898754119873], "(3, 3, 2, 2)": [0.26444679498672485, 0.3005581498146057, 0.3695833384990692, 0.39093801379203796, 0.17885150015354156], "(3, 4, 2, 2)": [0.15527811646461487, 0.13207171857357025, 0.3577533960342407, 0.1553322970867157, 0.15038302540779114], "(3, 5, 2, 2)": [0.14586429297924042, 0.26038041710853577, 0.06502881646156311, 0.17388717830181122, 0.25196003913879395], "(3, 6, 2, 2)": [0.17804116010665894, 0.20252251625061035, 0.23474957048892975, 0.12485267221927643, 0.2502131462097168], "(3, 2, 2, 2)": [0.08166835457086563, 0.16510529816150665, 0.1083211824297905, 0.030847417190670967, 0.03039700537919998], "(3, 1, 2, 2)": [0.9331082701683044, 1.1587629318237305, 0.09986880421638489, 1.045935869216919, 0.07471632957458496], "(3, 7, 2, 2)": [1.0992236137390137, 0.28246596455574036, 1.7309837341308594, 0.6150221824645996, 0.05091620609164238], "(1, 5, 2, 2)": [0.1440465897321701, 0.029157796874642372, 0.11351121217012405, 0.08943767100572586, 0.09201592952013016], "(1, 6, 2, 2)": [0.1706995666027069, 0.09636092931032181, 0.0642361044883728, 0.058941833674907684, 0.03102790005505085], "(1, 7, 2, 2)": [0.10955847799777985, 0.0, 0.0, 0.19116643071174622, 1.4484261274337769], "(1, 3, 2, 2)": [0.11961865425109863, 0.029344601556658745, 0.09824909269809723, 0.08982428163290024, 0.08967901021242142], "(1, 4, 2, 2)": [0.09079361706972122, 0.0925208032131195, 0.06261572241783142, 0.12335216253995895, 0.03179370239377022], "(2, 1, 2, 1)": [0.0, 1.0256438255310059, 0.0, 0.0, 0.0], "(2, 2, 2, 1)": [0.0, 0.0, 0.0, 1.2125186920166016, 0.0]}}