{"q_values": {"(2, 5, 2, 2)": [10.83420181274414, 10.831304550170898, 10.780476570129395, 10.627043724060059, 9.988248825073242], "(2, 6, 2, 2)": [9.609380722045898, 9.511170387268066, 9.337260246276855, 9.24756908416748, 8.950048446655273], "(2, 7, 2, 2)": [7.173730850219727, 6.866679668426514, 7.008625507354736, 6.982360363006592, 7.141195297241211], "(2, 1, 2, 2)": [7.948364734649658, 8.50165843963623, 8.454581260681152, 8.413148880004883, 8.429159164428711], "(2, 2, 2, 2)": [9.388381004333496, 10.168213844299316, 10.688886642456055, 10.27659797668457, 10.708230972290039], "(2, 4, 2, 2)": [11.572169303894043, 11.902769088745117, 11.721929550170898, 11.643795013427734, 11.254413604736328], "(2, 3, 2, 2)": [10.967570304870605, 11.395184516906738, 11.649564743041992, 11.647019386291504, 11.26213264465332], "(2, 1, 2, 1)": [0.3559415638446808, 0.5182706117630005, 1.397640347480774, 1.0866243839263916, 1.0547581911087036], "(2, 3, 2, 3)": [0.31974703073501587, 0.0, 0.3287883698940277, 0.0, 0.03089682199060917], "(2, 4, 2, 3)": [0.0, 0.0, 0.6634908318519592, 0.029884910210967064, 0.09501947462558746], "(2, 5, 2, 3)": [1.3454184532165527, 0.7354354858398438, 0.11828658729791641, 0.08012440800666809, 0.09447614848613739], "(2, 4, 2, 1)": [0.07128927856683731, 0.14238034188747406, 0.04247128218412399, 0.3812127113342285, 0.7877740859985352], "(2, 3, 2, 1)": [0.10505722463130951, 0.0658932477235794, 0.06991425156593323, 0.6255580186843872, 0.6353248953819275], "(2, 2, 2, 1)": [0.27731743454933167, 0.18527308106422424, 0.2507491707801819, 0.30965590476989746, 1.2128627300262451], "(2, 6, 2, 3)": [0.228514164686203, 0.7080965042114258, 0.4671529531478882, 0.30765268206596375, 0.302886039018631], "(2, 7, 2, 3)": [1.0887410640716553, 0.21272596716880798, 0.912287712097168, 0.2271464467048645, 0.6099641919136047], "(3, 2, 2, 2)": [0.0, 0.0, 0.02751729264855385, 0.027931440621614456, 0.0], "(3, 1, 2, 2)": [0.0, 0.0, 0.026689577847719193, 0.08835633099079132, 0.0], "(3, 7, 2, 2)": [0.15716812014579773, 0.14520978927612305, 0.2995167076587677, 0.2563517093658447, 0.1311996728181839], "(3, 5, 2, 2)": [0.05899018794298172, 0.08663243055343628, 0.02927517704665661, 0.0, 0.0], "(3, 5, 2, 3)": [0.0, 0.0, 0.0, 0.02893892116844654, 0.0], "(3, 6, 3, 3)": [0.0, 0.0, 0.0, 0.0, 0.02630552463233471], "(3, 6, 2, 2)": [0.0, 0.027638215571641922, 0.058161236345767975, 0.029891815036535263, 0.02746487222611904], "(3, 7, 3, 3)": [0.0, 0.07421017438173294, 0.0, 0.02484441176056862, 0.0], "(2, 5, 2, 1)": [0.0, 0.11145958304405212, 0.0, 0.21564480662345886, 0.0], "(3, 4, 2, 2)": [0.030899593606591225, 0.0, 0.0, 0.0, 0.08906855434179306], "(2, 5, 1, 1)": [0.0, 0.0, 0.0, 0.0, 0.0], "(2, 1, 1, 1)": [0.0, 0.0, 0.0, 0.0, 0.0], "(2, 5, 3, 3)": [0.0, 0.0, 0.0, 0.0, 0.0]}}