{"q_values": {"(2, 7, 2, 2)": [-2.206469774246216, -2.2068233489990234, -2.2070682048797607, -2.2064380645751953, -2.207918643951416], "(2, 6, 2, 2)": [-2.2118515968322754, -2.211196184158325, -2.2108683586120605, -2.211348056793213, -2.2109310626983643], "(2, 5, 2, 2)": [-2.2130444049835205, -2.21248722076416, -2.2123053073883057, -2.212428569793701, -2.211939573287964], "(2, 2, 2, 2)": [-2.2120654582977295, -2.2117295265197754, -2.211921215057373, -2.212256908416748, -2.2122137546539307], "(2, 1, 2, 2)": [-2.2091732025146484, -2.2083423137664795, -2.209099769592285, -2.208481550216675, -2.2076189517974854], "(2, 3, 2, 2)": [-2.212924003601074, -2.212548017501831, -2.212980031967163, -2.212839365005493, -2.212700366973877], "(2, 4, 2, 2)": [-2.2133021354675293, -2.212800979614258, -2.2127604484558105, -2.213204860687256, -2.2126147747039795], "(2, 6, 2, 3)": [-2.2121078968048096, -2.2157342433929443, -2.2190370559692383, -2.2197604179382324, -2.2222723960876465], "(2, 1, 2, 1)": [-2.2150237560272217, -2.218994379043579, -2.209688186645508, -2.2086374759674072, -2.2115252017974854], "(2, 2, 2, 1)": [-2.228302001953125, -2.220417022705078, -2.2148525714874268, -2.2126505374908447, -2.2127912044525146], "(2, 4, 2, 3)": [-2.2139978408813477, -2.2055859565734863, -2.209970235824585, -2.210965633392334, -2.2449278831481934], "(2, 3, 2, 3)": [-2.2189667224884033, 0.0, -2.2128522396087646, -2.2228856086730957, -2.233628273010254], "(2, 7, 2, 3)": [-2.207096576690674, -2.212632417678833, -2.2184908390045166, -2.2144274711608887, -2.209562063217163], "(2, 5, 2, 3)": [-2.2105979919433594, -2.2078847885131836, -2.2097067832946777, -2.2162070274353027, -2.212789535522461], "(2, 3, 2, 1)": [-2.213383674621582, -2.220717430114746, -2.224458932876587, -2.214834213256836, -2.209324836730957], "(1, 1, 2, 2)": [-2.216257095336914, -2.199479341506958, -2.216367721557617, -2.201481819152832, -2.199479341506958], "(2, 4, 2, 1)": [-2.204702615737915, -2.2176473140716553, -2.2154855728149414, -2.2096028327941895, -2.2039599418640137], "(2, 1, 1, 1)": [0.0, -2.232076644897461, -2.2099769115448, -2.20259952545166, -2.2235400676727295], "(2, 5, 3, 3)": [-2.2223284244537354, -2.2449278831481934, 0.0, 0.0, -2.2449278831481934], "(3, 7, 2, 2)": [-2.203626871109009, -2.201937198638916, -2.1936697959899902, -2.203108072280884, -2.2009565830230713], "(3, 6, 2, 2)": [-2.198286294937134, -2.198179244995117, -2.198179244995117, -2.198179244995117, -2.198179244995117], "(3, 5, 2, 2)": [0.0, -2.198286294937134, 0.0, -2.198286294937134, -2.198286294937134], "(2, 7, 3, 3)": [-2.2326600551605225, 0.0, -2.1767523288726807, 0.0, -2.2001051902770996], "(2, 4, 3, 3)": [0.0, 0.0, -2.2223284244537354, -2.2223284244537354, 0.0], "(2, 5, 2, 1)": [-2.1992297172546387, 0.0, 0.0, -2.2255606651306152, 0.0], "(2, 6, 3, 3)": [0.0, -2.237999677658081, 0.0, 0.0, 0.0], "(2, 3, 1, 1)": [0.0, 0.0, 0.0, 0.0, -2.220508575439453], "(2, 2, 1, 1)": [0.0, -2.202817678451538, 0.0, 0.0, 0.0], "(1, 5, 2, 2)": [0.0, 0.0, -2.1975512504577637, -2.1975512504577637, 0.0], "(1, 4, 2, 2)": [0.0, 0.0, -2.1975512504577637, 0.0, -2.1975512504577637], "(3, 1, 2, 2)": [-2.193408250808716, -2.2043251991271973, 0.0, -2.2052273750305176, -2.204435348510742], "(3, 2, 2, 2)": [-2.203643798828125, -2.2044355869293213, -2.2044355869293213, -2.2052273750305176, -2.203643798828125], "(2, 4, 1, 1)": [0.0, 0.0, 0.0, -2.1992297172546387, 0.0], "(1, 2, 2, 2)": [-2.2163689136505127, -2.199479341506958, -2.199479341506958, -2.2163689136505127, -2.199479341506958], "(1, 3, 2, 2)": [-2.199479341506958, -2.199479341506958, 0.0, -2.199479341506958, -2.199479341506958], "(1, 3, 1, 2)": [0.0, 0.0, 0.0, 0.0, -2.199479341506958], "(1, 4, 1, 1)": [0.0, 0.0, -2.199479341506958, 0.0, 0.0], "(1, 5, 1, 1)": [-2.199479341506958, 0.0, 0.0, 0.0, 0.0], "(2, 5, 1, 2)": [-2.199479341506958, 0.0, 0.0, 0.0, 0.0], "(3, 3, 2, 2)": [-2.203643798828125, 0.0, -2.203643798828125, -2.203643798828125, -2.203643798828125]}, "n_values": {"(2, 7, 2, 2)": [395.0, 404.0, 451.0, 496.0, 503.0], "(2, 6, 2, 2)": [414.0, 439.0, 455.0, 446.0, 474.0], "(2, 5, 2, 2)": [376.0, 376.0, 413.0, 407.0, 451.0], "(2, 2, 2, 2)": [467.0, 439.0, 411.0, 404.0, 402.0], "(2, 1, 2, 2)": [503.0, 456.0, 431.0, 422.0, 404.0], "(2, 3, 2, 2)": [446.0, 408.0, 400.0, 394.0, 413.0], "(2, 4, 2, 2)": [416.0, 410.0, 404.0, 400.0, 440.0], "(2, 6, 2, 3)": [23.0, 22.0, 14.0, 18.0, 18.0], "(2, 1, 2, 1)": [18.0, 12.0, 19.0, 20.0, 21.0], "(2, 2, 2, 1)": [9.0, 13.0, 13.0, 18.0, 21.0], "(2, 4, 2, 3)": [6.0, 4.0, 6.0, 4.0, 1.0], "(2, 3, 2, 3)": [2.0, 0.0, 1.0, 2.0, 2.0], "(2, 7, 2, 3)": [18.0, 17.0, 18.0, 22.0, 19.0], "(2, 5, 2, 3)": [11.0, 16.0, 9.0, 10.0, 12.0], "(2, 3, 2, 1)": [6.0, 4.0, 8.0, 11.0, 15.0], "(1, 1, 2, 2)": [2.0, 1.0, 2.0, 2.0, 1.0], "(2, 4, 2, 1)": [3.0, 5.0, 8.0, 4.0, 4.0], "(2, 1, 1, 1)": [0.0, 1.0, 1.0, 1.0, 1.0], "(2, 5, 3, 3)": [1.0, 1.0, 0.0, 0.0, 1.0], "(3, 7, 2, 2)": [1.0, 4.0, 3.0, 5.0, 2.0], "(3, 6, 2, 2)": [1.0, 2.0, 2.0, 2.0, 2.0], "(3, 5, 2, 2)": [0.0, 1.0, 0.0, 1.0, 1.0], "(2, 7, 3, 3)": [1.0, 0.0, 1.0, 0.0, 1.0], "(2, 4, 3, 3)": [0.0, 0.0, 1.0, 1.0, 0.0], "(2, 5, 2, 1)": [1.0, 0.0, 0.0, 1.0, 0.0], "(2, 6, 3, 3)": [0.0, 1.0, 0.0, 0.0, 0.0], "(2, 3, 1, 1)": [0.0, 0.0, 0.0, 0.0, 1.0], "(2, 2, 1, 1)": [0.0, 1.0, 0.0, 0.0, 0.0], "(1, 5, 2, 2)": [0.0, 0.0, 1.0, 1.0, 0.0], "(1, 4, 2, 2)": [0.0, 0.0, 1.0, 0.0, 1.0], "(3, 1, 2, 2)": [2.0, 2.0, 0.0, 1.0, 2.0], "(3, 2, 2, 2)": [1.0, 2.0, 2.0, 1.0, 1.0], "(2, 4, 1, 1)": [0.0, 0.0, 0.0, 1.0, 0.0], "(1, 2, 2, 2)": [2.0, 1.0, 1.0, 2.0, 1.0], "(1, 3, 2, 2)": [1.0, 1.0, 0.0, 1.0, 1.0], "(1, 3, 1, 2)": [0.0, 0.0, 0.0, 0.0, 1.0], "(1, 4, 1, 1)": [0.0, 0.0, 1.0, 0.0, 0.0], "(1, 5, 1, 1)": [1.0, 0.0, 0.0, 0.0, 0.0], "(2, 5, 1, 2)": [1.0, 0.0, 0.0, 0.0, 0.0], "(3, 3, 2, 2)": [1.0, 0.0, 1.0, 1.0, 1.0]}}