{"q_values": {"(2, 7, 2, 2)": [-2.2074692249298096, -2.208054304122925, -2.2094030380249023, -2.2046964168548584, -2.2087903022766113], "(2, 6, 2, 2)": [-2.2131800651550293, -2.2103700637817383, -2.2116482257843018, -2.2106270790100098, -2.211700201034546], "(2, 5, 2, 2)": [-2.21720290184021, -2.2153728008270264, -2.216433048248291, -2.2152059078216553, -2.2135376930236816], "(2, 2, 2, 2)": [-2.213541269302368, -2.21376633644104, -2.2121493816375732, -2.211827039718628, -2.212895154953003], "(2, 1, 2, 2)": [-2.2081029415130615, -2.2081165313720703, -2.210557699203491, -2.2070136070251465, -2.21016001701355], "(2, 3, 2, 2)": [-2.214661121368408, -2.214080810546875, -2.214942693710327, -2.2138431072235107, -2.2147839069366455], "(2, 4, 2, 2)": [-2.2174184322357178, -2.2173233032226562, -2.2153117656707764, -2.216217279434204, -2.2164859771728516], "(2, 6, 2, 3)": [-2.212118148803711, -2.2329258918762207, -2.222640037536621, -2.22232723236084, -2.229588747024536], "(2, 1, 2, 1)": [-2.219308614730835, -2.227210521697998, -2.228557586669922, -2.216387987136841, -2.2407612800598145], "(2, 2, 2, 1)": [0.0, -2.2276055812835693, -2.229588031768799, 0.0, -2.2202465534210205], "(2, 4, 2, 3)": [-2.2049386501312256, -2.205286741256714, 0.0, -2.200843095779419, 0.0], "(2, 3, 2, 3)": [-2.2153372764587402, 0.0, -2.2128522396087646, -2.200843095779419, 0.0], "(2, 7, 2, 3)": [-2.1977806091308594, -2.235320568084717, -2.2305660247802734, -2.233290195465088, -2.2070164680480957], "(2, 5, 2, 3)": [-2.200843095779419, -2.198975086212158, 0.0, -2.21329665184021, 0.0], "(2, 3, 2, 1)": [0.0, -2.242785692214966, -2.2201876640319824, 0.0, -2.2151074409484863], "(1, 1, 2, 2)": [0.0, 0.0, 0.0, -2.203484535217285, 0.0]}, "n_values": {"(2, 7, 2, 2)": [26.0, 31.0, 34.0, 32.0, 34.0], "(2, 6, 2, 2)": [27.0, 30.0, 32.0, 34.0, 37.0], "(2, 5, 2, 2)": [24.0, 29.0, 32.0, 29.0, 39.0], "(2, 2, 2, 2)": [39.0, 37.0, 32.0, 30.0, 40.0], "(2, 1, 2, 2)": [42.0, 34.0, 40.0, 31.0, 29.0], "(2, 3, 2, 2)": [40.0, 39.0, 42.0, 42.0, 45.0], "(2, 4, 2, 2)": [39.0, 32.0, 33.0, 42.0, 36.0], "(2, 6, 2, 3)": [4.0, 1.0, 2.0, 4.0, 3.0], "(2, 1, 2, 1)": [5.0, 2.0, 2.0, 1.0, 1.0], "(2, 2, 2, 1)": [0.0, 4.0, 2.0, 0.0, 3.0], "(2, 4, 2, 3)": [1.0, 3.0, 0.0, 1.0, 0.0], "(2, 3, 2, 3)": [1.0, 0.0, 1.0, 1.0, 0.0], "(2, 7, 2, 3)": [4.0, 2.0, 2.0, 2.0, 2.0], "(2, 5, 2, 3)": [1.0, 1.0, 0.0, 3.0, 0.0], "(2, 3, 2, 1)": [0.0, 1.0, 2.0, 0.0, 1.0], "(1, 1, 2, 2)": [0.0, 0.0, 0.0, 1.0, 0.0]}}