{"q_values": {"(2, 7, 2, 2)": [-2.207202672958374, -2.2074320316314697, -2.20770001411438, -2.2077929973602295, -2.208566665649414], "(2, 6, 2, 2)": [-2.211287498474121, -2.2111825942993164, -2.210771083831787, -2.211336612701416, -2.211150884628296], "(2, 5, 2, 2)": [-2.2120614051818848, -2.212170124053955, -2.211883783340454, -2.211970567703247, -2.2117936611175537], "(2, 2, 2, 2)": [-2.2114713191986084, -2.211137533187866, -2.211121082305908, -2.211249589920044, -2.2112810611724854], "(2, 1, 2, 2)": [-2.2086665630340576, -2.208075523376465, -2.207923650741577, -2.2076876163482666, -2.207463502883911], "(2, 3, 2, 2)": [-2.2120606899261475, -2.211602210998535, -2.2117533683776855, -2.2117421627044678, -2.2118237018585205], "(2, 4, 2, 2)": [-2.212418794631958, -2.2122111320495605, -2.2124130725860596, -2.2124176025390625, -2.2119929790496826], "(2, 6, 2, 3)": [-2.2128584384918213, -2.2131214141845703, -2.21598744392395, -2.2178220748901367, -2.223191261291504], "(2, 1, 2, 1)": [-2.21331787109375, -2.217595338821411, -2.2125391960144043, -2.207418441772461, -2.209702968597412], "(2, 2, 2, 1)": [-2.2246618270874023, -2.2254302501678467, -2.214521646499634, -2.2132508754730225, -2.2129786014556885], "(2, 4, 2, 3)": [-2.2110626697540283, -2.2068910598754883, -2.2116947174072266, -2.215500593185425, -2.22261905670166], "(2, 3, 2, 3)": [-2.214899778366089, -2.222885847091675, -2.205902338027954, -2.2257497310638428, -2.2256321907043457], "(2, 7, 2, 3)": [-2.2056100368499756, -2.2100651264190674, -2.2134599685668945, -2.212216377258301, -2.2118008136749268], "(2, 5, 2, 3)": [-2.2108421325683594, -2.210171937942505, -2.211919069290161, -2.217534065246582, -2.2149999141693115], "(2, 3, 2, 1)": [-2.218549966812134, -2.2199690341949463, -2.2254161834716797, -2.2147057056427, -2.2100906372070312], "(1, 1, 2, 2)": [-2.2137749195098877, -2.206730365753174, -2.2144269943237305, -2.2088160514831543, -2.207695722579956], "(2, 4, 2, 1)": [-2.222501039505005, -2.2186667919158936, -2.211329698562622, -2.2083611488342285, -2.211721181869507], "(2, 1, 1, 1)": [0.0, -2.232076644897461, -2.2099769115448, -2.20259952545166, -2.2235400676727295], "(2, 5, 3, 3)": [-2.2223284244537354, -2.2281575202941895, 0.0, -2.2274205684661865, -2.2449278831481934], "(3, 7, 2, 2)": [-2.201049566268921, -2.206233024597168, -2.2024407386779785, -2.2031872272491455, -2.207995891571045], "(3, 6, 2, 2)": [-2.2192628383636475, -2.211449146270752, -2.2118890285491943, -2.2064900398254395, -2.211449146270752], "(3, 5, 2, 2)": [-2.2206296920776367, -2.214409828186035, -2.2171597480773926, -2.216161012649536, -2.216161012649536], "(2, 7, 3, 3)": [-2.229928970336914, -2.201188087463379, -2.2039146423339844, 0.0, -2.2001051902770996], "(2, 4, 3, 3)": [-2.2200424671173096, 0.0, -2.2223284244537354, -2.2223284244537354, 0.0], "(2, 5, 2, 1)": [-2.201934814453125, -2.209232807159424, -2.2214155197143555, -2.209820032119751, -2.2040653228759766], "(2, 6, 3, 3)": [-2.203610897064209, -2.234649658203125, -2.247222900390625, -2.2373228073120117, -2.213517904281616], "(2, 3, 1, 1)": [0.0, 0.0, -2.2467737197875977, 0.0, -2.220508575439453], "(2, 2, 1, 1)": [0.0, -2.202817678451538, 0.0, 0.0, 0.0], "(1, 5, 2, 2)": [-2.2208406925201416, -2.2225804328918457, -2.2176077365875244, -2.2150702476501465, -2.2240569591522217], "(1, 4, 2, 2)": [-2.221951961517334, -2.221951961517334, -2.212611675262451, -2.225987434387207, -2.217895746231079], "(3, 1, 2, 2)": [-2.2123091220855713, -2.2075107097625732, -2.2109663486480713, -2.2099409103393555, -2.209564447402954], "(3, 2, 2, 2)": [-2.221484422683716, -2.214047908782959, -2.2151198387145996, -2.2134854793548584, -2.213259220123291], "(2, 4, 1, 1)": [0.0, -2.2033262252807617, -2.207156181335449, -2.1992297172546387, 0.0], "(1, 2, 2, 2)": [-2.2154788970947266, -2.2137603759765625, -2.213174343109131, -2.2188720703125, -2.2202606201171875], "(1, 3, 2, 2)": [-2.217608690261841, -2.208498001098633, -2.2223052978515625, -2.199479341506958, -2.2165989875793457], "(1, 3, 1, 2)": [0.0, 0.0, 0.0, 0.0, -2.199479341506958], "(1, 4, 1, 1)": [0.0, 0.0, -2.199479341506958, 0.0, 0.0], "(1, 5, 1, 1)": [-2.199479341506958, 0.0, 0.0, 0.0, 0.0], "(2, 5, 1, 2)": [-2.199479341506958, 0.0, 0.0, 0.0, 0.0], "(3, 3, 2, 2)": [-2.2084319591522217, -2.21391224861145, -2.2137856483459473, -2.2137162685394287, -2.209148406982422], "(1, 7, 2, 2)": [-2.2196013927459717, -2.217233896255493, -2.210007905960083, -2.215223550796509, -2.2231295108795166], "(1, 6, 2, 2)": [-2.223553419113159, -2.2195327281951904, -2.2196576595306396, -2.2223610877990723, -2.2228803634643555], "(3, 4, 2, 2)": [-2.209228277206421, -2.2190024852752686, -2.220517635345459, -2.2121188640594482, -2.2121188640594482], "(2, 6, 2, 1)": [-2.2109861373901367, -2.2079079151153564, 0.0, -2.2079079151153564, 0.0], "(2, 5, 1, 1)": [0.0, -2.2109861373901367, 0.0, 0.0, 0.0], "(1, 6, 2, 3)": [0.0, -2.225572109222412, 0.0, 0.0, 0.0], "(3, 7, 2, 3)": [0.0, 0.0, -2.20898699760437, 0.0, 0.0], "(3, 1, 2, 1)": [0.0, -2.2459375858306885, 0.0, 0.0, 0.0], "(2, 3, 3, 3)": [0.0, -2.2113871574401855, 0.0, 0.0, 0.0], "(2, 2, 2, 3)": [0.0, 0.0, 0.0, 0.0, -2.21260404586792], "(1, 1, 2, 1)": [0.0, 0.0, 0.0, -2.2084572315216064, 0.0], "(1, 3, 2, 1)": [0.0, 0.0, 0.0, 0.0, -2.2148215770721436], "(1, 4, 2, 1)": [0.0, 0.0, -2.2148215770721436, 0.0, 0.0], "(2, 3, 1, 2)": [0.0, 0.0, 0.0, -2.2033262252807617, 0.0]}, "n_values": {"(2, 7, 2, 2)": [1461.0, 1358.0, 1470.0, 1563.0, 1624.0], "(2, 6, 2, 2)": [1360.0, 1414.0, 1581.0, 1511.0, 1610.0], "(2, 5, 2, 2)": [1268.0, 1270.0, 1356.0, 1333.0, 1553.0], "(2, 2, 2, 2)": [1404.0, 1410.0, 1301.0, 1248.0, 1235.0], "(2, 1, 2, 2)": [1461.0, 1401.0, 1310.0, 1270.0, 1334.0], "(2, 3, 2, 2)": [1251.0, 1298.0, 1158.0, 1141.0, 1154.0], "(2, 4, 2, 2)": [1172.0, 1179.0, 1186.0, 1181.0, 1326.0], "(2, 6, 2, 3)": [82.0, 64.0, 49.0, 68.0, 61.0], "(2, 1, 2, 1)": [43.0, 46.0, 59.0, 54.0, 54.0], "(2, 2, 2, 1)": [25.0, 35.0, 32.0, 45.0, 47.0], "(2, 4, 2, 3)": [14.0, 11.0, 16.0, 12.0, 10.0], "(2, 3, 2, 3)": [7.0, 3.0, 5.0, 6.0, 6.0], "(2, 7, 2, 3)": [81.0, 82.0, 73.0, 76.0, 70.0], "(2, 5, 2, 3)": [34.0, 47.0, 26.0, 29.0, 37.0], "(2, 3, 2, 1)": [13.0, 15.0, 13.0, 29.0, 35.0], "(1, 1, 2, 2)": [12.0, 11.0, 11.0, 11.0, 10.0], "(2, 4, 2, 1)": [15.0, 11.0, 21.0, 13.0, 19.0], "(2, 1, 1, 1)": [0.0, 1.0, 1.0, 1.0, 1.0], "(2, 5, 3, 3)": [1.0, 2.0, 0.0, 1.0, 1.0], "(3, 7, 2, 2)": [9.0, 7.0, 8.0, 12.0, 9.0], "(3, 6, 2, 2)": [4.0, 8.0, 7.0, 7.0, 8.0], "(3, 5, 2, 2)": [4.0, 4.0, 5.0, 5.0, 5.0], "(2, 7, 3, 3)": [2.0, 2.0, 2.0, 0.0, 1.0], "(2, 4, 3, 3)": [3.0, 0.0, 1.0, 1.0, 0.0], "(2, 5, 2, 1)": [2.0, 3.0, 4.0, 4.0, 3.0], "(2, 6, 3, 3)": [1.0, 2.0, 1.0, 2.0, 2.0], "(2, 3, 1, 1)": [0.0, 0.0, 1.0, 0.0, 1.0], "(2, 2, 1, 1)": [0.0, 1.0, 0.0, 0.0, 0.0], "(1, 5, 2, 2)": [5.0, 4.0, 6.0, 5.0, 5.0], "(1, 4, 2, 2)": [3.0, 3.0, 3.0, 2.0, 5.0], "(3, 1, 2, 2)": [8.0, 7.0, 6.0, 7.0, 8.0], "(3, 2, 2, 2)": [6.0, 11.0, 10.0, 7.0, 7.0], "(2, 4, 1, 1)": [0.0, 1.0, 2.0, 1.0, 0.0], "(1, 2, 2, 2)": [8.0, 9.0, 8.0, 8.0, 5.0], "(1, 3, 2, 2)": [5.0, 4.0, 3.0, 1.0, 4.0], "(1, 3, 1, 2)": [0.0, 0.0, 0.0, 0.0, 1.0], "(1, 4, 1, 1)": [0.0, 0.0, 1.0, 0.0, 0.0], "(1, 5, 1, 1)": [1.0, 0.0, 0.0, 0.0, 0.0], "(2, 5, 1, 2)": [1.0, 0.0, 0.0, 0.0, 0.0], "(3, 3, 2, 2)": [8.0, 6.0, 8.0, 6.0, 4.0], "(1, 7, 2, 2)": [4.0, 3.0, 6.0, 4.0, 3.0], "(1, 6, 2, 2)": [4.0, 4.0, 4.0, 6.0, 3.0], "(3, 4, 2, 2)": [5.0, 4.0, 4.0, 3.0, 3.0], "(2, 5, 1, 1)": [0.0, 1.0, 0.0, 0.0, 0.0], "(2, 6, 2, 1)": [1.0, 1.0, 0.0, 1.0, 0.0], "(1, 6, 2, 3)": [0.0, 1.0, 0.0, 0.0, 0.0], "(3, 7, 2, 3)": [0.0, 0.0, 1.0, 0.0, 0.0], "(3, 1, 2, 1)": [0.0, 1.0, 0.0, 0.0, 0.0], "(2, 3, 3, 3)": [0.0, 1.0, 0.0, 0.0, 0.0], "(2, 2, 2, 3)": [0.0, 0.0, 0.0, 0.0, 2.0], "(1, 1, 2, 1)": [0.0, 0.0, 0.0, 1.0, 0.0], "(1, 3, 2, 1)": [0.0, 0.0, 0.0, 0.0, 1.0], "(1, 4, 2, 1)": [0.0, 0.0, 1.0, 0.0, 0.0], "(2, 3, 1, 2)": [0.0, 0.0, 0.0, 1.0, 0.0]}}