{"q_values": {"(2, 7, 2, 2)": [0.0, -2.2052361965179443, -2.2052340507507324, -2.2052361965179443, 0.0], "(2, 6, 2, 2)": [0.0, -2.2052361965179443, -2.2052361965179443, -2.2052361965179443, -2.2052361965179443], "(2, 5, 2, 2)": [0.0, -2.2052361965179443, -2.2052361965179443, 0.0, -2.2052361965179443]}, "n_values": {"(2, 7, 2, 2)": [0.0, 1.0, 1.0, 1.0, 0.0], "(2, 6, 2, 2)": [0.0, 1.0, 1.0, 1.0, 1.0], "(2, 5, 2, 2)": [0.0, 1.0, 1.0, 0.0, 1.0]}}