{"q_values": {"(2, 7, 2, 2)": [-2.2066993713378906, -2.2071521282196045, -2.207331895828247, -2.206941843032837, -2.208000659942627], "(2, 6, 2, 2)": [-2.211740255355835, -2.21132230758667, -2.2108404636383057, -2.2113029956817627, -2.2111430168151855], "(2, 5, 2, 2)": [-2.2125585079193115, -2.212078094482422, -2.2121059894561768, -2.2121376991271973, -2.2117908000946045], "(2, 2, 2, 2)": [-2.211979389190674, -2.2115108966827393, -2.2119739055633545, -2.2118430137634277, -2.2121031284332275], "(2, 1, 2, 2)": [-2.209191083908081, -2.208352565765381, -2.208726167678833, -2.2080330848693848, -2.2074265480041504], "(2, 3, 2, 2)": [-2.212771415710449, -2.2122673988342285, -2.212418794631958, -2.212536096572876, -2.2123210430145264], "(2, 4, 2, 2)": [-2.2129504680633545, -2.212491512298584, -2.2126686573028564, -2.2128939628601074, -2.2121946811676025], "(2, 6, 2, 3)": [-2.211717128753662, -2.2150466442108154, -2.2198662757873535, -2.2166430950164795, -2.2225301265716553], "(2, 1, 2, 1)": [-2.213695526123047, -2.2174930572509766, -2.210747480392456, -2.208641767501831, -2.2116143703460693], "(2, 2, 2, 1)": [-2.2251508235931396, -2.222092866897583, -2.214932680130005, -2.211670160293579, -2.213428497314453], "(2, 4, 2, 3)": [-2.2133028507232666, -2.2055859565734863, -2.209970235824585, -2.210965633392334, -2.246903896331787], "(2, 3, 2, 3)": [-2.2211058139801025, 0.0, -2.2128522396087646, -2.2228856086730957, -2.233628273010254], "(2, 7, 2, 3)": [-2.2054715156555176, -2.21254563331604, -2.21760630607605, -2.2114784717559814, -2.213137626647949], "(2, 5, 2, 3)": [-2.2137880325317383, -2.2084386348724365, -2.209324359893799, -2.218320369720459, -2.211681365966797], "(2, 3, 2, 1)": [-2.213383674621582, -2.220348834991455, -2.224458932876587, -2.2126681804656982, -2.209784746170044], "(1, 1, 2, 2)": [-2.216257095336914, -2.199479341506958, -2.216367721557617, -2.201481819152832, -2.199479341506958], "(2, 4, 2, 1)": [-2.2087416648864746, -2.2149624824523926, -2.2139945030212402, -2.208972692489624, -2.2106759548187256], "(2, 1, 1, 1)": [0.0, -2.232076644897461, -2.2099769115448, -2.20259952545166, -2.2235400676727295], "(2, 5, 3, 3)": [-2.2223284244537354, -2.2449278831481934, 0.0, 0.0, -2.2449278831481934], "(3, 7, 2, 2)": [-2.2034530639648438, -2.2022056579589844, -2.1960721015930176, -2.203136682510376, -2.201730966567993], "(3, 6, 2, 2)": [-2.198286294937134, -2.1998794078826904, -2.1998794078826904, -2.1998794078826904, -2.1998794078826904], "(3, 5, 2, 2)": [0.0, -2.198286294937134, -2.203279495239258, -2.198286294937134, -2.198286294937134], "(2, 7, 3, 3)": [-2.2326600551605225, 0.0, -2.1767523288726807, 0.0, -2.2001051902770996], "(2, 4, 3, 3)": [0.0, 0.0, -2.2223284244537354, -2.2223284244537354, 0.0], "(2, 5, 2, 1)": [-2.1992297172546387, 0.0, -2.239068031311035, -2.2255606651306152, 0.0], "(2, 6, 3, 3)": [0.0, -2.237999677658081, 0.0, 0.0, 0.0], "(2, 3, 1, 1)": [0.0, 0.0, 0.0, 0.0, -2.220508575439453], "(2, 2, 1, 1)": [0.0, -2.202817678451538, 0.0, 0.0, 0.0], "(1, 5, 2, 2)": [-2.213880777359009, 0.0, -2.205716133117676, -2.205716133117676, 0.0], "(1, 4, 2, 2)": [-2.213880777359009, -2.213880777359009, -2.205716133117676, 0.0, -2.205716133117676], "(3, 1, 2, 2)": [-2.196152448654175, -2.2043251991271973, -2.20185923576355, -2.2052273750305176, -2.2035772800445557], "(3, 2, 2, 2)": [-2.203643798828125, -2.2035775184631348, -2.2035775184631348, -2.2052273750305176, -2.203643798828125], "(2, 4, 1, 1)": [0.0, 0.0, 0.0, -2.1992297172546387, 0.0], "(1, 2, 2, 2)": [-2.2163689136505127, -2.199479341506958, -2.199479341506958, -2.2163689136505127, -2.199479341506958], "(1, 3, 2, 2)": [-2.199479341506958, -2.199479341506958, 0.0, -2.199479341506958, -2.199479341506958], "(1, 3, 1, 2)": [0.0, 0.0, 0.0, 0.0, -2.199479341506958], "(1, 4, 1, 1)": [0.0, 0.0, -2.199479341506958, 0.0, 0.0], "(1, 5, 1, 1)": [-2.199479341506958, 0.0, 0.0, 0.0, 0.0], "(2, 5, 1, 2)": [-2.199479341506958, 0.0, 0.0, 0.0, 0.0], "(3, 3, 2, 2)": [-2.2027525901794434, -2.2018613815307617, -2.2027525901794434, -2.2027525901794434, -2.2027525901794434], "(1, 7, 2, 2)": [-2.213880777359009, 0.0, -2.2136592864990234, -2.213878631591797, 0.0], "(1, 6, 2, 2)": [0.0, -2.213880777359009, -2.213880777359009, -2.213880777359009, 0.0], "(3, 4, 2, 2)": [-2.2018613815307617, -2.2018613815307617, 0.0, 0.0, 0.0]}, "n_values": {"(2, 7, 2, 2)": [498.0, 504.0, 556.0, 607.0, 614.0], "(2, 6, 2, 2)": [525.0, 547.0, 567.0, 559.0, 593.0], "(2, 5, 2, 2)": [481.0, 474.0, 513.0, 509.0, 576.0], "(2, 2, 2, 2)": [574.0, 548.0, 507.0, 501.0, 501.0], "(2, 1, 2, 2)": [612.0, 566.0, 533.0, 527.0, 504.0], "(2, 3, 2, 2)": [537.0, 507.0, 490.0, 485.0, 498.0], "(2, 4, 2, 2)": [508.0, 496.0, 499.0, 492.0, 535.0], "(2, 6, 2, 3)": [28.0, 25.0, 16.0, 27.0, 27.0], "(2, 1, 2, 1)": [20.0, 19.0, 25.0, 22.0, 23.0], "(2, 2, 2, 1)": [12.0, 14.0, 16.0, 20.0, 24.0], "(2, 4, 2, 3)": [7.0, 4.0, 6.0, 4.0, 2.0], "(2, 3, 2, 3)": [3.0, 0.0, 1.0, 2.0, 2.0], "(2, 7, 2, 3)": [23.0, 25.0, 22.0, 30.0, 26.0], "(2, 5, 2, 3)": [12.0, 18.0, 10.0, 13.0, 14.0], "(2, 3, 2, 1)": [6.0, 5.0, 8.0, 14.0, 17.0], "(1, 1, 2, 2)": [2.0, 1.0, 2.0, 2.0, 1.0], "(2, 4, 2, 1)": [4.0, 6.0, 9.0, 6.0, 6.0], "(2, 1, 1, 1)": [0.0, 1.0, 1.0, 1.0, 1.0], "(2, 5, 3, 3)": [1.0, 1.0, 0.0, 0.0, 1.0], "(3, 7, 2, 2)": [2.0, 5.0, 4.0, 6.0, 3.0], "(3, 6, 2, 2)": [1.0, 3.0, 3.0, 3.0, 3.0], "(3, 5, 2, 2)": [0.0, 1.0, 1.0, 1.0, 1.0], "(2, 7, 3, 3)": [1.0, 0.0, 1.0, 0.0, 1.0], "(2, 4, 3, 3)": [0.0, 0.0, 1.0, 1.0, 0.0], "(2, 5, 2, 1)": [1.0, 0.0, 1.0, 1.0, 0.0], "(2, 6, 3, 3)": [0.0, 1.0, 0.0, 0.0, 0.0], "(2, 3, 1, 1)": [0.0, 0.0, 0.0, 0.0, 1.0], "(2, 2, 1, 1)": [0.0, 1.0, 0.0, 0.0, 0.0], "(1, 5, 2, 2)": [1.0, 0.0, 2.0, 2.0, 0.0], "(1, 4, 2, 2)": [1.0, 1.0, 2.0, 0.0, 2.0], "(3, 1, 2, 2)": [3.0, 2.0, 1.0, 1.0, 3.0], "(3, 2, 2, 2)": [1.0, 3.0, 3.0, 1.0, 1.0], "(2, 4, 1, 1)": [0.0, 0.0, 0.0, 1.0, 0.0], "(1, 2, 2, 2)": [2.0, 1.0, 1.0, 2.0, 1.0], "(1, 3, 2, 2)": [1.0, 1.0, 0.0, 1.0, 1.0], "(1, 3, 1, 2)": [0.0, 0.0, 0.0, 0.0, 1.0], "(1, 4, 1, 1)": [0.0, 0.0, 1.0, 0.0, 0.0], "(1, 5, 1, 1)": [1.0, 0.0, 0.0, 0.0, 0.0], "(2, 5, 1, 2)": [1.0, 0.0, 0.0, 0.0, 0.0], "(3, 3, 2, 2)": [2.0, 1.0, 2.0, 2.0, 2.0], "(1, 7, 2, 2)": [1.0, 0.0, 1.0, 1.0, 0.0], "(1, 6, 2, 2)": [0.0, 1.0, 1.0, 1.0, 0.0], "(3, 4, 2, 2)": [1.0, 1.0, 0.0, 0.0, 0.0]}}