{"q_values": {"(2, 7, 2, 2)": [-2.207639455795288, -2.206329107284546, -2.2080910205841064, -2.205120801925659, -2.207366943359375], "(2, 6, 2, 2)": [-2.2125346660614014, -2.2110729217529297, -2.211763620376587, -2.2122509479522705, -2.2112228870391846], "(2, 5, 2, 2)": [-2.2128379344940186, -2.2118942737579346, -2.2119839191436768, -2.2119123935699463, -2.211467981338501], "(2, 2, 2, 2)": [-2.2118782997131348, -2.2120561599731445, -2.2111377716064453, -2.2116763591766357, -2.2126691341400146], "(2, 1, 2, 2)": [-2.2088961601257324, -2.208054780960083, -2.2093160152435303, -2.2077901363372803, -2.2074291706085205], "(2, 3, 2, 2)": [-2.212671995162964, -2.212575912475586, -2.2129759788513184, -2.2125794887542725, -2.2125344276428223], "(2, 4, 2, 2)": [-2.2137813568115234, -2.2136545181274414, -2.2133138179779053, -2.213343858718872, -2.213257312774658], "(2, 6, 2, 3)": [-2.2116711139678955, -2.218933582305908, -2.21795916557312, -2.222123622894287, -2.221977710723877], "(2, 1, 2, 1)": [-2.211134910583496, -2.213576555252075, -2.2124695777893066, -2.210726737976074, -2.218914747238159], "(2, 2, 2, 1)": [-2.2172763347625732, -2.221651077270508, -2.213968515396118, -2.213381052017212, -2.217970609664917], "(2, 4, 2, 3)": [-2.2049386501312256, -2.205286741256714, -2.198739767074585, -2.199791431427002, -2.2449278831481934], "(2, 3, 2, 3)": [-2.2153372764587402, 0.0, -2.2128522396087646, -2.2228856086730957, -2.2449278831481934], "(2, 7, 2, 3)": [-2.2050843238830566, -2.211542844772339, -2.208819627761841, -2.230290651321411, -2.20306134223938], "(2, 5, 2, 3)": [-2.207897663116455, -2.211782693862915, -2.2075185775756836, -2.2143025398254395, -2.203273296356201], "(2, 3, 2, 1)": [-2.220808744430542, -2.2365097999572754, -2.223536491394043, -2.2159690856933594, -2.220186471939087], "(1, 1, 2, 2)": [0.0, 0.0, 0.0, -2.203484535217285, 0.0], "(2, 4, 2, 1)": [-2.2159578800201416, -2.2197723388671875, -2.2025134563446045, 0.0, -2.2040796279907227], "(2, 1, 1, 1)": [0.0, -2.232076644897461, -2.2099769115448, 0.0, 0.0], "(2, 5, 3, 3)": [0.0, -2.2449278831481934, 0.0, 0.0, -2.2449278831481934], "(3, 7, 2, 2)": [0.0, -2.198286294937134, -2.1763033866882324, -2.198178291320801, -2.198286294937134], "(3, 6, 2, 2)": [-2.198286294937134, -2.198179244995117, -2.198179244995117, -2.198179244995117, -2.198179244995117], "(3, 5, 2, 2)": [0.0, -2.198286294937134, 0.0, -2.198286294937134, -2.198286294937134], "(2, 7, 3, 3)": [-2.2326600551605225, 0.0, -2.1767523288726807, 0.0, 0.0]}, "n_values": {"(2, 7, 2, 2)": [106.0, 117.0, 125.0, 139.0, 134.0], "(2, 6, 2, 2)": [110.0, 125.0, 120.0, 120.0, 128.0], "(2, 5, 2, 2)": [102.0, 105.0, 116.0, 118.0, 133.0], "(2, 2, 2, 2)": [153.0, 141.0, 128.0, 127.0, 139.0], "(2, 1, 2, 2)": [166.0, 152.0, 146.0, 131.0, 126.0], "(2, 3, 2, 2)": [144.0, 128.0, 137.0, 128.0, 138.0], "(2, 4, 2, 2)": [128.0, 115.0, 118.0, 125.0, 120.0], "(2, 6, 2, 3)": [8.0, 7.0, 3.0, 6.0, 8.0], "(2, 1, 2, 1)": [8.0, 3.0, 8.0, 5.0, 8.0], "(2, 2, 2, 1)": [4.0, 6.0, 7.0, 5.0, 5.0], "(2, 4, 2, 3)": [1.0, 3.0, 1.0, 2.0, 1.0], "(2, 3, 2, 3)": [1.0, 0.0, 1.0, 2.0, 1.0], "(2, 7, 2, 3)": [7.0, 6.0, 6.0, 6.0, 4.0], "(2, 5, 2, 3)": [3.0, 6.0, 4.0, 5.0, 2.0], "(2, 3, 2, 1)": [2.0, 2.0, 3.0, 4.0, 3.0], "(1, 1, 2, 2)": [0.0, 0.0, 0.0, 1.0, 0.0], "(2, 4, 2, 1)": [1.0, 1.0, 2.0, 0.0, 2.0], "(2, 1, 1, 1)": [0.0, 1.0, 1.0, 0.0, 0.0], "(2, 5, 3, 3)": [0.0, 1.0, 0.0, 0.0, 1.0], "(3, 7, 2, 2)": [0.0, 1.0, 1.0, 2.0, 1.0], "(3, 6, 2, 2)": [1.0, 2.0, 2.0, 2.0, 2.0], "(3, 5, 2, 2)": [0.0, 1.0, 0.0, 1.0, 1.0], "(2, 7, 3, 3)": [1.0, 0.0, 1.0, 0.0, 0.0]}}