{"q_values": {"(2, 7, 2, 2)": [-2.206359624862671, -2.206852912902832, -2.2070724964141846, -2.2066099643707275, -2.2078380584716797], "(2, 6, 2, 2)": [-2.2116734981536865, -2.211207389831543, -2.2108049392700195, -2.2112948894500732, -2.2110702991485596], "(2, 5, 2, 2)": [-2.2128372192382812, -2.21220326423645, -2.212207555770874, -2.2123539447784424, -2.2118184566497803], "(2, 2, 2, 2)": [-2.2120609283447266, -2.2117583751678467, -2.2119710445404053, -2.2121002674102783, -2.212233066558838], "(2, 1, 2, 2)": [-2.209327459335327, -2.208405017852783, -2.2089993953704834, -2.208308696746826, -2.2076964378356934], "(2, 3, 2, 2)": [-2.2127695083618164, -2.212290048599243, -2.212679386138916, -2.212588310241699, -2.2125327587127686], "(2, 4, 2, 2)": [-2.213114023208618, -2.2126214504241943, -2.2126107215881348, -2.213027238845825, -2.2124593257904053], "(2, 6, 2, 3)": [-2.21183180809021, -2.2150466442108154, -2.221047878265381, -2.218925952911377, -2.223212480545044], "(2, 1, 2, 1)": [-2.2138566970825195, -2.2190864086151123, -2.209688186645508, -2.208641767501831, -2.2115252017974854], "(2, 2, 2, 1)": [-2.228302001953125, -2.220417022705078, -2.2148525714874268, -2.2126505374908447, -2.2127912044525146], "(2, 4, 2, 3)": [-2.2133028507232666, -2.2055859565734863, -2.209970235824585, -2.210965633392334, -2.2449278831481934], "(2, 3, 2, 3)": [-2.2189667224884033, 0.0, -2.2128522396087646, -2.2228856086730957, -2.233628273010254], "(2, 7, 2, 3)": [-2.206219434738159, -2.2129268646240234, -2.2191295623779297, -2.214362144470215, -2.212364673614502], "(2, 5, 2, 3)": [-2.2105979919433594, -2.2084386348724365, -2.209324359893799, -2.215268611907959, -2.211681365966797], "(2, 3, 2, 1)": [-2.213383674621582, -2.220717430114746, -2.224458932876587, -2.214834213256836, -2.209324836730957], "(1, 1, 2, 2)": [-2.216257095336914, -2.199479341506958, -2.216367721557617, -2.201481819152832, -2.199479341506958], "(2, 4, 2, 1)": [-2.204702615737915, -2.2176473140716553, -2.2139945030212402, -2.2096028327941895, -2.2039599418640137], "(2, 1, 1, 1)": [0.0, -2.232076644897461, -2.2099769115448, -2.20259952545166, -2.2235400676727295], "(2, 5, 3, 3)": [-2.2223284244537354, -2.2449278831481934, 0.0, 0.0, -2.2449278831481934], "(3, 7, 2, 2)": [-2.203626871109009, -2.201937198638916, -2.1936697959899902, -2.203108072280884, -2.2009565830230713], "(3, 6, 2, 2)": [-2.198286294937134, -2.198179244995117, -2.198179244995117, -2.198179244995117, -2.198179244995117], "(3, 5, 2, 2)": [0.0, -2.198286294937134, 0.0, -2.198286294937134, -2.198286294937134], "(2, 7, 3, 3)": [-2.2326600551605225, 0.0, -2.1767523288726807, 0.0, -2.2001051902770996], "(2, 4, 3, 3)": [0.0, 0.0, -2.2223284244537354, -2.2223284244537354, 0.0], "(2, 5, 2, 1)": [-2.1992297172546387, 0.0, 0.0, -2.2255606651306152, 0.0], "(2, 6, 3, 3)": [0.0, -2.237999677658081, 0.0, 0.0, 0.0], "(2, 3, 1, 1)": [0.0, 0.0, 0.0, 0.0, -2.220508575439453], "(2, 2, 1, 1)": [0.0, -2.202817678451538, 0.0, 0.0, 0.0], "(1, 5, 2, 2)": [-2.213880777359009, 0.0, -2.205716133117676, -2.205716133117676, 0.0], "(1, 4, 2, 2)": [-2.213880777359009, -2.213880777359009, -2.205716133117676, 0.0, -2.205716133117676], "(3, 1, 2, 2)": [-2.193408250808716, -2.2043251991271973, 0.0, -2.2052273750305176, -2.204435348510742], "(3, 2, 2, 2)": [-2.203643798828125, -2.2044355869293213, -2.2044355869293213, -2.2052273750305176, -2.203643798828125], "(2, 4, 1, 1)": [0.0, 0.0, 0.0, -2.1992297172546387, 0.0], "(1, 2, 2, 2)": [-2.2163689136505127, -2.199479341506958, -2.199479341506958, -2.2163689136505127, -2.199479341506958], "(1, 3, 2, 2)": [-2.199479341506958, -2.199479341506958, 0.0, -2.199479341506958, -2.199479341506958], "(1, 3, 1, 2)": [0.0, 0.0, 0.0, 0.0, -2.199479341506958], "(1, 4, 1, 1)": [0.0, 0.0, -2.199479341506958, 0.0, 0.0], "(1, 5, 1, 1)": [-2.199479341506958, 0.0, 0.0, 0.0, 0.0], "(2, 5, 1, 2)": [-2.199479341506958, 0.0, 0.0, 0.0, 0.0], "(3, 3, 2, 2)": [-2.203643798828125, 0.0, -2.203643798828125, -2.203643798828125, -2.203643798828125], "(1, 7, 2, 2)": [-2.213880777359009, 0.0, -2.2136592864990234, -2.213878631591797, 0.0], "(1, 6, 2, 2)": [0.0, -2.213880777359009, -2.213880777359009, -2.213880777359009, 0.0]}, "n_values": {"(2, 7, 2, 2)": [432.0, 435.0, 484.0, 531.0, 539.0], "(2, 6, 2, 2)": [442.0, 466.0, 483.0, 474.0, 506.0], "(2, 5, 2, 2)": [403.0, 403.0, 441.0, 438.0, 490.0], "(2, 2, 2, 2)": [504.0, 473.0, 446.0, 434.0, 434.0], "(2, 1, 2, 2)": [537.0, 489.0, 463.0, 461.0, 443.0], "(2, 3, 2, 2)": [468.0, 435.0, 426.0, 422.0, 438.0], "(2, 4, 2, 2)": [439.0, 432.0, 428.0, 421.0, 463.0], "(2, 6, 2, 3)": [24.0, 25.0, 15.0, 22.0, 23.0], "(2, 1, 2, 1)": [19.0, 14.0, 19.0, 22.0, 21.0], "(2, 2, 2, 1)": [9.0, 13.0, 13.0, 18.0, 21.0], "(2, 4, 2, 3)": [7.0, 4.0, 6.0, 4.0, 1.0], "(2, 3, 2, 3)": [2.0, 0.0, 1.0, 2.0, 2.0], "(2, 7, 2, 3)": [21.0, 20.0, 20.0, 25.0, 22.0], "(2, 5, 2, 3)": [11.0, 18.0, 10.0, 11.0, 14.0], "(2, 3, 2, 1)": [6.0, 4.0, 8.0, 11.0, 15.0], "(1, 1, 2, 2)": [2.0, 1.0, 2.0, 2.0, 1.0], "(2, 4, 2, 1)": [3.0, 5.0, 9.0, 4.0, 4.0], "(2, 1, 1, 1)": [0.0, 1.0, 1.0, 1.0, 1.0], "(2, 5, 3, 3)": [1.0, 1.0, 0.0, 0.0, 1.0], "(3, 7, 2, 2)": [1.0, 4.0, 3.0, 5.0, 2.0], "(3, 6, 2, 2)": [1.0, 2.0, 2.0, 2.0, 2.0], "(3, 5, 2, 2)": [0.0, 1.0, 0.0, 1.0, 1.0], "(2, 7, 3, 3)": [1.0, 0.0, 1.0, 0.0, 1.0], "(2, 4, 3, 3)": [0.0, 0.0, 1.0, 1.0, 0.0], "(2, 5, 2, 1)": [1.0, 0.0, 0.0, 1.0, 0.0], "(2, 6, 3, 3)": [0.0, 1.0, 0.0, 0.0, 0.0], "(2, 3, 1, 1)": [0.0, 0.0, 0.0, 0.0, 1.0], "(2, 2, 1, 1)": [0.0, 1.0, 0.0, 0.0, 0.0], "(1, 5, 2, 2)": [1.0, 0.0, 2.0, 2.0, 0.0], "(1, 4, 2, 2)": [1.0, 1.0, 2.0, 0.0, 2.0], "(3, 1, 2, 2)": [2.0, 2.0, 0.0, 1.0, 2.0], "(3, 2, 2, 2)": [1.0, 2.0, 2.0, 1.0, 1.0], "(2, 4, 1, 1)": [0.0, 0.0, 0.0, 1.0, 0.0], "(1, 2, 2, 2)": [2.0, 1.0, 1.0, 2.0, 1.0], "(1, 3, 2, 2)": [1.0, 1.0, 0.0, 1.0, 1.0], "(1, 3, 1, 2)": [0.0, 0.0, 0.0, 0.0, 1.0], "(1, 4, 1, 1)": [0.0, 0.0, 1.0, 0.0, 0.0], "(1, 5, 1, 1)": [1.0, 0.0, 0.0, 0.0, 0.0], "(2, 5, 1, 2)": [1.0, 0.0, 0.0, 0.0, 0.0], "(3, 3, 2, 2)": [1.0, 0.0, 1.0, 1.0, 1.0], "(1, 7, 2, 2)": [1.0, 0.0, 1.0, 1.0, 0.0], "(1, 6, 2, 2)": [0.0, 1.0, 1.0, 1.0, 0.0]}}