{"q_values": {"(2, 7, 2, 2)": [-2.2069506645202637, -2.206003427505493, -2.2074015140533447, -2.2053637504577637, -2.2071990966796875], "(2, 6, 2, 2)": [-2.2121834754943848, -2.210754632949829, -2.211229085922241, -2.2114484310150146, -2.210923910140991], "(2, 5, 2, 2)": [-2.212684154510498, -2.211808204650879, -2.2120232582092285, -2.211639165878296, -2.2113037109375], "(2, 2, 2, 2)": [-2.211697578430176, -2.2120473384857178, -2.2112221717834473, -2.211920738220215, -2.212620735168457], "(2, 1, 2, 2)": [-2.208813428878784, -2.2086737155914307, -2.2101800441741943, -2.207829236984253, -2.207897663116455], "(2, 3, 2, 2)": [-2.2125697135925293, -2.212475299835205, -2.212827682495117, -2.212433099746704, -2.2126247882843018], "(2, 4, 2, 2)": [-2.2138864994049072, -2.213660478591919, -2.2131597995758057, -2.213261127471924, -2.2132866382598877], "(2, 6, 2, 3)": [-2.2116711139678955, -2.218748092651367, -2.21795916557312, -2.222123622894287, -2.221564292907715], "(2, 1, 2, 1)": [-2.211134910583496, -2.213576555252075, -2.210317850112915, -2.214780330657959, -2.219034194946289], "(2, 2, 2, 1)": [-2.2204701900482178, -2.221651077270508, -2.2171385288238525, -2.2152371406555176, -2.217970609664917], "(2, 4, 2, 3)": [-2.2049386501312256, -2.205286741256714, 0.0, -2.200843095779419, -2.2449278831481934], "(2, 3, 2, 3)": [-2.2153372764587402, 0.0, -2.2128522396087646, -2.2228856086730957, -2.2449278831481934], "(2, 7, 2, 3)": [-2.1977806091308594, -2.213860511779785, -2.208819627761841, -2.229947090148926, -2.20306134223938], "(2, 5, 2, 3)": [-2.207897663116455, -2.211088180541992, -2.203019380569458, -2.21329665184021, -2.2078065872192383], "(2, 3, 2, 1)": [-2.220808744430542, -2.2365097999572754, -2.223536491394043, -2.2165722846984863, -2.217439889907837], "(1, 1, 2, 2)": [0.0, 0.0, 0.0, -2.203484535217285, 0.0], "(2, 4, 2, 1)": [-2.2159578800201416, -2.2197723388671875, -2.2025134563446045, 0.0, -2.2040796279907227], "(2, 1, 1, 1)": [0.0, -2.232076644897461, -2.2099769115448, 0.0, 0.0], "(2, 5, 3, 3)": [0.0, -2.2449278831481934, 0.0, 0.0, -2.2449278831481934], "(3, 7, 2, 2)": [0.0, -2.198286294937134, -2.1763033866882324, -2.198286294937134, -2.198286294937134], "(3, 6, 2, 2)": [-2.198286294937134, -2.198286294937134, -2.198286294937134, -2.198286294937134, -2.198286294937134], "(3, 5, 2, 2)": [0.0, -2.198286294937134, 0.0, -2.198286294937134, -2.198286294937134]}, "n_values": {"(2, 7, 2, 2)": [76.0, 84.0, 91.0, 98.0, 92.0], "(2, 6, 2, 2)": [79.0, 87.0, 88.0, 87.0, 92.0], "(2, 5, 2, 2)": [76.0, 83.0, 87.0, 85.0, 104.0], "(2, 2, 2, 2)": [124.0, 113.0, 99.0, 95.0, 107.0], "(2, 1, 2, 2)": [129.0, 119.0, 119.0, 105.0, 101.0], "(2, 3, 2, 2)": [114.0, 101.0, 111.0, 100.0, 110.0], "(2, 4, 2, 2)": [99.0, 86.0, 94.0, 98.0, 91.0], "(2, 6, 2, 3)": [8.0, 6.0, 3.0, 6.0, 4.0], "(2, 1, 2, 1)": [8.0, 3.0, 6.0, 3.0, 7.0], "(2, 2, 2, 1)": [3.0, 6.0, 5.0, 2.0, 5.0], "(2, 4, 2, 3)": [1.0, 3.0, 0.0, 1.0, 1.0], "(2, 3, 2, 3)": [1.0, 0.0, 1.0, 2.0, 1.0], "(2, 7, 2, 3)": [4.0, 4.0, 6.0, 5.0, 4.0], "(2, 5, 2, 3)": [3.0, 4.0, 1.0, 3.0, 1.0], "(2, 3, 2, 1)": [2.0, 2.0, 3.0, 3.0, 2.0], "(1, 1, 2, 2)": [0.0, 0.0, 0.0, 1.0, 0.0], "(2, 4, 2, 1)": [1.0, 1.0, 2.0, 0.0, 2.0], "(2, 1, 1, 1)": [0.0, 1.0, 1.0, 0.0, 0.0], "(2, 5, 3, 3)": [0.0, 1.0, 0.0, 0.0, 1.0], "(3, 7, 2, 2)": [0.0, 1.0, 1.0, 1.0, 1.0], "(3, 6, 2, 2)": [1.0, 1.0, 1.0, 1.0, 1.0], "(3, 5, 2, 2)": [0.0, 1.0, 0.0, 1.0, 1.0]}}