{"q_values": {"(2, 7, 2, 2)": [-2.207223892211914, -2.207420587539673, -2.2075281143188477, -2.2077648639678955, -2.208446502685547], "(2, 6, 2, 2)": [-2.211435079574585, -2.211254596710205, -2.210690975189209, -2.2111923694610596, -2.2111282348632812], "(2, 5, 2, 2)": [-2.212076187133789, -2.2120280265808105, -2.2118046283721924, -2.2120096683502197, -2.2118115425109863], "(2, 2, 2, 2)": [-2.2115797996520996, -2.2112553119659424, -2.21122670173645, -2.211399793624878, -2.211437940597534], "(2, 1, 2, 2)": [-2.2087831497192383, -2.207972526550293, -2.2078287601470947, -2.207667827606201, -2.2073841094970703], "(2, 3, 2, 2)": [-2.212207078933716, -2.211819648742676, -2.2119503021240234, -2.2118303775787354, -2.2119648456573486], "(2, 4, 2, 2)": [-2.2125515937805176, -2.2121946811676025, -2.212312936782837, -2.2124505043029785, -2.211984634399414], "(2, 6, 2, 3)": [-2.2134106159210205, -2.2140984535217285, -2.216484546661377, -2.2178285121917725, -2.221400737762451], "(2, 1, 2, 1)": [-2.2135682106018066, -2.2166478633880615, -2.211679220199585, -2.2093145847320557, -2.2091569900512695], "(2, 2, 2, 1)": [-2.224004030227661, -2.2222843170166016, -2.2148590087890625, -2.214339256286621, -2.213533401489258], "(2, 4, 2, 3)": [-2.210221290588379, -2.206153392791748, -2.2107670307159424, -2.2184808254241943, -2.225647211074829], "(2, 3, 2, 3)": [-2.217599868774414, -2.222885847091675, -2.205902338027954, -2.2257497310638428, -2.221313714981079], "(2, 7, 2, 3)": [-2.205104351043701, -2.209965467453003, -2.2127139568328857, -2.212914228439331, -2.210702896118164], "(2, 5, 2, 3)": [-2.2117984294891357, -2.209273099899292, -2.210916757583618, -2.218482732772827, -2.214592218399048], "(2, 3, 2, 1)": [-2.219622850418091, -2.2148778438568115, -2.2255914211273193, -2.211735963821411, -2.210317611694336], "(1, 1, 2, 2)": [-2.209841728210449, -2.204883337020874, -2.2101733684539795, -2.204451322555542, -2.1999497413635254], "(2, 4, 2, 1)": [-2.2148311138153076, -2.2144479751586914, -2.2114546298980713, -2.2087268829345703, -2.2097697257995605], "(2, 1, 1, 1)": [0.0, -2.232076644897461, -2.2099769115448, -2.20259952545166, -2.2235400676727295], "(2, 5, 3, 3)": [-2.2223284244537354, -2.2281575202941895, 0.0, 0.0, -2.2449278831481934], "(3, 7, 2, 2)": [-2.192774772644043, -2.2022056579589844, -2.200878620147705, -2.202150821685791, -2.205235004425049], "(3, 6, 2, 2)": [-2.222224235534668, -2.2114500999450684, -2.2114500999450684, -2.1998794078826904, -2.2114500999450684], "(3, 5, 2, 2)": [-2.246162176132202, -2.222224235534668, -2.2247209548950195, -2.222224235534668, -2.222224235534668], "(2, 7, 3, 3)": [-2.2326600551605225, -2.1776235103607178, -2.2039146423339844, 0.0, -2.2001051902770996], "(2, 4, 3, 3)": [-2.2138209342956543, 0.0, -2.2223284244537354, -2.2223284244537354, 0.0], "(2, 5, 2, 1)": [-2.201934814453125, -2.2076666355133057, -2.216801881790161, -2.212855339050293, -2.198575258255005], "(2, 6, 3, 3)": [-2.203610897064209, -2.234649658203125, 0.0, 0.0, -2.199617624282837], "(2, 3, 1, 1)": [0.0, 0.0, -2.2467737197875977, 0.0, -2.220508575439453], "(2, 2, 1, 1)": [0.0, -2.202817678451538, 0.0, 0.0, 0.0], "(1, 5, 2, 2)": [-2.2208406925201416, -2.2225804328918457, -2.2151365280151367, -2.2150702476501465, -2.2225804328918457], "(1, 4, 2, 2)": [-2.221951961517334, -2.221951961517334, -2.212611675262451, -2.225987434387207, -2.217895746231079], "(3, 1, 2, 2)": [-2.212111711502075, -2.209770441055298, -2.209998846054077, -2.208756685256958, -2.2084522247314453], "(3, 2, 2, 2)": [-2.2219648361206055, -2.2131946086883545, -2.214603900909424, -2.2113571166992188, -2.21096134185791], "(2, 4, 1, 1)": [0.0, 0.0, -2.2109861373901367, -2.1992297172546387, 0.0], "(1, 2, 2, 2)": [-2.209304094314575, -2.2077555656433105, -2.2056169509887695, -2.21283221244812, -2.2091064453125], "(1, 3, 2, 2)": [-2.2046866416931152, -2.208498001098633, -2.209845542907715, -2.199479341506958, -2.206390142440796], "(1, 3, 1, 2)": [0.0, 0.0, 0.0, 0.0, -2.199479341506958], "(1, 4, 1, 1)": [0.0, 0.0, -2.199479341506958, 0.0, 0.0], "(1, 5, 1, 1)": [-2.199479341506958, 0.0, 0.0, 0.0, 0.0], "(2, 5, 1, 2)": [-2.199479341506958, 0.0, 0.0, 0.0, 0.0], "(3, 3, 2, 2)": [-2.2063090801239014, -2.2176830768585205, -2.2148749828338623, -2.2148749828338623, -2.2027525901794434], "(1, 7, 2, 2)": [-2.2196013927459717, -2.2192282676696777, -2.213787078857422, -2.2088451385498047, -2.226180076599121], "(1, 6, 2, 2)": [-2.221416711807251, -2.2195327281951904, -2.2196576595306396, -2.2208406925201416, -2.219338893890381], "(3, 4, 2, 2)": [-2.2018613815307617, -2.2240118980407715, -2.246162176132202, 0.0, 0.0], "(2, 6, 2, 1)": [-2.2109861373901367, -2.2079079151153564, 0.0, -2.2079079151153564, 0.0], "(2, 5, 1, 1)": [0.0, -2.2109861373901367, 0.0, 0.0, 0.0], "(1, 6, 2, 3)": [0.0, -2.225572109222412, 0.0, 0.0, 0.0], "(3, 7, 2, 3)": [0.0, 0.0, -2.20898699760437, 0.0, 0.0], "(3, 1, 2, 1)": [0.0, -2.2459375858306885, 0.0, 0.0, 0.0], "(2, 3, 3, 3)": [0.0, -2.2113871574401855, 0.0, 0.0, 0.0], "(2, 2, 2, 3)": [0.0, 0.0, 0.0, 0.0, -2.21260404586792], "(1, 1, 2, 1)": [0.0, 0.0, 0.0, -2.2084572315216064, 0.0], "(1, 3, 2, 1)": [0.0, 0.0, 0.0, 0.0, -2.2148215770721436], "(1, 4, 2, 1)": [0.0, 0.0, -2.2148215770721436, 0.0, 0.0]}, "n_values": {"(2, 7, 2, 2)": [1100.0, 1053.0, 1164.0, 1227.0, 1275.0], "(2, 6, 2, 2)": [1077.0, 1126.0, 1225.0, 1175.0, 1264.0], "(2, 5, 2, 2)": [996.0, 996.0, 1061.0, 1072.0, 1212.0], "(2, 2, 2, 2)": [1146.0, 1151.0, 1039.0, 1009.0, 1004.0], "(2, 1, 2, 2)": [1181.0, 1127.0, 1046.0, 1020.0, 1049.0], "(2, 3, 2, 2)": [1042.0, 1042.0, 949.0, 926.0, 940.0], "(2, 4, 2, 2)": [963.0, 972.0, 964.0, 958.0, 1077.0], "(2, 6, 2, 3)": [64.0, 53.0, 37.0, 55.0, 52.0], "(2, 1, 2, 1)": [37.0, 41.0, 46.0, 46.0, 48.0], "(2, 2, 2, 1)": [21.0, 29.0, 29.0, 38.0, 39.0], "(2, 4, 2, 3)": [13.0, 10.0, 13.0, 9.0, 7.0], "(2, 3, 2, 3)": [6.0, 3.0, 5.0, 6.0, 5.0], "(2, 7, 2, 3)": [64.0, 63.0, 57.0, 62.0, 59.0], "(2, 5, 2, 3)": [27.0, 35.0, 21.0, 25.0, 33.0], "(2, 3, 2, 1)": [12.0, 11.0, 11.0, 25.0, 30.0], "(1, 1, 2, 2)": [8.0, 9.0, 8.0, 8.0, 7.0], "(2, 4, 2, 1)": [9.0, 9.0, 18.0, 12.0, 15.0], "(2, 1, 1, 1)": [0.0, 1.0, 1.0, 1.0, 1.0], "(2, 5, 3, 3)": [1.0, 2.0, 0.0, 0.0, 1.0], "(3, 7, 2, 2)": [5.0, 5.0, 6.0, 9.0, 5.0], "(3, 6, 2, 2)": [2.0, 4.0, 4.0, 3.0, 4.0], "(3, 5, 2, 2)": [1.0, 2.0, 2.0, 2.0, 2.0], "(2, 7, 3, 3)": [1.0, 1.0, 2.0, 0.0, 1.0], "(2, 4, 3, 3)": [1.0, 0.0, 1.0, 1.0, 0.0], "(2, 5, 2, 1)": [2.0, 1.0, 3.0, 2.0, 1.0], "(2, 6, 3, 3)": [1.0, 2.0, 0.0, 0.0, 1.0], "(2, 3, 1, 1)": [0.0, 0.0, 1.0, 0.0, 1.0], "(2, 2, 1, 1)": [0.0, 1.0, 0.0, 0.0, 0.0], "(1, 5, 2, 2)": [5.0, 4.0, 5.0, 5.0, 4.0], "(1, 4, 2, 2)": [3.0, 3.0, 3.0, 2.0, 5.0], "(3, 1, 2, 2)": [6.0, 5.0, 4.0, 5.0, 6.0], "(3, 2, 2, 2)": [4.0, 8.0, 7.0, 4.0, 4.0], "(2, 4, 1, 1)": [0.0, 0.0, 1.0, 1.0, 0.0], "(1, 2, 2, 2)": [5.0, 6.0, 5.0, 6.0, 3.0], "(1, 3, 2, 2)": [3.0, 4.0, 2.0, 1.0, 3.0], "(1, 3, 1, 2)": [0.0, 0.0, 0.0, 0.0, 1.0], "(1, 4, 1, 1)": [0.0, 0.0, 1.0, 0.0, 0.0], "(1, 5, 1, 1)": [1.0, 0.0, 0.0, 0.0, 0.0], "(2, 5, 1, 2)": [1.0, 0.0, 0.0, 0.0, 0.0], "(3, 3, 2, 2)": [5.0, 4.0, 5.0, 5.0, 2.0], "(1, 7, 2, 2)": [4.0, 2.0, 5.0, 2.0, 1.0], "(1, 6, 2, 2)": [3.0, 4.0, 4.0, 5.0, 2.0], "(3, 4, 2, 2)": [1.0, 2.0, 1.0, 0.0, 0.0], "(2, 5, 1, 1)": [0.0, 1.0, 0.0, 0.0, 0.0], "(2, 6, 2, 1)": [1.0, 1.0, 0.0, 1.0, 0.0], "(1, 6, 2, 3)": [0.0, 1.0, 0.0, 0.0, 0.0], "(3, 7, 2, 3)": [0.0, 0.0, 1.0, 0.0, 0.0], "(3, 1, 2, 1)": [0.0, 1.0, 0.0, 0.0, 0.0], "(2, 3, 3, 3)": [0.0, 1.0, 0.0, 0.0, 0.0], "(2, 2, 2, 3)": [0.0, 0.0, 0.0, 0.0, 2.0], "(1, 1, 2, 1)": [0.0, 0.0, 0.0, 1.0, 0.0], "(1, 3, 2, 1)": [0.0, 0.0, 0.0, 0.0, 1.0], "(1, 4, 2, 1)": [0.0, 0.0, 1.0, 0.0, 0.0]}}