{"q_values": {"(2, 7, 2, 2)": [-2.207092523574829, -2.207420825958252, -2.2076027393341064, -2.2076995372772217, -2.208383798599243], "(2, 6, 2, 2)": [-2.2111918926239014, -2.2111141681671143, -2.2107083797454834, -2.211310386657715, -2.2111120223999023], "(2, 5, 2, 2)": [-2.2119898796081543, -2.2120425701141357, -2.2118191719055176, -2.211860418319702, -2.211688280105591], "(2, 2, 2, 2)": [-2.211466073989868, -2.2109932899475098, -2.211078643798828, -2.2111783027648926, -2.211221218109131], "(2, 1, 2, 2)": [-2.208634614944458, -2.2079806327819824, -2.2078936100006104, -2.20766019821167, -2.2073111534118652], "(2, 3, 2, 2)": [-2.211989402770996, -2.211578845977783, -2.211616277694702, -2.2116706371307373, -2.2117505073547363], "(2, 4, 2, 2)": [-2.2122724056243896, -2.212026596069336, -2.2122321128845215, -2.2122509479522705, -2.2118475437164307], "(2, 6, 2, 3)": [-2.212571144104004, -2.21297287940979, -2.215421438217163, -2.218059778213501, -2.2227742671966553], "(2, 1, 2, 1)": [-2.2135441303253174, -2.2168009281158447, -2.2126519680023193, -2.20862078666687, -2.210265874862671], "(2, 2, 2, 1)": [-2.2246618270874023, -2.2251293659210205, -2.213970184326172, -2.2127294540405273, -2.2121121883392334], "(2, 4, 2, 3)": [-2.210481882095337, -2.2068910598754883, -2.2116947174072266, -2.215500593185425, -2.2208542823791504], "(2, 3, 2, 3)": [-2.213273286819458, -2.222885847091675, -2.206472635269165, -2.2257497310638428, -2.2256321907043457], "(2, 7, 2, 3)": [-2.2056875228881836, -2.2097766399383545, -2.213395357131958, -2.212566375732422, -2.211979389190674], "(2, 5, 2, 3)": [-2.21075701713562, -2.2093780040740967, -2.211961030960083, -2.2169926166534424, -2.2146401405334473], "(2, 3, 2, 1)": [-2.218549966812134, -2.2199690341949463, -2.223923921585083, -2.214468002319336, -2.2102441787719727], "(1, 1, 2, 2)": [-2.2130632400512695, -2.2065281867980957, -2.213601589202881, -2.208458423614502, -2.2074074745178223], "(2, 4, 2, 1)": [-2.2222039699554443, -2.2183837890625, -2.211329698562622, -2.207883358001709, -2.212022542953491], "(2, 1, 1, 1)": [0.0, -2.232076644897461, -2.2099769115448, -2.20259952545166, -2.2235400676727295], "(2, 5, 3, 3)": [-2.2223284244537354, -2.2281575202941895, 0.0, -2.2274205684661865, -2.2449278831481934], "(3, 7, 2, 2)": [-2.201049566268921, -2.206233024597168, -2.2024407386779785, -2.2031872272491455, -2.207995891571045], "(3, 6, 2, 2)": [-2.2192628383636475, -2.211449146270752, -2.2118890285491943, -2.2064900398254395, -2.211449146270752], "(3, 5, 2, 2)": [-2.2206296920776367, -2.214409828186035, -2.2171597480773926, -2.216161012649536, -2.216161012649536], "(2, 7, 3, 3)": [-2.229928970336914, -2.201188087463379, -2.2039146423339844, 0.0, -2.2001051902770996], "(2, 4, 3, 3)": [-2.2200424671173096, 0.0, -2.2223284244537354, -2.2223284244537354, 0.0], "(2, 5, 2, 1)": [-2.201934814453125, -2.20951247215271, -2.2175557613372803, -2.209820032119751, -2.203627109527588], "(2, 6, 3, 3)": [-2.203610897064209, -2.234649658203125, -2.247222900390625, -2.2373228073120117, -2.213517904281616], "(2, 3, 1, 1)": [0.0, 0.0, -2.2467737197875977, 0.0, -2.220508575439453], "(2, 2, 1, 1)": [0.0, -2.202817678451538, 0.0, 0.0, 0.0], "(1, 5, 2, 2)": [-2.220651626586914, -2.222005844116211, -2.217907667160034, -2.2158429622650146, -2.223331928253174], "(1, 4, 2, 2)": [-2.221951961517334, -2.221951961517334, -2.212611675262451, -2.225987434387207, -2.217895746231079], "(3, 1, 2, 2)": [-2.217839241027832, -2.2075107097625732, -2.2109663486480713, -2.2099409103393555, -2.209564447402954], "(3, 2, 2, 2)": [-2.222400426864624, -2.21880841255188, -2.2200982570648193, -2.21528697013855, -2.2203104496002197], "(2, 4, 1, 1)": [0.0, -2.2033262252807617, -2.207156181335449, -2.1992297172546387, 0.0], "(1, 2, 2, 2)": [-2.2154788970947266, -2.2137603759765625, -2.213174343109131, -2.2188720703125, -2.2202606201171875], "(1, 3, 2, 2)": [-2.217608690261841, -2.208498001098633, -2.2223052978515625, -2.199479341506958, -2.2165989875793457], "(1, 3, 1, 2)": [0.0, 0.0, 0.0, 0.0, -2.199479341506958], "(1, 4, 1, 1)": [0.0, 0.0, -2.199479341506958, 0.0, 0.0], "(1, 5, 1, 1)": [-2.199479341506958, 0.0, 0.0, 0.0, 0.0], "(2, 5, 1, 2)": [-2.199479341506958, 0.0, 0.0, 0.0, 0.0], "(3, 3, 2, 2)": [-2.2157435417175293, -2.221681833267212, -2.2200264930725098, -2.2215347290039062, -2.212898015975952], "(1, 7, 2, 2)": [-2.2196013927459717, -2.217233896255493, -2.2093398571014404, -2.2106101512908936, -2.222273349761963], "(1, 6, 2, 2)": [-2.2227840423583984, -2.2171952724456787, -2.2172787189483643, -2.2199010848999023, -2.218493938446045], "(3, 4, 2, 2)": [-2.2123396396636963, -2.2207813262939453, -2.2219934463500977, -2.2160634994506836, -2.2160634994506836], "(2, 6, 2, 1)": [-2.2109861373901367, -2.2079079151153564, 0.0, -2.2079079151153564, 0.0], "(2, 5, 1, 1)": [0.0, -2.2109861373901367, 0.0, 0.0, 0.0], "(1, 6, 2, 3)": [0.0, -2.225572109222412, 0.0, 0.0, 0.0], "(3, 7, 2, 3)": [0.0, 0.0, -2.20898699760437, 0.0, 0.0], "(3, 1, 2, 1)": [-2.261857271194458, -2.2459375858306885, -2.2276740074157715, 0.0, -2.205617904663086], "(2, 3, 3, 3)": [0.0, -2.2113871574401855, 0.0, 0.0, 0.0], "(2, 2, 2, 3)": [0.0, 0.0, 0.0, -2.1980502605438232, -2.21260404586792], "(1, 1, 2, 1)": [0.0, 0.0, 0.0, -2.2084572315216064, 0.0], "(1, 3, 2, 1)": [0.0, 0.0, 0.0, 0.0, -2.2148215770721436], "(1, 4, 2, 1)": [0.0, 0.0, -2.2148215770721436, 0.0, 0.0], "(2, 3, 1, 2)": [0.0, 0.0, 0.0, -2.2033262252807617, 0.0]}, "n_values": {"(2, 7, 2, 2)": [1570.0, 1441.0, 1572.0, 1673.0, 1728.0], "(2, 6, 2, 2)": [1439.0, 1500.0, 1689.0, 1608.0, 1714.0], "(2, 5, 2, 2)": [1345.0, 1352.0, 1430.0, 1428.0, 1657.0], "(2, 2, 2, 2)": [1521.0, 1525.0, 1412.0, 1338.0, 1323.0], "(2, 1, 2, 2)": [1582.0, 1511.0, 1420.0, 1373.0, 1451.0], "(2, 3, 2, 2)": [1334.0, 1394.0, 1229.0, 1211.0, 1231.0], "(2, 4, 2, 2)": [1249.0, 1251.0, 1265.0, 1255.0, 1416.0], "(2, 6, 2, 3)": [92.0, 72.0, 55.0, 74.0, 68.0], "(2, 1, 2, 1)": [48.0, 49.0, 63.0, 59.0, 57.0], "(2, 2, 2, 1)": [25.0, 39.0, 35.0, 48.0, 54.0], "(2, 4, 2, 3)": [15.0, 11.0, 16.0, 12.0, 11.0], "(2, 3, 2, 3)": [8.0, 3.0, 7.0, 6.0, 6.0], "(2, 7, 2, 3)": [89.0, 89.0, 79.0, 80.0, 72.0], "(2, 5, 2, 3)": [36.0, 53.0, 30.0, 31.0, 40.0], "(2, 3, 2, 1)": [13.0, 15.0, 14.0, 30.0, 37.0], "(1, 1, 2, 2)": [13.0, 12.0, 12.0, 12.0, 11.0], "(2, 4, 2, 1)": [16.0, 12.0, 21.0, 16.0, 20.0], "(2, 1, 1, 1)": [0.0, 1.0, 1.0, 1.0, 1.0], "(2, 5, 3, 3)": [1.0, 2.0, 0.0, 1.0, 1.0], "(3, 7, 2, 2)": [9.0, 7.0, 8.0, 12.0, 9.0], "(3, 6, 2, 2)": [4.0, 8.0, 7.0, 7.0, 8.0], "(3, 5, 2, 2)": [4.0, 4.0, 5.0, 5.0, 5.0], "(2, 7, 3, 3)": [2.0, 2.0, 2.0, 0.0, 1.0], "(2, 4, 3, 3)": [3.0, 0.0, 1.0, 1.0, 0.0], "(2, 5, 2, 1)": [2.0, 5.0, 5.0, 4.0, 4.0], "(2, 6, 3, 3)": [1.0, 2.0, 1.0, 2.0, 2.0], "(2, 3, 1, 1)": [0.0, 0.0, 1.0, 0.0, 1.0], "(2, 2, 1, 1)": [0.0, 1.0, 0.0, 0.0, 0.0], "(1, 5, 2, 2)": [6.0, 5.0, 7.0, 6.0, 6.0], "(1, 4, 2, 2)": [3.0, 3.0, 3.0, 2.0, 5.0], "(3, 1, 2, 2)": [9.0, 7.0, 6.0, 7.0, 8.0], "(3, 2, 2, 2)": [7.0, 13.0, 12.0, 8.0, 9.0], "(2, 4, 1, 1)": [0.0, 1.0, 2.0, 1.0, 0.0], "(1, 2, 2, 2)": [8.0, 9.0, 8.0, 8.0, 5.0], "(1, 3, 2, 2)": [5.0, 4.0, 3.0, 1.0, 4.0], "(1, 3, 1, 2)": [0.0, 0.0, 0.0, 0.0, 1.0], "(1, 4, 1, 1)": [0.0, 0.0, 1.0, 0.0, 0.0], "(1, 5, 1, 1)": [1.0, 0.0, 0.0, 0.0, 0.0], "(2, 5, 1, 2)": [1.0, 0.0, 0.0, 0.0, 0.0], "(3, 3, 2, 2)": [10.0, 8.0, 10.0, 8.0, 5.0], "(1, 7, 2, 2)": [4.0, 3.0, 7.0, 6.0, 4.0], "(1, 6, 2, 2)": [5.0, 6.0, 6.0, 8.0, 4.0], "(3, 4, 2, 2)": [6.0, 5.0, 5.0, 4.0, 4.0], "(2, 5, 1, 1)": [0.0, 1.0, 0.0, 0.0, 0.0], "(2, 6, 2, 1)": [1.0, 1.0, 0.0, 1.0, 0.0], "(1, 6, 2, 3)": [0.0, 1.0, 0.0, 0.0, 0.0], "(3, 7, 2, 3)": [0.0, 0.0, 1.0, 0.0, 0.0], "(3, 1, 2, 1)": [1.0, 1.0, 1.0, 0.0, 1.0], "(2, 3, 3, 3)": [0.0, 1.0, 0.0, 0.0, 0.0], "(2, 2, 2, 3)": [0.0, 0.0, 0.0, 1.0, 2.0], "(1, 1, 2, 1)": [0.0, 0.0, 0.0, 1.0, 0.0], "(1, 3, 2, 1)": [0.0, 0.0, 0.0, 0.0, 1.0], "(1, 4, 2, 1)": [0.0, 0.0, 1.0, 0.0, 0.0], "(2, 3, 1, 2)": [0.0, 0.0, 0.0, 1.0, 0.0]}}