{"q_values": {"(2, 7, 2, 2)": [-2.2072529792785645, -2.207395553588867, -2.207531452178955, -2.2077341079711914, -2.208355188369751], "(2, 6, 2, 2)": [-2.2113893032073975, -2.2112209796905518, -2.210662841796875, -2.2112045288085938, -2.211116313934326], "(2, 5, 2, 2)": [-2.2119808197021484, -2.211966037750244, -2.211700916290283, -2.2119228839874268, -2.211670160293579], "(2, 2, 2, 2)": [-2.2115135192871094, -2.21122145652771, -2.2111494541168213, -2.2112936973571777, -2.2113306522369385], "(2, 1, 2, 2)": [-2.208738088607788, -2.2079122066497803, -2.2077174186706543, -2.2076568603515625, -2.2073311805725098], "(2, 3, 2, 2)": [-2.2121737003326416, -2.2117860317230225, -2.2119016647338867, -2.2118217945098877, -2.211949110031128], "(2, 4, 2, 2)": [-2.212435007095337, -2.212141752243042, -2.2122442722320557, -2.2123663425445557, -2.211913824081421], "(2, 6, 2, 3)": [-2.213056802749634, -2.2140984535217285, -2.2157092094421387, -2.217247247695923, -2.2213516235351562], "(2, 1, 2, 1)": [-2.214111566543579, -2.2166478633880615, -2.2120604515075684, -2.2093145847320557, -2.209038019180298], "(2, 2, 2, 1)": [-2.224004030227661, -2.2224974632263184, -2.2148590087890625, -2.2140979766845703, -2.213533401489258], "(2, 4, 2, 3)": [-2.210221290588379, -2.206153392791748, -2.210524559020996, -2.215500593185425, -2.225234270095825], "(2, 3, 2, 3)": [-2.217599868774414, -2.222885847091675, -2.205902338027954, -2.2257497310638428, -2.2256321907043457], "(2, 7, 2, 3)": [-2.2047736644744873, -2.209429979324341, -2.212404251098633, -2.212226629257202, -2.2113077640533447], "(2, 5, 2, 3)": [-2.210801124572754, -2.2094433307647705, -2.210916757583618, -2.2183001041412354, -2.2151758670806885], "(2, 3, 2, 1)": [-2.219622850418091, -2.2148778438568115, -2.2255914211273193, -2.211735963821411, -2.210317611694336], "(1, 1, 2, 2)": [-2.212928533554077, -2.2047276496887207, -2.213193893432617, -2.2092039585113525, -2.2055776119232178], "(2, 4, 2, 1)": [-2.2148311138153076, -2.214261054992676, -2.211841344833374, -2.2087268829345703, -2.2099452018737793], "(2, 1, 1, 1)": [0.0, -2.232076644897461, -2.2099769115448, -2.20259952545166, -2.2235400676727295], "(2, 5, 3, 3)": [-2.2223284244537354, -2.2281575202941895, 0.0, 0.0, -2.2449278831481934], "(3, 7, 2, 2)": [-2.1953372955322266, -2.2022056579589844, -2.200878620147705, -2.200564384460449, -2.2057573795318604], "(3, 6, 2, 2)": [-2.222224235534668, -2.210834264755249, -2.2114500999450684, -2.2020022869110107, -2.210834264755249], "(3, 5, 2, 2)": [-2.227266550064087, -2.217606544494629, -2.219270944595337, -2.217606544494629, -2.217606544494629], "(2, 7, 3, 3)": [-2.2326600551605225, -2.201188087463379, -2.2039146423339844, 0.0, -2.2001051902770996], "(2, 4, 3, 3)": [-2.230523109436035, 0.0, -2.2223284244537354, -2.2223284244537354, 0.0], "(2, 5, 2, 1)": [-2.201934814453125, -2.2101223468780518, -2.216801881790161, -2.212855339050293, -2.198575258255005], "(2, 6, 3, 3)": [-2.203610897064209, -2.234649658203125, -2.247222900390625, -2.247225046157837, -2.199617624282837], "(2, 3, 1, 1)": [0.0, 0.0, -2.2467737197875977, 0.0, -2.220508575439453], "(2, 2, 1, 1)": [0.0, -2.202817678451538, 0.0, 0.0, 0.0], "(1, 5, 2, 2)": [-2.2208406925201416, -2.2225804328918457, -2.2151365280151367, -2.2150702476501465, -2.2225804328918457], "(1, 4, 2, 2)": [-2.221951961517334, -2.221951961517334, -2.212611675262451, -2.225987434387207, -2.217895746231079], "(3, 1, 2, 2)": [-2.212111711502075, -2.209770441055298, -2.209998846054077, -2.208756685256958, -2.2084522247314453], "(3, 2, 2, 2)": [-2.2219648361206055, -2.2131946086883545, -2.214603900909424, -2.2113571166992188, -2.21096134185791], "(2, 4, 1, 1)": [0.0, -2.2033262252807617, -2.207156181335449, -2.1992297172546387, 0.0], "(1, 2, 2, 2)": [-2.213867425918579, -2.2121355533599854, -2.2112338542938232, -2.217745542526245, -2.2186360359191895], "(1, 3, 2, 2)": [-2.2153213024139404, -2.208498001098633, -2.2223052978515625, -2.199479341506958, -2.2165989875793457], "(1, 3, 1, 2)": [0.0, 0.0, 0.0, 0.0, -2.199479341506958], "(1, 4, 1, 1)": [0.0, 0.0, -2.199479341506958, 0.0, 0.0], "(1, 5, 1, 1)": [-2.199479341506958, 0.0, 0.0, 0.0, 0.0], "(2, 5, 1, 2)": [-2.199479341506958, 0.0, 0.0, 0.0, 0.0], "(3, 3, 2, 2)": [-2.2063090801239014, -2.2176830768585205, -2.2148749828338623, -2.2148749828338623, -2.2027525901794434], "(1, 7, 2, 2)": [-2.2196013927459717, -2.2192282676696777, -2.213787078857422, -2.2088451385498047, -2.226180076599121], "(1, 6, 2, 2)": [-2.221416711807251, -2.2195327281951904, -2.2196576595306396, -2.2208406925201416, -2.219338893890381], "(3, 4, 2, 2)": [-2.2051162719726562, -2.2240118980407715, -2.246162176132202, -2.2083709239959717, -2.2083709239959717], "(2, 6, 2, 1)": [-2.2109861373901367, -2.2079079151153564, 0.0, -2.2079079151153564, 0.0], "(2, 5, 1, 1)": [0.0, -2.2109861373901367, 0.0, 0.0, 0.0], "(1, 6, 2, 3)": [0.0, -2.225572109222412, 0.0, 0.0, 0.0], "(3, 7, 2, 3)": [0.0, 0.0, -2.20898699760437, 0.0, 0.0], "(3, 1, 2, 1)": [0.0, -2.2459375858306885, 0.0, 0.0, 0.0], "(2, 3, 3, 3)": [0.0, -2.2113871574401855, 0.0, 0.0, 0.0], "(2, 2, 2, 3)": [0.0, 0.0, 0.0, 0.0, -2.21260404586792], "(1, 1, 2, 1)": [0.0, 0.0, 0.0, -2.2084572315216064, 0.0], "(1, 3, 2, 1)": [0.0, 0.0, 0.0, 0.0, -2.2148215770721436], "(1, 4, 2, 1)": [0.0, 0.0, -2.2148215770721436, 0.0, 0.0], "(2, 3, 1, 2)": [0.0, 0.0, 0.0, -2.2033262252807617, 0.0]}, "n_values": {"(2, 7, 2, 2)": [1152.0, 1100.0, 1212.0, 1274.0, 1325.0], "(2, 6, 2, 2)": [1116.0, 1169.0, 1274.0, 1218.0, 1313.0], "(2, 5, 2, 2)": [1034.0, 1029.0, 1104.0, 1105.0, 1256.0], "(2, 2, 2, 2)": [1175.0, 1182.0, 1074.0, 1040.0, 1030.0], "(2, 1, 2, 2)": [1211.0, 1162.0, 1077.0, 1047.0, 1083.0], "(2, 3, 2, 2)": [1064.0, 1075.0, 976.0, 955.0, 966.0], "(2, 4, 2, 2)": [991.0, 1001.0, 996.0, 986.0, 1112.0], "(2, 6, 2, 3)": [67.0, 53.0, 39.0, 57.0, 53.0], "(2, 1, 2, 1)": [39.0, 41.0, 48.0, 46.0, 50.0], "(2, 2, 2, 1)": [21.0, 30.0, 29.0, 39.0, 39.0], "(2, 4, 2, 3)": [13.0, 10.0, 14.0, 12.0, 9.0], "(2, 3, 2, 3)": [6.0, 3.0, 5.0, 6.0, 6.0], "(2, 7, 2, 3)": [65.0, 66.0, 60.0, 65.0, 60.0], "(2, 5, 2, 3)": [30.0, 38.0, 21.0, 26.0, 35.0], "(2, 3, 2, 1)": [12.0, 11.0, 11.0, 25.0, 30.0], "(1, 1, 2, 2)": [10.0, 10.0, 10.0, 9.0, 9.0], "(2, 4, 2, 1)": [9.0, 10.0, 19.0, 12.0, 16.0], "(2, 1, 1, 1)": [0.0, 1.0, 1.0, 1.0, 1.0], "(2, 5, 3, 3)": [1.0, 2.0, 0.0, 0.0, 1.0], "(3, 7, 2, 2)": [6.0, 5.0, 6.0, 10.0, 6.0], "(3, 6, 2, 2)": [2.0, 5.0, 4.0, 4.0, 5.0], "(3, 5, 2, 2)": [2.0, 3.0, 3.0, 3.0, 3.0], "(2, 7, 3, 3)": [1.0, 2.0, 2.0, 0.0, 1.0], "(2, 4, 3, 3)": [2.0, 0.0, 1.0, 1.0, 0.0], "(2, 5, 2, 1)": [2.0, 2.0, 3.0, 2.0, 1.0], "(2, 6, 3, 3)": [1.0, 2.0, 1.0, 1.0, 1.0], "(2, 3, 1, 1)": [0.0, 0.0, 1.0, 0.0, 1.0], "(2, 2, 1, 1)": [0.0, 1.0, 0.0, 0.0, 0.0], "(1, 5, 2, 2)": [5.0, 4.0, 5.0, 5.0, 4.0], "(1, 4, 2, 2)": [3.0, 3.0, 3.0, 2.0, 5.0], "(3, 1, 2, 2)": [6.0, 5.0, 4.0, 5.0, 6.0], "(3, 2, 2, 2)": [4.0, 8.0, 7.0, 4.0, 4.0], "(2, 4, 1, 1)": [0.0, 1.0, 2.0, 1.0, 0.0], "(1, 2, 2, 2)": [7.0, 8.0, 7.0, 7.0, 4.0], "(1, 3, 2, 2)": [4.0, 4.0, 3.0, 1.0, 4.0], "(1, 3, 1, 2)": [0.0, 0.0, 0.0, 0.0, 1.0], "(1, 4, 1, 1)": [0.0, 0.0, 1.0, 0.0, 0.0], "(1, 5, 1, 1)": [1.0, 0.0, 0.0, 0.0, 0.0], "(2, 5, 1, 2)": [1.0, 0.0, 0.0, 0.0, 0.0], "(3, 3, 2, 2)": [5.0, 4.0, 5.0, 5.0, 2.0], "(1, 7, 2, 2)": [4.0, 2.0, 5.0, 2.0, 1.0], "(1, 6, 2, 2)": [3.0, 4.0, 4.0, 5.0, 2.0], "(3, 4, 2, 2)": [2.0, 2.0, 1.0, 1.0, 1.0], "(2, 5, 1, 1)": [0.0, 1.0, 0.0, 0.0, 0.0], "(2, 6, 2, 1)": [1.0, 1.0, 0.0, 1.0, 0.0], "(1, 6, 2, 3)": [0.0, 1.0, 0.0, 0.0, 0.0], "(3, 7, 2, 3)": [0.0, 0.0, 1.0, 0.0, 0.0], "(3, 1, 2, 1)": [0.0, 1.0, 0.0, 0.0, 0.0], "(2, 3, 3, 3)": [0.0, 1.0, 0.0, 0.0, 0.0], "(2, 2, 2, 3)": [0.0, 0.0, 0.0, 0.0, 2.0], "(1, 1, 2, 1)": [0.0, 0.0, 0.0, 1.0, 0.0], "(1, 3, 2, 1)": [0.0, 0.0, 0.0, 0.0, 1.0], "(1, 4, 2, 1)": [0.0, 0.0, 1.0, 0.0, 0.0], "(2, 3, 1, 2)": [0.0, 0.0, 0.0, 1.0, 0.0]}}