{"q_values": {"(2, 7, 2, 2)": [-2.2068660259246826, -2.2059123516082764, -2.208723783493042, -2.2050561904907227, -2.208505392074585], "(2, 6, 2, 2)": [-2.212529182434082, -2.211029529571533, -2.2120361328125, -2.2112817764282227, -2.211191415786743], "(2, 5, 2, 2)": [-2.2138376235961914, -2.2133638858795166, -2.2131187915802, -2.212782144546509, -2.2121682167053223], "(2, 2, 2, 2)": [-2.2117745876312256, -2.2117371559143066, -2.2111592292785645, -2.2113728523254395, -2.212709665298462], "(2, 1, 2, 2)": [-2.208038806915283, -2.208214044570923, -2.209918975830078, -2.2071218490600586, -2.2078373432159424], "(2, 3, 2, 2)": [-2.2125895023345947, -2.2128186225891113, -2.212949752807617, -2.212963104248047, -2.2128171920776367], "(2, 4, 2, 2)": [-2.2154417037963867, -2.2147817611694336, -2.2143328189849854, -2.2144253253936768, -2.2141976356506348], "(2, 6, 2, 3)": [-2.2169926166534424, -2.224297523498535, -2.21795916557312, -2.222123622894287, -2.229588747024536], "(2, 1, 2, 1)": [-2.219308614730835, -2.213576555252075, -2.2162063121795654, -2.220245838165283, -2.217914581298828], "(2, 2, 2, 1)": [-2.2283120155334473, -2.2276055812835693, -2.2190937995910645, 0.0, -2.221266508102417], "(2, 4, 2, 3)": [-2.2049386501312256, -2.205286741256714, 0.0, -2.200843095779419, -2.2449278831481934], "(2, 3, 2, 3)": [-2.2153372764587402, 0.0, -2.2128522396087646, -2.2228856086730957, -2.2449278831481934], "(2, 7, 2, 3)": [-2.1977806091308594, -2.213860511779785, -2.212432384490967, -2.2370946407318115, -2.2121706008911133], "(2, 5, 2, 3)": [-2.201979637145996, -2.207514762878418, 0.0, -2.21329665184021, 0.0], "(2, 3, 2, 1)": [-2.2322998046875, -2.242785692214966, -2.2201876640319824, -2.2159578800201416, -2.217439889907837], "(1, 1, 2, 2)": [0.0, 0.0, 0.0, -2.203484535217285, 0.0], "(2, 4, 2, 1)": [-2.2159578800201416, -2.2197723388671875, 0.0, 0.0, -2.2040796279907227], "(2, 1, 1, 1)": [0.0, -2.232076644897461, -2.2099769115448, 0.0, 0.0], "(2, 5, 3, 3)": [0.0, -2.2449278831481934, 0.0, 0.0, -2.2449278831481934], "(3, 7, 2, 2)": [0.0, -2.198286294937134, -2.1763033866882324, -2.198286294937134, -2.198286294937134], "(3, 6, 2, 2)": [-2.198286294937134, -2.198286294937134, -2.198286294937134, -2.198286294937134, -2.198286294937134], "(3, 5, 2, 2)": [0.0, -2.198286294937134, 0.0, -2.198286294937134, -2.198286294937134]}, "n_values": {"(2, 7, 2, 2)": [48.0, 58.0, 63.0, 66.0, 60.0], "(2, 6, 2, 2)": [55.0, 61.0, 65.0, 64.0, 69.0], "(2, 5, 2, 2)": [53.0, 56.0, 64.0, 58.0, 73.0], "(2, 2, 2, 2)": [78.0, 68.0, 66.0, 60.0, 70.0], "(2, 1, 2, 2)": [84.0, 75.0, 78.0, 70.0, 61.0], "(2, 3, 2, 2)": [76.0, 68.0, 73.0, 73.0, 77.0], "(2, 4, 2, 2)": [68.0, 58.0, 62.0, 68.0, 62.0], "(2, 6, 2, 3)": [5.0, 4.0, 3.0, 6.0, 3.0], "(2, 1, 2, 1)": [5.0, 3.0, 4.0, 2.0, 4.0], "(2, 2, 2, 1)": [2.0, 4.0, 4.0, 0.0, 4.0], "(2, 4, 2, 3)": [1.0, 3.0, 0.0, 1.0, 1.0], "(2, 3, 2, 3)": [1.0, 0.0, 1.0, 2.0, 1.0], "(2, 7, 2, 3)": [4.0, 4.0, 5.0, 3.0, 3.0], "(2, 5, 2, 3)": [2.0, 3.0, 0.0, 3.0, 0.0], "(2, 3, 2, 1)": [1.0, 1.0, 2.0, 1.0, 2.0], "(1, 1, 2, 2)": [0.0, 0.0, 0.0, 1.0, 0.0], "(2, 4, 2, 1)": [1.0, 1.0, 0.0, 0.0, 2.0], "(2, 1, 1, 1)": [0.0, 1.0, 1.0, 0.0, 0.0], "(2, 5, 3, 3)": [0.0, 1.0, 0.0, 0.0, 1.0], "(3, 7, 2, 2)": [0.0, 1.0, 1.0, 1.0, 1.0], "(3, 6, 2, 2)": [1.0, 1.0, 1.0, 1.0, 1.0], "(3, 5, 2, 2)": [0.0, 1.0, 0.0, 1.0, 1.0]}}