{"q_values": {"(2, 7, 2, 2)": [-2.2068893909454346, -2.2071759700775146, -2.207561731338501, -2.2071690559387207, -2.2084648609161377], "(2, 6, 2, 2)": [-2.2117557525634766, -2.211411237716675, -2.2108852863311768, -2.2114570140838623, -2.2112460136413574], "(2, 5, 2, 2)": [-2.2124907970428467, -2.2122390270233154, -2.212160587310791, -2.212115526199341, -2.2119295597076416], "(2, 2, 2, 2)": [-2.2117996215820312, -2.2115182876586914, -2.211733818054199, -2.2118587493896484, -2.2119452953338623], "(2, 1, 2, 2)": [-2.2088985443115234, -2.2080578804016113, -2.208348274230957, -2.2079415321350098, -2.2073118686676025], "(2, 3, 2, 2)": [-2.2124264240264893, -2.2120144367218018, -2.212190628051758, -2.2124619483947754, -2.2122888565063477], "(2, 4, 2, 2)": [-2.212777614593506, -2.2122814655303955, -2.2125070095062256, -2.2127349376678467, -2.2121448516845703], "(2, 6, 2, 3)": [-2.212759494781494, -2.2148542404174805, -2.2180442810058594, -2.2171478271484375, -2.222170114517212], "(2, 1, 2, 1)": [-2.2119688987731934, -2.215526580810547, -2.210939407348633, -2.209724187850952, -2.211397647857666], "(2, 2, 2, 1)": [-2.2225639820098877, -2.2221720218658447, -2.2151784896850586, -2.2106919288635254, -2.213282346725464], "(2, 4, 2, 3)": [-2.2133028507232666, -2.2070295810699463, -2.208930730819702, -2.210536479949951, -2.246903896331787], "(2, 3, 2, 3)": [-2.2150955200195312, 0.0, -2.2128283977508545, -2.2195253372192383, -2.233628273010254], "(2, 7, 2, 3)": [-2.2058629989624023, -2.208967685699463, -2.2137258052825928, -2.212332010269165, -2.2109313011169434], "(2, 5, 2, 3)": [-2.213144063949585, -2.2078912258148193, -2.2087080478668213, -2.219099998474121, -2.21110463142395], "(2, 3, 2, 1)": [-2.218153715133667, -2.216485023498535, -2.2218594551086426, -2.2119879722595215, -2.209784746170044], "(1, 1, 2, 2)": [-2.216257095336914, -2.2089638710021973, -2.216987371444702, -2.199742555618286, -2.199479341506958], "(2, 4, 2, 1)": [-2.2149012088775635, -2.2130281925201416, -2.2139945030212402, -2.2073442935943604, -2.2105066776275635], "(2, 1, 1, 1)": [0.0, -2.232076644897461, -2.2099769115448, -2.20259952545166, -2.2235400676727295], "(2, 5, 3, 3)": [-2.2223284244537354, -2.2449278831481934, 0.0, 0.0, -2.2449278831481934], "(3, 7, 2, 2)": [-2.2034530639648438, -2.2022056579589844, -2.1960721015930176, -2.203136682510376, -2.201730966567993], "(3, 6, 2, 2)": [-2.198286294937134, -2.1998794078826904, -2.1998794078826904, -2.1998794078826904, -2.1998794078826904], "(3, 5, 2, 2)": [0.0, -2.198286294937134, -2.203279495239258, -2.198286294937134, -2.198286294937134], "(2, 7, 3, 3)": [-2.2326600551605225, 0.0, -2.1767523288726807, 0.0, -2.2001051902770996], "(2, 4, 3, 3)": [0.0, 0.0, -2.2223284244537354, -2.2223284244537354, 0.0], "(2, 5, 2, 1)": [-2.1992297172546387, -2.2076666355133057, -2.239068031311035, -2.2255606651306152, 0.0], "(2, 6, 3, 3)": [-2.203610897064209, -2.237999677658081, 0.0, 0.0, 0.0], "(2, 3, 1, 1)": [0.0, 0.0, -2.2467737197875977, 0.0, -2.220508575439453], "(2, 2, 1, 1)": [0.0, -2.202817678451538, 0.0, 0.0, 0.0], "(1, 5, 2, 2)": [-2.213880777359009, 0.0, -2.205716133117676, -2.205716133117676, 0.0], "(1, 4, 2, 2)": [-2.213880777359009, -2.213880777359009, -2.205716133117676, 0.0, -2.205716133117676], "(3, 1, 2, 2)": [-2.2053020000457764, -2.209770441055298, -2.2064783573150635, -2.2113571166992188, -2.2084522247314453], "(3, 2, 2, 2)": [-2.2138988971710205, -2.2071008682250977, -2.2071008682250977, -2.2113571166992188, -2.21096134185791], "(2, 4, 1, 1)": [0.0, 0.0, 0.0, -2.1992297172546387, 0.0], "(1, 2, 2, 2)": [-2.2163689136505127, -2.2089638710021973, -2.199479341506958, -2.217061996459961, -2.199479341506958], "(1, 3, 2, 2)": [-2.199479341506958, -2.199479341506958, 0.0, -2.199479341506958, -2.199479341506958], "(1, 3, 1, 2)": [0.0, 0.0, 0.0, 0.0, -2.199479341506958], "(1, 4, 1, 1)": [0.0, 0.0, -2.199479341506958, 0.0, 0.0], "(1, 5, 1, 1)": [-2.199479341506958, 0.0, 0.0, 0.0, 0.0], "(2, 5, 1, 2)": [-2.199479341506958, 0.0, 0.0, 0.0, 0.0], "(3, 3, 2, 2)": [-2.2025511264801025, -2.2020046710968018, -2.2025511264801025, -2.2025511264801025, -2.2027525901794434], "(1, 7, 2, 2)": [-2.213880777359009, 0.0, -2.2136592864990234, -2.213878631591797, 0.0], "(1, 6, 2, 2)": [0.0, -2.213880777359009, -2.213880777359009, -2.213880777359009, 0.0], "(3, 4, 2, 2)": [-2.2018613815307617, -2.2018613815307617, 0.0, 0.0, 0.0]}, "n_values": {"(2, 7, 2, 2)": [589.0, 602.0, 656.0, 714.0, 727.0], "(2, 6, 2, 2)": [615.0, 644.0, 667.0, 657.0, 701.0], "(2, 5, 2, 2)": [575.0, 562.0, 605.0, 609.0, 694.0], "(2, 2, 2, 2)": [703.0, 665.0, 609.0, 609.0, 609.0], "(2, 1, 2, 2)": [737.0, 682.0, 629.0, 626.0, 615.0], "(2, 3, 2, 2)": [636.0, 616.0, 582.0, 566.0, 580.0], "(2, 4, 2, 2)": [593.0, 575.0, 578.0, 572.0, 628.0], "(2, 6, 2, 3)": [35.0, 33.0, 18.0, 31.0, 33.0], "(2, 1, 2, 1)": [22.0, 25.0, 28.0, 27.0, 28.0], "(2, 2, 2, 1)": [15.0, 17.0, 19.0, 24.0, 26.0], "(2, 4, 2, 3)": [7.0, 5.0, 8.0, 5.0, 2.0], "(2, 3, 2, 3)": [5.0, 0.0, 2.0, 3.0, 2.0], "(2, 7, 2, 3)": [31.0, 35.0, 26.0, 39.0, 31.0], "(2, 5, 2, 3)": [14.0, 21.0, 12.0, 15.0, 17.0], "(2, 3, 2, 1)": [7.0, 7.0, 9.0, 16.0, 17.0], "(1, 1, 2, 2)": [2.0, 2.0, 3.0, 3.0, 1.0], "(2, 4, 2, 1)": [6.0, 8.0, 9.0, 7.0, 7.0], "(2, 1, 1, 1)": [0.0, 1.0, 1.0, 1.0, 1.0], "(2, 5, 3, 3)": [1.0, 1.0, 0.0, 0.0, 1.0], "(3, 7, 2, 2)": [2.0, 5.0, 4.0, 6.0, 3.0], "(3, 6, 2, 2)": [1.0, 3.0, 3.0, 3.0, 3.0], "(3, 5, 2, 2)": [0.0, 1.0, 1.0, 1.0, 1.0], "(2, 7, 3, 3)": [1.0, 0.0, 1.0, 0.0, 1.0], "(2, 4, 3, 3)": [0.0, 0.0, 1.0, 1.0, 0.0], "(2, 5, 2, 1)": [1.0, 1.0, 1.0, 1.0, 0.0], "(2, 6, 3, 3)": [1.0, 1.0, 0.0, 0.0, 0.0], "(2, 3, 1, 1)": [0.0, 0.0, 1.0, 0.0, 1.0], "(2, 2, 1, 1)": [0.0, 1.0, 0.0, 0.0, 0.0], "(1, 5, 2, 2)": [1.0, 0.0, 2.0, 2.0, 0.0], "(1, 4, 2, 2)": [1.0, 1.0, 2.0, 0.0, 2.0], "(3, 1, 2, 2)": [5.0, 5.0, 3.0, 4.0, 6.0], "(3, 2, 2, 2)": [3.0, 5.0, 5.0, 4.0, 4.0], "(2, 4, 1, 1)": [0.0, 0.0, 0.0, 1.0, 0.0], "(1, 2, 2, 2)": [2.0, 2.0, 1.0, 3.0, 1.0], "(1, 3, 2, 2)": [1.0, 1.0, 0.0, 1.0, 1.0], "(1, 3, 1, 2)": [0.0, 0.0, 0.0, 0.0, 1.0], "(1, 4, 1, 1)": [0.0, 0.0, 1.0, 0.0, 0.0], "(1, 5, 1, 1)": [1.0, 0.0, 0.0, 0.0, 0.0], "(2, 5, 1, 2)": [1.0, 0.0, 0.0, 0.0, 0.0], "(3, 3, 2, 2)": [3.0, 2.0, 3.0, 3.0, 2.0], "(1, 7, 2, 2)": [1.0, 0.0, 1.0, 1.0, 0.0], "(1, 6, 2, 2)": [0.0, 1.0, 1.0, 1.0, 0.0], "(3, 4, 2, 2)": [1.0, 1.0, 0.0, 0.0, 0.0]}}