{"q_values": {"(2, 7, 2, 2)": [-2.206855535507202, -2.207143783569336, -2.207488775253296, -2.207095146179199, -2.2082934379577637], "(2, 6, 2, 2)": [-2.211653470993042, -2.2114169597625732, -2.2108092308044434, -2.2113606929779053, -2.2111384868621826], "(2, 5, 2, 2)": [-2.212355852127075, -2.2121174335479736, -2.2121453285217285, -2.212053060531616, -2.2118828296661377], "(2, 2, 2, 2)": [-2.2119991779327393, -2.211595296859741, -2.211913824081421, -2.2120163440704346, -2.2121269702911377], "(2, 1, 2, 2)": [-2.2089922428131104, -2.2080912590026855, -2.208486795425415, -2.2079451084136963, -2.2074618339538574], "(2, 3, 2, 2)": [-2.212536334991455, -2.212148904800415, -2.2123146057128906, -2.2125256061553955, -2.212307929992676], "(2, 4, 2, 2)": [-2.2128124237060547, -2.212357997894287, -2.212491512298584, -2.212677001953125, -2.212128162384033], "(2, 6, 2, 3)": [-2.2125039100646973, -2.2148945331573486, -2.218729257583618, -2.2171478271484375, -2.2219254970550537], "(2, 1, 2, 1)": [-2.213695526123047, -2.214261054992676, -2.211174488067627, -2.209200382232666, -2.212229013442993], "(2, 2, 2, 1)": [-2.2243711948394775, -2.22149920463562, -2.213423252105713, -2.2105839252471924, -2.213428497314453], "(2, 4, 2, 3)": [-2.2133028507232666, -2.2055859565734863, -2.208930730819702, -2.210536479949951, -2.246903896331787], "(2, 3, 2, 3)": [-2.2150955200195312, 0.0, -2.2128522396087646, -2.2228856086730957, -2.233628273010254], "(2, 7, 2, 3)": [-2.2065024375915527, -2.209702730178833, -2.2159793376922607, -2.210594415664673, -2.21191143989563], "(2, 5, 2, 3)": [-2.212751626968384, -2.208458662033081, -2.2087080478668213, -2.219099998474121, -2.210998296737671], "(2, 3, 2, 1)": [-2.213383674621582, -2.220348834991455, -2.2218594551086426, -2.2126681804656982, -2.209784746170044], "(1, 1, 2, 2)": [-2.216257095336914, -2.2089638710021973, -2.216987371444702, -2.199742555618286, -2.199479341506958], "(2, 4, 2, 1)": [-2.2087416648864746, -2.2149624824523926, -2.2139945030212402, -2.2073442935943604, -2.2105066776275635], "(2, 1, 1, 1)": [0.0, -2.232076644897461, -2.2099769115448, -2.20259952545166, -2.2235400676727295], "(2, 5, 3, 3)": [-2.2223284244537354, -2.2449278831481934, 0.0, 0.0, -2.2449278831481934], "(3, 7, 2, 2)": [-2.2034530639648438, -2.2022056579589844, -2.1960721015930176, -2.203136682510376, -2.201730966567993], "(3, 6, 2, 2)": [-2.198286294937134, -2.1998794078826904, -2.1998794078826904, -2.1998794078826904, -2.1998794078826904], "(3, 5, 2, 2)": [0.0, -2.198286294937134, -2.203279495239258, -2.198286294937134, -2.198286294937134], "(2, 7, 3, 3)": [-2.2326600551605225, 0.0, -2.1767523288726807, 0.0, -2.2001051902770996], "(2, 4, 3, 3)": [0.0, 0.0, -2.2223284244537354, -2.2223284244537354, 0.0], "(2, 5, 2, 1)": [-2.1992297172546387, 0.0, -2.239068031311035, -2.2255606651306152, 0.0], "(2, 6, 3, 3)": [-2.203610897064209, -2.237999677658081, 0.0, 0.0, 0.0], "(2, 3, 1, 1)": [0.0, 0.0, 0.0, 0.0, -2.220508575439453], "(2, 2, 1, 1)": [0.0, -2.202817678451538, 0.0, 0.0, 0.0], "(1, 5, 2, 2)": [-2.213880777359009, 0.0, -2.205716133117676, -2.205716133117676, 0.0], "(1, 4, 2, 2)": [-2.213880777359009, -2.213880777359009, -2.205716133117676, 0.0, -2.205716133117676], "(3, 1, 2, 2)": [-2.202770471572876, -2.2104251384735107, -2.20185923576355, -2.213926076889038, -2.208339214324951], "(3, 2, 2, 2)": [-2.213134288787842, -2.208339214324951, -2.208339214324951, -2.213926076889038, -2.213134288787842], "(2, 4, 1, 1)": [0.0, 0.0, 0.0, -2.1992297172546387, 0.0], "(1, 2, 2, 2)": [-2.2163689136505127, -2.2089638710021973, -2.199479341506958, -2.217061996459961, -2.199479341506958], "(1, 3, 2, 2)": [-2.199479341506958, -2.199479341506958, 0.0, -2.199479341506958, -2.199479341506958], "(1, 3, 1, 2)": [0.0, 0.0, 0.0, 0.0, -2.199479341506958], "(1, 4, 1, 1)": [0.0, 0.0, -2.199479341506958, 0.0, 0.0], "(1, 5, 1, 1)": [-2.199479341506958, 0.0, 0.0, 0.0, 0.0], "(2, 5, 1, 2)": [-2.199479341506958, 0.0, 0.0, 0.0, 0.0], "(3, 3, 2, 2)": [-2.2027525901794434, -2.2018613815307617, -2.2027525901794434, -2.2027525901794434, -2.2027525901794434], "(1, 7, 2, 2)": [-2.213880777359009, 0.0, -2.2136592864990234, -2.213878631591797, 0.0], "(1, 6, 2, 2)": [0.0, -2.213880777359009, -2.213880777359009, -2.213880777359009, 0.0], "(3, 4, 2, 2)": [-2.2018613815307617, -2.2018613815307617, 0.0, 0.0, 0.0]}, "n_values": {"(2, 7, 2, 2)": [556.0, 574.0, 622.0, 683.0, 693.0], "(2, 6, 2, 2)": [584.0, 612.0, 634.0, 628.0, 668.0], "(2, 5, 2, 2)": [541.0, 526.0, 574.0, 573.0, 649.0], "(2, 2, 2, 2)": [657.0, 620.0, 568.0, 570.0, 570.0], "(2, 1, 2, 2)": [694.0, 640.0, 593.0, 589.0, 576.0], "(2, 3, 2, 2)": [598.0, 578.0, 550.0, 539.0, 552.0], "(2, 4, 2, 2)": [563.0, 547.0, 550.0, 545.0, 593.0], "(2, 6, 2, 3)": [32.0, 28.0, 17.0, 31.0, 30.0], "(2, 1, 2, 1)": [20.0, 22.0, 27.0, 24.0, 26.0], "(2, 2, 2, 1)": [13.0, 15.0, 18.0, 22.0, 24.0], "(2, 4, 2, 3)": [7.0, 4.0, 8.0, 5.0, 2.0], "(2, 3, 2, 3)": [5.0, 0.0, 1.0, 2.0, 2.0], "(2, 7, 2, 3)": [29.0, 32.0, 24.0, 35.0, 29.0], "(2, 5, 2, 3)": [13.0, 19.0, 12.0, 15.0, 16.0], "(2, 3, 2, 1)": [6.0, 5.0, 9.0, 14.0, 17.0], "(1, 1, 2, 2)": [2.0, 2.0, 3.0, 3.0, 1.0], "(2, 4, 2, 1)": [4.0, 6.0, 9.0, 7.0, 7.0], "(2, 1, 1, 1)": [0.0, 1.0, 1.0, 1.0, 1.0], "(2, 5, 3, 3)": [1.0, 1.0, 0.0, 0.0, 1.0], "(3, 7, 2, 2)": [2.0, 5.0, 4.0, 6.0, 3.0], "(3, 6, 2, 2)": [1.0, 3.0, 3.0, 3.0, 3.0], "(3, 5, 2, 2)": [0.0, 1.0, 1.0, 1.0, 1.0], "(2, 7, 3, 3)": [1.0, 0.0, 1.0, 0.0, 1.0], "(2, 4, 3, 3)": [0.0, 0.0, 1.0, 1.0, 0.0], "(2, 5, 2, 1)": [1.0, 0.0, 1.0, 1.0, 0.0], "(2, 6, 3, 3)": [1.0, 1.0, 0.0, 0.0, 0.0], "(2, 3, 1, 1)": [0.0, 0.0, 0.0, 0.0, 1.0], "(2, 2, 1, 1)": [0.0, 1.0, 0.0, 0.0, 0.0], "(1, 5, 2, 2)": [1.0, 0.0, 2.0, 2.0, 0.0], "(1, 4, 2, 2)": [1.0, 1.0, 2.0, 0.0, 2.0], "(3, 1, 2, 2)": [4.0, 3.0, 1.0, 2.0, 4.0], "(3, 2, 2, 2)": [2.0, 4.0, 4.0, 2.0, 2.0], "(2, 4, 1, 1)": [0.0, 0.0, 0.0, 1.0, 0.0], "(1, 2, 2, 2)": [2.0, 2.0, 1.0, 3.0, 1.0], "(1, 3, 2, 2)": [1.0, 1.0, 0.0, 1.0, 1.0], "(1, 3, 1, 2)": [0.0, 0.0, 0.0, 0.0, 1.0], "(1, 4, 1, 1)": [0.0, 0.0, 1.0, 0.0, 0.0], "(1, 5, 1, 1)": [1.0, 0.0, 0.0, 0.0, 0.0], "(2, 5, 1, 2)": [1.0, 0.0, 0.0, 0.0, 0.0], "(3, 3, 2, 2)": [2.0, 1.0, 2.0, 2.0, 2.0], "(1, 7, 2, 2)": [1.0, 0.0, 1.0, 1.0, 0.0], "(1, 6, 2, 2)": [0.0, 1.0, 1.0, 1.0, 0.0], "(3, 4, 2, 2)": [1.0, 1.0, 0.0, 0.0, 0.0]}}