{"q_values": {"(2, 7, 2, 2)": [-2.2070508003234863, -2.207284927368164, -2.2074952125549316, -2.2076549530029297, -2.2082486152648926], "(2, 6, 2, 2)": [-2.2109992504119873, -2.2108638286590576, -2.210555076599121, -2.2110471725463867, -2.21099591255188], "(2, 5, 2, 2)": [-2.2117652893066406, -2.2117919921875, -2.2116169929504395, -2.211590528488159, -2.211562156677246], "(2, 2, 2, 2)": [-2.2112863063812256, -2.2108936309814453, -2.210942506790161, -2.2110683917999268, -2.211111545562744], "(2, 1, 2, 2)": [-2.2085893154144287, -2.207873582839966, -2.207878351211548, -2.207627296447754, -2.207197666168213], "(2, 3, 2, 2)": [-2.211834192276001, -2.2114574909210205, -2.2115111351013184, -2.2115979194641113, -2.2115225791931152], "(2, 4, 2, 2)": [-2.212026834487915, -2.211803436279297, -2.2121355533599854, -2.2120509147644043, -2.2116501331329346], "(2, 6, 2, 3)": [-2.2125885486602783, -2.213369131088257, -2.214787244796753, -2.217372417449951, -2.222324848175049], "(2, 1, 2, 1)": [-2.213650941848755, -2.2174415588378906, -2.2116541862487793, -2.2089743614196777, -2.209735870361328], "(2, 2, 2, 1)": [-2.2243223190307617, -2.2248685359954834, -2.2139596939086914, -2.2124319076538086, -2.2117083072662354], "(2, 4, 2, 3)": [-2.211061477661133, -2.207460880279541, -2.211411237716675, -2.215500593185425, -2.2169594764709473], "(2, 3, 2, 3)": [-2.2140235900878906, -2.220475196838379, -2.206472635269165, -2.2230231761932373, -2.2256321907043457], "(2, 7, 2, 3)": [-2.2060368061065674, -2.2089216709136963, -2.2111902236938477, -2.2131145000457764, -2.2113399505615234], "(2, 5, 2, 3)": [-2.211353063583374, -2.2099852561950684, -2.211538553237915, -2.216120958328247, -2.2144057750701904], "(2, 3, 2, 1)": [-2.2157225608825684, -2.219501495361328, -2.2235829830169678, -2.21423602104187, -2.2099506855010986], "(1, 1, 2, 2)": [-2.2100303173065186, -2.207340955734253, -2.213601589202881, -2.2096822261810303, -2.2074074745178223], "(2, 4, 2, 1)": [-2.22072696685791, -2.217146396636963, -2.211329698562622, -2.208566427230835, -2.212345600128174], "(2, 1, 1, 1)": [0.0, -2.232076644897461, -2.2198972702026367, -2.205170154571533, -2.2235400676727295], "(2, 5, 3, 3)": [-2.2223284244537354, -2.2281575202941895, 0.0, -2.2274205684661865, -2.2449278831481934], "(3, 7, 2, 2)": [-2.2035348415374756, -2.207185745239258, -2.2071197032928467, -2.205709457397461, -2.2084248065948486], "(3, 6, 2, 2)": [-2.2152159214019775, -2.211446762084961, -2.213557481765747, -2.2096686363220215, -2.2126529216766357], "(3, 5, 2, 2)": [-2.2167930603027344, -2.212813138961792, -2.214731216430664, -2.214107036590576, -2.214107036590576], "(2, 7, 3, 3)": [-2.229928970336914, -2.210770845413208, -2.2039146423339844, -2.2603750228881836, -2.2001051902770996], "(2, 4, 3, 3)": [-2.2200424671173096, -2.2113139629364014, -2.2223284244537354, -2.2223284244537354, 0.0], "(2, 5, 2, 1)": [-2.213000774383545, -2.207533359527588, -2.2142484188079834, -2.207383632659912, -2.203627109527588], "(2, 6, 3, 3)": [-2.203610897064209, -2.234649658203125, -2.247222900390625, -2.2373228073120117, -2.213517904281616], "(2, 3, 1, 1)": [-2.230041027069092, -2.230041027069092, -2.2467737197875977, -2.205332040786743, -2.220508575439453], "(2, 2, 1, 1)": [-2.230041027069092, -2.202817678451538, -2.230038642883301, 0.0, 0.0], "(1, 5, 2, 2)": [-2.2189383506774902, -2.222005844116211, -2.217907667160034, -2.2148168087005615, -2.223331928253174], "(1, 4, 2, 2)": [-2.221951961517334, -2.221951961517334, -2.2116236686706543, -2.2202112674713135, -2.2163562774658203], "(3, 1, 2, 2)": [-2.2178640365600586, -2.2088327407836914, -2.2109663486480713, -2.210958957672119, -2.2080469131469727], "(3, 2, 2, 2)": [-2.222400426864624, -2.21880841255188, -2.2200982570648193, -2.21528697013855, -2.2203104496002197], "(2, 4, 1, 1)": [0.0, -2.2033262252807617, -2.2147843837738037, -2.1992297172546387, 0.0], "(1, 2, 2, 2)": [-2.2154788970947266, -2.2137603759765625, -2.213174343109131, -2.2188720703125, -2.2202606201171875], "(1, 3, 2, 2)": [-2.2161171436309814, -2.208498001098633, -2.2188937664031982, -2.204069137573242, -2.2150111198425293], "(1, 3, 1, 2)": [0.0, 0.0, 0.0, 0.0, -2.199479341506958], "(1, 4, 1, 1)": [0.0, 0.0, -2.199479341506958, 0.0, 0.0], "(1, 5, 1, 1)": [-2.199479341506958, 0.0, 0.0, 0.0, 0.0], "(2, 5, 1, 2)": [-2.199479341506958, 0.0, 0.0, 0.0, 0.0], "(3, 3, 2, 2)": [-2.2144439220428467, -2.221681833267212, -2.2200264930725098, -2.2215347290039062, -2.212898015975952], "(1, 7, 2, 2)": [-2.216073989868164, -2.2173852920532227, -2.21071195602417, -2.211686849594116, -2.2146785259246826], "(1, 6, 2, 2)": [-2.2229368686676025, -2.215419292449951, -2.2170040607452393, -2.2184629440307617, -2.218493938446045], "(3, 4, 2, 2)": [-2.2107834815979004, -2.2175588607788086, -2.2191085815429688, -2.2160634994506836, -2.2160634994506836], "(2, 6, 2, 1)": [-2.2173280715942383, -2.207664966583252, -2.223670244216919, -2.202772855758667, -2.2022318840026855], "(2, 5, 1, 1)": [-2.230041027069092, -2.2109861373901367, 0.0, 0.0, 0.0], "(1, 6, 2, 3)": [0.0, -2.225572109222412, 0.0, 0.0, 0.0], "(3, 7, 2, 3)": [0.0, 0.0, -2.20898699760437, 0.0, 0.0], "(3, 1, 2, 1)": [-2.261857271194458, -2.2459375858306885, -2.2276740074157715, 0.0, -2.205617904663086], "(2, 3, 3, 3)": [0.0, -2.2113871574401855, 0.0, 0.0, 0.0], "(2, 2, 2, 3)": [0.0, 0.0, 0.0, -2.1980502605438232, -2.21260404586792], "(1, 1, 2, 1)": [0.0, 0.0, 0.0, -2.2084572315216064, 0.0], "(1, 3, 2, 1)": [0.0, 0.0, 0.0, 0.0, -2.2148215770721436], "(1, 4, 2, 1)": [0.0, 0.0, -2.2148215770721436, 0.0, 0.0], "(2, 3, 1, 2)": [0.0, 0.0, 0.0, -2.2033262252807617, 0.0], "(1, 5, 2, 3)": [0.0, -2.2086591720581055, 0.0, 0.0, 0.0], "(3, 2, 2, 1)": [0.0, -2.201446533203125, -2.201444387435913, 0.0, 0.0], "(3, 3, 2, 1)": [0.0, 0.0, 0.0, 0.0, -2.201446533203125], "(3, 4, 2, 1)": [-2.201446533203125, 0.0, 0.0, 0.0, 0.0]}, "n_values": {"(2, 7, 2, 2)": [1879.0, 1701.0, 1843.0, 1956.0, 2047.0], "(2, 6, 2, 2)": [1676.0, 1756.0, 2007.0, 1886.0, 1999.0], "(2, 5, 2, 2)": [1548.0, 1566.0, 1649.0, 1659.0, 1959.0], "(2, 2, 2, 2)": [1755.0, 1789.0, 1631.0, 1558.0, 1539.0], "(2, 1, 2, 2)": [1828.0, 1756.0, 1652.0, 1583.0, 1714.0], "(2, 3, 2, 2)": [1536.0, 1618.0, 1425.0, 1385.0, 1419.0], "(2, 4, 2, 2)": [1410.0, 1418.0, 1425.0, 1406.0, 1624.0], "(2, 6, 2, 3)": [113.0, 85.0, 67.0, 84.0, 79.0], "(2, 1, 2, 1)": [51.0, 51.0, 68.0, 67.0, 63.0], "(2, 2, 2, 1)": [26.0, 41.0, 38.0, 49.0, 62.0], "(2, 4, 2, 3)": [18.0, 14.0, 17.0, 12.0, 15.0], "(2, 3, 2, 3)": [9.0, 4.0, 7.0, 7.0, 6.0], "(2, 7, 2, 3)": [103.0, 100.0, 95.0, 92.0, 80.0], "(2, 5, 2, 3)": [47.0, 64.0, 37.0, 36.0, 42.0], "(2, 3, 2, 1)": [17.0, 16.0, 15.0, 33.0, 40.0], "(1, 1, 2, 2)": [15.0, 14.0, 12.0, 13.0, 11.0], "(2, 4, 2, 1)": [18.0, 13.0, 21.0, 21.0, 21.0], "(2, 1, 1, 1)": [0.0, 1.0, 2.0, 2.0, 1.0], "(2, 5, 3, 3)": [1.0, 2.0, 0.0, 1.0, 1.0], "(3, 7, 2, 2)": [15.0, 11.0, 12.0, 19.0, 14.0], "(3, 6, 2, 2)": [8.0, 11.0, 11.0, 12.0, 12.0], "(3, 5, 2, 2)": [5.0, 7.0, 8.0, 8.0, 8.0], "(2, 7, 3, 3)": [2.0, 3.0, 2.0, 1.0, 1.0], "(2, 4, 3, 3)": [3.0, 1.0, 1.0, 1.0, 0.0], "(2, 5, 2, 1)": [5.0, 6.0, 11.0, 5.0, 4.0], "(2, 6, 3, 3)": [1.0, 2.0, 1.0, 2.0, 2.0], "(2, 3, 1, 1)": [1.0, 1.0, 1.0, 1.0, 1.0], "(2, 2, 1, 1)": [1.0, 1.0, 1.0, 0.0, 0.0], "(1, 5, 2, 2)": [7.0, 5.0, 7.0, 7.0, 6.0], "(1, 4, 2, 2)": [3.0, 3.0, 4.0, 3.0, 6.0], "(3, 1, 2, 2)": [10.0, 8.0, 6.0, 8.0, 9.0], "(3, 2, 2, 2)": [7.0, 13.0, 12.0, 8.0, 9.0], "(2, 4, 1, 1)": [0.0, 1.0, 3.0, 1.0, 0.0], "(1, 2, 2, 2)": [8.0, 9.0, 8.0, 8.0, 5.0], "(1, 3, 2, 2)": [6.0, 4.0, 4.0, 2.0, 5.0], "(1, 3, 1, 2)": [0.0, 0.0, 0.0, 0.0, 1.0], "(1, 4, 1, 1)": [0.0, 0.0, 1.0, 0.0, 0.0], "(1, 5, 1, 1)": [1.0, 0.0, 0.0, 0.0, 0.0], "(2, 5, 1, 2)": [1.0, 0.0, 0.0, 0.0, 0.0], "(3, 3, 2, 2)": [11.0, 8.0, 10.0, 8.0, 5.0], "(1, 7, 2, 2)": [6.0, 5.0, 10.0, 9.0, 8.0], "(1, 6, 2, 2)": [6.0, 8.0, 8.0, 11.0, 4.0], "(3, 4, 2, 2)": [7.0, 6.0, 6.0, 4.0, 4.0], "(2, 5, 1, 1)": [1.0, 1.0, 0.0, 0.0, 0.0], "(2, 6, 2, 1)": [2.0, 2.0, 1.0, 2.0, 1.0],