{"q_values": {"(2, 7, 2, 2)": [-2.2071332931518555, -2.207460403442383, -2.2075724601745605, -2.207707166671753, -2.208463668823242], "(2, 6, 2, 2)": [-2.2113144397735596, -2.2112138271331787, -2.2106308937072754, -2.2112927436828613, -2.211045026779175], "(2, 5, 2, 2)": [-2.2119882106781006, -2.2120373249053955, -2.211771249771118, -2.2119719982147217, -2.211667060852051], "(2, 2, 2, 2)": [-2.2115488052368164, -2.21120548248291, -2.2112271785736084, -2.2113595008850098, -2.2114062309265137], "(2, 1, 2, 2)": [-2.208745002746582, -2.2081289291381836, -2.207939863204956, -2.2076876163482666, -2.20758318901062], "(2, 3, 2, 2)": [-2.2121198177337646, -2.211700439453125, -2.211850166320801, -2.211794137954712, -2.2119219303131104], "(2, 4, 2, 2)": [-2.2124087810516357, -2.212125778198242, -2.212329149246216, -2.212338924407959, -2.2118887901306152], "(2, 6, 2, 3)": [-2.212611198425293, -2.213338613510132, -2.2166850566864014, -2.217714309692383, -2.223114013671875], "(2, 1, 2, 1)": [-2.21331787109375, -2.2170238494873047, -2.2120230197906494, -2.207498073577881, -2.209702968597412], "(2, 2, 2, 1)": [-2.2255091667175293, -2.224897623062134, -2.214521646499634, -2.213489532470703, -2.2136282920837402], "(2, 4, 2, 3)": [-2.210221290588379, -2.2068910598754883, -2.211650848388672, -2.215500593185425, -2.22261905670166], "(2, 3, 2, 3)": [-2.214899778366089, -2.222885847091675, -2.205902338027954, -2.2257497310638428, -2.2256321907043457], "(2, 7, 2, 3)": [-2.204786539077759, -2.210151195526123, -2.213310718536377, -2.2121264934539795, -2.2120721340179443], "(2, 5, 2, 3)": [-2.2108421325683594, -2.20971417427063, -2.2128372192382812, -2.217726945877075, -2.2149999141693115], "(2, 3, 2, 1)": [-2.218549966812134, -2.2199690341949463, -2.2254161834716797, -2.2147057056427, -2.2103636264801025], "(1, 1, 2, 2)": [-2.2137749195098877, -2.206730365753174, -2.2144269943237305, -2.2088160514831543, -2.207695722579956], "(2, 4, 2, 1)": [-2.2234184741973877, -2.2186667919158936, -2.2116029262542725, -2.2083611488342285, -2.2118358612060547], "(2, 1, 1, 1)": [0.0, -2.232076644897461, -2.2099769115448, -2.20259952545166, -2.2235400676727295], "(2, 5, 3, 3)": [-2.2223284244537354, -2.2281575202941895, 0.0, -2.2274205684661865, -2.2449278831481934], "(3, 7, 2, 2)": [-2.2000012397766113, -2.2056992053985596, -2.201441526412964, -2.2026190757751465, -2.2078158855438232], "(3, 6, 2, 2)": [-2.222538471221924, -2.2117366790771484, -2.2122979164123535, -2.2059991359710693, -2.2117366790771484], "(3, 5, 2, 2)": [-2.2206296920776367, -2.214409828186035, -2.2171597480773926, -2.216161012649536, -2.216161012649536], "(2, 7, 3, 3)": [-2.229928970336914, -2.201188087463379, -2.2039146423339844, 0.0, -2.2001051902770996], "(2, 4, 3, 3)": [-2.2200424671173096, 0.0, -2.2223284244537354, -2.2223284244537354, 0.0], "(2, 5, 2, 1)": [-2.201934814453125, -2.209232807159424, -2.2214155197143555, -2.209820032119751, -2.1981406211853027], "(2, 6, 3, 3)": [-2.203610897064209, -2.234649658203125, -2.247222900390625, -2.2373228073120117, -2.213517904281616], "(2, 3, 1, 1)": [0.0, 0.0, -2.2467737197875977, 0.0, -2.220508575439453], "(2, 2, 1, 1)": [0.0, -2.202817678451538, 0.0, 0.0, 0.0], "(1, 5, 2, 2)": [-2.2208406925201416, -2.2225804328918457, -2.2151365280151367, -2.2150702476501465, -2.2225804328918457], "(1, 4, 2, 2)": [-2.221951961517334, -2.221951961517334, -2.212611675262451, -2.225987434387207, -2.217895746231079], "(3, 1, 2, 2)": [-2.2123091220855713, -2.2075107097625732, -2.2109663486480713, -2.2099409103393555, -2.209564447402954], "(3, 2, 2, 2)": [-2.221484422683716, -2.214047908782959, -2.2151198387145996, -2.2134854793548584, -2.213259220123291], "(2, 4, 1, 1)": [0.0, -2.2033262252807617, -2.207156181335449, -2.1992297172546387, 0.0], "(1, 2, 2, 2)": [-2.2154788970947266, -2.2137603759765625, -2.213174343109131, -2.2188720703125, -2.2202606201171875], "(1, 3, 2, 2)": [-2.217608690261841, -2.208498001098633, -2.2223052978515625, -2.199479341506958, -2.2165989875793457], "(1, 3, 1, 2)": [0.0, 0.0, 0.0, 0.0, -2.199479341506958], "(1, 4, 1, 1)": [0.0, 0.0, -2.199479341506958, 0.0, 0.0], "(1, 5, 1, 1)": [-2.199479341506958, 0.0, 0.0, 0.0, 0.0], "(2, 5, 1, 2)": [-2.199479341506958, 0.0, 0.0, 0.0, 0.0], "(3, 3, 2, 2)": [-2.2084319591522217, -2.21391224861145, -2.2137856483459473, -2.2137162685394287, -2.209148406982422], "(1, 7, 2, 2)": [-2.2196013927459717, -2.217233896255493, -2.210007905960083, -2.210310935974121, -2.219712495803833], "(1, 6, 2, 2)": [-2.221416711807251, -2.2195327281951904, -2.2196576595306396, -2.2208406925201416, -2.219338893890381], "(3, 4, 2, 2)": [-2.209228277206421, -2.2190024852752686, -2.220517635345459, -2.2121188640594482, -2.2121188640594482], "(2, 6, 2, 1)": [-2.2109861373901367, -2.2079079151153564, 0.0, -2.2079079151153564, 0.0], "(2, 5, 1, 1)": [0.0, -2.2109861373901367, 0.0, 0.0, 0.0], "(1, 6, 2, 3)": [0.0, -2.225572109222412, 0.0, 0.0, 0.0], "(3, 7, 2, 3)": [0.0, 0.0, -2.20898699760437, 0.0, 0.0], "(3, 1, 2, 1)": [0.0, -2.2459375858306885, 0.0, 0.0, 0.0], "(2, 3, 3, 3)": [0.0, -2.2113871574401855, 0.0, 0.0, 0.0], "(2, 2, 2, 3)": [0.0, 0.0, 0.0, 0.0, -2.21260404586792], "(1, 1, 2, 1)": [0.0, 0.0, 0.0, -2.2084572315216064, 0.0], "(1, 3, 2, 1)": [0.0, 0.0, 0.0, 0.0, -2.2148215770721436], "(1, 4, 2, 1)": [0.0, 0.0, -2.2148215770721436, 0.0, 0.0], "(2, 3, 1, 2)": [0.0, 0.0, 0.0, -2.2033262252807617, 0.0]}, "n_values": {"(2, 7, 2, 2)": [1381.0, 1294.0, 1400.0, 1491.0, 1545.0], "(2, 6, 2, 2)": [1290.0, 1350.0, 1492.0, 1430.0, 1528.0], "(2, 5, 2, 2)": [1200.0, 1194.0, 1286.0, 1265.0, 1467.0], "(2, 2, 2, 2)": [1330.0, 1328.0, 1232.0, 1178.0, 1173.0], "(2, 1, 2, 2)": [1385.0, 1323.0, 1231.0, 1199.0, 1256.0], "(2, 3, 2, 2)": [1202.0, 1237.0, 1108.0, 1091.0, 1103.0], "(2, 4, 2, 2)": [1122.0, 1137.0, 1132.0, 1128.0, 1270.0], "(2, 6, 2, 3)": [79.0, 61.0, 46.0, 64.0, 60.0], "(2, 1, 2, 1)": [43.0, 45.0, 58.0, 53.0, 54.0], "(2, 2, 2, 1)": [24.0, 34.0, 32.0, 43.0, 43.0], "(2, 4, 2, 3)": [13.0, 11.0, 15.0, 12.0, 10.0], "(2, 3, 2, 3)": [7.0, 3.0, 5.0, 6.0, 6.0], "(2, 7, 2, 3)": [77.0, 78.0, 68.0, 74.0, 65.0], "(2, 5, 2, 3)": [34.0, 44.0, 23.0, 28.0, 37.0], "(2, 3, 2, 1)": [13.0, 15.0, 13.0, 29.0, 33.0], "(1, 1, 2, 2)": [12.0, 11.0, 11.0, 11.0, 10.0], "(2, 4, 2, 1)": [14.0, 11.0, 20.0, 13.0, 18.0], "(2, 1, 1, 1)": [0.0, 1.0, 1.0, 1.0, 1.0], "(2, 5, 3, 3)": [1.0, 2.0, 0.0, 1.0, 1.0], "(3, 7, 2, 2)": [8.0, 6.0, 7.0, 11.0, 8.0], "(3, 6, 2, 2)": [3.0, 7.0, 6.0, 6.0, 7.0], "(3, 5, 2, 2)": [4.0, 4.0, 5.0, 5.0, 5.0], "(2, 7, 3, 3)": [2.0, 2.0, 2.0, 0.0, 1.0], "(2, 4, 3, 3)": [3.0, 0.0, 1.0, 1.0, 0.0], "(2, 5, 2, 1)": [2.0, 3.0, 4.0, 4.0, 2.0], "(2, 6, 3, 3)": [1.0, 2.0, 1.0, 2.0, 2.0], "(2, 3, 1, 1)": [0.0, 0.0, 1.0, 0.0, 1.0], "(2, 2, 1, 1)": [0.0, 1.0, 0.0, 0.0, 0.0], "(1, 5, 2, 2)": [5.0, 4.0, 5.0, 5.0, 4.0], "(1, 4, 2, 2)": [3.0, 3.0, 3.0, 2.0, 5.0], "(3, 1, 2, 2)": [8.0, 7.0, 6.0, 7.0, 8.0], "(3, 2, 2, 2)": [6.0, 11.0, 10.0, 7.0, 7.0], "(2, 4, 1, 1)": [0.0, 1.0, 2.0, 1.0, 0.0], "(1, 2, 2, 2)": [8.0, 9.0, 8.0, 8.0, 5.0], "(1, 3, 2, 2)": [5.0, 4.0, 3.0, 1.0, 4.0], "(1, 3, 1, 2)": [0.0, 0.0, 0.0, 0.0, 1.0], "(1, 4, 1, 1)": [0.0, 0.0, 1.0, 0.0, 0.0], "(1, 5, 1, 1)": [1.0, 0.0, 0.0, 0.0, 0.0], "(2, 5, 1, 2)": [1.0, 0.0, 0.0, 0.0, 0.0], "(3, 3, 2, 2)": [8.0, 6.0, 8.0, 6.0, 4.0], "(1, 7, 2, 2)": [4.0, 3.0, 6.0, 3.0, 2.0], "(1, 6, 2, 2)": [3.0, 4.0, 4.0, 5.0, 2.0], "(3, 4, 2, 2)": [5.0, 4.0, 4.0, 3.0, 3.0], "(2, 5, 1, 1)": [0.0, 1.0, 0.0, 0.0, 0.0], "(2, 6, 2, 1)": [1.0, 1.0, 0.0, 1.0, 0.0], "(1, 6, 2, 3)": [0.0, 1.0, 0.0, 0.0, 0.0], "(3, 7, 2, 3)": [0.0, 0.0, 1.0, 0.0, 0.0], "(3, 1, 2, 1)": [0.0, 1.0, 0.0, 0.0, 0.0], "(2, 3, 3, 3)": [0.0, 1.0, 0.0, 0.0, 0.0], "(2, 2, 2, 3)": [0.0, 0.0, 0.0, 0.0, 2.0], "(1, 1, 2, 1)": [0.0, 0.0, 0.0, 1.0, 0.0], "(1, 3, 2, 1)": [0.0, 0.0, 0.0, 0.0, 1.0], "(1, 4, 2, 1)": [0.0, 0.0, 1.0, 0.0, 0.0], "(2, 3, 1, 2)": [0.0, 0.0, 0.0, 1.0, 0.0]}}