{"q_values": {"(2, 7, 2, 2)": [-2.206533908843994, -2.206922769546509, -2.2069406509399414, -2.2063581943511963, -2.2079763412475586], "(2, 6, 2, 2)": [-2.2118682861328125, -2.211291790008545, -2.210970640182495, -2.2114603519439697, -2.211089611053467], "(2, 5, 2, 2)": [-2.212951898574829, -2.212498426437378, -2.2121479511260986, -2.2123873233795166, -2.2118332386016846], "(2, 2, 2, 2)": [-2.211848735809326, -2.211801528930664, -2.2121002674102783, -2.212193250656128, -2.212449312210083], "(2, 1, 2, 2)": [-2.209193229675293, -2.208338499069214, -2.209409713745117, -2.208353042602539, -2.2078826427459717], "(2, 3, 2, 2)": [-2.212970495223999, -2.2126545906066895, -2.212921619415283, -2.212841749191284, -2.212688446044922], "(2, 4, 2, 2)": [-2.21317720413208, -2.2127726078033447, -2.212679862976074, -2.2132480144500732, -2.212618350982666], "(2, 6, 2, 3)": [-2.2115533351898193, -2.2157342433929443, -2.2190370559692383, -2.218780994415283, -2.2229421138763428], "(2, 1, 2, 1)": [-2.217094898223877, -2.2162575721740723, -2.209566593170166, -2.2068543434143066, -2.211015462875366], "(2, 2, 2, 1)": [-2.2256743907928467, -2.220417022705078, -2.2152981758117676, -2.2134130001068115, -2.2124760150909424], "(2, 4, 2, 3)": [-2.2139978408813477, -2.2055859565734863, -2.212139129638672, -2.210965633392334, -2.2449278831481934], "(2, 3, 2, 3)": [-2.2189667224884033, 0.0, -2.2128522396087646, -2.2228856086730957, -2.233628273010254], "(2, 7, 2, 3)": [-2.2072858810424805, -2.211160182952881, -2.2184908390045166, -2.2144455909729004, -2.209562063217163], "(2, 5, 2, 3)": [-2.211300849914551, -2.208527088165283, -2.2097067832946777, -2.2162070274353027, -2.212789535522461], "(2, 3, 2, 1)": [-2.213383674621582, -2.220717430114746, -2.224458932876587, -2.214834213256836, -2.2081613540649414], "(1, 1, 2, 2)": [-2.216257095336914, -2.199479341506958, -2.216367721557617, -2.201481819152832, -2.199479341506958], "(2, 4, 2, 1)": [-2.204702615737915, -2.2164180278778076, -2.2144742012023926, -2.2090671062469482, -2.2039599418640137], "(2, 1, 1, 1)": [0.0, -2.232076644897461, -2.2099769115448, -2.20259952545166, -2.2235400676727295], "(2, 5, 3, 3)": [-2.2223284244537354, -2.2449278831481934, 0.0, 0.0, -2.2449278831481934], "(3, 7, 2, 2)": [-2.203626871109009, -2.201937198638916, -2.1936697959899902, -2.203108072280884, -2.2009565830230713], "(3, 6, 2, 2)": [-2.198286294937134, -2.198179244995117, -2.198179244995117, -2.198179244995117, -2.198179244995117], "(3, 5, 2, 2)": [0.0, -2.198286294937134, 0.0, -2.198286294937134, -2.198286294937134], "(2, 7, 3, 3)": [-2.2326600551605225, 0.0, -2.1767523288726807, 0.0, -2.2001051902770996], "(2, 4, 3, 3)": [0.0, 0.0, -2.2223284244537354, -2.2223284244537354, 0.0], "(2, 5, 2, 1)": [-2.1992297172546387, 0.0, 0.0, -2.2255606651306152, 0.0], "(2, 6, 3, 3)": [0.0, -2.237999677658081, 0.0, 0.0, 0.0], "(2, 3, 1, 1)": [0.0, 0.0, 0.0, 0.0, -2.220508575439453], "(2, 2, 1, 1)": [0.0, -2.202817678451538, 0.0, 0.0, 0.0], "(1, 5, 2, 2)": [0.0, 0.0, -2.1975512504577637, -2.1975512504577637, 0.0], "(1, 4, 2, 2)": [0.0, 0.0, -2.1975512504577637, 0.0, -2.1975512504577637], "(3, 1, 2, 2)": [-2.1831750869750977, -2.2052273750305176, 0.0, -2.2052273750305176, -2.2052273750305176], "(3, 2, 2, 2)": [0.0, -2.2052273750305176, -2.2052273750305176, -2.2052273750305176, 0.0], "(2, 4, 1, 1)": [0.0, 0.0, 0.0, -2.1992297172546387, 0.0], "(1, 2, 2, 2)": [-2.2163689136505127, -2.199479341506958, -2.199479341506958, -2.2163689136505127, -2.199479341506958], "(1, 3, 2, 2)": [-2.199479341506958, -2.199479341506958, 0.0, -2.199479341506958, -2.199479341506958], "(1, 3, 1, 2)": [0.0, 0.0, 0.0, 0.0, -2.199479341506958], "(1, 4, 1, 1)": [0.0, 0.0, -2.199479341506958, 0.0, 0.0], "(1, 5, 1, 1)": [-2.199479341506958, 0.0, 0.0, 0.0, 0.0], "(2, 5, 1, 2)": [-2.199479341506958, 0.0, 0.0, 0.0, 0.0]}, "n_values": {"(2, 7, 2, 2)": [370.0, 374.0, 420.0, 466.0, 471.0], "(2, 6, 2, 2)": [382.0, 412.0, 424.0, 419.0, 442.0], "(2, 5, 2, 2)": [348.0, 343.0, 382.0, 383.0, 419.0], "(2, 2, 2, 2)": [422.0, 393.0, 370.0, 372.0, 363.0], "(2, 1, 2, 2)": [465.0, 411.0, 392.0, 380.0, 368.0], "(2, 3, 2, 2)": [397.0, 362.0, 363.0, 360.0, 376.0], "(2, 4, 2, 2)": [382.0, 378.0, 371.0, 364.0, 405.0], "(2, 6, 2, 3)": [18.0, 22.0, 14.0, 17.0, 17.0], "(2, 1, 2, 1)": [15.0, 11.0, 18.0, 16.0, 19.0], "(2, 2, 2, 1)": [8.0, 13.0, 12.0, 15.0, 20.0], "(2, 4, 2, 3)": [6.0, 4.0, 5.0, 4.0, 1.0], "(2, 3, 2, 3)": [2.0, 0.0, 1.0, 2.0, 2.0], "(2, 7, 2, 3)": [17.0, 16.0, 18.0, 21.0, 19.0], "(2, 5, 2, 3)": [10.0, 15.0, 9.0, 10.0, 12.0], "(2, 3, 2, 1)": [6.0, 4.0, 8.0, 11.0, 13.0], "(1, 1, 2, 2)": [2.0, 1.0, 2.0, 2.0, 1.0], "(2, 4, 2, 1)": [3.0, 4.0, 7.0, 3.0, 4.0], "(2, 1, 1, 1)": [0.0, 1.0, 1.0, 1.0, 1.0], "(2, 5, 3, 3)": [1.0, 1.0, 0.0, 0.0, 1.0], "(3, 7, 2, 2)": [1.0, 4.0, 3.0, 5.0, 2.0], "(3, 6, 2, 2)": [1.0, 2.0, 2.0, 2.0, 2.0], "(3, 5, 2, 2)": [0.0, 1.0, 0.0, 1.0, 1.0], "(2, 7, 3, 3)": [1.0, 0.0, 1.0, 0.0, 1.0], "(2, 4, 3, 3)": [0.0, 0.0, 1.0, 1.0, 0.0], "(2, 5, 2, 1)": [1.0, 0.0, 0.0, 1.0, 0.0], "(2, 6, 3, 3)": [0.0, 1.0, 0.0, 0.0, 0.0], "(2, 3, 1, 1)": [0.0, 0.0, 0.0, 0.0, 1.0], "(2, 2, 1, 1)": [0.0, 1.0, 0.0, 0.0, 0.0], "(1, 5, 2, 2)": [0.0, 0.0, 1.0, 1.0, 0.0], "(1, 4, 2, 2)": [0.0, 0.0, 1.0, 0.0, 1.0], "(3, 1, 2, 2)": [1.0, 1.0, 0.0, 1.0, 1.0], "(3, 2, 2, 2)": [0.0, 1.0, 1.0, 1.0, 0.0], "(2, 4, 1, 1)": [0.0, 0.0, 0.0, 1.0, 0.0], "(1, 2, 2, 2)": [2.0, 1.0, 1.0, 2.0, 1.0], "(1, 3, 2, 2)": [1.0, 1.0, 0.0, 1.0, 1.0], "(1, 3, 1, 2)": [0.0, 0.0, 0.0, 0.0, 1.0], "(1, 4, 1, 1)": [0.0, 0.0, 1.0, 0.0, 0.0], "(1, 5, 1, 1)": [1.0, 0.0, 0.0, 0.0, 0.0], "(2, 5, 1, 2)": [1.0, 0.0, 0.0, 0.0, 0.0]}}