{"q_values": {"(2, 7, 2, 2)": [-2.2071900367736816, -2.207463264465332, -2.2074995040893555, -2.2077853679656982, -2.208510160446167], "(2, 6, 2, 2)": [-2.2116096019744873, -2.211378335952759, -2.210829019546509, -2.2113864421844482, -2.2112255096435547], "(2, 5, 2, 2)": [-2.2122585773468018, -2.212228536605835, -2.2119617462158203, -2.212075710296631, -2.212000608444214], "(2, 2, 2, 2)": [-2.211644172668457, -2.211199998855591, -2.211219310760498, -2.21146297454834, -2.211479902267456], "(2, 1, 2, 2)": [-2.2086260318756104, -2.20784854888916, -2.20790433883667, -2.207688331604004, -2.2074263095855713], "(2, 3, 2, 2)": [-2.212270975112915, -2.211862564086914, -2.21205997467041, -2.2121102809906006, -2.2120561599731445], "(2, 4, 2, 2)": [-2.2125790119171143, -2.212113857269287, -2.2124602794647217, -2.212603807449341, -2.212023973464966], "(2, 6, 2, 3)": [-2.2129194736480713, -2.214634895324707, -2.2176690101623535, -2.217507839202881, -2.221580743789673], "(2, 1, 2, 1)": [-2.214603900909424, -2.2148020267486572, -2.2103450298309326, -2.211303949356079, -2.210524797439575], "(2, 2, 2, 1)": [-2.2222378253936768, -2.221731424331665, -2.2151687145233154, -2.2112128734588623, -2.2142326831817627], "(2, 4, 2, 3)": [-2.2126574516296387, -2.206742763519287, -2.2084543704986572, -2.2145485877990723, -2.246903896331787], "(2, 3, 2, 3)": [-2.2150955200195312, -2.222885847091675, -2.2065961360931396, -2.2247703075408936, -2.22318696975708], "(2, 7, 2, 3)": [-2.2060182094573975, -2.2099602222442627, -2.2127981185913086, -2.2104594707489014, -2.212728500366211], "(2, 5, 2, 3)": [-2.213510274887085, -2.2088816165924072, -2.2112114429473877, -2.218329668045044, -2.2146072387695312], "(2, 3, 2, 1)": [-2.218052864074707, -2.2142765522003174, -2.2243728637695312, -2.2119174003601074, -2.209484100341797], "(1, 1, 2, 2)": [-2.210784912109375, -2.2012858390808105, -2.21262526512146, -2.2000036239624023, -2.188620090484619], "(2, 4, 2, 1)": [-2.212991714477539, -2.2144479751586914, -2.213995933532715, -2.2050890922546387, -2.2109382152557373], "(2, 1, 1, 1)": [0.0, -2.232076644897461, -2.2099769115448, -2.20259952545166, -2.2235400676727295], "(2, 5, 3, 3)": [-2.2223284244537354, -2.2449278831481934, 0.0, 0.0, -2.2449278831481934], "(3, 7, 2, 2)": [-2.2023043632507324, -2.2022056579589844, -2.196859359741211, -2.2026898860931396, -2.2013003826141357], "(3, 6, 2, 2)": [-2.222224235534668, -2.2114500999450684, -2.2114500999450684, -2.1998794078826904, -2.2114500999450684], "(3, 5, 2, 2)": [-2.246162176132202, -2.222224235534668, -2.2247209548950195, -2.222224235534668, -2.222224235534668], "(2, 7, 3, 3)": [-2.2326600551605225, 0.0, -2.2039146423339844, 0.0, -2.2001051902770996], "(2, 4, 3, 3)": [0.0, 0.0, -2.2223284244537354, -2.2223284244537354, 0.0], "(2, 5, 2, 1)": [-2.1992297172546387, -2.2076666355133057, -2.239068031311035, -2.212855339050293, -2.198575258255005], "(2, 6, 3, 3)": [-2.203610897064209, -2.234649658203125, 0.0, 0.0, 0.0], "(2, 3, 1, 1)": [0.0, 0.0, -2.2467737197875977, 0.0, -2.220508575439453], "(2, 2, 1, 1)": [0.0, -2.202817678451538, 0.0, 0.0, 0.0], "(1, 5, 2, 2)": [-2.21724271774292, -2.218923568725586, -2.212319850921631, -2.212319850921631, -2.218923568725586], "(1, 4, 2, 2)": [-2.2197265625, -2.2197265625, -2.205716133117676, -2.225572109222412, -2.2123348712921143], "(3, 1, 2, 2)": [-2.212111711502075, -2.209770441055298, -2.2064783573150635, -2.2113571166992188, -2.2084522247314453], "(3, 2, 2, 2)": [-2.2219648361206055, -2.2121424674987793, -2.213611125946045, -2.2113571166992188, -2.21096134185791], "(2, 4, 1, 1)": [0.0, 0.0, -2.2109861373901367, -2.1992297172546387, 0.0], "(1, 2, 2, 2)": [-2.210832118988037, -2.20589542388916, -2.1996190547943115, -2.212736129760742, -2.199479341506958], "(1, 3, 2, 2)": [-2.1996190547943115, -2.1996190547943115, -2.199758768081665, -2.199479341506958, -2.1996190547943115], "(1, 3, 1, 2)": [0.0, 0.0, 0.0, 0.0, -2.199479341506958], "(1, 4, 1, 1)": [0.0, 0.0, -2.199479341506958, 0.0, 0.0], "(1, 5, 1, 1)": [-2.199479341506958, 0.0, 0.0, 0.0, 0.0], "(2, 5, 1, 2)": [-2.199479341506958, 0.0, 0.0, 0.0, 0.0], "(3, 3, 2, 2)": [-2.2027463912963867, -2.216723918914795, -2.213453769683838, -2.213453769683838, -2.2027525901794434], "(1, 7, 2, 2)": [-2.213076591491699, -2.2120537757873535, -2.2196145057678223, -2.213878631591797, 0.0], "(1, 6, 2, 2)": [-2.218923568725586, -2.21724271774292, -2.213078022003174, -2.21724271774292, -2.2122750282287598], "(3, 4, 2, 2)": [-2.2018613815307617, -2.2240118980407715, -2.246162176132202, 0.0, 0.0], "(2, 6, 2, 1)": [-2.2109861373901367, 0.0, 0.0, 0.0, 0.0], "(2, 5, 1, 1)": [0.0, -2.2109861373901367, 0.0, 0.0, 0.0], "(1, 6, 2, 3)": [0.0, -2.225572109222412, 0.0, 0.0, 0.0], "(3, 7, 2, 3)": [0.0, 0.0, -2.20898699760437, 0.0, 0.0], "(3, 1, 2, 1)": [0.0, -2.2459375858306885, 0.0, 0.0, 0.0]}, "n_values": {"(2, 7, 2, 2)": [866.0, 847.0, 936.0, 996.0, 1024.0], "(2, 6, 2, 2)": [866.0, 914.0, 976.0, 935.0, 1011.0], "(2, 5, 2, 2)": [793.0, 802.0, 843.0, 856.0, 965.0], "(2, 2, 2, 2)": [937.0, 916.0, 837.0, 818.0, 811.0], "(2, 1, 2, 2)": [978.0, 922.0, 856.0, 836.0, 845.0], "(2, 3, 2, 2)": [848.0, 841.0, 782.0, 749.0, 774.0], "(2, 4, 2, 2)": [794.0, 788.0, 774.0, 768.0, 860.0], "(2, 6, 2, 3)": [48.0, 46.0, 29.0, 38.0, 43.0], "(2, 1, 2, 1)": [31.0, 35.0, 41.0, 35.0, 38.0], "(2, 2, 2, 1)": [19.0, 26.0, 26.0, 31.0, 34.0], "(2, 4, 2, 3)": [8.0, 7.0, 11.0, 7.0, 2.0], "(2, 3, 2, 3)": [5.0, 3.0, 4.0, 4.0, 4.0], "(2, 7, 2, 3)": [48.0, 49.0, 41.0, 49.0, 46.0], "(2, 5, 2, 3)": [18.0, 28.0, 16.0, 20.0, 23.0], "(2, 3, 2, 1)": [9.0, 10.0, 10.0, 21.0, 24.0], "(1, 1, 2, 2)": [4.0, 5.0, 4.0, 4.0, 2.0], "(2, 4, 2, 1)": [8.0, 9.0, 14.0, 10.0, 12.0], "(2, 1, 1, 1)": [0.0, 1.0, 1.0, 1.0, 1.0], "(2, 5, 3, 3)": [1.0, 1.0, 0.0, 0.0, 1.0], "(3, 7, 2, 2)": [3.0, 5.0, 5.0, 7.0, 4.0], "(3, 6, 2, 2)": [2.0, 4.0, 4.0, 3.0, 4.0], "(3, 5, 2, 2)": [1.0, 2.0, 2.0, 2.0, 2.0], "(2, 7, 3, 3)": [1.0, 0.0, 2.0, 0.0, 1.0], "(2, 4, 3, 3)": [0.0, 0.0, 1.0, 1.0, 0.0], "(2, 5, 2, 1)": [1.0, 1.0, 1.0, 2.0, 1.0], "(2, 6, 3, 3)": [1.0, 2.0, 0.0, 0.0, 0.0], "(2, 3, 1, 1)": [0.0, 0.0, 1.0, 0.0, 1.0], "(2, 2, 1, 1)": [0.0, 1.0, 0.0, 0.0, 0.0], "(1, 5, 2, 2)": [3.0, 2.0, 4.0, 4.0, 2.0], "(1, 4, 2, 2)": [2.0, 2.0, 2.0, 1.0, 3.0], "(3, 1, 2, 2)": [6.0, 5.0, 3.0, 4.0, 6.0], "(3, 2, 2, 2)": [4.0, 7.0, 6.0, 4.0, 4.0], "(2, 4, 1, 1)": [0.0, 0.0, 1.0, 1.0, 0.0], "(1, 2, 2, 2)": [3.0, 3.0, 2.0, 4.0, 1.0], "(1, 3, 2, 2)": [2.0, 2.0, 1.0, 1.0, 2.0], "(1, 3, 1, 2)": [0.0, 0.0, 0.0, 0.0, 1.0], "(1, 4, 1, 1)": [0.0, 0.0, 1.0, 0.0, 0.0], "(1, 5, 1, 1)": [1.0, 0.0, 0.0, 0.0, 0.0], "(2, 5, 1, 2)": [1.0, 0.0, 0.0, 0.0, 0.0], "(3, 3, 2, 2)": [4.0, 3.0, 4.0, 4.0, 2.0], "(1, 7, 2, 2)": [2.0, 1.0, 2.0, 1.0, 0.0], "(1, 6, 2, 2)": [2.0, 3.0, 2.0, 3.0, 1.0], "(3, 4, 2, 2)": [1.0, 2.0, 1.0, 0.0, 0.0], "(2, 5, 1, 1)": [0.0, 1.0, 0.0, 0.0, 0.0], "(2, 6, 2, 1)": [1.0, 0.0, 0.0, 0.0, 0.0], "(1, 6, 2, 3)": [0.0, 1.0, 0.0, 0.0, 0.0], "(3, 7, 2, 3)": [0.0, 0.0, 1.0, 0.0, 0.0], "(3, 1, 2, 1)": [0.0, 1.0, 0.0, 0.0, 0.0]}}