{"q_values": {"(2, 7, 2, 2)": [-2.2072958946228027, -2.2075467109680176, -2.207627058029175, -2.2078475952148438, -2.208495855331421], "(2, 6, 2, 2)": [-2.211521625518799, -2.211338996887207, -2.2107694149017334, -2.211276054382324, -2.2112317085266113], "(2, 5, 2, 2)": [-2.212149143218994, -2.212053060531616, -2.211869955062866, -2.2120935916900635, -2.2119140625], "(2, 2, 2, 2)": [-2.211549758911133, -2.2111988067626953, -2.2112679481506348, -2.2114202976226807, -2.2114129066467285], "(2, 1, 2, 2)": [-2.208768367767334, -2.2079620361328125, -2.207843065261841, -2.2076642513275146, -2.207447052001953], "(2, 3, 2, 2)": [-2.2122137546539307, -2.2117841243743896, -2.211918830871582, -2.211806058883667, -2.211982011795044], "(2, 4, 2, 2)": [-2.212531805038452, -2.212172508239746, -2.2123701572418213, -2.212535858154297, -2.211947202682495], "(2, 6, 2, 3)": [-2.2134106159210205, -2.214048385620117, -2.2168567180633545, -2.21755313873291, -2.221867322921753], "(2, 1, 2, 1)": [-2.2135682106018066, -2.2157835960388184, -2.2118327617645264, -2.2098028659820557, -2.208935022354126], "(2, 2, 2, 1)": [-2.2226319313049316, -2.22309947013855, -2.2148075103759766, -2.2135169506073, -2.213947057723999], "(2, 4, 2, 3)": [-2.2109017372131348, -2.206153392791748, -2.211419105529785, -2.218233823776245, -2.224048376083374], "(2, 3, 2, 3)": [-2.217599868774414, -2.222885847091675, -2.205902338027954, -2.2257497310638428, -2.221313714981079], "(2, 7, 2, 3)": [-2.204634428024292, -2.209576368331909, -2.2127208709716797, -2.212514877319336, -2.210932970046997], "(2, 5, 2, 3)": [-2.211857318878174, -2.2089595794677734, -2.2094948291778564, -2.21921706199646, -2.214087724685669], "(2, 3, 2, 1)": [-2.2214560508728027, -2.2142765522003174, -2.2255914211273193, -2.2122092247009277, -2.2106313705444336], "(1, 1, 2, 2)": [-2.209841728210449, -2.204883337020874, -2.2101733684539795, -2.204451322555542, -2.1999497413635254], "(2, 4, 2, 1)": [-2.2148311138153076, -2.2144479751586914, -2.2122018337249756, -2.2087268829345703, -2.2097697257995605], "(2, 1, 1, 1)": [0.0, -2.232076644897461, -2.2099769115448, -2.20259952545166, -2.2235400676727295], "(2, 5, 3, 3)": [-2.2223284244537354, -2.2281575202941895, 0.0, 0.0, -2.2449278831481934], "(3, 7, 2, 2)": [-2.196871757507324, -2.2022056579589844, -2.200878620147705, -2.202651023864746, -2.205235004425049], "(3, 6, 2, 2)": [-2.222224235534668, -2.2114500999450684, -2.2114500999450684, -2.1998794078826904, -2.2114500999450684], "(3, 5, 2, 2)": [-2.246162176132202, -2.222224235534668, -2.2247209548950195, -2.222224235534668, -2.222224235534668], "(2, 7, 3, 3)": [-2.2326600551605225, 0.0, -2.2039146423339844, 0.0, -2.2001051902770996], "(2, 4, 3, 3)": [-2.2138209342956543, 0.0, -2.2223284244537354, -2.2223284244537354, 0.0], "(2, 5, 2, 1)": [-2.201934814453125, -2.2076666355133057, -2.225461959838867, -2.212855339050293, -2.198575258255005], "(2, 6, 3, 3)": [-2.203610897064209, -2.234649658203125, 0.0, 0.0, 0.0], "(2, 3, 1, 1)": [0.0, 0.0, -2.2467737197875977, 0.0, -2.220508575439453], "(2, 2, 1, 1)": [0.0, -2.202817678451538, 0.0, 0.0, 0.0], "(1, 5, 2, 2)": [-2.2208406925201416, -2.2225804328918457, -2.2151365280151367, -2.2150702476501465, -2.2225804328918457], "(1, 4, 2, 2)": [-2.221951961517334, -2.221951961517334, -2.212611675262451, -2.225987434387207, -2.217895746231079], "(3, 1, 2, 2)": [-2.212111711502075, -2.209770441055298, -2.209998846054077, -2.208756685256958, -2.2084522247314453], "(3, 2, 2, 2)": [-2.2219648361206055, -2.2131946086883545, -2.214603900909424, -2.2113571166992188, -2.21096134185791], "(2, 4, 1, 1)": [0.0, 0.0, -2.2109861373901367, -2.1992297172546387, 0.0], "(1, 2, 2, 2)": [-2.209304094314575, -2.2077555656433105, -2.2056169509887695, -2.211412191390991, -2.2036936283111572], "(1, 3, 2, 2)": [-2.2046866416931152, -2.2046866416931152, -2.199758768081665, -2.199479341506958, -2.1996190547943115], "(1, 3, 1, 2)": [0.0, 0.0, 0.0, 0.0, -2.199479341506958], "(1, 4, 1, 1)": [0.0, 0.0, -2.199479341506958, 0.0, 0.0], "(1, 5, 1, 1)": [-2.199479341506958, 0.0, 0.0, 0.0, 0.0], "(2, 5, 1, 2)": [-2.199479341506958, 0.0, 0.0, 0.0, 0.0], "(3, 3, 2, 2)": [-2.2063090801239014, -2.2176830768585205, -2.2148749828338623, -2.2148749828338623, -2.2027525901794434], "(1, 7, 2, 2)": [-2.2196013927459717, -2.2192282676696777, -2.213787078857422, -2.2088451385498047, -2.226180076599121], "(1, 6, 2, 2)": [-2.221416711807251, -2.2195327281951904, -2.2196576595306396, -2.2208406925201416, -2.219338893890381], "(3, 4, 2, 2)": [-2.2018613815307617, -2.2240118980407715, -2.246162176132202, 0.0, 0.0], "(2, 6, 2, 1)": [-2.2109861373901367, -2.2079079151153564, 0.0, -2.2079079151153564, 0.0], "(2, 5, 1, 1)": [0.0, -2.2109861373901367, 0.0, 0.0, 0.0], "(1, 6, 2, 3)": [0.0, -2.225572109222412, 0.0, 0.0, 0.0], "(3, 7, 2, 3)": [0.0, 0.0, -2.20898699760437, 0.0, 0.0], "(3, 1, 2, 1)": [0.0, -2.2459375858306885, 0.0, 0.0, 0.0], "(2, 3, 3, 3)": [0.0, -2.2113871574401855, 0.0, 0.0, 0.0], "(2, 2, 2, 3)": [0.0, 0.0, 0.0, 0.0, -2.21260404586792], "(1, 1, 2, 1)": [0.0, 0.0, 0.0, -2.2084572315216064, 0.0], "(1, 3, 2, 1)": [0.0, 0.0, 0.0, 0.0, -2.2148215770721436], "(1, 4, 2, 1)": [0.0, 0.0, -2.2148215770721436, 0.0, 0.0]}, "n_values": {"(2, 7, 2, 2)": [1056.0, 1013.0, 1123.0, 1185.0, 1230.0], "(2, 6, 2, 2)": [1039.0, 1082.0, 1182.0, 1133.0, 1215.0], "(2, 5, 2, 2)": [955.0, 957.0, 1018.0, 1036.0, 1167.0], "(2, 2, 2, 2)": [1113.0, 1112.0, 1005.0, 982.0, 975.0], "(2, 1, 2, 2)": [1147.0, 1096.0, 1018.0, 997.0, 1018.0], "(2, 3, 2, 2)": [1013.0, 1011.0, 924.0, 897.0, 911.0], "(2, 4, 2, 2)": [933.0, 943.0, 926.0, 924.0, 1038.0], "(2, 6, 2, 3)": [64.0, 51.0, 35.0, 51.0, 51.0], "(2, 1, 2, 1)": [37.0, 40.0, 45.0, 43.0, 46.0], "(2, 2, 2, 1)": [20.0, 28.0, 28.0, 35.0, 38.0], "(2, 4, 2, 3)": [12.0, 10.0, 12.0, 8.0, 5.0], "(2, 3, 2, 3)": [6.0, 3.0, 5.0, 6.0, 5.0], "(2, 7, 2, 3)": [58.0, 60.0, 56.0, 60.0, 56.0], "(2, 5, 2, 3)": [26.0, 34.0, 20.0, 23.0, 30.0], "(2, 3, 2, 1)": [11.0, 10.0, 11.0, 24.0, 28.0], "(1, 1, 2, 2)": [8.0, 9.0, 8.0, 8.0, 7.0], "(2, 4, 2, 1)": [9.0, 9.0, 16.0, 12.0, 15.0], "(2, 1, 1, 1)": [0.0, 1.0, 1.0, 1.0, 1.0], "(2, 5, 3, 3)": [1.0, 2.0, 0.0, 0.0, 1.0], "(3, 7, 2, 2)": [4.0, 5.0, 6.0, 8.0, 5.0], "(3, 6, 2, 2)": [2.0, 4.0, 4.0, 3.0, 4.0], "(3, 5, 2, 2)": [1.0, 2.0, 2.0, 2.0, 2.0], "(2, 7, 3, 3)": [1.0, 0.0, 2.0, 0.0, 1.0], "(2, 4, 3, 3)": [1.0, 0.0, 1.0, 1.0, 0.0], "(2, 5, 2, 1)": [2.0, 1.0, 2.0, 2.0, 1.0], "(2, 6, 3, 3)": [1.0, 2.0, 0.0, 0.0, 0.0], "(2, 3, 1, 1)": [0.0, 0.0, 1.0, 0.0, 1.0], "(2, 2, 1, 1)": [0.0, 1.0, 0.0, 0.0, 0.0], "(1, 5, 2, 2)": [5.0, 4.0, 5.0, 5.0, 4.0], "(1, 4, 2, 2)": [3.0, 3.0, 3.0, 2.0, 5.0], "(3, 1, 2, 2)": [6.0, 5.0, 4.0, 5.0, 6.0], "(3, 2, 2, 2)": [4.0, 8.0, 7.0, 4.0, 4.0], "(2, 4, 1, 1)": [0.0, 0.0, 1.0, 1.0, 0.0], "(1, 2, 2, 2)": [5.0, 6.0, 5.0, 5.0, 2.0], "(1, 3, 2, 2)": [3.0, 3.0, 1.0, 1.0, 2.0], "(1, 3, 1, 2)": [0.0, 0.0, 0.0, 0.0, 1.0], "(1, 4, 1, 1)": [0.0, 0.0, 1.0, 0.0, 0.0], "(1, 5, 1, 1)": [1.0, 0.0, 0.0, 0.0, 0.0], "(2, 5, 1, 2)": [1.0, 0.0, 0.0, 0.0, 0.0], "(3, 3, 2, 2)": [5.0, 4.0, 5.0, 5.0, 2.0], "(1, 7, 2, 2)": [4.0, 2.0, 5.0, 2.0, 1.0], "(1, 6, 2, 2)": [3.0, 4.0, 4.0, 5.0, 2.0], "(3, 4, 2, 2)": [1.0, 2.0, 1.0, 0.0, 0.0], "(2, 5, 1, 1)": [0.0, 1.0, 0.0, 0.0, 0.0], "(2, 6, 2, 1)": [1.0, 1.0, 0.0, 1.0, 0.0], "(1, 6, 2, 3)": [0.0, 1.0, 0.0, 0.0, 0.0], "(3, 7, 2, 3)": [0.0, 0.0, 1.0, 0.0, 0.0], "(3, 1, 2, 1)": [0.0, 1.0, 0.0, 0.0, 0.0], "(2, 3, 3, 3)": [0.0, 1.0, 0.0, 0.0, 0.0], "(2, 2, 2, 3)": [0.0, 0.0, 0.0, 0.0, 2.0], "(1, 1, 2, 1)": [0.0, 0.0, 0.0, 1.0, 0.0], "(1, 3, 2, 1)": [0.0, 0.0, 0.0, 0.0, 1.0], "(1, 4, 2, 1)": [0.0, 0.0, 1.0, 0.0, 0.0]}}