{"q_values": {"(2, 7, 2, 2)": [-2.4077277183532715, -2.402459144592285, -2.405703544616699, -2.4016201496124268, -2.402534008026123], "(2, 6, 2, 2)": [-2.432560682296753, -2.4325475692749023, -2.4326062202453613, -2.432452440261841, -2.4328229427337646], "(2, 5, 2, 2)": [-2.433614730834961, -2.433397054672241, -2.4333345890045166, -2.433720111846924, -2.433598041534424], "(2, 2, 2, 2)": [-2.432993173599243, -2.432976007461548, -2.4327144622802734, -2.4327402114868164, -2.433408737182617], "(2, 1, 2, 2)": [-2.4034152030944824, -2.4073731899261475, -2.4061129093170166, -2.401832342147827, -2.4042091369628906], "(2, 3, 2, 2)": [-2.4336588382720947, -2.433743476867676, -2.4335899353027344, -2.433610200881958, -2.433954954147339], "(2, 4, 2, 2)": [-2.4339747428894043, -2.433652877807617, -2.4336044788360596, -2.433717727661133, -2.433950185775757], "(2, 6, 2, 3)": [-2.436927318572998, -2.4349701404571533, -2.441938638687134, -2.4439356327056885, -2.452054262161255], "(2, 1, 2, 1)": [-2.282043218612671, -2.3280224800109863, -2.3375589847564697, -2.318573236465454, -2.3096320629119873], "(2, 2, 2, 1)": [-2.43784236907959, -2.4426708221435547, -2.438277006149292, -2.4372241497039795, -2.4339895248413086], "(2, 4, 2, 3)": [-2.432298183441162, -2.4348766803741455, -2.44368839263916, -2.441070318222046, -2.4452881813049316], "(2, 3, 2, 3)": [-2.4347755908966064, -2.4221460819244385, -2.4355850219726562, -2.445174217224121, -2.4678843021392822], "(2, 7, 2, 3)": [-2.3285791873931885, -2.2976179122924805, -2.3230528831481934, -2.3596723079681396, -2.306509256362915], "(2, 5, 2, 3)": [-2.434962272644043, -2.4328370094299316, -2.4448893070220947, -2.4384031295776367, -2.433879852294922], "(2, 3, 2, 1)": [-2.4419753551483154, -2.440596103668213, -2.441145896911621, -2.4379665851593018, -2.4394397735595703], "(1, 1, 2, 2)": [-2.3796777725219727, -2.431795120239258, -2.4241740703582764, -2.3475146293640137, -2.374577522277832], "(2, 4, 2, 1)": [-2.4333369731903076, -2.442993402481079, -2.4364728927612305, -2.4349429607391357, -2.4361519813537598], "(2, 1, 1, 1)": [0.0, -2.4309744834899902, -2.2099769115448, 0.0, 0.0], "(2, 5, 3, 3)": [0.0, -2.4693961143493652, 0.0, 0.0, -2.4694182872772217], "(1, 2, 2, 2)": [-2.429165840148926, -2.433196544647217, -2.4341256618499756, -2.427264451980591, -2.4311981201171875], "(2, 7, 3, 3)": [-2.3278298377990723, 0.0, -2.411555528640747, 0.0, -2.2256298065185547], "(3, 7, 2, 2)": [-2.4436542987823486, -2.4428551197052, -2.4342689514160156, -2.442765712738037, -2.4547348022460938], "(3, 6, 2, 2)": [-2.4547348022460938, -2.443662166595459, -2.443662166595459, -2.4547348022460938, -2.443662166595459], "(3, 5, 2, 2)": [-2.462446689605713, -2.4547348022460938, -2.462446689605713, -2.443662166595459, -2.462446689605713], "(2, 5, 2, 1)": [0.0, -2.440950870513916, -2.4314022064208984, -2.4408273696899414, -2.4662926197052], "(2, 6, 2, 1)": [0.0, -2.4500937461853027, -2.4356791973114014, 0.0, 0.0], "(3, 1, 2, 2)": [-2.432966947555542, -2.419466257095337, -2.4358344078063965, -2.4304263591766357, -2.420963764190674], "(3, 2, 2, 2)": [-2.4363274574279785, -2.436326503753662, -2.4363272190093994, -2.4400932788848877, -2.4363274574279785], "(3, 3, 2, 2)": [-2.4437379837036133, -2.435678720474243, -2.4363274574279785, -2.4276208877563477, -2.4419162273406982], "(3, 4, 2, 2)": [-2.45035982131958, -2.438272714614868, -2.462446689605713, -2.462446689605713, -2.462446689605713], "(1, 3, 2, 2)": [-2.426316738128662, -2.426316738128662, -2.426316738128662, -2.426316738128662, -2.426316738128662], "(1, 6, 2, 2)": [-2.4332966804504395, -2.43328857421875, -2.432431697845459, -2.4332966804504395, -2.4368624687194824], "(1, 7, 2, 2)": [-2.4331343173980713, -2.4312124252319336, -2.4293770790100098, -2.4202382564544678, -2.4261624813079834], "(1, 5, 2, 3)": [-2.4261624813079834, 0.0, 0.0, 0.0, 0.0], "(1, 5, 2, 2)": [-2.4387009143829346, -2.4387009143829346, -2.4387009143829346, -2.4332966804504395, -2.4332966804504395], "(1, 4, 2, 2)": [-2.426316738128662, -2.426316738128662, -2.4261624813079834, -2.426316738128662, -2.4261624813079834], "(3, 1, 2, 1)": [-2.4378223419189453, 0.0, -2.2162020206451416, 0.0, 0.0], "(3, 7, 2, 3)": [0.0, 0.0, -2.2023208141326904, 0.0, 0.0]}, "n_values": {"(2, 7, 2, 2)": [582.0, 631.0, 637.0, 677.0, 734.0], "(2, 6, 2, 2)": [590.0, 606.0, 619.0, 653.0, 681.0], "(2, 5, 2, 2)": [566.0, 571.0, 652.0, 609.0, 665.0], "(2, 2, 2, 2)": [766.0, 702.0, 697.0, 661.0, 629.0], "(2, 1, 2, 2)": [810.0, 730.0, 707.0, 689.0, 610.0], "(2, 3, 2, 2)": [683.0, 650.0, 646.0, 635.0, 603.0], "(2, 4, 2, 2)": [634.0, 626.0, 597.0, 603.0, 611.0], "(2, 6, 2, 3)": [17.0, 24.0, 24.0, 30.0, 19.0], "(2, 1, 2, 1)": [45.0, 33.0, 31.0, 28.0, 30.0], "(2, 2, 2, 1)": [17.0, 21.0, 17.0, 27.0, 30.0], "(2, 4, 2, 3)": [7.0, 11.0, 2.0, 10.0, 5.0], "(2, 3, 2, 3)": [2.0, 3.0, 5.0, 2.0, 2.0], "(2, 7, 2, 3)": [33.0, 34.0, 25.0, 36.0, 33.0], "(2, 5, 2, 3)": [11.0, 13.0, 13.0, 21.0, 13.0], "(2, 3, 2, 1)": [13.0, 12.0, 8.0, 21.0, 21.0], "(1, 1, 2, 2)": [5.0, 7.0, 6.0, 6.0, 5.0], "(2, 4, 2, 1)": [5.0, 3.0, 7.0, 10.0, 8.0], "(2, 1, 1, 1)": [0.0, 1.0, 1.0, 0.0, 0.0], "(2, 5, 3, 3)": [0.0, 1.0, 0.0, 0.0, 1.0], "(1, 2, 2, 2)": [3.0, 5.0, 5.0, 2.0, 4.0], "(2, 7, 3, 3)": [2.0, 0.0, 1.0, 0.0, 1.0], "(3, 7, 2, 2)": [3.0, 3.0, 2.0, 3.0, 2.0], "(3, 6, 2, 2)": [2.0, 3.0, 3.0, 2.0, 3.0], "(3, 5, 2, 2)": [1.0, 2.0, 1.0, 3.0, 1.0], "(2, 5, 2, 1)": [0.0, 3.0, 4.0, 3.0, 1.0], "(2, 6, 2, 1)": [0.0, 1.0, 1.0, 0.0, 0.0], "(3, 1, 2, 2)": [3.0, 3.0, 1.0, 2.0, 2.0], "(3, 2, 2, 2)": [4.0, 4.0, 4.0, 3.0, 4.0], "(3, 3, 2, 2)": [2.0, 3.0, 4.0, 3.0, 3.0], "(3, 4, 2, 2)": [2.0, 1.0, 1.0, 1.0, 1.0], "(1, 7, 2, 2)": [3.0, 2.0, 2.0, 2.0, 1.0], "(1, 6, 2, 2)": [3.0, 3.0, 2.0, 3.0, 2.0], "(1, 5, 2, 3)": [1.0, 0.0, 0.0, 0.0, 0.0], "(1, 5, 2, 2)": [1.0, 1.0, 1.0, 3.0, 3.0], "(1, 3, 2, 2)": [2.0, 2.0, 2.0, 2.0, 2.0], "(1, 4, 2, 2)": [2.0, 2.0, 1.0, 2.0, 1.0], "(3, 1, 2, 1)": [1.0, 0.0, 1.0, 0.0, 0.0], "(3, 7, 2, 3)": [0.0, 0.0, 1.0, 0.0, 0.0]}}