{"q_values": {"(2, 7, 2, 2)": [-2.207095146179199, -2.207388401031494, -2.207613468170166, -2.2076733112335205, -2.208444356918335], "(2, 6, 2, 2)": [-2.2112042903900146, -2.2110981941223145, -2.210707426071167, -2.2113494873046875, -2.2110841274261475], "(2, 5, 2, 2)": [-2.2119719982147217, -2.212106943130493, -2.211869955062866, -2.211880683898926, -2.211719274520874], "(2, 2, 2, 2)": [-2.2115373611450195, -2.2110695838928223, -2.211103677749634, -2.2112326622009277, -2.2113025188446045], "(2, 1, 2, 2)": [-2.208700656890869, -2.2080373764038086, -2.2079427242279053, -2.207728147506714, -2.207415819168091], "(2, 3, 2, 2)": [-2.2120416164398193, -2.2116048336029053, -2.2116971015930176, -2.21170711517334, -2.2117831707000732], "(2, 4, 2, 2)": [-2.2123191356658936, -2.2120413780212402, -2.2122554779052734, -2.2123100757598877, -2.211869478225708], "(2, 6, 2, 3)": [-2.2128612995147705, -2.213007926940918, -2.215932846069336, -2.217327117919922, -2.2223474979400635], "(2, 1, 2, 1)": [-2.2133851051330566, -2.2176830768585205, -2.212547779083252, -2.207629919052124, -2.210265874862671], "(2, 2, 2, 1)": [-2.2246618270874023, -2.2260961532592773, -2.213970184326172, -2.2130305767059326, -2.2123570442199707], "(2, 4, 2, 3)": [-2.2110626697540283, -2.2068910598754883, -2.2116947174072266, -2.215500593185425, -2.22261905670166], "(2, 3, 2, 3)": [-2.213273286819458, -2.222885847091675, -2.206472635269165, -2.2257497310638428, -2.2256321907043457], "(2, 7, 2, 3)": [-2.205866575241089, -2.210251569747925, -2.213132858276367, -2.2122013568878174, -2.2120492458343506], "(2, 5, 2, 3)": [-2.21075701713562, -2.2095181941986084, -2.2116713523864746, -2.21736216545105, -2.2151708602905273], "(2, 3, 2, 1)": [-2.218549966812134, -2.2199690341949463, -2.223923921585083, -2.2147057056427, -2.21030330657959], "(1, 1, 2, 2)": [-2.2130632400512695, -2.2065281867980957, -2.213601589202881, -2.208458423614502, -2.2074074745178223], "(2, 4, 2, 1)": [-2.2222039699554443, -2.2183837890625, -2.211329698562622, -2.20832896232605, -2.212022542953491], "(2, 1, 1, 1)": [0.0, -2.232076644897461, -2.2099769115448, -2.20259952545166, -2.2235400676727295], "(2, 5, 3, 3)": [-2.2223284244537354, -2.2281575202941895, 0.0, -2.2274205684661865, -2.2449278831481934], "(3, 7, 2, 2)": [-2.201049566268921, -2.206233024597168, -2.2024407386779785, -2.2031872272491455, -2.207995891571045], "(3, 6, 2, 2)": [-2.2192628383636475, -2.211449146270752, -2.2118890285491943, -2.2064900398254395, -2.211449146270752], "(3, 5, 2, 2)": [-2.2206296920776367, -2.214409828186035, -2.2171597480773926, -2.216161012649536, -2.216161012649536], "(2, 7, 3, 3)": [-2.229928970336914, -2.201188087463379, -2.2039146423339844, 0.0, -2.2001051902770996], "(2, 4, 3, 3)": [-2.2200424671173096, 0.0, -2.2223284244537354, -2.2223284244537354, 0.0], "(2, 5, 2, 1)": [-2.201934814453125, -2.20951247215271, -2.2175557613372803, -2.209820032119751, -2.203627109527588], "(2, 6, 3, 3)": [-2.203610897064209, -2.234649658203125, -2.247222900390625, -2.2373228073120117, -2.213517904281616], "(2, 3, 1, 1)": [0.0, 0.0, -2.2467737197875977, 0.0, -2.220508575439453], "(2, 2, 1, 1)": [0.0, -2.202817678451538, 0.0, 0.0, 0.0], "(1, 5, 2, 2)": [-2.2208406925201416, -2.2225804328918457, -2.2176077365875244, -2.2150702476501465, -2.2240569591522217], "(1, 4, 2, 2)": [-2.221951961517334, -2.221951961517334, -2.212611675262451, -2.225987434387207, -2.217895746231079], "(3, 1, 2, 2)": [-2.217839241027832, -2.2075107097625732, -2.2109663486480713, -2.2099409103393555, -2.209564447402954], "(3, 2, 2, 2)": [-2.221484422683716, -2.218050956726074, -2.2193892002105713, -2.2134854793548584, -2.219362258911133], "(2, 4, 1, 1)": [0.0, -2.2033262252807617, -2.207156181335449, -2.1992297172546387, 0.0], "(1, 2, 2, 2)": [-2.2154788970947266, -2.2137603759765625, -2.213174343109131, -2.2188720703125, -2.2202606201171875], "(1, 3, 2, 2)": [-2.217608690261841, -2.208498001098633, -2.2223052978515625, -2.199479341506958, -2.2165989875793457], "(1, 3, 1, 2)": [0.0, 0.0, 0.0, 0.0, -2.199479341506958], "(1, 4, 1, 1)": [0.0, 0.0, -2.199479341506958, 0.0, 0.0], "(1, 5, 1, 1)": [-2.199479341506958, 0.0, 0.0, 0.0, 0.0], "(2, 5, 1, 2)": [-2.199479341506958, 0.0, 0.0, 0.0, 0.0], "(3, 3, 2, 2)": [-2.214393138885498, -2.2207939624786377, -2.2191519737243652, -2.220625877380371, -2.209148406982422], "(1, 7, 2, 2)": [-2.2196013927459717, -2.217233896255493, -2.2093398571014404, -2.2088351249694824, -2.2231295108795166], "(1, 6, 2, 2)": [-2.223553419113159, -2.2166929244995117, -2.2167930603027344, -2.219928741455078, -2.218493938446045], "(3, 4, 2, 2)": [-2.209228277206421, -2.2190024852752686, -2.220517635345459, -2.2121188640594482, -2.2121188640594482], "(2, 6, 2, 1)": [-2.2109861373901367, -2.2079079151153564, 0.0, -2.2079079151153564, 0.0], "(2, 5, 1, 1)": [0.0, -2.2109861373901367, 0.0, 0.0, 0.0], "(1, 6, 2, 3)": [0.0, -2.225572109222412, 0.0, 0.0, 0.0], "(3, 7, 2, 3)": [0.0, 0.0, -2.20898699760437, 0.0, 0.0], "(3, 1, 2, 1)": [-2.261857271194458, -2.2459375858306885, 0.0, 0.0, 0.0], "(2, 3, 3, 3)": [0.0, -2.2113871574401855, 0.0, 0.0, 0.0], "(2, 2, 2, 3)": [0.0, 0.0, 0.0, -2.1980502605438232, -2.21260404586792], "(1, 1, 2, 1)": [0.0, 0.0, 0.0, -2.2084572315216064, 0.0], "(1, 3, 2, 1)": [0.0, 0.0, 0.0, 0.0, -2.2148215770721436], "(1, 4, 2, 1)": [0.0, 0.0, -2.2148215770721436, 0.0, 0.0], "(2, 3, 1, 2)": [0.0, 0.0, 0.0, -2.2033262252807617, 0.0]}, "n_values": {"(2, 7, 2, 2)": [1540.0, 1411.0, 1536.0, 1638.0, 1696.0], "(2, 6, 2, 2)": [1414.0, 1471.0, 1654.0, 1574.0, 1679.0], "(2, 5, 2, 2)": [1318.0, 1321.0, 1399.0, 1393.0, 1620.0], "(2, 2, 2, 2)": [1480.0, 1483.0, 1382.0, 1311.0, 1295.0], "(2, 1, 2, 2)": [1547.0, 1473.0, 1389.0, 1340.0, 1414.0], "(2, 3, 2, 2)": [1309.0, 1367.0, 1211.0, 1187.0, 1208.0], "(2, 4, 2, 2)": [1222.0, 1225.0, 1233.0, 1227.0, 1383.0], "(2, 6, 2, 3)": [88.0, 70.0, 50.0, 71.0, 67.0], "(2, 1, 2, 1)": [46.0, 47.0, 60.0, 56.0, 57.0], "(2, 2, 2, 1)": [25.0, 36.0, 35.0, 46.0, 52.0], "(2, 4, 2, 3)": [14.0, 11.0, 16.0, 12.0, 10.0], "(2, 3, 2, 3)": [8.0, 3.0, 7.0, 6.0, 6.0], "(2, 7, 2, 3)": [86.0, 86.0, 77.0, 77.0, 71.0], "(2, 5, 2, 3)": [36.0, 50.0, 29.0, 30.0, 38.0], "(2, 3, 2, 1)": [13.0, 15.0, 14.0, 29.0, 36.0], "(1, 1, 2, 2)": [13.0, 12.0, 12.0, 12.0, 11.0], "(2, 4, 2, 1)": [16.0, 12.0, 21.0, 15.0, 20.0], "(2, 1, 1, 1)": [0.0, 1.0, 1.0, 1.0, 1.0], "(2, 5, 3, 3)": [1.0, 2.0, 0.0, 1.0, 1.0], "(3, 7, 2, 2)": [9.0, 7.0, 8.0, 12.0, 9.0], "(3, 6, 2, 2)": [4.0, 8.0, 7.0, 7.0, 8.0], "(3, 5, 2, 2)": [4.0, 4.0, 5.0, 5.0, 5.0], "(2, 7, 3, 3)": [2.0, 2.0, 2.0, 0.0, 1.0], "(2, 4, 3, 3)": [3.0, 0.0, 1.0, 1.0, 0.0], "(2, 5, 2, 1)": [2.0, 5.0, 5.0, 4.0, 4.0], "(2, 6, 3, 3)": [1.0, 2.0, 1.0, 2.0, 2.0], "(2, 3, 1, 1)": [0.0, 0.0, 1.0, 0.0, 1.0], "(2, 2, 1, 1)": [0.0, 1.0, 0.0, 0.0, 0.0], "(1, 5, 2, 2)": [5.0, 4.0, 6.0, 5.0, 5.0], "(1, 4, 2, 2)": [3.0, 3.0, 3.0, 2.0, 5.0], "(3, 1, 2, 2)": [9.0, 7.0, 6.0, 7.0, 8.0], "(3, 2, 2, 2)": [6.0, 12.0, 11.0, 7.0, 8.0], "(2, 4, 1, 1)": [0.0, 1.0, 2.0, 1.0, 0.0], "(1, 2, 2, 2)": [8.0, 9.0, 8.0, 8.0, 5.0], "(1, 3, 2, 2)": [5.0, 4.0, 3.0, 1.0, 4.0], "(1, 3, 1, 2)": [0.0, 0.0, 0.0, 0.0, 1.0], "(1, 4, 1, 1)": [0.0, 0.0, 1.0, 0.0, 0.0], "(1, 5, 1, 1)": [1.0, 0.0, 0.0, 0.0, 0.0], "(2, 5, 1, 2)": [1.0, 0.0, 0.0, 0.0, 0.0], "(3, 3, 2, 2)": [9.0, 7.0, 9.0, 7.0, 4.0], "(1, 7, 2, 2)": [4.0, 3.0, 7.0, 5.0, 3.0], "(1, 6, 2, 2)": [4.0, 5.0, 5.0, 7.0, 4.0], "(3, 4, 2, 2)": [5.0, 4.0, 4.0, 3.0, 3.0], "(2, 5, 1, 1)": [0.0, 1.0, 0.0, 0.0, 0.0], "(2, 6, 2, 1)": [1.0, 1.0, 0.0, 1.0, 0.0], "(1, 6, 2, 3)": [0.0, 1.0, 0.0, 0.0, 0.0], "(3, 7, 2, 3)": [0.0, 0.0, 1.0, 0.0, 0.0], "(3, 1, 2, 1)": [1.0, 1.0, 0.0, 0.0, 0.0], "(2, 3, 3, 3)": [0.0, 1.0, 0.0, 0.0, 0.0], "(2, 2, 2, 3)": [0.0, 0.0, 0.0, 1.0, 2.0], "(1, 1, 2, 1)": [0.0, 0.0, 0.0, 1.0, 0.0], "(1, 3, 2, 1)": [0.0, 0.0, 0.0, 0.0, 1.0], "(1, 4, 2, 1)": [0.0, 0.0, 1.0, 0.0, 0.0], "(2, 3, 1, 2)": [0.0, 0.0, 0.0, 1.0, 0.0]}}