{"q_values": {"(2, 7, 2, 2)": [-2.2069084644317627, -2.207347869873047, -2.207742691040039, -2.2074193954467773, -2.2084529399871826], "(2, 6, 2, 2)": [-2.2116971015930176, -2.2113728523254395, -2.210869550704956, -2.2114694118499756, -2.2112300395965576], "(2, 5, 2, 2)": [-2.2125325202941895, -2.21216082572937, -2.212104558944702, -2.2121152877807617, -2.211930751800537], "(2, 2, 2, 2)": [-2.211730480194092, -2.2115068435668945, -2.2116825580596924, -2.2118167877197266, -2.2119321823120117], "(2, 1, 2, 2)": [-2.2088496685028076, -2.2081351280212402, -2.208301544189453, -2.2079288959503174, -2.2074341773986816], "(2, 3, 2, 2)": [-2.212430238723755, -2.2120609283447266, -2.2122793197631836, -2.2124857902526855, -2.212284564971924], "(2, 4, 2, 2)": [-2.2128453254699707, -2.212390661239624, -2.212584972381592, -2.2128188610076904, -2.212207794189453], "(2, 6, 2, 3)": [-2.212740421295166, -2.215318202972412, -2.2180910110473633, -2.2168519496917725, -2.221923351287842], "(2, 1, 2, 1)": [-2.2119688987731934, -2.2144289016723633, -2.21110200881958, -2.210505485534668, -2.211397647857666], "(2, 2, 2, 1)": [-2.2225639820098877, -2.2221720218658447, -2.2144689559936523, -2.210186719894409, -2.213282346725464], "(2, 4, 2, 3)": [-2.2133028507232666, -2.206742763519287, -2.2077579498291016, -2.212453842163086, -2.246903896331787], "(2, 3, 2, 3)": [-2.2150955200195312, 0.0, -2.2128283977508545, -2.2195253372192383, -2.221877336502075], "(2, 7, 2, 3)": [-2.206148386001587, -2.210399866104126, -2.214503049850464, -2.211592435836792, -2.210801362991333], "(2, 5, 2, 3)": [-2.2134947776794434, -2.2088537216186523, -2.2087080478668213, -2.2193875312805176, -2.212843656539917], "(2, 3, 2, 1)": [-2.218153715133667, -2.216485023498535, -2.2218594551086426, -2.2119879722595215, -2.209784746170044], "(1, 1, 2, 2)": [-2.210784912109375, -2.2016682624816895, -2.216987371444702, -2.2000036239624023, -2.199479341506958], "(2, 4, 2, 1)": [-2.2149012088775635, -2.2130281925201416, -2.2113492488861084, -2.2073442935943604, -2.2105066776275635], "(2, 1, 1, 1)": [0.0, -2.232076644897461, -2.2099769115448, -2.20259952545166, -2.2235400676727295], "(2, 5, 3, 3)": [-2.2223284244537354, -2.2449278831481934, 0.0, 0.0, -2.2449278831481934], "(3, 7, 2, 2)": [-2.2023043632507324, -2.2022056579589844, -2.196859359741211, -2.2026898860931396, -2.2013003826141357], "(3, 6, 2, 2)": [-2.198286294937134, -2.1998794078826904, -2.1998794078826904, -2.1998794078826904, -2.1998794078826904], "(3, 5, 2, 2)": [0.0, -2.198286294937134, -2.203279495239258, -2.198286294937134, -2.198286294937134], "(2, 7, 3, 3)": [-2.2326600551605225, 0.0, -2.1767523288726807, 0.0, -2.2001051902770996], "(2, 4, 3, 3)": [0.0, 0.0, -2.2223284244537354, -2.2223284244537354, 0.0], "(2, 5, 2, 1)": [-2.1992297172546387, -2.2076666355133057, -2.239068031311035, -2.2255606651306152, 0.0], "(2, 6, 3, 3)": [-2.203610897064209, -2.237999677658081, 0.0, 0.0, 0.0], "(2, 3, 1, 1)": [0.0, 0.0, -2.2467737197875977, 0.0, -2.220508575439453], "(2, 2, 1, 1)": [0.0, -2.202817678451538, 0.0, 0.0, 0.0], "(1, 5, 2, 2)": [-2.213880777359009, 0.0, -2.205716133117676, -2.205716133117676, 0.0], "(1, 4, 2, 2)": [-2.213880777359009, -2.213880777359009, -2.205716133117676, 0.0, -2.205716133117676], "(3, 1, 2, 2)": [-2.2053020000457764, -2.209770441055298, -2.2064783573150635, -2.2113571166992188, -2.2084522247314453], "(3, 2, 2, 2)": [-2.2138988971710205, -2.2071008682250977, -2.2071008682250977, -2.2113571166992188, -2.21096134185791], "(2, 4, 1, 1)": [0.0, 0.0, 0.0, -2.1992297172546387, 0.0], "(1, 2, 2, 2)": [-2.2163689136505127, -2.2089638710021973, -2.199479341506958, -2.217061996459961, -2.199479341506958], "(1, 3, 2, 2)": [-2.199479341506958, -2.199479341506958, 0.0, -2.199479341506958, -2.199479341506958], "(1, 3, 1, 2)": [0.0, 0.0, 0.0, 0.0, -2.199479341506958], "(1, 4, 1, 1)": [0.0, 0.0, -2.199479341506958, 0.0, 0.0], "(1, 5, 1, 1)": [-2.199479341506958, 0.0, 0.0, 0.0, 0.0], "(2, 5, 1, 2)": [-2.199479341506958, 0.0, 0.0, 0.0, 0.0], "(3, 3, 2, 2)": [-2.2025511264801025, -2.2020046710968018, -2.2025511264801025, -2.2025511264801025, -2.2027525901794434], "(1, 7, 2, 2)": [-2.213880777359009, 0.0, -2.2136592864990234, -2.213878631591797, 0.0], "(1, 6, 2, 2)": [0.0, -2.213880777359009, -2.213880777359009, -2.213880777359009, 0.0], "(3, 4, 2, 2)": [-2.2018613815307617, -2.2018613815307617, 0.0, 0.0, 0.0]}, "n_values": {"(2, 7, 2, 2)": [624.0, 636.0, 701.0, 755.0, 772.0], "(2, 6, 2, 2)": [647.0, 679.0, 703.0, 691.0, 738.0], "(2, 5, 2, 2)": [606.0, 594.0, 637.0, 644.0, 736.0], "(2, 2, 2, 2)": [729.0, 700.0, 641.0, 638.0, 637.0], "(2, 1, 2, 2)": [771.0, 717.0, 662.0, 658.0, 646.0], "(2, 3, 2, 2)": [665.0, 644.0, 612.0, 587.0, 610.0], "(2, 4, 2, 2)": [619.0, 601.0, 608.0, 600.0, 662.0], "(2, 6, 2, 3)": [39.0, 38.0, 21.0, 32.0, 36.0], "(2, 1, 2, 1)": [22.0, 27.0, 29.0, 28.0, 28.0], "(2, 2, 2, 1)": [15.0, 17.0, 20.0, 25.0, 26.0], "(2, 4, 2, 3)": [7.0, 7.0, 9.0, 6.0, 2.0], "(2, 3, 2, 3)": [5.0, 0.0, 2.0, 3.0, 3.0], "(2, 7, 2, 3)": [35.0, 38.0, 31.0, 40.0, 34.0], "(2, 5, 2, 3)": [15.0, 24.0, 12.0, 16.0, 19.0], "(2, 3, 2, 1)": [7.0, 7.0, 9.0, 16.0, 17.0], "(1, 1, 2, 2)": [4.0, 4.0, 3.0, 4.0, 1.0], "(2, 4, 2, 1)": [6.0, 8.0, 11.0, 7.0, 7.0], "(2, 1, 1, 1)": [0.0, 1.0, 1.0, 1.0, 1.0], "(2, 5, 3, 3)": [1.0, 1.0, 0.0, 0.0, 1.0], "(3, 7, 2, 2)": [3.0, 5.0, 5.0, 7.0, 4.0], "(3, 6, 2, 2)": [1.0, 3.0, 3.0, 3.0, 3.0], "(3, 5, 2, 2)": [0.0, 1.0, 1.0, 1.0, 1.0], "(2, 7, 3, 3)": [1.0, 0.0, 1.0, 0.0, 1.0], "(2, 4, 3, 3)": [0.0, 0.0, 1.0, 1.0, 0.0], "(2, 5, 2, 1)": [1.0, 1.0, 1.0, 1.0, 0.0], "(2, 6, 3, 3)": [1.0, 1.0, 0.0, 0.0, 0.0], "(2, 3, 1, 1)": [0.0, 0.0, 1.0, 0.0, 1.0], "(2, 2, 1, 1)": [0.0, 1.0, 0.0, 0.0, 0.0], "(1, 5, 2, 2)": [1.0, 0.0, 2.0, 2.0, 0.0], "(1, 4, 2, 2)": [1.0, 1.0, 2.0, 0.0, 2.0], "(3, 1, 2, 2)": [5.0, 5.0, 3.0, 4.0, 6.0], "(3, 2, 2, 2)": [3.0, 5.0, 5.0, 4.0, 4.0], "(2, 4, 1, 1)": [0.0, 0.0, 0.0, 1.0, 0.0], "(1, 2, 2, 2)": [2.0, 2.0, 1.0, 3.0, 1.0], "(1, 3, 2, 2)": [1.0, 1.0, 0.0, 1.0, 1.0], "(1, 3, 1, 2)": [0.0, 0.0, 0.0, 0.0, 1.0], "(1, 4, 1, 1)": [0.0, 0.0, 1.0, 0.0, 0.0], "(1, 5, 1, 1)": [1.0, 0.0, 0.0, 0.0, 0.0], "(2, 5, 1, 2)": [1.0, 0.0, 0.0, 0.0, 0.0], "(3, 3, 2, 2)": [3.0, 2.0, 3.0, 3.0, 2.0], "(1, 7, 2, 2)": [1.0, 0.0, 1.0, 1.0, 0.0], "(1, 6, 2, 2)": [0.0, 1.0, 1.0, 1.0, 0.0], "(3, 4, 2, 2)": [1.0, 1.0, 0.0, 0.0, 0.0]}}