{"q_values": {"(2, 7, 2, 2)": [-2.207134485244751, -2.207440137863159, -2.207608461380005, -2.207669973373413, -2.2084250450134277], "(2, 6, 2, 2)": [-2.2111895084381104, -2.2110886573791504, -2.2107186317443848, -2.211282253265381, -2.2112066745758057], "(2, 5, 2, 2)": [-2.2119827270507812, -2.2119951248168945, -2.2118027210235596, -2.2118372917175293, -2.2117550373077393], "(2, 2, 2, 2)": [-2.211475372314453, -2.211066722869873, -2.211078405380249, -2.2112269401550293, -2.2112529277801514], "(2, 1, 2, 2)": [-2.2086424827575684, -2.2079739570617676, -2.2079968452453613, -2.207650661468506, -2.207335948944092], "(2, 3, 2, 2)": [-2.2119719982147217, -2.211555242538452, -2.2116549015045166, -2.211731433868408, -2.2117059230804443], "(2, 4, 2, 2)": [-2.2123119831085205, -2.2120394706726074, -2.212345838546753, -2.2122397422790527, -2.2118489742279053], "(2, 6, 2, 3)": [-2.2127981185913086, -2.2136456966400146, -2.2148427963256836, -2.2177231311798096, -2.2229154109954834], "(2, 1, 2, 1)": [-2.2139718532562256, -2.217158555984497, -2.2122395038604736, -2.2090394496917725, -2.2102487087249756], "(2, 2, 2, 1)": [-2.2243223190307617, -2.2251293659210205, -2.2139596939086914, -2.2124319076538086, -2.2119956016540527], "(2, 4, 2, 3)": [-2.211061477661133, -2.2068910598754883, -2.211411237716675, -2.215500593185425, -2.2198538780212402], "(2, 3, 2, 3)": [-2.213273286819458, -2.220475196838379, -2.206472635269165, -2.2230231761932373, -2.2256321907043457], "(2, 7, 2, 3)": [-2.205678701400757, -2.2089695930480957, -2.213317632675171, -2.213102102279663, -2.2121636867523193], "(2, 5, 2, 3)": [-2.211087942123413, -2.20976185798645, -2.211894989013672, -2.216158628463745, -2.2143962383270264], "(2, 3, 2, 1)": [-2.2169268131256104, -2.2199690341949463, -2.2235829830169678, -2.2142906188964844, -2.2102599143981934], "(1, 1, 2, 2)": [-2.2100303173065186, -2.207340955734253, -2.213601589202881, -2.2096822261810303, -2.2074074745178223], "(2, 4, 2, 1)": [-2.2212114334106445, -2.217146396636963, -2.211329698562622, -2.208299398422241, -2.212345600128174], "(2, 1, 1, 1)": [0.0, -2.232076644897461, -2.2099769115448, -2.20259952545166, -2.2235400676727295], "(2, 5, 3, 3)": [-2.2223284244537354, -2.2281575202941895, 0.0, -2.2274205684661865, -2.2449278831481934], "(3, 7, 2, 2)": [-2.200806140899658, -2.206233024597168, -2.2024407386779785, -2.204526901245117, -2.207995891571045], "(3, 6, 2, 2)": [-2.2192628383636475, -2.211449146270752, -2.2118890285491943, -2.2064900398254395, -2.211449146270752], "(3, 5, 2, 2)": [-2.2167930603027344, -2.2118172645568848, -2.214540958404541, -2.2137086391448975, -2.2137086391448975], "(2, 7, 3, 3)": [-2.229928970336914, -2.210770845413208, -2.2039146423339844, -2.2603750228881836, -2.2001051902770996], "(2, 4, 3, 3)": [-2.2200424671173096, 0.0, -2.2223284244537354, -2.2223284244537354, 0.0], "(2, 5, 2, 1)": [-2.203763961791992, -2.207533359527588, -2.215019464492798, -2.207383632659912, -2.203627109527588], "(2, 6, 3, 3)": [-2.203610897064209, -2.234649658203125, -2.247222900390625, -2.2373228073120117, -2.213517904281616], "(2, 3, 1, 1)": [0.0, 0.0, -2.2467737197875977, -2.205332040786743, -2.220508575439453], "(2, 2, 1, 1)": [0.0, -2.202817678451538, 0.0, 0.0, 0.0], "(1, 5, 2, 2)": [-2.2189383506774902, -2.222005844116211, -2.217907667160034, -2.2148168087005615, -2.223331928253174], "(1, 4, 2, 2)": [-2.221951961517334, -2.221951961517334, -2.2116236686706543, -2.2202112674713135, -2.2163562774658203], "(3, 1, 2, 2)": [-2.217839241027832, -2.2075107097625732, -2.2109663486480713, -2.2099409103393555, -2.209564447402954], "(3, 2, 2, 2)": [-2.222400426864624, -2.21880841255188, -2.2200982570648193, -2.21528697013855, -2.2203104496002197], "(2, 4, 1, 1)": [0.0, -2.2033262252807617, -2.207156181335449, -2.1992297172546387, 0.0], "(1, 2, 2, 2)": [-2.2154788970947266, -2.2137603759765625, -2.213174343109131, -2.2188720703125, -2.2202606201171875], "(1, 3, 2, 2)": [-2.2161171436309814, -2.208498001098633, -2.2188937664031982, -2.204069137573242, -2.2150111198425293], "(1, 3, 1, 2)": [0.0, 0.0, 0.0, 0.0, -2.199479341506958], "(1, 4, 1, 1)": [0.0, 0.0, -2.199479341506958, 0.0, 0.0], "(1, 5, 1, 1)": [-2.199479341506958, 0.0, 0.0, 0.0, 0.0], "(2, 5, 1, 2)": [-2.199479341506958, 0.0, 0.0, 0.0, 0.0], "(3, 3, 2, 2)": [-2.2144439220428467, -2.221681833267212, -2.2200264930725098, -2.2215347290039062, -2.212898015975952], "(1, 7, 2, 2)": [-2.2196013927459717, -2.21885085105896, -2.211134672164917, -2.212480306625366, -2.2202420234680176], "(1, 6, 2, 2)": [-2.2229368686676025, -2.215975761413574, -2.2170040607452393, -2.2191569805145264, -2.218493938446045], "(3, 4, 2, 2)": [-2.2107834815979004, -2.2175588607788086, -2.2219934463500977, -2.2160634994506836, -2.2160634994506836], "(2, 6, 2, 1)": [-2.2109861373901367, -2.207664966583252, 0.0, -2.202772855758667, 0.0], "(2, 5, 1, 1)": [0.0, -2.2109861373901367, 0.0, 0.0, 0.0], "(1, 6, 2, 3)": [0.0, -2.225572109222412, 0.0, 0.0, 0.0], "(3, 7, 2, 3)": [0.0, 0.0, -2.20898699760437, 0.0, 0.0], "(3, 1, 2, 1)": [-2.261857271194458, -2.2459375858306885, -2.2276740074157715, 0.0, -2.205617904663086], "(2, 3, 3, 3)": [0.0, -2.2113871574401855, 0.0, 0.0, 0.0], "(2, 2, 2, 3)": [0.0, 0.0, 0.0, -2.1980502605438232, -2.21260404586792], "(1, 1, 2, 1)": [0.0, 0.0, 0.0, -2.2084572315216064, 0.0], "(1, 3, 2, 1)": [0.0, 0.0, 0.0, 0.0, -2.2148215770721436], "(1, 4, 2, 1)": [0.0, 0.0, -2.2148215770721436, 0.0, 0.0], "(2, 3, 1, 2)": [0.0, 0.0, 0.0, -2.2033262252807617, 0.0], "(1, 5, 2, 3)": [0.0, -2.2086591720581055, 0.0, 0.0, 0.0], "(3, 2, 2, 1)": [0.0, -2.201446533203125, -2.201444387435913, 0.0, 0.0], "(3, 3, 2, 1)": [0.0, 0.0, 0.0, 0.0, -2.201446533203125], "(3, 4, 2, 1)": [-2.201446533203125, 0.0, 0.0, 0.0, 0.0]}, "n_values": {"(2, 7, 2, 2)": [1698.0, 1552.0, 1687.0, 1793.0, 1870.0], "(2, 6, 2, 2)": [1534.0, 1604.0, 1820.0, 1716.0, 1831.0], "(2, 5, 2, 2)": [1434.0, 1445.0, 1526.0, 1523.0, 1789.0], "(2, 2, 2, 2)": [1622.0, 1648.0, 1505.0, 1438.0, 1417.0], "(2, 1, 2, 2)": [1680.0, 1613.0, 1515.0, 1454.0, 1564.0], "(2, 3, 2, 2)": [1432.0, 1497.0, 1322.0, 1296.0, 1323.0], "(2, 4, 2, 2)": [1319.0, 1329.0, 1337.0, 1323.0, 1510.0], "(2, 6, 2, 3)": [101.0, 78.0, 61.0, 79.0, 73.0], "(2, 1, 2, 1)": [49.0, 50.0, 64.0, 66.0, 59.0], "(2, 2, 2, 1)": [26.0, 39.0, 38.0, 49.0, 56.0], "(2, 4, 2, 3)": [18.0, 11.0, 17.0, 12.0, 12.0], "(2, 3, 2, 3)": [8.0, 4.0, 7.0, 7.0, 6.0], "(2, 7, 2, 3)": [92.0, 94.0, 85.0, 88.0, 77.0], "(2, 5, 2, 3)": [40.0, 59.0, 33.0, 35.0, 41.0], "(2, 3, 2, 1)": [15.0, 15.0, 15.0, 32.0, 39.0], "(1, 1, 2, 2)": [15.0, 14.0, 12.0, 13.0, 11.0], "(2, 4, 2, 1)": [17.0, 13.0, 21.0, 18.0, 21.0], "(2, 1, 1, 1)": [0.0, 1.0, 1.0, 1.0, 1.0], "(2, 5, 3, 3)": [1.0, 2.0, 0.0, 1.0, 1.0], "(3, 7, 2, 2)": [10.0, 7.0, 8.0, 13.0, 9.0], "(3, 6, 2, 2)": [4.0, 8.0, 7.0, 7.0, 8.0], "(3, 5, 2, 2)": [5.0, 5.0, 6.0, 6.0, 6.0], "(2, 7, 3, 3)": [2.0, 3.0, 2.0, 1.0, 1.0], "(2, 4, 3, 3)": [3.0, 0.0, 1.0, 1.0, 0.0], "(2, 5, 2, 1)": [3.0, 6.0, 9.0, 5.0, 4.0], "(2, 6, 3, 3)": [1.0, 2.0, 1.0, 2.0, 2.0], "(2, 3, 1, 1)": [0.0, 0.0, 1.0, 1.0, 1.0], "(2, 2, 1, 1)": [0.0, 1.0, 0.0, 0.0, 0.0], "(1, 5, 2, 2)": [7.0, 5.0, 7.0, 7.0, 6.0], "(1, 4, 2, 2)": [3.0, 3.0, 4.0, 3.0, 6.0], "(3, 1, 2, 2)": [9.0, 7.0, 6.0, 7.0, 8.0], "(3, 2, 2, 2)": [7.0, 13.0, 12.0, 8.0, 9.0], "(2, 4, 1, 1)": [0.0, 1.0, 2.0, 1.0, 0.0], "(1, 2, 2, 2)": [8.0, 9.0, 8.0, 8.0, 5.0], "(1, 3, 2, 2)": [6.0, 4.0, 4.0, 2.0, 5.0], "(1, 3, 1, 2)": [0.0, 0.0, 0.0, 0.0, 1.0], "(1, 4, 1, 1)": [0.0, 0.0, 1.0, 0.0, 0.0], "(1, 5, 1, 1)": [1.0, 0.0, 0.0, 0.0, 0.0], "(2, 5, 1, 2)": [1.0, 0.0, 0.0, 0.0, 0.0], "(3, 3, 2, 2)": [11.0, 8.0, 10.0, 8.0, 5.0], "(1, 7, 2, 2)": [4.0, 4.0, 8.0, 7.0, 6.0], "(1, 6, 2, 2)": [6.0, 7.0, 8.0, 10.0, 4.0], "(3, 4, 2, 2)": [7.0, 6.0, 5.0, 4.0, 4.0], "(2, 5, 1, 1)": [0.0, 1.0, 0.0, 0.0, 0.0], "(2, 6, 2, 1)": [1.0, 2.0, 0.0, 2.0, 0.0], "(1, 6, 2, 3)": [0.0, 1.0, 0.0, 0.0, 0.0], "(3, 7, 2, 3)": [0.0, 0.0, 1.0, 0.0, 0.0], "(3, 1, 2, 1)": [1.0, 1.0, 1.0, 0.0, 1.0],