{"q_values": {"(2, 7, 2, 2)": [-2.207254409790039, -2.207469940185547, -2.207618474960327, -2.2077648639678955, -2.208486795425415], "(2, 6, 2, 2)": [-2.2114059925079346, -2.211331844329834, -2.2107274532318115, -2.211347818374634, -2.2111470699310303], "(2, 5, 2, 2)": [-2.212040901184082, -2.2120890617370605, -2.2117714881896973, -2.212003231048584, -2.2117502689361572], "(2, 2, 2, 2)": [-2.2115464210510254, -2.2113003730773926, -2.211242198944092, -2.2113916873931885, -2.2114057540893555], "(2, 1, 2, 2)": [-2.208850383758545, -2.208073854446411, -2.2078664302825928, -2.2077953815460205, -2.207507371902466], "(2, 3, 2, 2)": [-2.2122139930725098, -2.21181583404541, -2.2118821144104004, -2.2118499279022217, -2.211991310119629], "(2, 4, 2, 2)": [-2.212507724761963, -2.212196111679077, -2.212362766265869, -2.2124722003936768, -2.212033748626709], "(2, 6, 2, 3)": [-2.212721109390259, -2.213991641998291, -2.216439723968506, -2.217578411102295, -2.22263503074646], "(2, 1, 2, 1)": [-2.2131874561309814, -2.216240167617798, -2.211916446685791, -2.2082557678222656, -2.209181070327759], "(2, 2, 2, 1)": [-2.224010944366455, -2.222414493560791, -2.214334726333618, -2.2138984203338623, -2.2134857177734375], "(2, 4, 2, 3)": [-2.210221290588379, -2.2068910598754883, -2.210524559020996, -2.215500593185425, -2.225234270095825], "(2, 3, 2, 3)": [-2.217599868774414, -2.222885847091675, -2.205902338027954, -2.2257497310638428, -2.2256321907043457], "(2, 7, 2, 3)": [-2.205092430114746, -2.210113763809204, -2.2124476432800293, -2.2119998931884766, -2.211730718612671], "(2, 5, 2, 3)": [-2.2108280658721924, -2.2097256183624268, -2.2128372192382812, -2.2183001041412354, -2.2150115966796875], "(2, 3, 2, 1)": [-2.218549966812134, -2.2141475677490234, -2.2251193523406982, -2.211519718170166, -2.210317611694336], "(1, 1, 2, 2)": [-2.212928533554077, -2.2047276496887207, -2.213193893432617, -2.2092039585113525, -2.2055776119232178], "(2, 4, 2, 1)": [-2.2148311138153076, -2.214261054992676, -2.211841344833374, -2.2083611488342285, -2.2099452018737793], "(2, 1, 1, 1)": [0.0, -2.232076644897461, -2.2099769115448, -2.20259952545166, -2.2235400676727295], "(2, 5, 3, 3)": [-2.2223284244537354, -2.2281575202941895, 0.0, 0.0, -2.2449278831481934], "(3, 7, 2, 2)": [-2.199312925338745, -2.2056992053985596, -2.200878620147705, -2.2026190757751465, -2.2082440853118896], "(3, 6, 2, 2)": [-2.222538471221924, -2.2128896713256836, -2.2137935161590576, -2.20623517036438, -2.2128896713256836], "(3, 5, 2, 2)": [-2.2258999347686768, -2.217606544494629, -2.220244884490967, -2.218996524810791, -2.218996524810791], "(2, 7, 3, 3)": [-2.2326600551605225, -2.201188087463379, -2.2039146423339844, 0.0, -2.2001051902770996], "(2, 4, 3, 3)": [-2.230523109436035, 0.0, -2.2223284244537354, -2.2223284244537354, 0.0], "(2, 5, 2, 1)": [-2.201934814453125, -2.2101223468780518, -2.216801881790161, -2.210608720779419, -2.198575258255005], "(2, 6, 3, 3)": [-2.203610897064209, -2.234649658203125, -2.247222900390625, -2.247225046157837, -2.199617624282837], "(2, 3, 1, 1)": [0.0, 0.0, -2.2467737197875977, 0.0, -2.220508575439453], "(2, 2, 1, 1)": [0.0, -2.202817678451538, 0.0, 0.0, 0.0], "(1, 5, 2, 2)": [-2.2208406925201416, -2.2225804328918457, -2.2151365280151367, -2.2150702476501465, -2.2225804328918457], "(1, 4, 2, 2)": [-2.221951961517334, -2.221951961517334, -2.212611675262451, -2.225987434387207, -2.217895746231079], "(3, 1, 2, 2)": [-2.2129359245300293, -2.2111220359802246, -2.2115752696990967, -2.2102773189544678, -2.20979905128479], "(3, 2, 2, 2)": [-2.221484422683716, -2.214660406112671, -2.2159194946289062, -2.2144126892089844, -2.214148759841919], "(2, 4, 1, 1)": [0.0, -2.2033262252807617, -2.207156181335449, -2.1992297172546387, 0.0], "(1, 2, 2, 2)": [-2.213867425918579, -2.2121355533599854, -2.2112338542938232, -2.217745542526245, -2.2186360359191895], "(1, 3, 2, 2)": [-2.2153213024139404, -2.208498001098633, -2.2223052978515625, -2.199479341506958, -2.2165989875793457], "(1, 3, 1, 2)": [0.0, 0.0, 0.0, 0.0, -2.199479341506958], "(1, 4, 1, 1)": [0.0, 0.0, -2.199479341506958, 0.0, 0.0], "(1, 5, 1, 1)": [-2.199479341506958, 0.0, 0.0, 0.0, 0.0], "(2, 5, 1, 2)": [-2.199479341506958, 0.0, 0.0, 0.0, 0.0], "(3, 3, 2, 2)": [-2.2091188430786133, -2.2176830768585205, -2.216257095336914, -2.2148749828338623, -2.209557294845581], "(1, 7, 2, 2)": [-2.2196013927459717, -2.2192282676696777, -2.213787078857422, -2.2088451385498047, -2.226180076599121], "(1, 6, 2, 2)": [-2.221416711807251, -2.2195327281951904, -2.2196576595306396, -2.2208406925201416, -2.219338893890381], "(3, 4, 2, 2)": [-2.2111332416534424, -2.2237303256988525, -2.2346644401550293, -2.215768814086914, -2.215768814086914], "(2, 6, 2, 1)": [-2.2109861373901367, -2.2079079151153564, 0.0, -2.2079079151153564, 0.0], "(2, 5, 1, 1)": [0.0, -2.2109861373901367, 0.0, 0.0, 0.0], "(1, 6, 2, 3)": [0.0, -2.225572109222412, 0.0, 0.0, 0.0], "(3, 7, 2, 3)": [0.0, 0.0, -2.20898699760437, 0.0, 0.0], "(3, 1, 2, 1)": [0.0, -2.2459375858306885, 0.0, 0.0, 0.0], "(2, 3, 3, 3)": [0.0, -2.2113871574401855, 0.0, 0.0, 0.0], "(2, 2, 2, 3)": [0.0, 0.0, 0.0, 0.0, -2.21260404586792], "(1, 1, 2, 1)": [0.0, 0.0, 0.0, -2.2084572315216064, 0.0], "(1, 3, 2, 1)": [0.0, 0.0, 0.0, 0.0, -2.2148215770721436], "(1, 4, 2, 1)": [0.0, 0.0, -2.2148215770721436, 0.0, 0.0], "(2, 3, 1, 2)": [0.0, 0.0, 0.0, -2.2033262252807617, 0.0]}, "n_values": {"(2, 7, 2, 2)": [1241.0, 1181.0, 1291.0, 1363.0, 1415.0], "(2, 6, 2, 2)": [1188.0, 1247.0, 1364.0, 1308.0, 1407.0], "(2, 5, 2, 2)": [1108.0, 1109.0, 1189.0, 1172.0, 1350.0], "(2, 2, 2, 2)": [1239.0, 1242.0, 1142.0, 1097.0, 1090.0], "(2, 1, 2, 2)": [1274.0, 1222.0, 1138.0, 1107.0, 1152.0], "(2, 3, 2, 2)": [1125.0, 1140.0, 1036.0, 1011.0, 1027.0], "(2, 4, 2, 2)": [1049.0, 1066.0, 1062.0, 1052.0, 1185.0], "(2, 6, 2, 3)": [74.0, 57.0, 40.0, 59.0, 57.0], "(2, 1, 2, 1)": [40.0, 43.0, 52.0, 49.0, 53.0], "(2, 2, 2, 1)": [23.0, 31.0, 30.0, 40.0, 41.0], "(2, 4, 2, 3)": [13.0, 11.0, 14.0, 12.0, 9.0], "(2, 3, 2, 3)": [6.0, 3.0, 5.0, 6.0, 6.0], "(2, 7, 2, 3)": [70.0, 72.0, 64.0, 72.0, 62.0], "(2, 5, 2, 3)": [33.0, 40.0, 23.0, 26.0, 36.0], "(2, 3, 2, 1)": [13.0, 12.0, 12.0, 26.0, 30.0], "(1, 1, 2, 2)": [10.0, 10.0, 10.0, 9.0, 9.0], "(2, 4, 2, 1)": [9.0, 10.0, 19.0, 13.0, 16.0], "(2, 1, 1, 1)": [0.0, 1.0, 1.0, 1.0, 1.0], "(2, 5, 3, 3)": [1.0, 2.0, 0.0, 0.0, 1.0], "(3, 7, 2, 2)": [7.0, 6.0, 6.0, 11.0, 7.0], "(3, 6, 2, 2)": [3.0, 6.0, 5.0, 5.0, 6.0], "(3, 5, 2, 2)": [3.0, 3.0, 4.0, 4.0, 4.0], "(2, 7, 3, 3)": [1.0, 2.0, 2.0, 0.0, 1.0], "(2, 4, 3, 3)": [2.0, 0.0, 1.0, 1.0, 0.0], "(2, 5, 2, 1)": [2.0, 2.0, 3.0, 3.0, 1.0], "(2, 6, 3, 3)": [1.0, 2.0, 1.0, 1.0, 1.0], "(2, 3, 1, 1)": [0.0, 0.0, 1.0, 0.0, 1.0], "(2, 2, 1, 1)": [0.0, 1.0, 0.0, 0.0, 0.0], "(1, 5, 2, 2)": [5.0, 4.0, 5.0, 5.0, 4.0], "(1, 4, 2, 2)": [3.0, 3.0, 3.0, 2.0, 5.0], "(3, 1, 2, 2)": [7.0, 6.0, 5.0, 6.0, 7.0], "(3, 2, 2, 2)": [6.0, 10.0, 9.0, 6.0, 6.0], "(2, 4, 1, 1)": [0.0, 1.0, 2.0, 1.0, 0.0], "(1, 2, 2, 2)": [7.0, 8.0, 7.0, 7.0, 4.0], "(1, 3, 2, 2)": [4.0, 4.0, 3.0, 1.0, 4.0], "(1, 3, 1, 2)": [0.0, 0.0, 0.0, 0.0, 1.0], "(1, 4, 1, 1)": [0.0, 0.0, 1.0, 0.0, 0.0], "(1, 5, 1, 1)": [1.0, 0.0, 0.0, 0.0, 0.0], "(2, 5, 1, 2)": [1.0, 0.0, 0.0, 0.0, 0.0], "(3, 3, 2, 2)": [6.0, 4.0, 6.0, 5.0, 3.0], "(1, 7, 2, 2)": [4.0, 2.0, 5.0, 2.0, 1.0], "(1, 6, 2, 2)": [3.0, 4.0, 4.0, 5.0, 2.0], "(3, 4, 2, 2)": [3.0, 3.0, 2.0, 2.0, 2.0], "(2, 5, 1, 1)": [0.0, 1.0, 0.0, 0.0, 0.0], "(2, 6, 2, 1)": [1.0, 1.0, 0.0, 1.0, 0.0], "(1, 6, 2, 3)": [0.0, 1.0, 0.0, 0.0, 0.0], "(3, 7, 2, 3)": [0.0, 0.0, 1.0, 0.0, 0.0], "(3, 1, 2, 1)": [0.0, 1.0, 0.0, 0.0, 0.0], "(2, 3, 3, 3)": [0.0, 1.0, 0.0, 0.0, 0.0], "(2, 2, 2, 3)": [0.0, 0.0, 0.0, 0.0, 2.0], "(1, 1, 2, 1)": [0.0, 0.0, 0.0, 1.0, 0.0], "(1, 3, 2, 1)": [0.0, 0.0, 0.0, 0.0, 1.0], "(1, 4, 2, 1)": [0.0, 0.0, 1.0, 0.0, 0.0], "(2, 3, 1, 2)": [0.0, 0.0, 0.0, 1.0, 0.0]}}