{"q_values": {"(2, 7, 2, 2)": [-2.206987142562866, -2.207321882247925, -2.2076468467712402, -2.2075209617614746, -2.208362579345703], "(2, 6, 2, 2)": [-2.211577892303467, -2.2113099098205566, -2.2107856273651123, -2.211393356323242, -2.2111995220184326], "(2, 5, 2, 2)": [-2.2123849391937256, -2.212040901184082, -2.211993932723999, -2.211977958679199, -2.211819887161255], "(2, 2, 2, 2)": [-2.2117602825164795, -2.2114973068237305, -2.2116339206695557, -2.2117421627044678, -2.2118186950683594], "(2, 1, 2, 2)": [-2.2087130546569824, -2.2080204486846924, -2.2082414627075195, -2.2078633308410645, -2.2073986530303955], "(2, 3, 2, 2)": [-2.2124269008636475, -2.2119290828704834, -2.2122673988342285, -2.212400197982788, -2.2121741771698], "(2, 4, 2, 2)": [-2.2126805782318115, -2.2122020721435547, -2.212510585784912, -2.2126524448394775, -2.212000846862793], "(2, 6, 2, 3)": [-2.212775468826294, -2.215318202972412, -2.2173197269439697, -2.2168519496917725, -2.221923351287842], "(2, 1, 2, 1)": [-2.2146337032318115, -2.213754415512085, -2.2109997272491455, -2.2107510566711426, -2.2110209465026855], "(2, 2, 2, 1)": [-2.221139669418335, -2.221508264541626, -2.2144689559936523, -2.210186719894409, -2.213282346725464], "(2, 4, 2, 3)": [-2.2133028507232666, -2.206742763519287, -2.2077579498291016, -2.212453842163086, -2.246903896331787], "(2, 3, 2, 3)": [-2.2150955200195312, -2.2135186195373535, -2.2128283977508545, -2.2195253372192383, -2.221877336502075], "(2, 7, 2, 3)": [-2.2064526081085205, -2.2104415893554688, -2.214754581451416, -2.2108652591705322, -2.2109858989715576], "(2, 5, 2, 3)": [-2.213496208190918, -2.2089364528656006, -2.2088263034820557, -2.2193875312805176, -2.212843656539917], "(2, 3, 2, 1)": [-2.218153715133667, -2.216485023498535, -2.2218594551086426, -2.2119598388671875, -2.2097692489624023], "(1, 1, 2, 2)": [-2.210784912109375, -2.2016682624816895, -2.216987371444702, -2.2000036239624023, -2.199479341506958], "(2, 4, 2, 1)": [-2.2149012088775635, -2.2130281925201416, -2.2113492488861084, -2.2073442935943604, -2.2100374698638916], "(2, 1, 1, 1)": [0.0, -2.232076644897461, -2.2099769115448, -2.20259952545166, -2.2235400676727295], "(2, 5, 3, 3)": [-2.2223284244537354, -2.2449278831481934, 0.0, 0.0, -2.2449278831481934], "(3, 7, 2, 2)": [-2.2023043632507324, -2.2022056579589844, -2.196859359741211, -2.2026898860931396, -2.2013003826141357], "(3, 6, 2, 2)": [-2.198286294937134, -2.1998794078826904, -2.1998794078826904, -2.1998794078826904, -2.1998794078826904], "(3, 5, 2, 2)": [0.0, -2.198286294937134, -2.203279495239258, -2.198286294937134, -2.198286294937134], "(2, 7, 3, 3)": [-2.2326600551605225, 0.0, -2.1767523288726807, 0.0, -2.2001051902770996], "(2, 4, 3, 3)": [0.0, 0.0, -2.2223284244537354, -2.2223284244537354, 0.0], "(2, 5, 2, 1)": [-2.1992297172546387, -2.2076666355133057, -2.239068031311035, -2.2255606651306152, 0.0], "(2, 6, 3, 3)": [-2.203610897064209, -2.237999677658081, 0.0, 0.0, 0.0], "(2, 3, 1, 1)": [0.0, 0.0, -2.2467737197875977, 0.0, -2.220508575439453], "(2, 2, 1, 1)": [0.0, -2.202817678451538, 0.0, 0.0, 0.0], "(1, 5, 2, 2)": [-2.213880777359009, 0.0, -2.205716133117676, -2.205716133117676, 0.0], "(1, 4, 2, 2)": [-2.213880777359009, -2.213880777359009, -2.205716133117676, 0.0, -2.205716133117676], "(3, 1, 2, 2)": [-2.2053020000457764, -2.209770441055298, -2.2064783573150635, -2.2113571166992188, -2.2084522247314453], "(3, 2, 2, 2)": [-2.2138988971710205, -2.2071008682250977, -2.2071008682250977, -2.2113571166992188, -2.21096134185791], "(2, 4, 1, 1)": [0.0, 0.0, 0.0, -2.1992297172546387, 0.0], "(1, 2, 2, 2)": [-2.2163689136505127, -2.2089638710021973, -2.199479341506958, -2.217061996459961, -2.199479341506958], "(1, 3, 2, 2)": [-2.199479341506958, -2.199479341506958, 0.0, -2.199479341506958, -2.199479341506958], "(1, 3, 1, 2)": [0.0, 0.0, 0.0, 0.0, -2.199479341506958], "(1, 4, 1, 1)": [0.0, 0.0, -2.199479341506958, 0.0, 0.0], "(1, 5, 1, 1)": [-2.199479341506958, 0.0, 0.0, 0.0, 0.0], "(2, 5, 1, 2)": [-2.199479341506958, 0.0, 0.0, 0.0, 0.0], "(3, 3, 2, 2)": [-2.2025511264801025, -2.2020046710968018, -2.2025511264801025, -2.2025511264801025, -2.2027525901794434], "(1, 7, 2, 2)": [-2.213880777359009, 0.0, -2.2136592864990234, -2.213878631591797, 0.0], "(1, 6, 2, 2)": [0.0, -2.213880777359009, -2.213880777359009, -2.213880777359009, 0.0], "(3, 4, 2, 2)": [-2.2018613815307617, -2.2018613815307617, 0.0, 0.0, 0.0]}, "n_values": {"(2, 7, 2, 2)": [664.0, 674.0, 741.0, 793.0, 817.0], "(2, 6, 2, 2)": [684.0, 717.0, 748.0, 735.0, 785.0], "(2, 5, 2, 2)": [637.0, 627.0, 668.0, 683.0, 783.0], "(2, 2, 2, 2)": [760.0, 735.0, 671.0, 666.0, 662.0], "(2, 1, 2, 2)": [804.0, 750.0, 693.0, 685.0, 678.0], "(2, 3, 2, 2)": [691.0, 674.0, 643.0, 612.0, 637.0], "(2, 4, 2, 2)": [648.0, 631.0, 636.0, 627.0, 694.0], "(2, 6, 2, 3)": [41.0, 38.0, 23.0, 32.0, 36.0], "(2, 1, 2, 1)": [25.0, 29.0, 32.0, 30.0, 29.0], "(2, 2, 2, 1)": [17.0, 19.0, 20.0, 25.0, 26.0], "(2, 4, 2, 3)": [7.0, 7.0, 9.0, 6.0, 2.0], "(2, 3, 2, 3)": [5.0, 1.0, 2.0, 3.0, 3.0], "(2, 7, 2, 3)": [38.0, 42.0, 32.0, 41.0, 35.0], "(2, 5, 2, 3)": [16.0, 25.0, 13.0, 16.0, 19.0], "(2, 3, 2, 1)": [7.0, 7.0, 9.0, 17.0, 19.0], "(1, 1, 2, 2)": [4.0, 4.0, 3.0, 4.0, 1.0], "(2, 4, 2, 1)": [6.0, 8.0, 11.0, 7.0, 8.0], "(2, 1, 1, 1)": [0.0, 1.0, 1.0, 1.0, 1.0], "(2, 5, 3, 3)": [1.0, 1.0, 0.0, 0.0, 1.0], "(3, 7, 2, 2)": [3.0, 5.0, 5.0, 7.0, 4.0], "(3, 6, 2, 2)": [1.0, 3.0, 3.0, 3.0, 3.0], "(3, 5, 2, 2)": [0.0, 1.0, 1.0, 1.0, 1.0], "(2, 7, 3, 3)": [1.0, 0.0, 1.0, 0.0, 1.0], "(2, 4, 3, 3)": [0.0, 0.0, 1.0, 1.0, 0.0], "(2, 5, 2, 1)": [1.0, 1.0, 1.0, 1.0, 0.0], "(2, 6, 3, 3)": [1.0, 1.0, 0.0, 0.0, 0.0], "(2, 3, 1, 1)": [0.0, 0.0, 1.0, 0.0, 1.0], "(2, 2, 1, 1)": [0.0, 1.0, 0.0, 0.0, 0.0], "(1, 5, 2, 2)": [1.0, 0.0, 2.0, 2.0, 0.0], "(1, 4, 2, 2)": [1.0, 1.0, 2.0, 0.0, 2.0], "(3, 1, 2, 2)": [5.0, 5.0, 3.0, 4.0, 6.0], "(3, 2, 2, 2)": [3.0, 5.0, 5.0, 4.0, 4.0], "(2, 4, 1, 1)": [0.0, 0.0, 0.0, 1.0, 0.0], "(1, 2, 2, 2)": [2.0, 2.0, 1.0, 3.0, 1.0], "(1, 3, 2, 2)": [1.0, 1.0, 0.0, 1.0, 1.0], "(1, 3, 1, 2)": [0.0, 0.0, 0.0, 0.0, 1.0], "(1, 4, 1, 1)": [0.0, 0.0, 1.0, 0.0, 0.0], "(1, 5, 1, 1)": [1.0, 0.0, 0.0, 0.0, 0.0], "(2, 5, 1, 2)": [1.0, 0.0, 0.0, 0.0, 0.0], "(3, 3, 2, 2)": [3.0, 2.0, 3.0, 3.0, 2.0], "(1, 7, 2, 2)": [1.0, 0.0, 1.0, 1.0, 0.0], "(1, 6, 2, 2)": [0.0, 1.0, 1.0, 1.0, 0.0], "(3, 4, 2, 2)": [1.0, 1.0, 0.0, 0.0, 0.0]}}