{"q_values": {"(2, 7, 2, 2)": [-2.2069058418273926, -2.2059502601623535, -2.2075393199920654, -2.2054498195648193, -2.2076117992401123], "(2, 6, 2, 2)": [-2.21256160736084, -2.2111663818359375, -2.211435079574585, -2.211589813232422, -2.211289882659912], "(2, 5, 2, 2)": [-2.213892698287964, -2.212559938430786, -2.2125279903411865, -2.212449073791504, -2.211829900741577], "(2, 2, 2, 2)": [-2.211843252182007, -2.2121870517730713, -2.211688280105591, -2.2123193740844727, -2.212955951690674], "(2, 1, 2, 2)": [-2.2095553874969482, -2.2081961631774902, -2.209591865539551, -2.2080538272857666, -2.2078216075897217], "(2, 3, 2, 2)": [-2.213275671005249, -2.213009834289551, -2.2127511501312256, -2.213085889816284, -2.212681293487549], "(2, 4, 2, 2)": [-2.2141149044036865, -2.213474988937378, -2.213550567626953, -2.2135202884674072, -2.2131145000457764], "(2, 6, 2, 3)": [-2.213805913925171, -2.215575695037842, -2.2196648120880127, -2.2194817066192627, -2.225282669067383], "(2, 1, 2, 1)": [-2.211134910583496, -2.2172069549560547, -2.209090232849121, -2.210763931274414, -2.2125961780548096], "(2, 2, 2, 1)": [-2.2172763347625732, -2.223202705383301, -2.2154171466827393, -2.215547561645508, -2.2154719829559326], "(2, 4, 2, 3)": [-2.2163233757019043, -2.205286741256714, -2.2115283012390137, -2.2020883560180664, -2.2449278831481934], "(2, 3, 2, 3)": [-2.2153372764587402, 0.0, -2.2128522396087646, -2.2228856086730957, -2.233628273010254], "(2, 7, 2, 3)": [-2.2060420513153076, -2.212031126022339, -2.216566324234009, -2.217562198638916, -2.2084500789642334], "(2, 5, 2, 3)": [-2.2075939178466797, -2.209158420562744, -2.210986375808716, -2.216049909591675, -2.212721586227417], "(2, 3, 2, 1)": [-2.2147815227508545, -2.225491523742676, -2.2240424156188965, -2.2159690856933594, -2.220186471939087], "(1, 1, 2, 2)": [0.0, 0.0, 0.0, -2.203484535217285, 0.0], "(2, 4, 2, 1)": [-2.2159578800201416, -2.2197723388671875, -2.2102789878845215, 0.0, -2.2040796279907227], "(2, 1, 1, 1)": [0.0, -2.232076644897461, -2.2099769115448, -2.20259952545166, 0.0], "(2, 5, 3, 3)": [-2.2223284244537354, -2.2449278831481934, 0.0, 0.0, -2.2449278831481934], "(3, 7, 2, 2)": [-2.203626871109009, -2.2009565830230713, -2.18996524810791, -2.203615427017212, -2.2009565830230713], "(3, 6, 2, 2)": [-2.198286294937134, -2.198179244995117, -2.198179244995117, -2.198179244995117, -2.198179244995117], "(3, 5, 2, 2)": [0.0, -2.198286294937134, 0.0, -2.198286294937134, -2.198286294937134], "(2, 7, 3, 3)": [-2.2326600551605225, 0.0, -2.1767523288726807, 0.0, -2.2001051902770996], "(2, 4, 3, 3)": [0.0, 0.0, -2.2223284244537354, -2.2223284244537354, 0.0], "(2, 5, 2, 1)": [0.0, 0.0, 0.0, -2.2255606651306152, 0.0], "(2, 6, 3, 3)": [0.0, -2.237999677658081, 0.0, 0.0, 0.0], "(2, 3, 1, 1)": [0.0, 0.0, 0.0, 0.0, -2.220508575439453], "(2, 2, 1, 1)": [0.0, -2.202817678451538, 0.0, 0.0, 0.0]}, "n_values": {"(2, 7, 2, 2)": [169.0, 174.0, 190.0, 213.0, 215.0], "(2, 6, 2, 2)": [167.0, 193.0, 183.0, 190.0, 205.0], "(2, 5, 2, 2)": [158.0, 165.0, 178.0, 175.0, 202.0], "(2, 2, 2, 2)": [222.0, 207.0, 186.0, 200.0, 199.0], "(2, 1, 2, 2)": [244.0, 219.0, 206.0, 194.0, 188.0], "(2, 3, 2, 2)": [209.0, 191.0, 207.0, 199.0, 205.0], "(2, 4, 2, 2)": [197.0, 182.0, 191.0, 186.0, 190.0], "(2, 6, 2, 3)": [9.0, 10.0, 5.0, 7.0, 12.0], "(2, 1, 2, 1)": [8.0, 6.0, 11.0, 7.0, 13.0], "(2, 2, 2, 1)": [4.0, 9.0, 8.0, 9.0, 9.0], "(2, 4, 2, 3)": [3.0, 3.0, 3.0, 3.0, 1.0], "(2, 3, 2, 3)": [1.0, 0.0, 1.0, 2.0, 2.0], "(2, 7, 2, 3)": [9.0, 11.0, 10.0, 11.0, 7.0], "(2, 5, 2, 3)": [4.0, 11.0, 6.0, 7.0, 5.0], "(2, 3, 2, 1)": [5.0, 3.0, 4.0, 4.0, 3.0], "(1, 1, 2, 2)": [0.0, 0.0, 0.0, 1.0, 0.0], "(2, 4, 2, 1)": [1.0, 1.0, 3.0, 0.0, 2.0], "(2, 1, 1, 1)": [0.0, 1.0, 1.0, 1.0, 0.0], "(2, 5, 3, 3)": [1.0, 1.0, 0.0, 0.0, 1.0], "(3, 7, 2, 2)": [1.0, 2.0, 2.0, 4.0, 2.0], "(3, 6, 2, 2)": [1.0, 2.0, 2.0, 2.0, 2.0], "(3, 5, 2, 2)": [0.0, 1.0, 0.0, 1.0, 1.0], "(2, 7, 3, 3)": [1.0, 0.0, 1.0, 0.0, 1.0], "(2, 4, 3, 3)": [0.0, 0.0, 1.0, 1.0, 0.0], "(2, 5, 2, 1)": [0.0, 0.0, 0.0, 1.0, 0.0], "(2, 6, 3, 3)": [0.0, 1.0, 0.0, 0.0, 0.0], "(2, 3, 1, 1)": [0.0, 0.0, 0.0, 0.0, 1.0], "(2, 2, 1, 1)": [0.0, 1.0, 0.0, 0.0, 0.0]}}