{"q_values": {"(2, 7, 2, 2)": [-2.207178831100464, -2.2074363231658936, -2.2075319290161133, -2.2077884674072266, -2.2084860801696777], "(2, 6, 2, 2)": [-2.2115931510925293, -2.2114460468292236, -2.210869550704956, -2.2114670276641846, -2.211256742477417], "(2, 5, 2, 2)": [-2.2123970985412598, -2.2122368812561035, -2.2120463848114014, -2.2121634483337402, -2.212045192718506], "(2, 2, 2, 2)": [-2.211763381958008, -2.2113401889801025, -2.2113406658172607, -2.211510419845581, -2.211594820022583], "(2, 1, 2, 2)": [-2.208756923675537, -2.207834243774414, -2.208048105239868, -2.207841396331787, -2.2074978351593018], "(2, 3, 2, 2)": [-2.212357521057129, -2.211956262588501, -2.2122085094451904, -2.2122435569763184, -2.2121284008026123], "(2, 4, 2, 2)": [-2.21266508102417, -2.2122151851654053, -2.2125933170318604, -2.2127397060394287, -2.212172746658325], "(2, 6, 2, 3)": [-2.2129194736480713, -2.214634895324707, -2.2176690101623535, -2.217507839202881, -2.221580743789673], "(2, 1, 2, 1)": [-2.2148125171661377, -2.214841842651367, -2.2101757526397705, -2.211303949356079, -2.210293769836426], "(2, 2, 2, 1)": [-2.220862627029419, -2.222299098968506, -2.215318441390991, -2.2109451293945312, -2.2145261764526367], "(2, 4, 2, 3)": [-2.2126574516296387, -2.206742763519287, -2.208542823791504, -2.2145485877990723, -2.246903896331787], "(2, 3, 2, 3)": [-2.2150955200195312, -2.2270119190216064, -2.2065961360931396, -2.2247703075408936, -2.22318696975708], "(2, 7, 2, 3)": [-2.2059381008148193, -2.2099602222442627, -2.2127981185913086, -2.2104594707489014, -2.212728500366211], "(2, 5, 2, 3)": [-2.213510274887085, -2.2088816165924072, -2.2112114429473877, -2.218329668045044, -2.2146072387695312], "(2, 3, 2, 1)": [-2.2179033756256104, -2.214843273162842, -2.2218594551086426, -2.21193528175354, -2.209684133529663], "(1, 1, 2, 2)": [-2.210784912109375, -2.2012858390808105, -2.21262526512146, -2.2000036239624023, -2.188620090484619], "(2, 4, 2, 1)": [-2.2150797843933105, -2.2130281925201416, -2.2102620601654053, -2.205812931060791, -2.212080240249634], "(2, 1, 1, 1)": [0.0, -2.232076644897461, -2.2099769115448, -2.20259952545166, -2.2235400676727295], "(2, 5, 3, 3)": [-2.2223284244537354, -2.2449278831481934, 0.0, 0.0, -2.2449278831481934], "(3, 7, 2, 2)": [-2.2023043632507324, -2.2022056579589844, -2.196859359741211, -2.2026898860931396, -2.2013003826141357], "(3, 6, 2, 2)": [-2.222224235534668, -2.2114500999450684, -2.2114500999450684, -2.1998794078826904, -2.2114500999450684], "(3, 5, 2, 2)": [-2.246162176132202, -2.222224235534668, -2.2247209548950195, -2.222224235534668, -2.222224235534668], "(2, 7, 3, 3)": [-2.2326600551605225, 0.0, -2.2039146423339844, 0.0, -2.2001051902770996], "(2, 4, 3, 3)": [0.0, 0.0, -2.2223284244537354, -2.2223284244537354, 0.0], "(2, 5, 2, 1)": [-2.1992297172546387, -2.2076666355133057, -2.239068031311035, -2.2255606651306152, 0.0], "(2, 6, 3, 3)": [-2.203610897064209, -2.234649658203125, 0.0, 0.0, 0.0], "(2, 3, 1, 1)": [0.0, 0.0, -2.2467737197875977, 0.0, -2.220508575439453], "(2, 2, 1, 1)": [0.0, -2.202817678451538, 0.0, 0.0, 0.0], "(1, 5, 2, 2)": [-2.2197265625, -2.225572109222412, -2.2123348712921143, -2.2123348712921143, -2.225572109222412], "(1, 4, 2, 2)": [-2.2197265625, -2.2197265625, -2.205716133117676, -2.225572109222412, -2.2123348712921143], "(3, 1, 2, 2)": [-2.212111711502075, -2.209770441055298, -2.2064783573150635, -2.2113571166992188, -2.2084522247314453], "(3, 2, 2, 2)": [-2.2219648361206055, -2.2121424674987793, -2.213611125946045, -2.2113571166992188, -2.21096134185791], "(2, 4, 1, 1)": [0.0, 0.0, -2.2109861373901367, -2.1992297172546387, 0.0], "(1, 2, 2, 2)": [-2.210832118988037, -2.20589542388916, -2.1996190547943115, -2.212736129760742, -2.199479341506958], "(1, 3, 2, 2)": [-2.1996190547943115, -2.1996190547943115, -2.199758768081665, -2.199479341506958, -2.1996190547943115], "(1, 3, 1, 2)": [0.0, 0.0, 0.0, 0.0, -2.199479341506958], "(1, 4, 1, 1)": [0.0, 0.0, -2.199479341506958, 0.0, 0.0], "(1, 5, 1, 1)": [-2.199479341506958, 0.0, 0.0, 0.0, 0.0], "(2, 5, 1, 2)": [-2.199479341506958, 0.0, 0.0, 0.0, 0.0], "(3, 3, 2, 2)": [-2.2027463912963867, -2.216723918914795, -2.213453769683838, -2.213453769683838, -2.2027525901794434], "(1, 7, 2, 2)": [-2.213880777359009, 0.0, -2.2196145057678223, -2.213878631591797, 0.0], "(1, 6, 2, 2)": [-2.225572109222412, -2.2197265625, -2.213880777359009, -2.2197265625, 0.0], "(3, 4, 2, 2)": [-2.2018613815307617, -2.2240118980407715, -2.246162176132202, 0.0, 0.0], "(2, 6, 2, 1)": [-2.2109861373901367, 0.0, 0.0, 0.0, 0.0], "(2, 5, 1, 1)": [0.0, -2.2109861373901367, 0.0, 0.0, 0.0], "(1, 6, 2, 3)": [0.0, -2.225572109222412, 0.0, 0.0, 0.0], "(3, 7, 2, 3)": [0.0, 0.0, -2.20898699760437, 0.0, 0.0], "(3, 1, 2, 1)": [0.0, -2.2459375858306885, 0.0, 0.0, 0.0]}, "n_values": {"(2, 7, 2, 2)": [823.0, 806.0, 898.0, 956.0, 987.0], "(2, 6, 2, 2)": [827.0, 873.0, 927.0, 898.0, 971.0], "(2, 5, 2, 2)": [754.0, 761.0, 805.0, 825.0, 930.0], "(2, 2, 2, 2)": [894.0, 875.0, 800.0, 784.0, 781.0], "(2, 1, 2, 2)": [940.0, 879.0, 821.0, 802.0, 807.0], "(2, 3, 2, 2)": [806.0, 802.0, 744.0, 719.0, 742.0], "(2, 4, 2, 2)": [757.0, 753.0, 738.0, 733.0, 821.0], "(2, 6, 2, 3)": [48.0, 46.0, 29.0, 38.0, 43.0], "(2, 1, 2, 1)": [29.0, 32.0, 39.0, 35.0, 34.0], "(2, 2, 2, 1)": [18.0, 23.0, 22.0, 30.0, 33.0], "(2, 4, 2, 3)": [8.0, 7.0, 10.0, 7.0, 2.0], "(2, 3, 2, 3)": [5.0, 2.0, 4.0, 4.0, 4.0], "(2, 7, 2, 3)": [46.0, 49.0, 41.0, 49.0, 46.0], "(2, 5, 2, 3)": [18.0, 28.0, 16.0, 20.0, 23.0], "(2, 3, 2, 1)": [8.0, 9.0, 9.0, 19.0, 21.0], "(1, 1, 2, 2)": [4.0, 5.0, 4.0, 4.0, 2.0], "(2, 4, 2, 1)": [7.0, 8.0, 12.0, 9.0, 11.0], "(2, 1, 1, 1)": [0.0, 1.0, 1.0, 1.0, 1.0], "(2, 5, 3, 3)": [1.0, 1.0, 0.0, 0.0, 1.0], "(3, 7, 2, 2)": [3.0, 5.0, 5.0, 7.0, 4.0], "(3, 6, 2, 2)": [2.0, 4.0, 4.0, 3.0, 4.0], "(3, 5, 2, 2)": [1.0, 2.0, 2.0, 2.0, 2.0], "(2, 7, 3, 3)": [1.0, 0.0, 2.0, 0.0, 1.0], "(2, 4, 3, 3)": [0.0, 0.0, 1.0, 1.0, 0.0], "(2, 5, 2, 1)": [1.0, 1.0, 1.0, 1.0, 0.0], "(2, 6, 3, 3)": [1.0, 2.0, 0.0, 0.0, 0.0], "(2, 3, 1, 1)": [0.0, 0.0, 1.0, 0.0, 1.0], "(2, 2, 1, 1)": [0.0, 1.0, 0.0, 0.0, 0.0], "(1, 5, 2, 2)": [2.0, 1.0, 3.0, 3.0, 1.0], "(1, 4, 2, 2)": [2.0, 2.0, 2.0, 1.0, 3.0], "(3, 1, 2, 2)": [6.0, 5.0, 3.0, 4.0, 6.0], "(3, 2, 2, 2)": [4.0, 7.0, 6.0, 4.0, 4.0], "(2, 4, 1, 1)": [0.0, 0.0, 1.0, 1.0, 0.0], "(1, 2, 2, 2)": [3.0, 3.0, 2.0, 4.0, 1.0], "(1, 3, 2, 2)": [2.0, 2.0, 1.0, 1.0, 2.0], "(1, 3, 1, 2)": [0.0, 0.0, 0.0, 0.0, 1.0], "(1, 4, 1, 1)": [0.0, 0.0, 1.0, 0.0, 0.0], "(1, 5, 1, 1)": [1.0, 0.0, 0.0, 0.0, 0.0], "(2, 5, 1, 2)": [1.0, 0.0, 0.0, 0.0, 0.0], "(3, 3, 2, 2)": [4.0, 3.0, 4.0, 4.0, 2.0], "(1, 7, 2, 2)": [1.0, 0.0, 2.0, 1.0, 0.0], "(1, 6, 2, 2)": [1.0, 2.0, 1.0, 2.0, 0.0], "(3, 4, 2, 2)": [1.0, 2.0, 1.0, 0.0, 0.0], "(2, 5, 1, 1)": [0.0, 1.0, 0.0, 0.0, 0.0], "(2, 6, 2, 1)": [1.0, 0.0, 0.0, 0.0, 0.0], "(1, 6, 2, 3)": [0.0, 1.0, 0.0, 0.0, 0.0], "(3, 7, 2, 3)": [0.0, 0.0, 1.0, 0.0, 0.0], "(3, 1, 2, 1)": [0.0, 1.0, 0.0, 0.0, 0.0]}}