{"q_values": {"(2, 7, 2, 2)": [-2.2074480056762695, -2.2058777809143066, -2.207908868789673, -2.2050883769989014, -2.2074577808380127], "(2, 6, 2, 2)": [-2.2120895385742188, -2.210875988006592, -2.2111995220184326, -2.211660385131836, -2.2111616134643555], "(2, 5, 2, 2)": [-2.213310956954956, -2.2122411727905273, -2.212430477142334, -2.2123968601226807, -2.2114601135253906], "(2, 2, 2, 2)": [-2.211836099624634, -2.212399959564209, -2.21164608001709, -2.212066411972046, -2.212871789932251], "(2, 1, 2, 2)": [-2.209242105484009, -2.2082622051239014, -2.209432601928711, -2.2083897590637207, -2.2078616619110107], "(2, 3, 2, 2)": [-2.2130918502807617, -2.212759256362915, -2.2125258445739746, -2.212710380554199, -2.212476968765259], "(2, 4, 2, 2)": [-2.2140045166015625, -2.213535785675049, -2.2131943702697754, -2.213230609893799, -2.213021755218506], "(2, 6, 2, 3)": [-2.2116711139678955, -2.215575695037842, -2.223872423171997, -2.2194817066192627, -2.225282669067383], "(2, 1, 2, 1)": [-2.211134910583496, -2.2172069549560547, -2.209090232849121, -2.2087035179138184, -2.2153544425964355], "(2, 2, 2, 1)": [-2.2172763347625732, -2.2222096920013428, -2.2154171466827393, -2.213381052017212, -2.2146100997924805], "(2, 4, 2, 3)": [-2.206061840057373, -2.205286741256714, -2.2115283012390137, -2.199791431427002, -2.2449278831481934], "(2, 3, 2, 3)": [-2.2153372764587402, 0.0, -2.2128522396087646, -2.2228856086730957, -2.233628273010254], "(2, 7, 2, 3)": [-2.2050843238830566, -2.2120728492736816, -2.216822624206543, -2.2176966667175293, -2.2084500789642334], "(2, 5, 2, 3)": [-2.207897663116455, -2.2096176147460938, -2.210986375808716, -2.218252420425415, -2.208181142807007], "(2, 3, 2, 1)": [-2.2177720069885254, -2.225491523742676, -2.2240424156188965, -2.2159690856933594, -2.220186471939087], "(1, 1, 2, 2)": [0.0, 0.0, 0.0, -2.203484535217285, 0.0], "(2, 4, 2, 1)": [-2.2159578800201416, -2.2197723388671875, -2.2025134563446045, 0.0, -2.2040796279907227], "(2, 1, 1, 1)": [0.0, -2.232076644897461, -2.2099769115448, 0.0, 0.0], "(2, 5, 3, 3)": [-2.2223284244537354, -2.2449278831481934, 0.0, 0.0, -2.2449278831481934], "(3, 7, 2, 2)": [-2.203626871109009, -2.2009565830230713, -2.18996524810791, -2.1999945640563965, -2.2009565830230713], "(3, 6, 2, 2)": [-2.198286294937134, -2.198179244995117, -2.198179244995117, -2.198179244995117, -2.198179244995117], "(3, 5, 2, 2)": [0.0, -2.198286294937134, 0.0, -2.198286294937134, -2.198286294937134], "(2, 7, 3, 3)": [-2.2326600551605225, 0.0, -2.1767523288726807, 0.0, -2.2001051902770996], "(2, 4, 3, 3)": [0.0, 0.0, -2.2223284244537354, -2.2223284244537354, 0.0], "(2, 5, 2, 1)": [0.0, 0.0, 0.0, -2.2255606651306152, 0.0], "(2, 6, 3, 3)": [0.0, -2.237999677658081, 0.0, 0.0, 0.0], "(2, 3, 1, 1)": [0.0, 0.0, 0.0, 0.0, -2.220508575439453]}, "n_values": {"(2, 7, 2, 2)": [141.0, 147.0, 156.0, 179.0, 183.0], "(2, 6, 2, 2)": [144.0, 163.0, 152.0, 154.0, 168.0], "(2, 5, 2, 2)": [134.0, 139.0, 150.0, 146.0, 171.0], "(2, 2, 2, 2)": [187.0, 176.0, 156.0, 162.0, 165.0], "(2, 1, 2, 2)": [201.0, 177.0, 172.0, 158.0, 157.0], "(2, 3, 2, 2)": [175.0, 159.0, 169.0, 165.0, 174.0], "(2, 4, 2, 2)": [166.0, 148.0, 157.0, 155.0, 162.0], "(2, 6, 2, 3)": [8.0, 10.0, 4.0, 7.0, 12.0], "(2, 1, 2, 1)": [8.0, 6.0, 11.0, 6.0, 9.0], "(2, 2, 2, 1)": [4.0, 7.0, 8.0, 5.0, 7.0], "(2, 4, 2, 3)": [2.0, 3.0, 3.0, 2.0, 1.0], "(2, 3, 2, 3)": [1.0, 0.0, 1.0, 2.0, 2.0], "(2, 7, 2, 3)": [7.0, 9.0, 8.0, 10.0, 7.0], "(2, 5, 2, 3)": [3.0, 10.0, 6.0, 6.0, 4.0], "(2, 3, 2, 1)": [4.0, 3.0, 4.0, 4.0, 3.0], "(1, 1, 2, 2)": [0.0, 0.0, 0.0, 1.0, 0.0], "(2, 4, 2, 1)": [1.0, 1.0, 2.0, 0.0, 2.0], "(2, 1, 1, 1)": [0.0, 1.0, 1.0, 0.0, 0.0], "(2, 5, 3, 3)": [1.0, 1.0, 0.0, 0.0, 1.0], "(3, 7, 2, 2)": [1.0, 2.0, 2.0, 3.0, 2.0], "(3, 6, 2, 2)": [1.0, 2.0, 2.0, 2.0, 2.0], "(3, 5, 2, 2)": [0.0, 1.0, 0.0, 1.0, 1.0], "(2, 7, 3, 3)": [1.0, 0.0, 1.0, 0.0, 1.0], "(2, 4, 3, 3)": [0.0, 0.0, 1.0, 1.0, 0.0], "(2, 5, 2, 1)": [0.0, 0.0, 0.0, 1.0, 0.0], "(2, 6, 3, 3)": [0.0, 1.0, 0.0, 0.0, 0.0], "(2, 3, 1, 1)": [0.0, 0.0, 0.0, 0.0, 1.0]}}