{"q_values": {"(2, 7, 2, 2)": [-2.2065277099609375, -2.2066354751586914, -2.207439661026001, -2.2056705951690674, -2.2076632976531982], "(2, 6, 2, 2)": [-2.21272349357605, -2.2113726139068604, -2.211576223373413, -2.211585760116577, -2.2114241123199463], "(2, 5, 2, 2)": [-2.2136921882629395, -2.212686538696289, -2.2125120162963867, -2.212519407272339, -2.2119791507720947], "(2, 2, 2, 2)": [-2.2118749618530273, -2.211960792541504, -2.211801528930664, -2.212176561355591, -2.212944746017456], "(2, 1, 2, 2)": [-2.209571599960327, -2.2084007263183594, -2.2093393802642822, -2.2079195976257324, -2.207610607147217], "(2, 3, 2, 2)": [-2.2134413719177246, -2.2130541801452637, -2.2129311561584473, -2.213294506072998, -2.212967872619629], "(2, 4, 2, 2)": [-2.214198112487793, -2.2135848999023438, -2.2137768268585205, -2.2134995460510254, -2.2133495807647705], "(2, 6, 2, 3)": [-2.215867757797241, -2.2145211696624756, -2.2230396270751953, -2.2167587280273438, -2.225282669067383], "(2, 1, 2, 1)": [-2.211684226989746, -2.215993881225586, -2.208937644958496, -2.212568998336792, -2.21075701713562], "(2, 2, 2, 1)": [-2.2172763347625732, -2.221583843231201, -2.2172083854675293, -2.215547561645508, -2.2166991233825684], "(2, 4, 2, 3)": [-2.2163233757019043, -2.205286741256714, -2.2115283012390137, -2.2020883560180664, -2.2449278831481934], "(2, 3, 2, 3)": [-2.2153372764587402, 0.0, -2.2128522396087646, -2.2228856086730957, -2.233628273010254], "(2, 7, 2, 3)": [-2.205185890197754, -2.2124881744384766, -2.2155494689941406, -2.215855836868286, -2.2084500789642334], "(2, 5, 2, 3)": [-2.2075939178466797, -2.2093372344970703, -2.210986375808716, -2.2165865898132324, -2.212721586227417], "(2, 3, 2, 1)": [-2.213383674621582, -2.220717430114746, -2.2251524925231934, -2.21699857711792, -2.2117230892181396], "(1, 1, 2, 2)": [0.0, 0.0, 0.0, -2.203484535217285, 0.0], "(2, 4, 2, 1)": [-2.2074389457702637, -2.2197723388671875, -2.2102789878845215, 0.0, -2.2040796279907227], "(2, 1, 1, 1)": [0.0, -2.232076644897461, -2.2099769115448, -2.20259952545166, 0.0], "(2, 5, 3, 3)": [-2.2223284244537354, -2.2449278831481934, 0.0, 0.0, -2.2449278831481934], "(3, 7, 2, 2)": [-2.203626871109009, -2.2009565830230713, -2.18996524810791, -2.203615427017212, -2.2009565830230713], "(3, 6, 2, 2)": [-2.198286294937134, -2.198179244995117, -2.198179244995117, -2.198179244995117, -2.198179244995117], "(3, 5, 2, 2)": [0.0, -2.198286294937134, 0.0, -2.198286294937134, -2.198286294937134], "(2, 7, 3, 3)": [-2.2326600551605225, 0.0, -2.1767523288726807, 0.0, -2.2001051902770996], "(2, 4, 3, 3)": [0.0, 0.0, -2.2223284244537354, -2.2223284244537354, 0.0], "(2, 5, 2, 1)": [0.0, 0.0, 0.0, -2.2255606651306152, 0.0], "(2, 6, 3, 3)": [0.0, -2.237999677658081, 0.0, 0.0, 0.0], "(2, 3, 1, 1)": [0.0, 0.0, 0.0, 0.0, -2.220508575439453], "(2, 2, 1, 1)": [0.0, -2.202817678451538, 0.0, 0.0, 0.0], "(1, 5, 2, 2)": [0.0, 0.0, -2.1975512504577637, -2.1975512504577637, 0.0], "(1, 4, 2, 2)": [0.0, 0.0, -2.1975512504577637, 0.0, -2.1975512504577637]}, "n_values": {"(2, 7, 2, 2)": [197.0, 206.0, 220.0, 252.0, 247.0], "(2, 6, 2, 2)": [202.0, 227.0, 221.0, 223.0, 243.0], "(2, 5, 2, 2)": [191.0, 198.0, 211.0, 208.0, 238.0], "(2, 2, 2, 2)": [254.0, 235.0, 215.0, 229.0, 223.0], "(2, 1, 2, 2)": [285.0, 254.0, 241.0, 230.0, 218.0], "(2, 3, 2, 2)": [243.0, 218.0, 234.0, 228.0, 233.0], "(2, 4, 2, 2)": [228.0, 217.0, 222.0, 217.0, 225.0], "(2, 6, 2, 3)": [11.0, 11.0, 6.0, 8.0, 12.0], "(2, 1, 2, 1)": [10.0, 7.0, 12.0, 11.0, 14.0], "(2, 2, 2, 1)": [4.0, 11.0, 10.0, 9.0, 12.0], "(2, 4, 2, 3)": [3.0, 3.0, 3.0, 3.0, 1.0], "(2, 3, 2, 3)": [1.0, 0.0, 1.0, 2.0, 2.0], "(2, 7, 2, 3)": [10.0, 12.0, 11.0, 14.0, 7.0], "(2, 5, 2, 3)": [4.0, 12.0, 6.0, 8.0, 5.0], "(2, 3, 2, 1)": [6.0, 4.0, 6.0, 5.0, 6.0], "(1, 1, 2, 2)": [0.0, 0.0, 0.0, 1.0, 0.0], "(2, 4, 2, 1)": [2.0, 1.0, 3.0, 0.0, 2.0], "(2, 1, 1, 1)": [0.0, 1.0, 1.0, 1.0, 0.0], "(2, 5, 3, 3)": [1.0, 1.0, 0.0, 0.0, 1.0], "(3, 7, 2, 2)": [1.0, 2.0, 2.0, 4.0, 2.0], "(3, 6, 2, 2)": [1.0, 2.0, 2.0, 2.0, 2.0], "(3, 5, 2, 2)": [0.0, 1.0, 0.0, 1.0, 1.0], "(2, 7, 3, 3)": [1.0, 0.0, 1.0, 0.0, 1.0], "(2, 4, 3, 3)": [0.0, 0.0, 1.0, 1.0, 0.0], "(2, 5, 2, 1)": [0.0, 0.0, 0.0, 1.0, 0.0], "(2, 6, 3, 3)": [0.0, 1.0, 0.0, 0.0, 0.0], "(2, 3, 1, 1)": [0.0, 0.0, 0.0, 0.0, 1.0], "(2, 2, 1, 1)": [0.0, 1.0, 0.0, 0.0, 0.0], "(1, 5, 2, 2)": [0.0, 0.0, 1.0, 1.0, 0.0], "(1, 4, 2, 2)": [0.0, 0.0, 1.0, 0.0, 1.0]}}