{"q_values": {"(2, 7, 2, 2)": [-2.207014322280884, -2.2074944972991943, -2.2075400352478027, -2.207601308822632, -2.2084124088287354], "(2, 6, 2, 2)": [-2.2115018367767334, -2.211299419403076, -2.2107791900634766, -2.2113795280456543, -2.211169719696045], "(2, 5, 2, 2)": [-2.212291955947876, -2.2120697498321533, -2.2119863033294678, -2.2119643688201904, -2.211805582046509], "(2, 2, 2, 2)": [-2.211595296859741, -2.2112629413604736, -2.211327314376831, -2.2114615440368652, -2.211459159851074], "(2, 1, 2, 2)": [-2.2085683345794678, -2.2077417373657227, -2.208024024963379, -2.207646369934082, -2.2073512077331543], "(2, 3, 2, 2)": [-2.2122585773468018, -2.211770534515381, -2.2120602130889893, -2.2121670246124268, -2.211942672729492], "(2, 4, 2, 2)": [-2.212512254714966, -2.212130308151245, -2.2124855518341064, -2.212574005126953, -2.2119388580322266], "(2, 6, 2, 3)": [-2.2124600410461426, -2.214646816253662, -2.217179298400879, -2.2160630226135254, -2.2216217517852783], "(2, 1, 2, 1)": [-2.214810848236084, -2.214627265930176, -2.210322856903076, -2.211777925491333, -2.2106592655181885], "(2, 2, 2, 1)": [-2.220862627029419, -2.2219595909118652, -2.215318441390991, -2.2113730907440186, -2.2133102416992188], "(2, 4, 2, 3)": [-2.2126574516296387, -2.206742763519287, -2.2077579498291016, -2.212453842163086, -2.246903896331787], "(2, 3, 2, 3)": [-2.2150955200195312, -2.2135186195373535, -2.2128283977508545, -2.2195253372192383, -2.221877336502075], "(2, 7, 2, 3)": [-2.2056643962860107, -2.209137439727783, -2.2130768299102783, -2.2101821899414062, -2.211547613143921], "(2, 5, 2, 3)": [-2.213496208190918, -2.208632469177246, -2.2088263034820557, -2.217708110809326, -2.2127506732940674], "(2, 3, 2, 1)": [-2.2179033756256104, -2.2163732051849365, -2.2218594551086426, -2.2121927738189697, -2.209402084350586], "(1, 1, 2, 2)": [-2.210784912109375, -2.2016682624816895, -2.216987371444702, -2.2000036239624023, -2.199479341506958], "(2, 4, 2, 1)": [-2.2150797843933105, -2.2130281925201416, -2.2102620601654053, -2.20621395111084, -2.2093379497528076], "(2, 1, 1, 1)": [0.0, -2.232076644897461, -2.2099769115448, -2.20259952545166, -2.2235400676727295], "(2, 5, 3, 3)": [-2.2223284244537354, -2.2449278831481934, 0.0, 0.0, -2.2449278831481934], "(3, 7, 2, 2)": [-2.2023043632507324, -2.2022056579589844, -2.196859359741211, -2.2026898860931396, -2.2013003826141357], "(3, 6, 2, 2)": [-2.198286294937134, -2.1998794078826904, -2.1998794078826904, -2.1998794078826904, -2.1998794078826904], "(3, 5, 2, 2)": [0.0, -2.198286294937134, -2.203279495239258, -2.198286294937134, -2.198286294937134], "(2, 7, 3, 3)": [-2.2326600551605225, 0.0, -2.1767523288726807, 0.0, -2.2001051902770996], "(2, 4, 3, 3)": [0.0, 0.0, -2.2223284244537354, -2.2223284244537354, 0.0], "(2, 5, 2, 1)": [-2.1992297172546387, -2.2076666355133057, -2.239068031311035, -2.2255606651306152, 0.0], "(2, 6, 3, 3)": [-2.203610897064209, -2.237999677658081, 0.0, 0.0, 0.0], "(2, 3, 1, 1)": [0.0, 0.0, -2.2467737197875977, 0.0, -2.220508575439453], "(2, 2, 1, 1)": [0.0, -2.202817678451538, 0.0, 0.0, 0.0], "(1, 5, 2, 2)": [-2.2197265625, -2.225572109222412, -2.2123348712921143, -2.2123348712921143, -2.225572109222412], "(1, 4, 2, 2)": [-2.2197265625, -2.2197265625, -2.205716133117676, -2.225572109222412, -2.2123348712921143], "(3, 1, 2, 2)": [-2.2053020000457764, -2.209770441055298, -2.2064783573150635, -2.2113571166992188, -2.2084522247314453], "(3, 2, 2, 2)": [-2.2138988971710205, -2.206472635269165, -2.2071008682250977, -2.2113571166992188, -2.21096134185791], "(2, 4, 1, 1)": [0.0, 0.0, -2.2109861373901367, -2.1992297172546387, 0.0], "(1, 2, 2, 2)": [-2.2163689136505127, -2.2089638710021973, -2.199479341506958, -2.217061996459961, -2.199479341506958], "(1, 3, 2, 2)": [-2.199479341506958, -2.199479341506958, 0.0, -2.199479341506958, -2.199479341506958], "(1, 3, 1, 2)": [0.0, 0.0, 0.0, 0.0, -2.199479341506958], "(1, 4, 1, 1)": [0.0, 0.0, -2.199479341506958, 0.0, 0.0], "(1, 5, 1, 1)": [-2.199479341506958, 0.0, 0.0, 0.0, 0.0], "(2, 5, 1, 2)": [-2.199479341506958, 0.0, 0.0, 0.0, 0.0], "(3, 3, 2, 2)": [-2.2027463912963867, -2.2020046710968018, -2.2025511264801025, -2.2025511264801025, -2.2027525901794434], "(1, 7, 2, 2)": [-2.213880777359009, 0.0, -2.2196145057678223, -2.213878631591797, 0.0], "(1, 6, 2, 2)": [-2.225572109222412, -2.2197265625, -2.213880777359009, -2.2197265625, 0.0], "(3, 4, 2, 2)": [-2.2018613815307617, -2.2018613815307617, 0.0, 0.0, 0.0], "(2, 6, 2, 1)": [-2.2109861373901367, 0.0, 0.0, 0.0, 0.0], "(2, 5, 1, 1)": [0.0, -2.2109861373901367, 0.0, 0.0, 0.0], "(1, 6, 2, 3)": [0.0, -2.225572109222412, 0.0, 0.0, 0.0]}, "n_values": {"(2, 7, 2, 2)": [743.0, 738.0, 822.0, 876.0, 900.0], "(2, 6, 2, 2)": [756.0, 793.0, 834.0, 815.0, 880.0], "(2, 5, 2, 2)": [697.0, 694.0, 737.0, 755.0, 852.0], "(2, 2, 2, 2)": [828.0, 806.0, 735.0, 724.0, 721.0], "(2, 1, 2, 2)": [875.0, 815.0, 761.0, 741.0, 740.0], "(2, 3, 2, 2)": [749.0, 740.0, 696.0, 670.0, 688.0], "(2, 4, 2, 2)": [702.0, 686.0, 686.0, 674.0, 755.0], "(2, 6, 2, 3)": [44.0, 41.0, 27.0, 35.0, 38.0], "(2, 1, 2, 1)": [26.0, 30.0, 34.0, 34.0, 32.0], "(2, 2, 2, 1)": [18.0, 21.0, 22.0, 28.0, 30.0], "(2, 4, 2, 3)": [8.0, 7.0, 9.0, 6.0, 2.0], "(2, 3, 2, 3)": [5.0, 1.0, 2.0, 3.0, 3.0], "(2, 7, 2, 3)": [42.0, 46.0, 36.0, 45.0, 40.0], "(2, 5, 2, 3)": [16.0, 27.0, 13.0, 18.0, 20.0], "(2, 3, 2, 1)": [8.0, 8.0, 9.0, 18.0, 20.0], "(1, 1, 2, 2)": [4.0, 4.0, 3.0, 4.0, 1.0], "(2, 4, 2, 1)": [7.0, 8.0, 12.0, 8.0, 10.0], "(2, 1, 1, 1)": [0.0, 1.0, 1.0, 1.0, 1.0], "(2, 5, 3, 3)": [1.0, 1.0, 0.0, 0.0, 1.0], "(3, 7, 2, 2)": [3.0, 5.0, 5.0, 7.0, 4.0], "(3, 6, 2, 2)": [1.0, 3.0, 3.0, 3.0, 3.0], "(3, 5, 2, 2)": [0.0, 1.0, 1.0, 1.0, 1.0], "(2, 7, 3, 3)": [1.0, 0.0, 1.0, 0.0, 1.0], "(2, 4, 3, 3)": [0.0, 0.0, 1.0, 1.0, 0.0], "(2, 5, 2, 1)": [1.0, 1.0, 1.0, 1.0, 0.0], "(2, 6, 3, 3)": [1.0, 1.0, 0.0, 0.0, 0.0], "(2, 3, 1, 1)": [0.0, 0.0, 1.0, 0.0, 1.0], "(2, 2, 1, 1)": [0.0, 1.0, 0.0, 0.0, 0.0], "(1, 5, 2, 2)": [2.0, 1.0, 3.0, 3.0, 1.0], "(1, 4, 2, 2)": [2.0, 2.0, 2.0, 1.0, 3.0], "(3, 1, 2, 2)": [5.0, 5.0, 3.0, 4.0, 6.0], "(3, 2, 2, 2)": [3.0, 6.0, 5.0, 4.0, 4.0], "(2, 4, 1, 1)": [0.0, 0.0, 1.0, 1.0, 0.0], "(1, 2, 2, 2)": [2.0, 2.0, 1.0, 3.0, 1.0], "(1, 3, 2, 2)": [1.0, 1.0, 0.0, 1.0, 1.0], "(1, 3, 1, 2)": [0.0, 0.0, 0.0, 0.0, 1.0], "(1, 4, 1, 1)": [0.0, 0.0, 1.0, 0.0, 0.0], "(1, 5, 1, 1)": [1.0, 0.0, 0.0, 0.0, 0.0], "(2, 5, 1, 2)": [1.0, 0.0, 0.0, 0.0, 0.0], "(3, 3, 2, 2)": [4.0, 2.0, 3.0, 3.0, 2.0], "(1, 7, 2, 2)": [1.0, 0.0, 2.0, 1.0, 0.0], "(1, 6, 2, 2)": [1.0, 2.0, 1.0, 2.0, 0.0], "(3, 4, 2, 2)": [1.0, 1.0, 0.0, 0.0, 0.0], "(2, 5, 1, 1)": [0.0, 1.0, 0.0, 0.0, 0.0], "(2, 6, 2, 1)": [1.0, 0.0, 0.0, 0.0, 0.0], "(1, 6, 2, 3)": [0.0, 1.0, 0.0, 0.0, 0.0]}}