{"q_values": {"(2, 7, 2, 2)": [-2.2064850330352783, -2.2069568634033203, -2.207252264022827, -2.2067337036132812, -2.2077934741973877], "(2, 6, 2, 2)": [-2.211838483810425, -2.211292266845703, -2.210832357406616, -2.2113301753997803, -2.21117901802063], "(2, 5, 2, 2)": [-2.2128243446350098, -2.212134599685669, -2.2121922969818115, -2.2123115062713623, -2.211864709854126], "(2, 2, 2, 2)": [-2.211994171142578, -2.2116291522979736, -2.212015390396118, -2.2120251655578613, -2.2122106552124023], "(2, 1, 2, 2)": [-2.209221124649048, -2.208319664001465, -2.208772659301758, -2.2082011699676514, -2.2076213359832764], "(2, 3, 2, 2)": [-2.2128288745880127, -2.212360382080078, -2.212644577026367, -2.2125978469848633, -2.2124781608581543], "(2, 4, 2, 2)": [-2.2131145000457764, -2.2125840187072754, -2.2127506732940674, -2.213111639022827, -2.2123782634735107], "(2, 6, 2, 3)": [-2.2110795974731445, -2.2150466442108154, -2.2198662757873535, -2.216912269592285, -2.2234079837799072], "(2, 1, 2, 1)": [-2.213695526123047, -2.216212749481201, -2.210571765899658, -2.208641767501831, -2.212995767593384], "(2, 2, 2, 1)": [-2.2251508235931396, -2.222092866897583, -2.2160208225250244, -2.2126505374908447, -2.2131917476654053], "(2, 4, 2, 3)": [-2.2133028507232666, -2.2055859565734863, -2.209970235824585, -2.210965633392334, -2.246903896331787], "(2, 3, 2, 3)": [-2.2211058139801025, 0.0, -2.2128522396087646, -2.2228856086730957, -2.233628273010254], "(2, 7, 2, 3)": [-2.2050881385803223, -2.212902545928955, -2.2172858715057373, -2.2135393619537354, -2.2134923934936523], "(2, 5, 2, 3)": [-2.2137880325317383, -2.2084386348724365, -2.209324359893799, -2.218069553375244, -2.211681365966797], "(2, 3, 2, 1)": [-2.213383674621582, -2.220717430114746, -2.224458932876587, -2.213616132736206, -2.209784746170044], "(1, 1, 2, 2)": [-2.216257095336914, -2.199479341506958, -2.216367721557617, -2.201481819152832, -2.199479341506958], "(2, 4, 2, 1)": [-2.2087416648864746, -2.2149624824523926, -2.2139945030212402, -2.208972692489624, -2.2049975395202637], "(2, 1, 1, 1)": [0.0, -2.232076644897461, -2.2099769115448, -2.20259952545166, -2.2235400676727295], "(2, 5, 3, 3)": [-2.2223284244537354, -2.2449278831481934, 0.0, 0.0, -2.2449278831481934], "(3, 7, 2, 2)": [-2.203626871109009, -2.201937198638916, -2.1936697959899902, -2.203108072280884, -2.2009565830230713], "(3, 6, 2, 2)": [-2.198286294937134, -2.198179244995117, -2.198179244995117, -2.198179244995117, -2.198179244995117], "(3, 5, 2, 2)": [0.0, -2.198286294937134, 0.0, -2.198286294937134, -2.198286294937134], "(2, 7, 3, 3)": [-2.2326600551605225, 0.0, -2.1767523288726807, 0.0, -2.2001051902770996], "(2, 4, 3, 3)": [0.0, 0.0, -2.2223284244537354, -2.2223284244537354, 0.0], "(2, 5, 2, 1)": [-2.1992297172546387, 0.0, 0.0, -2.2255606651306152, 0.0], "(2, 6, 3, 3)": [0.0, -2.237999677658081, 0.0, 0.0, 0.0], "(2, 3, 1, 1)": [0.0, 0.0, 0.0, 0.0, -2.220508575439453], "(2, 2, 1, 1)": [0.0, -2.202817678451538, 0.0, 0.0, 0.0], "(1, 5, 2, 2)": [-2.213880777359009, 0.0, -2.205716133117676, -2.205716133117676, 0.0], "(1, 4, 2, 2)": [-2.213880777359009, -2.213880777359009, -2.205716133117676, 0.0, -2.205716133117676], "(3, 1, 2, 2)": [-2.196152448654175, -2.2043251991271973, -2.20185923576355, -2.2052273750305176, -2.2035772800445557], "(3, 2, 2, 2)": [-2.203643798828125, -2.2035775184631348, -2.2035775184631348, -2.2052273750305176, -2.203643798828125], "(2, 4, 1, 1)": [0.0, 0.0, 0.0, -2.1992297172546387, 0.0], "(1, 2, 2, 2)": [-2.2163689136505127, -2.199479341506958, -2.199479341506958, -2.2163689136505127, -2.199479341506958], "(1, 3, 2, 2)": [-2.199479341506958, -2.199479341506958, 0.0, -2.199479341506958, -2.199479341506958], "(1, 3, 1, 2)": [0.0, 0.0, 0.0, 0.0, -2.199479341506958], "(1, 4, 1, 1)": [0.0, 0.0, -2.199479341506958, 0.0, 0.0], "(1, 5, 1, 1)": [-2.199479341506958, 0.0, 0.0, 0.0, 0.0], "(2, 5, 1, 2)": [-2.199479341506958, 0.0, 0.0, 0.0, 0.0], "(3, 3, 2, 2)": [-2.2027525901794434, -2.2018613815307617, -2.2027525901794434, -2.2027525901794434, -2.2027525901794434], "(1, 7, 2, 2)": [-2.213880777359009, 0.0, -2.2136592864990234, -2.213878631591797, 0.0], "(1, 6, 2, 2)": [0.0, -2.213880777359009, -2.213880777359009, -2.213880777359009, 0.0], "(3, 4, 2, 2)": [-2.2018613815307617, -2.2018613815307617, 0.0, 0.0, 0.0]}, "n_values": {"(2, 7, 2, 2)": [465.0, 468.0, 520.0, 566.0, 576.0], "(2, 6, 2, 2)": [484.0, 506.0, 526.0, 516.0, 550.0], "(2, 5, 2, 2)": [446.0, 440.0, 478.0, 473.0, 536.0], "(2, 2, 2, 2)": [541.0, 509.0, 479.0, 468.0, 473.0], "(2, 1, 2, 2)": [578.0, 525.0, 500.0, 494.0, 478.0], "(2, 3, 2, 2)": [507.0, 471.0, 460.0, 451.0, 469.0], "(2, 4, 2, 2)": [479.0, 466.0, 468.0, 457.0, 501.0], "(2, 6, 2, 3)": [26.0, 25.0, 16.0, 25.0, 25.0], "(2, 1, 2, 1)": [20.0, 17.0, 24.0, 22.0, 22.0], "(2, 2, 2, 1)": [12.0, 14.0, 15.0, 18.0, 23.0], "(2, 4, 2, 3)": [7.0, 4.0, 6.0, 4.0, 2.0], "(2, 3, 2, 3)": [3.0, 0.0, 1.0, 2.0, 2.0], "(2, 7, 2, 3)": [22.0, 23.0, 21.0, 27.0, 24.0], "(2, 5, 2, 3)": [12.0, 18.0, 10.0, 12.0, 14.0], "(2, 3, 2, 1)": [6.0, 4.0, 8.0, 13.0, 17.0], "(1, 1, 2, 2)": [2.0, 1.0, 2.0, 2.0, 1.0], "(2, 4, 2, 1)": [4.0, 6.0, 9.0, 6.0, 5.0], "(2, 1, 1, 1)": [0.0, 1.0, 1.0, 1.0, 1.0], "(2, 5, 3, 3)": [1.0, 1.0, 0.0, 0.0, 1.0], "(3, 7, 2, 2)": [1.0, 4.0, 3.0, 5.0, 2.0], "(3, 6, 2, 2)": [1.0, 2.0, 2.0, 2.0, 2.0], "(3, 5, 2, 2)": [0.0, 1.0, 0.0, 1.0, 1.0], "(2, 7, 3, 3)": [1.0, 0.0, 1.0, 0.0, 1.0], "(2, 4, 3, 3)": [0.0, 0.0, 1.0, 1.0, 0.0], "(2, 5, 2, 1)": [1.0, 0.0, 0.0, 1.0, 0.0], "(2, 6, 3, 3)": [0.0, 1.0, 0.0, 0.0, 0.0], "(2, 3, 1, 1)": [0.0, 0.0, 0.0, 0.0, 1.0], "(2, 2, 1, 1)": [0.0, 1.0, 0.0, 0.0, 0.0], "(1, 5, 2, 2)": [1.0, 0.0, 2.0, 2.0, 0.0], "(1, 4, 2, 2)": [1.0, 1.0, 2.0, 0.0, 2.0], "(3, 1, 2, 2)": [3.0, 2.0, 1.0, 1.0, 3.0], "(3, 2, 2, 2)": [1.0, 3.0, 3.0, 1.0, 1.0], "(2, 4, 1, 1)": [0.0, 0.0, 0.0, 1.0, 0.0], "(1, 2, 2, 2)": [2.0, 1.0, 1.0, 2.0, 1.0], "(1, 3, 2, 2)": [1.0, 1.0, 0.0, 1.0, 1.0], "(1, 3, 1, 2)": [0.0, 0.0, 0.0, 0.0, 1.0], "(1, 4, 1, 1)": [0.0, 0.0, 1.0, 0.0, 0.0], "(1, 5, 1, 1)": [1.0, 0.0, 0.0, 0.0, 0.0], "(2, 5, 1, 2)": [1.0, 0.0, 0.0, 0.0, 0.0], "(3, 3, 2, 2)": [2.0, 1.0, 2.0, 2.0, 2.0], "(1, 7, 2, 2)": [1.0, 0.0, 1.0, 1.0, 0.0], "(1, 6, 2, 2)": [0.0, 1.0, 1.0, 1.0, 0.0], "(3, 4, 2, 2)": [1.0, 1.0, 0.0, 0.0, 0.0]}}