{"q_values": {"(2, 7, 2, 2)": [-2.2071969509124756, -2.2074813842773438, -2.20754337310791, -2.2078564167022705, -2.2086119651794434], "(2, 6, 2, 2)": [-2.2115478515625, -2.211376905441284, -2.21081280708313, -2.2113871574401855, -2.2112271785736084], "(2, 5, 2, 2)": [-2.212238073348999, -2.212228536605835, -2.2119669914245605, -2.212111234664917, -2.211987018585205], "(2, 2, 2, 2)": [-2.211573600769043, -2.211120843887329, -2.2112271785736084, -2.211395025253296, -2.211428165435791], "(2, 1, 2, 2)": [-2.2086360454559326, -2.2079200744628906, -2.2078964710235596, -2.2077414989471436, -2.207385540008545], "(2, 3, 2, 2)": [-2.212263345718384, -2.211794376373291, -2.2119858264923096, -2.2120227813720703, -2.212007999420166], "(2, 4, 2, 2)": [-2.2125396728515625, -2.21212100982666, -2.2123687267303467, -2.2126145362854004, -2.211972951889038], "(2, 6, 2, 3)": [-2.2126123905181885, -2.2143609523773193, -2.2176690101623535, -2.217104196548462, -2.221479654312134], "(2, 1, 2, 1)": [-2.214603900909424, -2.2159531116485596, -2.2112209796905518, -2.2101263999938965, -2.210414171218872], "(2, 2, 2, 1)": [-2.2222378253936768, -2.2225558757781982, -2.2148075103759766, -2.2122371196746826, -2.2140252590179443], "(2, 4, 2, 3)": [-2.2115983963012695, -2.206742763519287, -2.2084543704986572, -2.2145485877990723, -2.246903896331787], "(2, 3, 2, 3)": [-2.2150955200195312, -2.222885847091675, -2.205902338027954, -2.2247703075408936, -2.22318696975708], "(2, 7, 2, 3)": [-2.2059566974639893, -2.2102527618408203, -2.2126073837280273, -2.210456609725952, -2.212728500366211], "(2, 5, 2, 3)": [-2.2133517265319824, -2.2088816165924072, -2.2112114429473877, -2.218329668045044, -2.2146072387695312], "(2, 3, 2, 1)": [-2.220646858215332, -2.2142765522003174, -2.2243728637695312, -2.2121708393096924, -2.209484100341797], "(1, 1, 2, 2)": [-2.209371328353882, -2.2020909786224365, -2.2113234996795654, -2.202183485031128, -2.1975817680358887], "(2, 4, 2, 1)": [-2.212991714477539, -2.2144479751586914, -2.212972402572632, -2.2050890922546387, -2.2109382152557373], "(2, 1, 1, 1)": [0.0, -2.232076644897461, -2.2099769115448, -2.20259952545166, -2.2235400676727295], "(2, 5, 3, 3)": [-2.2223284244537354, -2.2449278831481934, 0.0, 0.0, -2.2449278831481934], "(3, 7, 2, 2)": [-2.196871757507324, -2.2022056579589844, -2.196859359741211, -2.202651023864746, -2.2013003826141357], "(3, 6, 2, 2)": [-2.222224235534668, -2.2114500999450684, -2.2114500999450684, -2.1998794078826904, -2.2114500999450684], "(3, 5, 2, 2)": [-2.246162176132202, -2.222224235534668, -2.2247209548950195, -2.222224235534668, -2.222224235534668], "(2, 7, 3, 3)": [-2.2326600551605225, 0.0, -2.2039146423339844, 0.0, -2.2001051902770996], "(2, 4, 3, 3)": [0.0, 0.0, -2.2223284244537354, -2.2223284244537354, 0.0], "(2, 5, 2, 1)": [-2.1992297172546387, -2.2076666355133057, -2.239068031311035, -2.212855339050293, -2.198575258255005], "(2, 6, 3, 3)": [-2.203610897064209, -2.234649658203125, 0.0, 0.0, 0.0], "(2, 3, 1, 1)": [0.0, 0.0, -2.2467737197875977, 0.0, -2.220508575439453], "(2, 2, 1, 1)": [0.0, -2.202817678451538, 0.0, 0.0, 0.0], "(1, 5, 2, 2)": [-2.21724271774292, -2.218923568725586, -2.212319850921631, -2.212319850921631, -2.218923568725586], "(1, 4, 2, 2)": [-2.2197265625, -2.2197265625, -2.205716133117676, -2.225572109222412, -2.2123348712921143], "(3, 1, 2, 2)": [-2.212111711502075, -2.209770441055298, -2.2064783573150635, -2.2113571166992188, -2.2084522247314453], "(3, 2, 2, 2)": [-2.2219648361206055, -2.2121424674987793, -2.213611125946045, -2.2113571166992188, -2.21096134185791], "(2, 4, 1, 1)": [0.0, 0.0, -2.2109861373901367, -2.1992297172546387, 0.0], "(1, 2, 2, 2)": [-2.20965313911438, -2.2059507369995117, -2.20178484916687, -2.211412191390991, -2.199479341506958], "(1, 3, 2, 2)": [-2.1996190547943115, -2.1996190547943115, -2.199758768081665, -2.199479341506958, -2.1996190547943115], "(1, 3, 1, 2)": [0.0, 0.0, 0.0, 0.0, -2.199479341506958], "(1, 4, 1, 1)": [0.0, 0.0, -2.199479341506958, 0.0, 0.0], "(1, 5, 1, 1)": [-2.199479341506958, 0.0, 0.0, 0.0, 0.0], "(2, 5, 1, 2)": [-2.199479341506958, 0.0, 0.0, 0.0, 0.0], "(3, 3, 2, 2)": [-2.2027463912963867, -2.216723918914795, -2.213453769683838, -2.213453769683838, -2.2027525901794434], "(1, 7, 2, 2)": [-2.213076591491699, -2.2120537757873535, -2.2196145057678223, -2.213878631591797, 0.0], "(1, 6, 2, 2)": [-2.218923568725586, -2.21724271774292, -2.213078022003174, -2.21724271774292, -2.2122750282287598], "(3, 4, 2, 2)": [-2.2018613815307617, -2.2240118980407715, -2.246162176132202, 0.0, 0.0], "(2, 6, 2, 1)": [-2.2109861373901367, 0.0, 0.0, 0.0, 0.0], "(2, 5, 1, 1)": [0.0, -2.2109861373901367, 0.0, 0.0, 0.0], "(1, 6, 2, 3)": [0.0, -2.225572109222412, 0.0, 0.0, 0.0], "(3, 7, 2, 3)": [0.0, 0.0, -2.20898699760437, 0.0, 0.0], "(3, 1, 2, 1)": [0.0, -2.2459375858306885, 0.0, 0.0, 0.0]}, "n_values": {"(2, 7, 2, 2)": [899.0, 876.0, 971.0, 1029.0, 1063.0], "(2, 6, 2, 2)": [900.0, 946.0, 1009.0, 978.0, 1047.0], "(2, 5, 2, 2)": [826.0, 837.0, 878.0, 890.0, 1000.0], "(2, 2, 2, 2)": [982.0, 964.0, 878.0, 860.0, 849.0], "(2, 1, 2, 2)": [1016.0, 965.0, 891.0, 873.0, 890.0], "(2, 3, 2, 2)": [888.0, 881.0, 817.0, 788.0, 805.0], "(2, 4, 2, 2)": [824.0, 822.0, 809.0, 800.0, 893.0], "(2, 6, 2, 3)": [49.0, 47.0, 29.0, 39.0, 44.0], "(2, 1, 2, 1)": [31.0, 37.0, 43.0, 39.0, 40.0], "(2, 2, 2, 1)": [19.0, 27.0, 28.0, 32.0, 35.0], "(2, 4, 2, 3)": [9.0, 7.0, 11.0, 7.0, 2.0], "(2, 3, 2, 3)": [5.0, 3.0, 5.0, 4.0, 4.0], "(2, 7, 2, 3)": [50.0, 53.0, 42.0, 52.0, 46.0], "(2, 5, 2, 3)": [21.0, 28.0, 16.0, 20.0, 23.0], "(2, 3, 2, 1)": [10.0, 10.0, 10.0, 22.0, 24.0], "(1, 1, 2, 2)": [6.0, 6.0, 5.0, 6.0, 4.0], "(2, 4, 2, 1)": [8.0, 9.0, 15.0, 10.0, 12.0], "(2, 1, 1, 1)": [0.0, 1.0, 1.0, 1.0, 1.0], "(2, 5, 3, 3)": [1.0, 1.0, 0.0, 0.0, 1.0], "(3, 7, 2, 2)": [4.0, 5.0, 5.0, 8.0, 4.0], "(3, 6, 2, 2)": [2.0, 4.0, 4.0, 3.0, 4.0], "(3, 5, 2, 2)": [1.0, 2.0, 2.0, 2.0, 2.0], "(2, 7, 3, 3)": [1.0, 0.0, 2.0, 0.0, 1.0], "(2, 4, 3, 3)": [0.0, 0.0, 1.0, 1.0, 0.0], "(2, 5, 2, 1)": [1.0, 1.0, 1.0, 2.0, 1.0], "(2, 6, 3, 3)": [1.0, 2.0, 0.0, 0.0, 0.0], "(2, 3, 1, 1)": [0.0, 0.0, 1.0, 0.0, 1.0], "(2, 2, 1, 1)": [0.0, 1.0, 0.0, 0.0, 0.0], "(1, 5, 2, 2)": [3.0, 2.0, 4.0, 4.0, 2.0], "(1, 4, 2, 2)": [2.0, 2.0, 2.0, 1.0, 3.0], "(3, 1, 2, 2)": [6.0, 5.0, 3.0, 4.0, 6.0], "(3, 2, 2, 2)": [4.0, 7.0, 6.0, 4.0, 4.0], "(2, 4, 1, 1)": [0.0, 0.0, 1.0, 1.0, 0.0], "(1, 2, 2, 2)": [4.0, 4.0, 3.0, 5.0, 1.0], "(1, 3, 2, 2)": [2.0, 2.0, 1.0, 1.0, 2.0], "(1, 3, 1, 2)": [0.0, 0.0, 0.0, 0.0, 1.0], "(1, 4, 1, 1)": [0.0, 0.0, 1.0, 0.0, 0.0], "(1, 5, 1, 1)": [1.0, 0.0, 0.0, 0.0, 0.0], "(2, 5, 1, 2)": [1.0, 0.0, 0.0, 0.0, 0.0], "(3, 3, 2, 2)": [4.0, 3.0, 4.0, 4.0, 2.0], "(1, 7, 2, 2)": [2.0, 1.0, 2.0, 1.0, 0.0], "(1, 6, 2, 2)": [2.0, 3.0, 2.0, 3.0, 1.0], "(3, 4, 2, 2)": [1.0, 2.0, 1.0, 0.0, 0.0], "(2, 5, 1, 1)": [0.0, 1.0, 0.0, 0.0, 0.0], "(2, 6, 2, 1)": [1.0, 0.0, 0.0, 0.0, 0.0], "(1, 6, 2, 3)": [0.0, 1.0, 0.0, 0.0, 0.0], "(3, 7, 2, 3)": [0.0, 0.0, 1.0, 0.0, 0.0], "(3, 1, 2, 1)": [0.0, 1.0, 0.0, 0.0, 0.0]}}