{"q_values": {"(2, 7, 2, 2)": [-2.4058496952056885, -2.4033236503601074, -2.403477430343628, -2.404087781906128, -2.402752161026001], "(2, 6, 2, 2)": [-2.4327309131622314, -2.4328925609588623, -2.432716131210327, -2.432830572128296, -2.4330499172210693], "(2, 5, 2, 2)": [-2.4336302280426025, -2.433722972869873, -2.433634042739868, -2.4337823390960693, -2.433781385421753], "(2, 2, 2, 2)": [-2.4333765506744385, -2.4332525730133057, -2.4330313205718994, -2.433058977127075, -2.4334850311279297], "(2, 1, 2, 2)": [-2.4040753841400146, -2.406421661376953, -2.40573787689209, -2.403493642807007, -2.4032294750213623], "(2, 3, 2, 2)": [-2.433954954147339, -2.4340319633483887, -2.4339170455932617, -2.4339609146118164, -2.4342153072357178], "(2, 4, 2, 2)": [-2.4340150356292725, -2.43399977684021, -2.433826208114624, -2.4339168071746826, -2.433936357498169], "(2, 6, 2, 3)": [-2.435927391052246, -2.4354348182678223, -2.440490484237671, -2.4436492919921875, -2.4463562965393066], "(2, 1, 2, 1)": [-2.3040082454681396, -2.315019369125366, -2.339337110519409, -2.3104372024536133, -2.3251795768737793], "(2, 2, 2, 1)": [-2.4423277378082275, -2.4422097206115723, -2.439052104949951, -2.434069871902466, -2.435030221939087], "(2, 4, 2, 3)": [-2.434356927871704, -2.433133363723755, -2.4413187503814697, -2.43986439704895, -2.442528009414673], "(2, 3, 2, 3)": [-2.4326260089874268, -2.4280009269714355, -2.4355850219726562, -2.4306910037994385, -2.452078104019165], "(2, 7, 2, 3)": [-2.3193953037261963, -2.309382915496826, -2.328909397125244, -2.3461849689483643, -2.298687219619751], "(2, 5, 2, 3)": [-2.436340808868408, -2.431978702545166, -2.4429502487182617, -2.438347339630127, -2.4372222423553467], "(2, 3, 2, 1)": [-2.437161684036255, -2.440352439880371, -2.4429922103881836, -2.4358408451080322, -2.4358561038970947], "(1, 1, 2, 2)": [-2.390535831451416, -2.4122745990753174, -2.3901455402374268, -2.3778862953186035, -2.3591885566711426], "(2, 4, 2, 1)": [-2.4416472911834717, -2.4360671043395996, -2.435183048248291, -2.4398255348205566, -2.433772325515747], "(2, 1, 1, 1)": [0.0, -2.4309744834899902, -2.324282646179199, -2.1977429389953613, 0.0], "(2, 5, 3, 3)": [0.0, -2.4654150009155273, 0.0, 0.0, -2.4642550945281982], "(1, 2, 2, 2)": [-2.432124137878418, -2.4311492443084717, -2.4341166019439697, -2.4334170818328857, -2.4332075119018555], "(2, 7, 3, 3)": [-2.3278298377990723, 0.0, -2.3382651805877686, 0.0, -2.2095112800598145], "(3, 7, 2, 2)": [-2.4362003803253174, -2.390817403793335, -2.3882787227630615, -2.4048712253570557, -2.3964953422546387], "(3, 6, 2, 2)": [-2.44455885887146, -2.4412670135498047, -2.439879894256592, -2.446420669555664, -2.438732862472534], "(3, 5, 2, 2)": [-2.445176362991333, -2.445115566253662, -2.4454848766326904, -2.4412670135498047, -2.4432036876678467], "(2, 5, 2, 1)": [-2.4524600505828857, -2.4387903213500977, -2.4308323860168457, -2.4389419555664062, -2.4500322341918945], "(2, 6, 2, 1)": [0.0, -2.4500937461853027, -2.4356791973114014, 0.0, 0.0], "(3, 1, 2, 2)": [-2.436825752258301, -2.418510913848877, -2.374147415161133, -2.427165985107422, -2.4292855262756348], "(3, 2, 2, 2)": [-2.441317558288574, -2.4415695667266846, -2.441351890563965, -2.4440722465515137, -2.441037654876709], "(3, 3, 2, 2)": [-2.442965030670166, -2.4414985179901123, -2.438911199569702, -2.437560558319092, -2.441828489303589], "(3, 4, 2, 2)": [-2.4482498168945312, -2.4405274391174316, -2.4446475505828857, -2.44899845123291, -2.449355363845825], "(1, 3, 2, 2)": [-2.429845094680786, -2.4284310340881348, -2.4304940700531006, -2.433216094970703, -2.4308149814605713], "(1, 6, 2, 2)": [-2.431331157684326, -2.428767204284668, -2.430438995361328, -2.4323277473449707, -2.4271628856658936], "(1, 7, 2, 2)": [-2.388317823410034, -2.425363302230835, -2.4254813194274902, -2.3918745517730713, -2.419828414916992], "(1, 5, 2, 3)": [-2.4261624813079834, -2.4313201904296875, 0.0, 0.0, -2.4315390586853027], "(1, 5, 2, 2)": [-2.428530216217041, -2.433867931365967, -2.428530216217041, -2.4329326152801514, -2.4329323768615723], "(1, 4, 2, 2)": [-2.4305453300476074, -2.4329233169555664, -2.4313602447509766, -2.4305453300476074, -2.431394100189209], "(3, 1, 2, 1)": [-2.3248291015625, -2.4330191612243652, -2.2162020206451416, 0.0, 0.0], "(3, 7, 2, 3)": [-2.428992986679077, 0.0, -2.2023208141326904, 0.0, 0.0], "(1, 7, 2, 3)": [-2.430666208267212, 0.0, -2.407247543334961, -2.1767897605895996, 0.0], "(3, 4, 2, 1)": [0.0, 0.0, 0.0, 0.0, -2.44004487991333], "(1, 6, 2, 3)": [0.0, -2.430075168609619, 0.0, -2.4291317462921143, 0.0], "(2, 6, 3, 3)": [-2.4588706493377686, -2.4288103580474854, 0.0, 0.0, -2.422112464904785], "(2, 2, 1, 1)": [-2.4394946098327637, 0.0, 0.0, 0.0, 0.0], "(2, 3, 1, 1)": [-2.441692352294922, -2.4224674701690674, 0.0, 0.0, 0.0], "(2, 4, 1, 1)": [-2.4419121742248535, 0.0, 0.0, 0.0, 0.0], "(3, 6, 2, 3)": [0.0, 0.0, 0.0, -2.4532828330993652, -2.4510746002197266], "(2, 4, 3, 3)": [-2.437102794647217, 0.0, 0.0, 0.0, 0.0], "(1, 2, 2, 1)": [0.0, 0.0, 0.0, -2.4222278594970703, 0.0], "(1, 2, 1, 1)": [0.0, 0.0, -2.422445774078369, 0.0, 0.0], "(1, 4, 2, 3)": [0.0, 0.0, 0.0, 0.0, -2.431560754776001], "(1, 1, 2, 1)": [0.0, -2.4385993480682373, 0.0, 0.0, -2.4166300296783447], "(3, 2, 2, 1)": [-2.4657366275787354, 0.0, 0.0, 0.0, 0.0], "(3, 3, 2, 1)": [0.0, 0.0, 0.0, -2.4659807682037354, 0.0]}, "n_values": {"(2, 7, 2, 2)": [1157.0, 1251.0, 1262.0, 1353.0, 1510.0], "(2, 6, 2, 2)": [1256.0, 1235.0, 1312.0, 1335.0, 1406.0], "(2, 5, 2, 2)": [1228.0, 1254.0, 1422.0, 1277.0, 1380.0], "(2, 2, 2, 2)": [1512.0, 1391.0, 1427.0, 1346.0, 1258.0], "(2, 1, 2, 2)": [1642.0, 1428.0, 1350.0, 1343.0, 1220.0], "(2, 3, 2, 2)": [1408.0, 1337.0, 1375.0, 1327.0, 1273.0], "(2, 4, 2, 2)": [1332.0, 1308.0, 1366.0, 1269.0, 1261.0], "(2, 6, 2, 3)": [37.0, 56.0, 36.0, 46.0, 36.0], "(2, 1, 2, 1)": [86.0, 64.0, 65.0, 53.0, 66.0], "(2, 2, 2, 1)": [32.0, 47.0, 37.0, 55.0, 57.0], "(2, 4, 2, 3)": [13.0, 17.0, 9.0, 14.0, 11.0], "(2, 3, 2, 3)": [4.0, 6.0, 5.0, 5.0, 4.0], "(2, 7, 2, 3)": [61.0, 63.0, 47.0, 63.0, 63.0], "(2, 5, 2, 3)": [18.0, 23.0, 20.0, 30.0, 24.0], "(2, 3, 2, 1)": [33.0, 23.0, 24.0, 47.0, 31.0], "(1, 1, 2, 2)": [13.0, 18.0, 13.0, 14.0, 14.0], "(2, 4, 2, 1)": [11.0, 9.0, 17.0, 20.0, 17.0], "(2, 1, 1, 1)": [0.0, 1.0, 2.0, 1.0, 0.0], "(2, 5, 3, 3)": [0.0, 2.0, 0.0, 0.0, 2.0], "(1, 2, 2, 2)": [12.0, 13.0, 13.0, 9.0, 11.0], "(2, 7, 3, 3)": [2.0, 0.0, 3.0, 0.0, 2.0], "(3, 7, 2, 2)": [5.0, 6.0, 6.0, 8.0, 7.0], "(3, 6, 2, 2)": [6.0, 7.0, 8.0, 6.0, 8.0], "(3, 5, 2, 2)": [5.0, 8.0, 4.0, 7.0, 4.0], "(2, 5, 2, 1)": [3.0, 5.0, 10.0, 4.0, 2.0], "(2, 6, 2, 1)": [0.0, 1.0, 1.0, 0.0, 0.0], "(3, 1, 2, 2)": [6.0, 4.0, 4.0, 3.0, 5.0], "(3, 2, 2, 2)": [7.0, 6.0, 7.0, 6.0, 7.0], "(3, 3, 2, 2)": [7.0, 6.0, 9.0, 6.0, 7.0], "(3, 4, 2, 2)": [9.0, 6.0, 6.0, 5.0, 7.0], "(1, 7, 2, 2)": [6.0, 6.0, 4.0, 7.0, 6.0], "(1, 6, 2, 2)": [5.0, 5.0, 6.0, 7.0, 7.0], "(1, 5, 2, 3)": [1.0, 1.0, 0.0, 0.0, 1.0], "(1, 5, 2, 2)": [4.0, 5.0, 4.0, 7.0, 7.0], "(1, 3, 2, 2)": [8.0, 7.0, 8.0, 5.0, 8.0], "(1, 4, 2, 2)": [6.0, 5.0, 5.0, 6.0, 6.0], "(3, 1, 2, 1)": [2.0, 1.0, 1.0, 0.0, 0.0], "(3, 7, 2, 3)": [1.0, 0.0, 1.0, 0.0, 0.0], "(1, 7, 2, 3)": [1.0, 0.0, 1.0, 1.0, 0.0], "(3, 4, 2, 1)": [0.0, 0.0, 0.0, 0.0, 1.0], "(1, 6, 2, 3)": [0.0, 1.0, 0.0, 1.0, 0.0], "(2, 6, 3, 3)": [1.0, 1.0, 0.0, 0.0, 2.0], "(2, 2, 1, 1)": [1.0, 0.0, 0.0, 0.0, 0.0], "(2, 3, 1, 1)": [1.0, 1.0, 0.0, 0.0, 0.0], "(2, 4, 1, 1)": [1.0, 0.0, 0.0, 0.0, 0.0], "(3, 6, 2, 3)": [0.0, 0.0, 0.0, 1.0, 1.0], "(2, 4, 3, 3)": [1.0, 0.0, 0.0, 0.0, 0.0], "(1, 2, 2, 1)": [0.0, 0.0, 0.0, 1.0, 0.0], "(1, 2, 1, 1)": [0.0, 0.0, 1.0, 0.0, 0.0], "(1, 4, 2, 3)": [0.0, 0.0, 0.0, 0.0, 1.0], "(1, 1, 2, 1)": [0.0, 1.0, 0.0, 0.0, 1.0], "(3, 2, 2, 1)": [1.0, 0.0, 0.0, 0.0, 0.0], "(3, 3, 2, 1)": [0.0, 0.0, 0.0, 1.0, 0.0]}}