{"q_values": {"(2, 7, 2, 2)": [-2.206576347351074, -2.206695318222046, -2.2073519229888916, -2.2061078548431396, -2.2079601287841797], "(2, 6, 2, 2)": [-2.2125070095062256, -2.2111656665802, -2.2114884853363037, -2.2115814685821533, -2.211352825164795], "(2, 5, 2, 2)": [-2.213409185409546, -2.212580442428589, -2.2124404907226562, -2.212562322616577, -2.211977481842041], "(2, 2, 2, 2)": [-2.212402820587158, -2.2122607231140137, -2.212437391281128, -2.2125608921051025, -2.213148832321167], "(2, 1, 2, 2)": [-2.20993709564209, -2.2087161540985107, -2.2096855640411377, -2.208415985107422, -2.208209276199341], "(2, 3, 2, 2)": [-2.2134323120117188, -2.212944984436035, -2.213026285171509, -2.2132480144500732, -2.212958574295044], "(2, 4, 2, 2)": [-2.213921308517456, -2.2132954597473145, -2.2132818698883057, -2.213567018508911, -2.213075876235962], "(2, 6, 2, 3)": [-2.2146806716918945, -2.214181661605835, -2.2230396270751953, -2.217811107635498, -2.224943161010742], "(2, 1, 2, 1)": [-2.2108662128448486, -2.215975046157837, -2.208937644958496, -2.2110283374786377, -2.21075701713562], "(2, 2, 2, 1)": [-2.2172763347625732, -2.221583843231201, -2.2172083854675293, -2.215547561645508, -2.2159671783447266], "(2, 4, 2, 3)": [-2.2163233757019043, -2.205286741256714, -2.2115283012390137, -2.2020883560180664, -2.2449278831481934], "(2, 3, 2, 3)": [-2.2153372764587402, 0.0, -2.2128522396087646, -2.2228856086730957, -2.233628273010254], "(2, 7, 2, 3)": [-2.2080295085906982, -2.2103257179260254, -2.2159743309020996, -2.2165989875793457, -2.210071325302124], "(2, 5, 2, 3)": [-2.2056050300598145, -2.2093372344970703, -2.210247755050659, -2.2165865898132324, -2.210209369659424], "(2, 3, 2, 1)": [-2.213383674621582, -2.220717430114746, -2.221381664276123, -2.21699857711792, -2.2092578411102295], "(1, 1, 2, 2)": [0.0, 0.0, 0.0, -2.203484535217285, 0.0], "(2, 4, 2, 1)": [-2.2074389457702637, -2.2158432006835938, -2.2097623348236084, -2.211914300918579, -2.203443765640259], "(2, 1, 1, 1)": [0.0, -2.232076644897461, -2.2099769115448, -2.20259952545166, 0.0], "(2, 5, 3, 3)": [-2.2223284244537354, -2.2449278831481934, 0.0, 0.0, -2.2449278831481934], "(3, 7, 2, 2)": [-2.203626871109009, -2.2009565830230713, -2.18996524810791, -2.203615427017212, -2.2009565830230713], "(3, 6, 2, 2)": [-2.198286294937134, -2.198179244995117, -2.198179244995117, -2.198179244995117, -2.198179244995117], "(3, 5, 2, 2)": [0.0, -2.198286294937134, 0.0, -2.198286294937134, -2.198286294937134], "(2, 7, 3, 3)": [-2.2326600551605225, 0.0, -2.1767523288726807, 0.0, -2.2001051902770996], "(2, 4, 3, 3)": [0.0, 0.0, -2.2223284244537354, -2.2223284244537354, 0.0], "(2, 5, 2, 1)": [0.0, 0.0, 0.0, -2.2255606651306152, 0.0], "(2, 6, 3, 3)": [0.0, -2.237999677658081, 0.0, 0.0, 0.0], "(2, 3, 1, 1)": [0.0, 0.0, 0.0, 0.0, -2.220508575439453], "(2, 2, 1, 1)": [0.0, -2.202817678451538, 0.0, 0.0, 0.0], "(1, 5, 2, 2)": [0.0, 0.0, -2.1975512504577637, -2.1975512504577637, 0.0], "(1, 4, 2, 2)": [0.0, 0.0, -2.1975512504577637, 0.0, -2.1975512504577637], "(3, 1, 2, 2)": [-2.1831750869750977, -2.2052273750305176, 0.0, -2.2052273750305176, -2.2052273750305176], "(3, 2, 2, 2)": [0.0, -2.2052273750305176, -2.2052273750305176, -2.2052273750305176, 0.0]}, "n_values": {"(2, 7, 2, 2)": [231.0, 240.0, 259.0, 298.0, 288.0], "(2, 6, 2, 2)": [234.0, 270.0, 256.0, 265.0, 287.0], "(2, 5, 2, 2)": [220.0, 226.0, 241.0, 241.0, 273.0], "(2, 2, 2, 2)": [283.0, 264.0, 251.0, 258.0, 250.0], "(2, 1, 2, 2)": [319.0, 288.0, 271.0, 257.0, 242.0], "(2, 3, 2, 2)": [275.0, 253.0, 264.0, 255.0, 263.0], "(2, 4, 2, 2)": [261.0, 250.0, 252.0, 247.0, 265.0], "(2, 6, 2, 3)": [12.0, 14.0, 6.0, 10.0, 13.0], "(2, 1, 2, 1)": [11.0, 8.0, 12.0, 13.0, 14.0], "(2, 2, 2, 1)": [4.0, 11.0, 10.0, 9.0, 13.0], "(2, 4, 2, 3)": [3.0, 3.0, 3.0, 3.0, 1.0], "(2, 3, 2, 3)": [1.0, 0.0, 1.0, 2.0, 2.0], "(2, 7, 2, 3)": [11.0, 13.0, 12.0, 16.0, 10.0], "(2, 5, 2, 3)": [5.0, 12.0, 7.0, 8.0, 6.0], "(2, 3, 2, 1)": [6.0, 4.0, 7.0, 5.0, 8.0], "(1, 1, 2, 2)": [0.0, 0.0, 0.0, 1.0, 0.0], "(2, 4, 2, 1)": [2.0, 2.0, 5.0, 1.0, 3.0], "(2, 1, 1, 1)": [0.0, 1.0, 1.0, 1.0, 0.0], "(2, 5, 3, 3)": [1.0, 1.0, 0.0, 0.0, 1.0], "(3, 7, 2, 2)": [1.0, 2.0, 2.0, 4.0, 2.0], "(3, 6, 2, 2)": [1.0, 2.0, 2.0, 2.0, 2.0], "(3, 5, 2, 2)": [0.0, 1.0, 0.0, 1.0, 1.0], "(2, 7, 3, 3)": [1.0, 0.0, 1.0, 0.0, 1.0], "(2, 4, 3, 3)": [0.0, 0.0, 1.0, 1.0, 0.0], "(2, 5, 2, 1)": [0.0, 0.0, 0.0, 1.0, 0.0], "(2, 6, 3, 3)": [0.0, 1.0, 0.0, 0.0, 0.0], "(2, 3, 1, 1)": [0.0, 0.0, 0.0, 0.0, 1.0], "(2, 2, 1, 1)": [0.0, 1.0, 0.0, 0.0, 0.0], "(1, 5, 2, 2)": [0.0, 0.0, 1.0, 1.0, 0.0], "(1, 4, 2, 2)": [0.0, 0.0, 1.0, 0.0, 1.0], "(3, 1, 2, 2)": [1.0, 1.0, 0.0, 1.0, 1.0], "(3, 2, 2, 2)": [0.0, 1.0, 1.0, 1.0, 0.0]}}