{"q_values": {"(2, 7, 2, 2)": [-2.20654034614563, -2.2067434787750244, -2.207139492034912, -2.2063987255096436, -2.207988739013672], "(2, 6, 2, 2)": [-2.212205410003662, -2.2114169597625732, -2.211300849914551, -2.211656332015991, -2.211480140686035], "(2, 5, 2, 2)": [-2.213287353515625, -2.212773084640503, -2.2125425338745117, -2.21248722076416, -2.2118923664093018], "(2, 2, 2, 2)": [-2.211897373199463, -2.212015390396118, -2.2120347023010254, -2.2123448848724365, -2.212747573852539], "(2, 1, 2, 2)": [-2.209238052368164, -2.2085046768188477, -2.2093570232391357, -2.2083017826080322, -2.20778489112854], "(2, 3, 2, 2)": [-2.213240146636963, -2.2128970623016357, -2.2130022048950195, -2.212996482849121, -2.2128806114196777], "(2, 4, 2, 2)": [-2.213479518890381, -2.2132041454315186, -2.213081121444702, -2.213380813598633, -2.213006019592285], "(2, 6, 2, 3)": [-2.213794231414795, -2.214181661605835, -2.218815326690674, -2.216754913330078, -2.2245123386383057], "(2, 1, 2, 1)": [-2.2142446041107178, -2.214923858642578, -2.208937644958496, -2.2087793350219727, -2.211744546890259], "(2, 2, 2, 1)": [-2.2227706909179688, -2.220659017562866, -2.216510534286499, -2.2139158248901367, -2.2140705585479736], "(2, 4, 2, 3)": [-2.211834669113159, -2.205286741256714, -2.2115283012390137, -2.2020883560180664, -2.2449278831481934], "(2, 3, 2, 3)": [-2.2189667224884033, 0.0, -2.2128522396087646, -2.2228856086730957, -2.233628273010254], "(2, 7, 2, 3)": [-2.2089571952819824, -2.2103257179260254, -2.2178754806518555, -2.2133913040161133, -2.207120180130005], "(2, 5, 2, 3)": [-2.2116377353668213, -2.2090954780578613, -2.210247755050659, -2.2165865898132324, -2.2096359729766846], "(2, 3, 2, 1)": [-2.213383674621582, -2.220717430114746, -2.221381664276123, -2.21699857711792, -2.2088429927825928], "(1, 1, 2, 2)": [-2.199479341506958, -2.199479341506958, -2.199479341506958, -2.201481819152832, -2.199479341506958], "(2, 4, 2, 1)": [-2.204702615737915, -2.2158432006835938, -2.2127115726470947, -2.211914300918579, -2.2039599418640137], "(2, 1, 1, 1)": [0.0, -2.232076644897461, -2.2099769115448, -2.20259952545166, 0.0], "(2, 5, 3, 3)": [-2.2223284244537354, -2.2449278831481934, 0.0, 0.0, -2.2449278831481934], "(3, 7, 2, 2)": [-2.203626871109009, -2.2009565830230713, -2.18996524810791, -2.203615427017212, -2.2009565830230713], "(3, 6, 2, 2)": [-2.198286294937134, -2.198179244995117, -2.198179244995117, -2.198179244995117, -2.198179244995117], "(3, 5, 2, 2)": [0.0, -2.198286294937134, 0.0, -2.198286294937134, -2.198286294937134], "(2, 7, 3, 3)": [-2.2326600551605225, 0.0, -2.1767523288726807, 0.0, -2.2001051902770996], "(2, 4, 3, 3)": [0.0, 0.0, -2.2223284244537354, -2.2223284244537354, 0.0], "(2, 5, 2, 1)": [-2.1992297172546387, 0.0, 0.0, -2.2255606651306152, 0.0], "(2, 6, 3, 3)": [0.0, -2.237999677658081, 0.0, 0.0, 0.0], "(2, 3, 1, 1)": [0.0, 0.0, 0.0, 0.0, -2.220508575439453], "(2, 2, 1, 1)": [0.0, -2.202817678451538, 0.0, 0.0, 0.0], "(1, 5, 2, 2)": [0.0, 0.0, -2.1975512504577637, -2.1975512504577637, 0.0], "(1, 4, 2, 2)": [0.0, 0.0, -2.1975512504577637, 0.0, -2.1975512504577637], "(3, 1, 2, 2)": [-2.1831750869750977, -2.2052273750305176, 0.0, -2.2052273750305176, -2.2052273750305176], "(3, 2, 2, 2)": [0.0, -2.2052273750305176, -2.2052273750305176, -2.2052273750305176, 0.0], "(2, 4, 1, 1)": [0.0, 0.0, 0.0, -2.1992297172546387, 0.0], "(1, 2, 2, 2)": [-2.199479341506958, -2.199479341506958, -2.199479341506958, -2.199479341506958, -2.199479341506958], "(1, 3, 2, 2)": [-2.199479341506958, -2.199479341506958, 0.0, -2.199479341506958, -2.199479341506958], "(1, 3, 1, 2)": [0.0, 0.0, 0.0, 0.0, -2.199479341506958], "(1, 4, 1, 1)": [0.0, 0.0, -2.199479341506958, 0.0, 0.0], "(1, 5, 1, 1)": [-2.199479341506958, 0.0, 0.0, 0.0, 0.0], "(2, 5, 1, 2)": [-2.199479341506958, 0.0, 0.0, 0.0, 0.0]}, "n_values": {"(2, 7, 2, 2)": [259.0, 265.0, 291.0, 333.0, 331.0], "(2, 6, 2, 2)": [264.0, 301.0, 292.0, 302.0, 322.0], "(2, 5, 2, 2)": [255.0, 256.0, 274.0, 277.0, 308.0], "(2, 2, 2, 2)": [324.0, 300.0, 285.0, 290.0, 283.0], "(2, 1, 2, 2)": [364.0, 325.0, 313.0, 297.0, 286.0], "(2, 3, 2, 2)": [307.0, 283.0, 292.0, 280.0, 290.0], "(2, 4, 2, 2)": [290.0, 280.0, 284.0, 273.0, 297.0], "(2, 6, 2, 3)": [14.0, 14.0, 8.0, 11.0, 14.0], "(2, 1, 2, 1)": [13.0, 10.0, 12.0, 14.0, 15.0], "(2, 2, 2, 1)": [7.0, 12.0, 11.0, 10.0, 16.0], "(2, 4, 2, 3)": [4.0, 3.0, 3.0, 3.0, 1.0], "(2, 3, 2, 3)": [2.0, 0.0, 1.0, 2.0, 2.0], "(2, 7, 2, 3)": [14.0, 13.0, 13.0, 18.0, 12.0], "(2, 5, 2, 3)": [6.0, 13.0, 7.0, 8.0, 7.0], "(2, 3, 2, 1)": [6.0, 4.0, 7.0, 5.0, 12.0], "(1, 1, 2, 2)": [1.0, 1.0, 1.0, 2.0, 1.0], "(2, 4, 2, 1)": [3.0, 2.0, 6.0, 1.0, 4.0], "(2, 1, 1, 1)": [0.0, 1.0, 1.0, 1.0, 0.0], "(2, 5, 3, 3)": [1.0, 1.0, 0.0, 0.0, 1.0], "(3, 7, 2, 2)": [1.0, 2.0, 2.0, 4.0, 2.0], "(3, 6, 2, 2)": [1.0, 2.0, 2.0, 2.0, 2.0], "(3, 5, 2, 2)": [0.0, 1.0, 0.0, 1.0, 1.0], "(2, 7, 3, 3)": [1.0, 0.0, 1.0, 0.0, 1.0], "(2, 4, 3, 3)": [0.0, 0.0, 1.0, 1.0, 0.0], "(2, 5, 2, 1)": [1.0, 0.0, 0.0, 1.0, 0.0], "(2, 6, 3, 3)": [0.0, 1.0, 0.0, 0.0, 0.0], "(2, 3, 1, 1)": [0.0, 0.0, 0.0, 0.0, 1.0], "(2, 2, 1, 1)": [0.0, 1.0, 0.0, 0.0, 0.0], "(1, 5, 2, 2)": [0.0, 0.0, 1.0, 1.0, 0.0], "(1, 4, 2, 2)": [0.0, 0.0, 1.0, 0.0, 1.0], "(3, 1, 2, 2)": [1.0, 1.0, 0.0, 1.0, 1.0], "(3, 2, 2, 2)": [0.0, 1.0, 1.0, 1.0, 0.0], "(2, 4, 1, 1)": [0.0, 0.0, 0.0, 1.0, 0.0], "(1, 2, 2, 2)": [1.0, 1.0, 1.0, 1.0, 1.0], "(1, 3, 2, 2)": [1.0, 1.0, 0.0, 1.0, 1.0], "(1, 3, 1, 2)": [0.0, 0.0, 0.0, 0.0, 1.0], "(1, 4, 1, 1)": [0.0, 0.0, 1.0, 0.0, 0.0], "(1, 5, 1, 1)": [1.0, 0.0, 0.0, 0.0, 0.0], "(2, 5, 1, 2)": [1.0, 0.0, 0.0, 0.0, 0.0]}}