{"q_values": {"(2, 7, 2, 2)": [-2.2071750164031982, -2.2074787616729736, -2.2074549198150635, -2.2078487873077393, -2.2085065841674805], "(2, 6, 2, 2)": [-2.211474895477295, -2.2112998962402344, -2.2107317447662354, -2.2113449573516846, -2.211198568344116], "(2, 5, 2, 2)": [-2.21219801902771, -2.212167501449585, -2.2120182514190674, -2.212110996246338, -2.2119362354278564], "(2, 2, 2, 2)": [-2.2115917205810547, -2.211138963699341, -2.2112386226654053, -2.2114334106445312, -2.21136736869812], "(2, 1, 2, 2)": [-2.2087087631225586, -2.207937240600586, -2.2079474925994873, -2.207749128341675, -2.207432985305786], "(2, 3, 2, 2)": [-2.2122817039489746, -2.211778402328491, -2.2119345664978027, -2.211977481842041, -2.212007761001587], "(2, 4, 2, 2)": [-2.2125494480133057, -2.212115526199341, -2.212376594543457, -2.2126073837280273, -2.2119579315185547], "(2, 6, 2, 3)": [-2.2128806114196777, -2.2143609523773193, -2.21755313873291, -2.2166383266448975, -2.221698522567749], "(2, 1, 2, 1)": [-2.215177059173584, -2.216393232345581, -2.2112209796905518, -2.2101850509643555, -2.2104685306549072], "(2, 2, 2, 1)": [-2.2222378253936768, -2.22309947013855, -2.2148075103759766, -2.2130110263824463, -2.214289426803589], "(2, 4, 2, 3)": [-2.2115983963012695, -2.2052547931671143, -2.2084543704986572, -2.2145485877990723, -2.235999822616577], "(2, 3, 2, 3)": [-2.2150955200195312, -2.222885847091675, -2.205902338027954, -2.2220935821533203, -2.22318696975708], "(2, 7, 2, 3)": [-2.2049143314361572, -2.21003794670105, -2.213005304336548, -2.210771322250366, -2.2122087478637695], "(2, 5, 2, 3)": [-2.212859630584717, -2.2090647220611572, -2.2112114429473877, -2.218329668045044, -2.214369773864746], "(2, 3, 2, 1)": [-2.2214560508728027, -2.2142765522003174, -2.2255914211273193, -2.2121708393096924, -2.2102866172790527], "(1, 1, 2, 2)": [-2.209371328353882, -2.2020909786224365, -2.2113234996795654, -2.202183485031128, -2.1975817680358887], "(2, 4, 2, 1)": [-2.2148311138153076, -2.2144479751586914, -2.212972402572632, -2.20731258392334, -2.2109382152557373], "(2, 1, 1, 1)": [0.0, -2.232076644897461, -2.2099769115448, -2.20259952545166, -2.2235400676727295], "(2, 5, 3, 3)": [-2.2223284244537354, -2.2281575202941895, 0.0, 0.0, -2.2449278831481934], "(3, 7, 2, 2)": [-2.196871757507324, -2.2022056579589844, -2.200878620147705, -2.202651023864746, -2.205235004425049], "(3, 6, 2, 2)": [-2.222224235534668, -2.2114500999450684, -2.2114500999450684, -2.1998794078826904, -2.2114500999450684], "(3, 5, 2, 2)": [-2.246162176132202, -2.222224235534668, -2.2247209548950195, -2.222224235534668, -2.222224235534668], "(2, 7, 3, 3)": [-2.2326600551605225, 0.0, -2.2039146423339844, 0.0, -2.2001051902770996], "(2, 4, 3, 3)": [0.0, 0.0, -2.2223284244537354, -2.2223284244537354, 0.0], "(2, 5, 2, 1)": [-2.1992297172546387, -2.2076666355133057, -2.239068031311035, -2.212855339050293, -2.198575258255005], "(2, 6, 3, 3)": [-2.203610897064209, -2.234649658203125, 0.0, 0.0, 0.0], "(2, 3, 1, 1)": [0.0, 0.0, -2.2467737197875977, 0.0, -2.220508575439453], "(2, 2, 1, 1)": [0.0, -2.202817678451538, 0.0, 0.0, 0.0], "(1, 5, 2, 2)": [-2.21724271774292, -2.218923568725586, -2.212319850921631, -2.212319850921631, -2.218923568725586], "(1, 4, 2, 2)": [-2.2197265625, -2.2197265625, -2.205716133117676, -2.225572109222412, -2.2123348712921143], "(3, 1, 2, 2)": [-2.212111711502075, -2.209770441055298, -2.2064783573150635, -2.2113571166992188, -2.2084522247314453], "(3, 2, 2, 2)": [-2.2219648361206055, -2.2121424674987793, -2.213611125946045, -2.2113571166992188, -2.21096134185791], "(2, 4, 1, 1)": [0.0, 0.0, -2.2109861373901367, -2.1992297172546387, 0.0], "(1, 2, 2, 2)": [-2.20965313911438, -2.2059507369995117, -2.20178484916687, -2.211412191390991, -2.199479341506958], "(1, 3, 2, 2)": [-2.1996190547943115, -2.1996190547943115, -2.199758768081665, -2.199479341506958, -2.1996190547943115], "(1, 3, 1, 2)": [0.0, 0.0, 0.0, 0.0, -2.199479341506958], "(1, 4, 1, 1)": [0.0, 0.0, -2.199479341506958, 0.0, 0.0], "(1, 5, 1, 1)": [-2.199479341506958, 0.0, 0.0, 0.0, 0.0], "(2, 5, 1, 2)": [-2.199479341506958, 0.0, 0.0, 0.0, 0.0], "(3, 3, 2, 2)": [-2.2027463912963867, -2.216723918914795, -2.213453769683838, -2.213453769683838, -2.2027525901794434], "(1, 7, 2, 2)": [-2.213076591491699, -2.2120537757873535, -2.205488443374634, -2.213878631591797, 0.0], "(1, 6, 2, 2)": [-2.218923568725586, -2.21724271774292, -2.213078022003174, -2.21724271774292, -2.2122750282287598], "(3, 4, 2, 2)": [-2.2018613815307617, -2.2240118980407715, -2.246162176132202, 0.0, 0.0], "(2, 6, 2, 1)": [-2.2109861373901367, 0.0, 0.0, 0.0, 0.0], "(2, 5, 1, 1)": [0.0, -2.2109861373901367, 0.0, 0.0, 0.0], "(1, 6, 2, 3)": [0.0, -2.225572109222412, 0.0, 0.0, 0.0], "(3, 7, 2, 3)": [0.0, 0.0, -2.20898699760437, 0.0, 0.0], "(3, 1, 2, 1)": [0.0, -2.2459375858306885, 0.0, 0.0, 0.0], "(2, 3, 3, 3)": [0.0, -2.2113871574401855, 0.0, 0.0, 0.0], "(2, 2, 2, 3)": [0.0, 0.0, 0.0, 0.0, -2.2113871574401855]}, "n_values": {"(2, 7, 2, 2)": [939.0, 908.0, 1014.0, 1069.0, 1109.0], "(2, 6, 2, 2)": [936.0, 985.0, 1054.0, 1019.0, 1091.0], "(2, 5, 2, 2)": [857.0, 863.0, 911.0, 925.0, 1042.0], "(2, 2, 2, 2)": [1015.0, 1002.0, 910.0, 892.0, 882.0], "(2, 1, 2, 2)": [1045.0, 996.0, 917.0, 903.0, 922.0], "(2, 3, 2, 2)": [921.0, 915.0, 849.0, 814.0, 831.0], "(2, 4, 2, 2)": [853.0, 843.0, 834.0, 828.0, 924.0], "(2, 6, 2, 3)": [52.0, 47.0, 30.0, 43.0, 47.0], "(2, 1, 2, 1)": [33.0, 38.0, 43.0, 41.0, 41.0], "(2, 2, 2, 1)": [19.0, 28.0, 28.0, 33.0, 36.0], "(2, 4, 2, 3)": [9.0, 9.0, 11.0, 7.0, 3.0], "(2, 3, 2, 3)": [5.0, 3.0, 5.0, 5.0, 4.0], "(2, 7, 2, 3)": [53.0, 54.0, 45.0, 55.0, 48.0], "(2, 5, 2, 3)": [22.0, 29.0, 16.0, 20.0, 26.0], "(2, 3, 2, 1)": [11.0, 10.0, 11.0, 22.0, 25.0], "(1, 1, 2, 2)": [6.0, 6.0, 5.0, 6.0, 4.0], "(2, 4, 2, 1)": [9.0, 9.0, 15.0, 11.0, 12.0], "(2, 1, 1, 1)": [0.0, 1.0, 1.0, 1.0, 1.0], "(2, 5, 3, 3)": [1.0, 2.0, 0.0, 0.0, 1.0], "(3, 7, 2, 2)": [4.0, 5.0, 6.0, 8.0, 5.0], "(3, 6, 2, 2)": [2.0, 4.0, 4.0, 3.0, 4.0], "(3, 5, 2, 2)": [1.0, 2.0, 2.0, 2.0, 2.0], "(2, 7, 3, 3)": [1.0, 0.0, 2.0, 0.0, 1.0], "(2, 4, 3, 3)": [0.0, 0.0, 1.0, 1.0, 0.0], "(2, 5, 2, 1)": [1.0, 1.0, 1.0, 2.0, 1.0], "(2, 6, 3, 3)": [1.0, 2.0, 0.0, 0.0, 0.0], "(2, 3, 1, 1)": [0.0, 0.0, 1.0, 0.0, 1.0], "(2, 2, 1, 1)": [0.0, 1.0, 0.0, 0.0, 0.0], "(1, 5, 2, 2)": [3.0, 2.0, 4.0, 4.0, 2.0], "(1, 4, 2, 2)": [2.0, 2.0, 2.0, 1.0, 3.0], "(3, 1, 2, 2)": [6.0, 5.0, 3.0, 4.0, 6.0], "(3, 2, 2, 2)": [4.0, 7.0, 6.0, 4.0, 4.0], "(2, 4, 1, 1)": [0.0, 0.0, 1.0, 1.0, 0.0], "(1, 2, 2, 2)": [4.0, 4.0, 3.0, 5.0, 1.0], "(1, 3, 2, 2)": [2.0, 2.0, 1.0, 1.0, 2.0], "(1, 3, 1, 2)": [0.0, 0.0, 0.0, 0.0, 1.0], "(1, 4, 1, 1)": [0.0, 0.0, 1.0, 0.0, 0.0], "(1, 5, 1, 1)": [1.0, 0.0, 0.0, 0.0, 0.0], "(2, 5, 1, 2)": [1.0, 0.0, 0.0, 0.0, 0.0], "(3, 3, 2, 2)": [4.0, 3.0, 4.0, 4.0, 2.0], "(1, 7, 2, 2)": [2.0, 1.0, 3.0, 1.0, 0.0], "(1, 6, 2, 2)": [2.0, 3.0, 2.0, 3.0, 1.0], "(3, 4, 2, 2)": [1.0, 2.0, 1.0, 0.0, 0.0], "(2, 5, 1, 1)": [0.0, 1.0, 0.0, 0.0, 0.0], "(2, 6, 2, 1)": [1.0, 0.0, 0.0, 0.0, 0.0], "(1, 6, 2, 3)": [0.0, 1.0, 0.0, 0.0, 0.0], "(3, 7, 2, 3)": [0.0, 0.0, 1.0, 0.0, 0.0], "(3, 1, 2, 1)": [0.0, 1.0, 0.0, 0.0, 0.0], "(2, 3, 3, 3)": [0.0, 1.0, 0.0, 0.0, 0.0], "(2, 2, 2, 3)": [0.0, 0.0, 0.0, 0.0, 1.0]}}