{"q_values": {"(2, 7, 2, 2)": [-2.207355499267578, -2.207566976547241, -2.2075862884521484, -2.2079460620880127, -2.2085814476013184], "(2, 6, 2, 2)": [-2.2116026878356934, -2.2113394737243652, -2.210818290710449, -2.211348533630371, -2.211299419403076], "(2, 5, 2, 2)": [-2.2122066020965576, -2.2121403217315674, -2.2119181156158447, -2.2121059894561768, -2.2119300365448], "(2, 2, 2, 2)": [-2.211608409881592, -2.2112088203430176, -2.211313486099243, -2.211458444595337, -2.211437463760376], "(2, 1, 2, 2)": [-2.20878005027771, -2.207967519760132, -2.207869052886963, -2.20776629447937, -2.2074434757232666], "(2, 3, 2, 2)": [-2.2123396396636963, -2.2119293212890625, -2.2120361328125, -2.21199631690979, -2.2121095657348633], "(2, 4, 2, 2)": [-2.2126529216766357, -2.2122013568878174, -2.2123923301696777, -2.2125942707061768, -2.2120184898376465], "(2, 6, 2, 3)": [-2.2132914066314697, -2.213949203491211, -2.216057538986206, -2.215514659881592, -2.221367359161377], "(2, 1, 2, 1)": [-2.2153127193450928, -2.2161734104156494, -2.2118327617645264, -2.2101287841796875, -2.2104902267456055], "(2, 2, 2, 1)": [-2.2226319313049316, -2.22309947013855, -2.2148075103759766, -2.2135169506073, -2.214289903640747], "(2, 4, 2, 3)": [-2.2115983963012695, -2.206153392791748, -2.2084543704986572, -2.2145485877990723, -2.235999822616577], "(2, 3, 2, 3)": [-2.217599868774414, -2.222885847091675, -2.205902338027954, -2.2220935821533203, -2.22318696975708], "(2, 7, 2, 3)": [-2.2049920558929443, -2.209315299987793, -2.2122068405151367, -2.2105376720428467, -2.2104976177215576], "(2, 5, 2, 3)": [-2.212231159210205, -2.2090272903442383, -2.2094948291778564, -2.218292236328125, -2.214127540588379], "(2, 3, 2, 1)": [-2.2214560508728027, -2.2142765522003174, -2.2255914211273193, -2.212834119796753, -2.2099156379699707], "(1, 1, 2, 2)": [-2.209841728210449, -2.204883337020874, -2.2113351821899414, -2.204451322555542, -2.1999497413635254], "(2, 4, 2, 1)": [-2.2148311138153076, -2.2144479751586914, -2.2122018337249756, -2.20731258392334, -2.2107644081115723], "(2, 1, 1, 1)": [0.0, -2.232076644897461, -2.2099769115448, -2.20259952545166, -2.2235400676727295], "(2, 5, 3, 3)": [-2.2223284244537354, -2.2281575202941895, 0.0, 0.0, -2.2449278831481934], "(3, 7, 2, 2)": [-2.196871757507324, -2.2022056579589844, -2.200878620147705, -2.202651023864746, -2.205235004425049], "(3, 6, 2, 2)": [-2.222224235534668, -2.2114500999450684, -2.2114500999450684, -2.1998794078826904, -2.2114500999450684], "(3, 5, 2, 2)": [-2.246162176132202, -2.222224235534668, -2.2247209548950195, -2.222224235534668, -2.222224235534668], "(2, 7, 3, 3)": [-2.2326600551605225, 0.0, -2.2039146423339844, 0.0, -2.2001051902770996], "(2, 4, 3, 3)": [0.0, 0.0, -2.2223284244537354, -2.2223284244537354, 0.0], "(2, 5, 2, 1)": [-2.1992297172546387, -2.2076666355133057, -2.225461959838867, -2.212855339050293, -2.198575258255005], "(2, 6, 3, 3)": [-2.203610897064209, -2.234649658203125, 0.0, 0.0, 0.0], "(2, 3, 1, 1)": [0.0, 0.0, -2.2467737197875977, 0.0, -2.220508575439453], "(2, 2, 1, 1)": [0.0, -2.202817678451538, 0.0, 0.0, 0.0], "(1, 5, 2, 2)": [-2.2195327281951904, -2.221416711807251, -2.2151365280151367, -2.212319850921631, -2.221416711807251], "(1, 4, 2, 2)": [-2.221951961517334, -2.221951961517334, -2.212611675262451, -2.225987434387207, -2.2158517837524414], "(3, 1, 2, 2)": [-2.212111711502075, -2.209770441055298, -2.209998846054077, -2.208756685256958, -2.2084522247314453], "(3, 2, 2, 2)": [-2.2219648361206055, -2.2131946086883545, -2.214603900909424, -2.2113571166992188, -2.21096134185791], "(2, 4, 1, 1)": [0.0, 0.0, -2.2109861373901367, -2.1992297172546387, 0.0], "(1, 2, 2, 2)": [-2.209304094314575, -2.2077555656433105, -2.2056169509887695, -2.211412191390991, -2.2036936283111572], "(1, 3, 2, 2)": [-2.2046866416931152, -2.2046866416931152, -2.199758768081665, -2.199479341506958, -2.1996190547943115], "(1, 3, 1, 2)": [0.0, 0.0, 0.0, 0.0, -2.199479341506958], "(1, 4, 1, 1)": [0.0, 0.0, -2.199479341506958, 0.0, 0.0], "(1, 5, 1, 1)": [-2.199479341506958, 0.0, 0.0, 0.0, 0.0], "(2, 5, 1, 2)": [-2.199479341506958, 0.0, 0.0, 0.0, 0.0], "(3, 3, 2, 2)": [-2.2063090801239014, -2.2176830768585205, -2.2148749828338623, -2.2148749828338623, -2.2027525901794434], "(1, 7, 2, 2)": [-2.2175185680389404, -2.2192282676696777, -2.210716485977173, -2.213878631591797, -2.226180076599121], "(1, 6, 2, 2)": [-2.221416711807251, -2.2195327281951904, -2.217519521713257, -2.2195327281951904, -2.219338893890381], "(3, 4, 2, 2)": [-2.2018613815307617, -2.2240118980407715, -2.246162176132202, 0.0, 0.0], "(2, 6, 2, 1)": [-2.2109861373901367, -2.2079079151153564, 0.0, -2.2079079151153564, 0.0], "(2, 5, 1, 1)": [0.0, -2.2109861373901367, 0.0, 0.0, 0.0], "(1, 6, 2, 3)": [0.0, -2.225572109222412, 0.0, 0.0, 0.0], "(3, 7, 2, 3)": [0.0, 0.0, -2.20898699760437, 0.0, 0.0], "(3, 1, 2, 1)": [0.0, -2.2459375858306885, 0.0, 0.0, 0.0], "(2, 3, 3, 3)": [0.0, -2.2113871574401855, 0.0, 0.0, 0.0], "(2, 2, 2, 3)": [0.0, 0.0, 0.0, 0.0, -2.2113871574401855], "(1, 1, 2, 1)": [0.0, 0.0, 0.0, -2.2084572315216064, 0.0], "(1, 3, 2, 1)": [0.0, 0.0, 0.0, 0.0, -2.2148215770721436], "(1, 4, 2, 1)": [0.0, 0.0, -2.2148215770721436, 0.0, 0.0]}, "n_values": {"(2, 7, 2, 2)": [1017.0, 980.0, 1087.0, 1146.0, 1195.0], "(2, 6, 2, 2)": [999.0, 1047.0, 1139.0, 1093.0, 1173.0], "(2, 5, 2, 2)": [920.0, 925.0, 979.0, 997.0, 1127.0], "(2, 2, 2, 2)": [1083.0, 1076.0, 972.0, 952.0, 942.0], "(2, 1, 2, 2)": [1108.0, 1062.0, 983.0, 963.0, 984.0], "(2, 3, 2, 2)": [982.0, 978.0, 899.0, 866.0, 890.0], "(2, 4, 2, 2)": [903.0, 906.0, 896.0, 889.0, 996.0], "(2, 6, 2, 3)": [59.0, 50.0, 34.0, 47.0, 48.0], "(2, 1, 2, 1)": [35.0, 39.0, 45.0, 42.0, 43.0], "(2, 2, 2, 1)": [20.0, 28.0, 28.0, 35.0, 37.0], "(2, 4, 2, 3)": [9.0, 10.0, 11.0, 7.0, 3.0], "(2, 3, 2, 3)": [6.0, 3.0, 5.0, 5.0, 4.0], "(2, 7, 2, 3)": [55.0, 58.0, 51.0, 56.0, 53.0], "(2, 5, 2, 3)": [25.0, 32.0, 20.0, 21.0, 29.0], "(2, 3, 2, 1)": [11.0, 10.0, 11.0, 23.0, 26.0], "(1, 1, 2, 2)": [8.0, 9.0, 7.0, 8.0, 7.0], "(2, 4, 2, 1)": [9.0, 9.0, 16.0, 11.0, 13.0], "(2, 1, 1, 1)": [0.0, 1.0, 1.0, 1.0, 1.0], "(2, 5, 3, 3)": [1.0, 2.0, 0.0, 0.0, 1.0], "(3, 7, 2, 2)": [4.0, 5.0, 6.0, 8.0, 5.0], "(3, 6, 2, 2)": [2.0, 4.0, 4.0, 3.0, 4.0], "(3, 5, 2, 2)": [1.0, 2.0, 2.0, 2.0, 2.0], "(2, 7, 3, 3)": [1.0, 0.0, 2.0, 0.0, 1.0], "(2, 4, 3, 3)": [0.0, 0.0, 1.0, 1.0, 0.0], "(2, 5, 2, 1)": [1.0, 1.0, 2.0, 2.0, 1.0], "(2, 6, 3, 3)": [1.0, 2.0, 0.0, 0.0, 0.0], "(2, 3, 1, 1)": [0.0, 0.0, 1.0, 0.0, 1.0], "(2, 2, 1, 1)": [0.0, 1.0, 0.0, 0.0, 0.0], "(1, 5, 2, 2)": [4.0, 3.0, 5.0, 4.0, 3.0], "(1, 4, 2, 2)": [3.0, 3.0, 3.0, 2.0, 4.0], "(3, 1, 2, 2)": [6.0, 5.0, 4.0, 5.0, 6.0], "(3, 2, 2, 2)": [4.0, 8.0, 7.0, 4.0, 4.0], "(2, 4, 1, 1)": [0.0, 0.0, 1.0, 1.0, 0.0], "(1, 2, 2, 2)": [5.0, 6.0, 5.0, 5.0, 2.0], "(1, 3, 2, 2)": [3.0, 3.0, 1.0, 1.0, 2.0], "(1, 3, 1, 2)": [0.0, 0.0, 0.0, 0.0, 1.0], "(1, 4, 1, 1)": [0.0, 0.0, 1.0, 0.0, 0.0], "(1, 5, 1, 1)": [1.0, 0.0, 0.0, 0.0, 0.0], "(2, 5, 1, 2)": [1.0, 0.0, 0.0, 0.0, 0.0], "(3, 3, 2, 2)": [5.0, 4.0, 5.0, 5.0, 2.0], "(1, 7, 2, 2)": [3.0, 2.0, 4.0, 1.0, 1.0], "(1, 6, 2, 2)": [3.0, 4.0, 3.0, 4.0, 2.0], "(3, 4, 2, 2)": [1.0, 2.0, 1.0, 0.0, 0.0], "(2, 5, 1, 1)": [0.0, 1.0, 0.0, 0.0, 0.0], "(2, 6, 2, 1)": [1.0, 1.0, 0.0, 1.0, 0.0], "(1, 6, 2, 3)": [0.0, 1.0, 0.0, 0.0, 0.0], "(3, 7, 2, 3)": [0.0, 0.0, 1.0, 0.0, 0.0], "(3, 1, 2, 1)": [0.0, 1.0, 0.0, 0.0, 0.0], "(2, 3, 3, 3)": [0.0, 1.0, 0.0, 0.0, 0.0], "(2, 2, 2, 3)": [0.0, 0.0, 0.0, 0.0, 1.0], "(1, 1, 2, 1)": [0.0, 0.0, 0.0, 1.0, 0.0], "(1, 3, 2, 1)": [0.0, 0.0, 0.0, 0.0, 1.0], "(1, 4, 2, 1)": [0.0, 0.0, 1.0, 0.0, 0.0]}}