{"q_values": {"(2, 7, 2, 2)": [0.0, -2.4257357120513916, -2.4233341217041016, -2.4255173206329346, 0.0], "(2, 6, 2, 2)": [0.0, -2.425759792327881, -2.42575740814209, -2.4257595539093018, -2.425759792327881], "(2, 5, 2, 2)": [0.0, -2.425759792327881, -2.425759792327881, 0.0, -2.425759792327881]}, "n_values": {"(2, 7, 2, 2)": [0.0, 1.0, 1.0, 1.0, 0.0], "(2, 6, 2, 2)": [0.0, 1.0, 1.0, 1.0, 1.0], "(2, 5, 2, 2)": [0.0, 1.0, 1.0, 0.0, 1.0]}}