{"q_values": {"(2, 7, 2, 2)": [-2.4047577381134033, -2.403031587600708, -2.403641700744629, -2.4035022258758545, -2.4032464027404785], "(2, 6, 2, 2)": [-2.4325528144836426, -2.432620048522949, -2.432568311691284, -2.4326117038726807, -2.432960033416748], "(2, 5, 2, 2)": [-2.433558940887451, -2.433549404144287, -2.4333441257476807, -2.433671236038208, -2.4336862564086914], "(2, 2, 2, 2)": [-2.433124542236328, -2.4330852031707764, -2.4327821731567383, -2.432769536972046, -2.433332681655884], "(2, 1, 2, 2)": [-2.403550624847412, -2.406341552734375, -2.406641721725464, -2.4033358097076416, -2.4036355018615723], "(2, 3, 2, 2)": [-2.4336459636688232, -2.433863878250122, -2.4335923194885254, -2.4335927963256836, -2.4337821006774902], "(2, 4, 2, 2)": [-2.433711290359497, -2.433664560317993, -2.433567523956299, -2.433680295944214, -2.433544158935547], "(2, 6, 2, 3)": [-2.435765027999878, -2.4335834980010986, -2.4414734840393066, -2.4433646202087402, -2.4473166465759277], "(2, 1, 2, 1)": [-2.304100275039673, -2.3297009468078613, -2.342256784439087, -2.3100414276123047, -2.314269542694092], "(2, 2, 2, 1)": [-2.4401416778564453, -2.440812349319458, -2.4392669200897217, -2.4349453449249268, -2.433352470397949], "(2, 4, 2, 3)": [-2.4314095973968506, -2.4341225624084473, -2.4412662982940674, -2.4379138946533203, -2.4413704872131348], "(2, 3, 2, 3)": [-2.4373459815979004, -2.4280812740325928, -2.4355850219726562, -2.4337472915649414, -2.4678843021392822], "(2, 7, 2, 3)": [-2.328552007675171, -2.3078436851501465, -2.3148739337921143, -2.3392791748046875, -2.3028974533081055], "(2, 5, 2, 3)": [-2.435858726501465, -2.430974245071411, -2.4422595500946045, -2.4372503757476807, -2.434422492980957], "(2, 3, 2, 1)": [-2.4380574226379395, -2.437880039215088, -2.4424550533294678, -2.4345264434814453, -2.4377055168151855], "(1, 1, 2, 2)": [-2.393216371536255, -2.4039266109466553, -2.4241394996643066, -2.366800308227539, -2.333784580230713], "(2, 4, 2, 1)": [-2.4389431476593018, -2.4356801509857178, -2.4353156089782715, -2.4336788654327393, -2.4344725608825684], "(2, 1, 1, 1)": [0.0, -2.4309744834899902, -2.324282646179199, -2.1977429389953613, 0.0], "(2, 5, 3, 3)": [0.0, -2.4654150009155273, 0.0, 0.0, -2.4694182872772217], "(1, 2, 2, 2)": [-2.4335224628448486, -2.4307730197906494, -2.4358203411102295, -2.4336609840393066, -2.4341511726379395], "(2, 7, 3, 3)": [-2.3278298377990723, 0.0, -2.411555528640747, 0.0, -2.2256298065185547], "(3, 7, 2, 2)": [-2.4405012130737305, -2.435642719268799, -2.376938819885254, -2.39870548248291, -2.444115400314331], "(3, 6, 2, 2)": [-2.4464259147644043, -2.441443920135498, -2.441443920135498, -2.4464259147644043, -2.443453311920166], "(3, 5, 2, 2)": [-2.4467785358428955, -2.4465458393096924, -2.4501452445983887, -2.441443920135498, -2.45127272605896], "(2, 5, 2, 1)": [-2.4419362545013428, -2.4387903213500977, -2.430361032485962, -2.4408273696899414, -2.4500322341918945], "(2, 6, 2, 1)": [0.0, -2.4500937461853027, -2.4356791973114014, 0.0, 0.0], "(3, 1, 2, 2)": [-2.436825752258301, -2.418510913848877, -2.374147415161133, -2.427165985107422, -2.4292855262756348], "(3, 2, 2, 2)": [-2.441317558288574, -2.4415695667266846, -2.441351890563965, -2.4440722465515137, -2.441037654876709], "(3, 3, 2, 2)": [-2.442376136779785, -2.4414985179901123, -2.440913438796997, -2.437560558319092, -2.444984197616577], "(3, 4, 2, 2)": [-2.447119951248169, -2.444054365158081, -2.44899845123291, -2.44899845123291, -2.447139263153076], "(1, 3, 2, 2)": [-2.431626796722412, -2.4275777339935303, -2.431626796722412, -2.435950517654419, -2.431321382522583], "(1, 6, 2, 2)": [-2.432497501373291, -2.43328857421875, -2.4346721172332764, -2.4332714080810547, -2.429234027862549], "(1, 7, 2, 2)": [-2.3825204372406006, -2.427659034729004, -2.4282071590423584, -2.3880391120910645, -2.4188108444213867], "(1, 5, 2, 3)": [-2.4261624813079834, 0.0, 0.0, 0.0, 0.0], "(1, 5, 2, 2)": [-2.429151773452759, -2.435668468475342, -2.429151773452759, -2.4339771270751953, -2.433976888656616], "(1, 4, 2, 2)": [-2.431321382522583, -2.434487819671631, -2.4325339794158936, -2.431321382522583, -2.4325339794158936], "(3, 1, 2, 1)": [-2.3248291015625, -2.4330191612243652, -2.2162020206451416, 0.0, 0.0], "(3, 7, 2, 3)": [-2.428992986679077, 0.0, -2.2023208141326904, 0.0, 0.0], "(1, 7, 2, 3)": [-2.430666208267212, 0.0, 0.0, -2.1767897605895996, 0.0], "(3, 4, 2, 1)": [0.0, 0.0, 0.0, 0.0, -2.44004487991333], "(1, 6, 2, 3)": [0.0, -2.430075168609619, 0.0, 0.0, 0.0], "(2, 6, 3, 3)": [0.0, -2.4288103580474854, 0.0, 0.0, 0.0], "(2, 2, 1, 1)": [-2.4394946098327637, 0.0, 0.0, 0.0, 0.0], "(2, 3, 1, 1)": [-2.441692352294922, 0.0, 0.0, 0.0, 0.0], "(2, 4, 1, 1)": [-2.4419121742248535, 0.0, 0.0, 0.0, 0.0], "(3, 6, 2, 3)": [0.0, 0.0, 0.0, -2.4532828330993652, -2.4510746002197266]}, "n_values": {"(2, 7, 2, 2)": [875.0, 946.0, 952.0, 1035.0, 1129.0], "(2, 6, 2, 2)": [931.0, 936.0, 976.0, 1018.0, 1072.0], "(2, 5, 2, 2)": [882.0, 910.0, 1040.0, 926.0, 1023.0], "(2, 2, 2, 2)": [1139.0, 1065.0, 1043.0, 1018.0, 948.0], "(2, 1, 2, 2)": [1204.0, 1081.0, 1022.0, 1025.0, 897.0], "(2, 3, 2, 2)": [1034.0, 991.0, 985.0, 974.0, 936.0], "(2, 4, 2, 2)": [977.0, 964.0, 980.0, 946.0, 932.0], "(2, 6, 2, 3)": [29.0, 39.0, 33.0, 39.0, 27.0], "(2, 1, 2, 1)": [61.0, 43.0, 47.0, 36.0, 49.0], "(2, 2, 2, 1)": [22.0, 33.0, 30.0, 39.0, 46.0], "(2, 4, 2, 3)": [8.0, 14.0, 7.0, 13.0, 8.0], "(2, 3, 2, 3)": [3.0, 5.0, 5.0, 4.0, 2.0], "(2, 7, 2, 3)": [48.0, 51.0, 38.0, 53.0, 47.0], "(2, 5, 2, 3)": [13.0, 18.0, 17.0, 25.0, 18.0], "(2, 3, 2, 1)": [23.0, 18.0, 14.0, 32.0, 25.0], "(1, 1, 2, 2)": [8.0, 10.0, 7.0, 8.0, 8.0], "(2, 4, 2, 1)": [8.0, 7.0, 10.0, 13.0, 11.0], "(2, 1, 1, 1)": [0.0, 1.0, 2.0, 1.0, 0.0], "(2, 5, 3, 3)": [0.0, 2.0, 0.0, 0.0, 1.0], "(1, 2, 2, 2)": [5.0, 6.0, 7.0, 4.0, 6.0], "(2, 7, 3, 3)": [2.0, 0.0, 1.0, 0.0, 1.0], "(3, 7, 2, 2)": [4.0, 4.0, 4.0, 6.0, 4.0], "(3, 6, 2, 2)": [4.0, 5.0, 5.0, 4.0, 6.0], "(3, 5, 2, 2)": [3.0, 6.0, 2.0, 5.0, 3.0], "(2, 5, 2, 1)": [1.0, 5.0, 9.0, 3.0, 2.0], "(2, 6, 2, 1)": [0.0, 1.0, 1.0, 0.0, 0.0], "(3, 1, 2, 2)": [6.0, 4.0, 4.0, 3.0, 5.0], "(3, 2, 2, 2)": [7.0, 6.0, 7.0, 6.0, 7.0], "(3, 3, 2, 2)": [5.0, 6.0, 8.0, 6.0, 6.0], "(3, 4, 2, 2)": [6.0, 5.0, 5.0, 5.0, 6.0], "(1, 7, 2, 2)": [5.0, 4.0, 3.0, 6.0, 4.0], "(1, 6, 2, 2)": [4.0, 3.0, 4.0, 6.0, 5.0], "(1, 5, 2, 3)": [1.0, 0.0, 0.0, 0.0, 0.0], "(1, 5, 2, 2)": [3.0, 4.0, 3.0, 6.0, 6.0], "(1, 3, 2, 2)": [4.0, 3.0, 4.0, 3.0, 5.0], "(1, 4, 2, 2)": [5.0, 4.0, 4.0, 5.0, 4.0], "(3, 1, 2, 1)": [2.0, 1.0, 1.0, 0.0, 0.0], "(3, 7, 2, 3)": [1.0, 0.0, 1.0, 0.0, 0.0], "(1, 7, 2, 3)": [1.0, 0.0, 0.0, 1.0, 0.0], "(3, 4, 2, 1)": [0.0, 0.0, 0.0, 0.0, 1.0], "(1, 6, 2, 3)": [0.0, 1.0, 0.0, 0.0, 0.0], "(2, 6, 3, 3)": [0.0, 1.0, 0.0, 0.0, 0.0], "(2, 2, 1, 1)": [1.0, 0.0, 0.0, 0.0, 0.0], "(2, 3, 1, 1)": [1.0, 0.0, 0.0, 0.0, 0.0], "(2, 4, 1, 1)": [1.0, 0.0, 0.0, 0.0, 0.0], "(3, 6, 2, 3)": [0.0, 0.0, 0.0, 1.0, 1.0]}}