{"q_values": {"(2, 7, 2, 2)": [-2.207056760787964, -2.2075164318084717, -2.2077019214630127, -2.2076406478881836, -2.2084672451019287], "(2, 6, 2, 2)": [-2.2115941047668457, -2.211354970932007, -2.2108452320098877, -2.211425304412842, -2.211216449737549], "(2, 5, 2, 2)": [-2.2122914791107178, -2.212132692337036, -2.2120909690856934, -2.212015151977539, -2.2118566036224365], "(2, 2, 2, 2)": [-2.211639642715454, -2.211364269256592, -2.2114956378936768, -2.2116053104400635, -2.2116312980651855], "(2, 1, 2, 2)": [-2.208616018295288, -2.2078213691711426, -2.208043098449707, -2.207747459411621, -2.207310199737549], "(2, 3, 2, 2)": [-2.212280511856079, -2.2118618488311768, -2.2121469974517822, -2.212301731109619, -2.2120821475982666], "(2, 4, 2, 2)": [-2.2126293182373047, -2.212196111679077, -2.212542772293091, -2.2126243114471436, -2.2119662761688232], "(2, 6, 2, 3)": [-2.2127327919006348, -2.2149884700775146, -2.217930555343628, -2.2166128158569336, -2.2221951484680176], "(2, 1, 2, 1)": [-2.2146337032318115, -2.213754415512085, -2.210568904876709, -2.211777925491333, -2.210136890411377], "(2, 2, 2, 1)": [-2.220862627029419, -2.2219595909118652, -2.2153055667877197, -2.211216926574707, -2.2134032249450684], "(2, 4, 2, 3)": [-2.2133028507232666, -2.206742763519287, -2.2077579498291016, -2.212453842163086, -2.246903896331787], "(2, 3, 2, 3)": [-2.2150955200195312, -2.2135186195373535, -2.2128283977508545, -2.2195253372192383, -2.221877336502075], "(2, 7, 2, 3)": [-2.2064526081085205, -2.210402011871338, -2.213426113128662, -2.211362600326538, -2.2122011184692383], "(2, 5, 2, 3)": [-2.213496208190918, -2.209015369415283, -2.2088263034820557, -2.2193875312805176, -2.2127506732940674], "(2, 3, 2, 1)": [-2.2179033756256104, -2.216485023498535, -2.2218594551086426, -2.2121927738189697, -2.2097692489624023], "(1, 1, 2, 2)": [-2.210784912109375, -2.2016682624816895, -2.216987371444702, -2.2000036239624023, -2.199479341506958], "(2, 4, 2, 1)": [-2.2150797843933105, -2.2130281925201416, -2.2102620601654053, -2.20621395111084, -2.2093379497528076], "(2, 1, 1, 1)": [0.0, -2.232076644897461, -2.2099769115448, -2.20259952545166, -2.2235400676727295], "(2, 5, 3, 3)": [-2.2223284244537354, -2.2449278831481934, 0.0, 0.0, -2.2449278831481934], "(3, 7, 2, 2)": [-2.2023043632507324, -2.2022056579589844, -2.196859359741211, -2.2026898860931396, -2.2013003826141357], "(3, 6, 2, 2)": [-2.198286294937134, -2.1998794078826904, -2.1998794078826904, -2.1998794078826904, -2.1998794078826904], "(3, 5, 2, 2)": [0.0, -2.198286294937134, -2.203279495239258, -2.198286294937134, -2.198286294937134], "(2, 7, 3, 3)": [-2.2326600551605225, 0.0, -2.1767523288726807, 0.0, -2.2001051902770996], "(2, 4, 3, 3)": [0.0, 0.0, -2.2223284244537354, -2.2223284244537354, 0.0], "(2, 5, 2, 1)": [-2.1992297172546387, -2.2076666355133057, -2.239068031311035, -2.2255606651306152, 0.0], "(2, 6, 3, 3)": [-2.203610897064209, -2.237999677658081, 0.0, 0.0, 0.0], "(2, 3, 1, 1)": [0.0, 0.0, -2.2467737197875977, 0.0, -2.220508575439453], "(2, 2, 1, 1)": [0.0, -2.202817678451538, 0.0, 0.0, 0.0], "(1, 5, 2, 2)": [-2.213880777359009, 0.0, -2.205716133117676, -2.205716133117676, 0.0], "(1, 4, 2, 2)": [-2.213880777359009, -2.213880777359009, -2.205716133117676, 0.0, -2.205716133117676], "(3, 1, 2, 2)": [-2.2053020000457764, -2.209770441055298, -2.2064783573150635, -2.2113571166992188, -2.2084522247314453], "(3, 2, 2, 2)": [-2.2138988971710205, -2.206472635269165, -2.2071008682250977, -2.2113571166992188, -2.21096134185791], "(2, 4, 1, 1)": [0.0, 0.0, -2.2109861373901367, -2.1992297172546387, 0.0], "(1, 2, 2, 2)": [-2.2163689136505127, -2.2089638710021973, -2.199479341506958, -2.217061996459961, -2.199479341506958], "(1, 3, 2, 2)": [-2.199479341506958, -2.199479341506958, 0.0, -2.199479341506958, -2.199479341506958], "(1, 3, 1, 2)": [0.0, 0.0, 0.0, 0.0, -2.199479341506958], "(1, 4, 1, 1)": [0.0, 0.0, -2.199479341506958, 0.0, 0.0], "(1, 5, 1, 1)": [-2.199479341506958, 0.0, 0.0, 0.0, 0.0], "(2, 5, 1, 2)": [-2.199479341506958, 0.0, 0.0, 0.0, 0.0], "(3, 3, 2, 2)": [-2.2027463912963867, -2.2020046710968018, -2.2025511264801025, -2.2025511264801025, -2.2027525901794434], "(1, 7, 2, 2)": [-2.213880777359009, 0.0, -2.2136592864990234, -2.213878631591797, 0.0], "(1, 6, 2, 2)": [0.0, -2.213880777359009, -2.213880777359009, -2.213880777359009, 0.0], "(3, 4, 2, 2)": [-2.2018613815307617, -2.2018613815307617, 0.0, 0.0, 0.0], "(2, 6, 2, 1)": [-2.2109861373901367, 0.0, 0.0, 0.0, 0.0], "(2, 5, 1, 1)": [0.0, -2.2109861373901367, 0.0, 0.0, 0.0]}, "n_values": {"(2, 7, 2, 2)": [706.0, 706.0, 781.0, 837.0, 858.0], "(2, 6, 2, 2)": [723.0, 757.0, 792.0, 777.0, 835.0], "(2, 5, 2, 2)": [669.0, 658.0, 702.0, 716.0, 813.0], "(2, 2, 2, 2)": [793.0, 772.0, 706.0, 691.0, 690.0], "(2, 1, 2, 2)": [841.0, 780.0, 728.0, 716.0, 709.0], "(2, 3, 2, 2)": [724.0, 707.0, 670.0, 641.0, 665.0], "(2, 4, 2, 2)": [675.0, 660.0, 658.0, 652.0, 724.0], "(2, 6, 2, 3)": [42.0, 40.0, 24.0, 33.0, 37.0], "(2, 1, 2, 1)": [25.0, 29.0, 33.0, 34.0, 30.0], "(2, 2, 2, 1)": [18.0, 21.0, 21.0, 27.0, 28.0], "(2, 4, 2, 3)": [7.0, 7.0, 9.0, 6.0, 2.0], "(2, 3, 2, 3)": [5.0, 1.0, 2.0, 3.0, 3.0], "(2, 7, 2, 3)": [38.0, 43.0, 35.0, 42.0, 39.0], "(2, 5, 2, 3)": [16.0, 26.0, 13.0, 16.0, 20.0], "(2, 3, 2, 1)": [8.0, 7.0, 9.0, 18.0, 19.0], "(1, 1, 2, 2)": [4.0, 4.0, 3.0, 4.0, 1.0], "(2, 4, 2, 1)": [7.0, 8.0, 12.0, 8.0, 10.0], "(2, 1, 1, 1)": [0.0, 1.0, 1.0, 1.0, 1.0], "(2, 5, 3, 3)": [1.0, 1.0, 0.0, 0.0, 1.0], "(3, 7, 2, 2)": [3.0, 5.0, 5.0, 7.0, 4.0], "(3, 6, 2, 2)": [1.0, 3.0, 3.0, 3.0, 3.0], "(3, 5, 2, 2)": [0.0, 1.0, 1.0, 1.0, 1.0], "(2, 7, 3, 3)": [1.0, 0.0, 1.0, 0.0, 1.0], "(2, 4, 3, 3)": [0.0, 0.0, 1.0, 1.0, 0.0], "(2, 5, 2, 1)": [1.0, 1.0, 1.0, 1.0, 0.0], "(2, 6, 3, 3)": [1.0, 1.0, 0.0, 0.0, 0.0], "(2, 3, 1, 1)": [0.0, 0.0, 1.0, 0.0, 1.0], "(2, 2, 1, 1)": [0.0, 1.0, 0.0, 0.0, 0.0], "(1, 5, 2, 2)": [1.0, 0.0, 2.0, 2.0, 0.0], "(1, 4, 2, 2)": [1.0, 1.0, 2.0, 0.0, 2.0], "(3, 1, 2, 2)": [5.0, 5.0, 3.0, 4.0, 6.0], "(3, 2, 2, 2)": [3.0, 6.0, 5.0, 4.0, 4.0], "(2, 4, 1, 1)": [0.0, 0.0, 1.0, 1.0, 0.0], "(1, 2, 2, 2)": [2.0, 2.0, 1.0, 3.0, 1.0], "(1, 3, 2, 2)": [1.0, 1.0, 0.0, 1.0, 1.0], "(1, 3, 1, 2)": [0.0, 0.0, 0.0, 0.0, 1.0], "(1, 4, 1, 1)": [0.0, 0.0, 1.0, 0.0, 0.0], "(1, 5, 1, 1)": [1.0, 0.0, 0.0, 0.0, 0.0], "(2, 5, 1, 2)": [1.0, 0.0, 0.0, 0.0, 0.0], "(3, 3, 2, 2)": [4.0, 2.0, 3.0, 3.0, 2.0], "(1, 7, 2, 2)": [1.0, 0.0, 1.0, 1.0, 0.0], "(1, 6, 2, 2)": [0.0, 1.0, 1.0, 1.0, 0.0], "(3, 4, 2, 2)": [1.0, 1.0, 0.0, 0.0, 0.0], "(2, 5, 1, 1)": [0.0, 1.0, 0.0, 0.0, 0.0], "(2, 6, 2, 1)": [1.0, 0.0, 0.0, 0.0, 0.0]}}