{"q_values": {"(2, 7, 2, 2)": [-2.2072601318359375, -2.2075135707855225, -2.2075533866882324, -2.2079198360443115, -2.208533763885498], "(2, 6, 2, 2)": [-2.2115347385406494, -2.2113349437713623, -2.210780382156372, -2.211357355117798, -2.2113120555877686], "(2, 5, 2, 2)": [-2.2122185230255127, -2.2121574878692627, -2.211977481842041, -2.21207332611084, -2.2119300365448], "(2, 2, 2, 2)": [-2.211703300476074, -2.2112433910369873, -2.2113845348358154, -2.2115492820739746, -2.2115097045898438], "(2, 1, 2, 2)": [-2.2088358402252197, -2.208012342453003, -2.208012580871582, -2.207817792892456, -2.207529067993164], "(2, 3, 2, 2)": [-2.2123467922210693, -2.2119152545928955, -2.2120206356048584, -2.2120425701141357, -2.212117910385132], "(2, 4, 2, 2)": [-2.2126502990722656, -2.212189197540283, -2.212425470352173, -2.2126095294952393, -2.211984157562256], "(2, 6, 2, 3)": [-2.2131271362304688, -2.214068651199341, -2.21657133102417, -2.2159652709960938, -2.221698522567749], "(2, 1, 2, 1)": [-2.2153127193450928, -2.2161734104156494, -2.2118327617645264, -2.2101287841796875, -2.2105090618133545], "(2, 2, 2, 1)": [-2.2226319313049316, -2.22309947013855, -2.2148075103759766, -2.2135169506073, -2.214289903640747], "(2, 4, 2, 3)": [-2.2115983963012695, -2.206153392791748, -2.2084543704986572, -2.2145485877990723, -2.235999822616577], "(2, 3, 2, 3)": [-2.217599868774414, -2.222885847091675, -2.205902338027954, -2.2220935821533203, -2.22318696975708], "(2, 7, 2, 3)": [-2.205082893371582, -2.2101705074310303, -2.212730646133423, -2.210771322250366, -2.2108969688415527], "(2, 5, 2, 3)": [-2.212822914123535, -2.2090647220611572, -2.2095539569854736, -2.218292236328125, -2.214487314224243], "(2, 3, 2, 1)": [-2.2214560508728027, -2.2142765522003174, -2.2255914211273193, -2.2121708393096924, -2.2099156379699707], "(1, 1, 2, 2)": [-2.2091619968414307, -2.2029218673706055, -2.210754156112671, -2.202969789505005, -2.1996469497680664], "(2, 4, 2, 1)": [-2.2148311138153076, -2.2144479751586914, -2.2122018337249756, -2.20731258392334, -2.2109382152557373], "(2, 1, 1, 1)": [0.0, -2.232076644897461, -2.2099769115448, -2.20259952545166, -2.2235400676727295], "(2, 5, 3, 3)": [-2.2223284244537354, -2.2281575202941895, 0.0, 0.0, -2.2449278831481934], "(3, 7, 2, 2)": [-2.196871757507324, -2.2022056579589844, -2.200878620147705, -2.202651023864746, -2.205235004425049], "(3, 6, 2, 2)": [-2.222224235534668, -2.2114500999450684, -2.2114500999450684, -2.1998794078826904, -2.2114500999450684], "(3, 5, 2, 2)": [-2.246162176132202, -2.222224235534668, -2.2247209548950195, -2.222224235534668, -2.222224235534668], "(2, 7, 3, 3)": [-2.2326600551605225, 0.0, -2.2039146423339844, 0.0, -2.2001051902770996], "(2, 4, 3, 3)": [0.0, 0.0, -2.2223284244537354, -2.2223284244537354, 0.0], "(2, 5, 2, 1)": [-2.1992297172546387, -2.2076666355133057, -2.225461959838867, -2.212855339050293, -2.198575258255005], "(2, 6, 3, 3)": [-2.203610897064209, -2.234649658203125, 0.0, 0.0, 0.0], "(2, 3, 1, 1)": [0.0, 0.0, -2.2467737197875977, 0.0, -2.220508575439453], "(2, 2, 1, 1)": [0.0, -2.202817678451538, 0.0, 0.0, 0.0], "(1, 5, 2, 2)": [-2.21724271774292, -2.218923568725586, -2.212319850921631, -2.212319850921631, -2.218923568725586], "(1, 4, 2, 2)": [-2.2197265625, -2.2197265625, -2.205716133117676, -2.225572109222412, -2.2123348712921143], "(3, 1, 2, 2)": [-2.212111711502075, -2.209770441055298, -2.209998846054077, -2.208756685256958, -2.2084522247314453], "(3, 2, 2, 2)": [-2.2219648361206055, -2.2131946086883545, -2.214603900909424, -2.2113571166992188, -2.21096134185791], "(2, 4, 1, 1)": [0.0, 0.0, -2.2109861373901367, -2.1992297172546387, 0.0], "(1, 2, 2, 2)": [-2.209304094314575, -2.2063422203063965, -2.2033157348632812, -2.211412191390991, -2.2036936283111572], "(1, 3, 2, 2)": [-2.1996190547943115, -2.1996190547943115, -2.199758768081665, -2.199479341506958, -2.1996190547943115], "(1, 3, 1, 2)": [0.0, 0.0, 0.0, 0.0, -2.199479341506958], "(1, 4, 1, 1)": [0.0, 0.0, -2.199479341506958, 0.0, 0.0], "(1, 5, 1, 1)": [-2.199479341506958, 0.0, 0.0, 0.0, 0.0], "(2, 5, 1, 2)": [-2.199479341506958, 0.0, 0.0, 0.0, 0.0], "(3, 3, 2, 2)": [-2.2063090801239014, -2.2176830768585205, -2.2148749828338623, -2.2148749828338623, -2.2027525901794434], "(1, 7, 2, 2)": [-2.213076591491699, -2.2120537757873535, -2.205488443374634, -2.213878631591797, 0.0], "(1, 6, 2, 2)": [-2.218923568725586, -2.21724271774292, -2.213078022003174, -2.21724271774292, -2.2122750282287598], "(3, 4, 2, 2)": [-2.2018613815307617, -2.2240118980407715, -2.246162176132202, 0.0, 0.0], "(2, 6, 2, 1)": [-2.2109861373901367, -2.2079079151153564, 0.0, -2.2079079151153564, 0.0], "(2, 5, 1, 1)": [0.0, -2.2109861373901367, 0.0, 0.0, 0.0], "(1, 6, 2, 3)": [0.0, -2.225572109222412, 0.0, 0.0, 0.0], "(3, 7, 2, 3)": [0.0, 0.0, -2.20898699760437, 0.0, 0.0], "(3, 1, 2, 1)": [0.0, -2.2459375858306885, 0.0, 0.0, 0.0], "(2, 3, 3, 3)": [0.0, -2.2113871574401855, 0.0, 0.0, 0.0], "(2, 2, 2, 3)": [0.0, 0.0, 0.0, 0.0, -2.2113871574401855]}, "n_values": {"(2, 7, 2, 2)": [978.0, 944.0, 1049.0, 1107.0, 1150.0], "(2, 6, 2, 2)": [968.0, 1015.0, 1094.0, 1055.0, 1134.0], "(2, 5, 2, 2)": [888.0, 895.0, 941.0, 957.0, 1080.0], "(2, 2, 2, 2)": [1049.0, 1042.0, 939.0, 921.0, 912.0], "(2, 1, 2, 2)": [1079.0, 1029.0, 950.0, 934.0, 954.0], "(2, 3, 2, 2)": [956.0, 952.0, 879.0, 843.0, 864.0], "(2, 4, 2, 2)": [874.0, 875.0, 864.0, 859.0, 957.0], "(2, 6, 2, 3)": [57.0, 49.0, 33.0, 45.0, 47.0], "(2, 1, 2, 1)": [35.0, 39.0, 45.0, 42.0, 42.0], "(2, 2, 2, 1)": [20.0, 28.0, 28.0, 35.0, 37.0], "(2, 4, 2, 3)": [9.0, 10.0, 11.0, 7.0, 3.0], "(2, 3, 2, 3)": [6.0, 3.0, 5.0, 5.0, 4.0], "(2, 7, 2, 3)": [54.0, 55.0, 50.0, 55.0, 50.0], "(2, 5, 2, 3)": [23.0, 29.0, 19.0, 21.0, 27.0], "(2, 3, 2, 1)": [11.0, 10.0, 11.0, 22.0, 26.0], "(1, 1, 2, 2)": [7.0, 7.0, 6.0, 7.0, 5.0], "(2, 4, 2, 1)": [9.0, 9.0, 16.0, 11.0, 12.0], "(2, 1, 1, 1)": [0.0, 1.0, 1.0, 1.0, 1.0], "(2, 5, 3, 3)": [1.0, 2.0, 0.0, 0.0, 1.0], "(3, 7, 2, 2)": [4.0, 5.0, 6.0, 8.0, 5.0], "(3, 6, 2, 2)": [2.0, 4.0, 4.0, 3.0, 4.0], "(3, 5, 2, 2)": [1.0, 2.0, 2.0, 2.0, 2.0], "(2, 7, 3, 3)": [1.0, 0.0, 2.0, 0.0, 1.0], "(2, 4, 3, 3)": [0.0, 0.0, 1.0, 1.0, 0.0], "(2, 5, 2, 1)": [1.0, 1.0, 2.0, 2.0, 1.0], "(2, 6, 3, 3)": [1.0, 2.0, 0.0, 0.0, 0.0], "(2, 3, 1, 1)": [0.0, 0.0, 1.0, 0.0, 1.0], "(2, 2, 1, 1)": [0.0, 1.0, 0.0, 0.0, 0.0], "(1, 5, 2, 2)": [3.0, 2.0, 4.0, 4.0, 2.0], "(1, 4, 2, 2)": [2.0, 2.0, 2.0, 1.0, 3.0], "(3, 1, 2, 2)": [6.0, 5.0, 4.0, 5.0, 6.0], "(3, 2, 2, 2)": [4.0, 8.0, 7.0, 4.0, 4.0], "(2, 4, 1, 1)": [0.0, 0.0, 1.0, 1.0, 0.0], "(1, 2, 2, 2)": [5.0, 5.0, 4.0, 5.0, 2.0], "(1, 3, 2, 2)": [2.0, 2.0, 1.0, 1.0, 2.0], "(1, 3, 1, 2)": [0.0, 0.0, 0.0, 0.0, 1.0], "(1, 4, 1, 1)": [0.0, 0.0, 1.0, 0.0, 0.0], "(1, 5, 1, 1)": [1.0, 0.0, 0.0, 0.0, 0.0], "(2, 5, 1, 2)": [1.0, 0.0, 0.0, 0.0, 0.0], "(3, 3, 2, 2)": [5.0, 4.0, 5.0, 5.0, 2.0], "(1, 7, 2, 2)": [2.0, 1.0, 3.0, 1.0, 0.0], "(1, 6, 2, 2)": [2.0, 3.0, 2.0, 3.0, 1.0], "(3, 4, 2, 2)": [1.0, 2.0, 1.0, 0.0, 0.0], "(2, 5, 1, 1)": [0.0, 1.0, 0.0, 0.0, 0.0], "(2, 6, 2, 1)": [1.0, 1.0, 0.0, 1.0, 0.0], "(1, 6, 2, 3)": [0.0, 1.0, 0.0, 0.0, 0.0], "(3, 7, 2, 3)": [0.0, 0.0, 1.0, 0.0, 0.0], "(3, 1, 2, 1)": [0.0, 1.0, 0.0, 0.0, 0.0], "(2, 3, 3, 3)": [0.0, 1.0, 0.0, 0.0, 0.0], "(2, 2, 2, 3)": [0.0, 0.0, 0.0, 0.0, 1.0]}}