{"q_values": {"(2, 7, 2, 2)": [-2.2071640491485596, -2.2074530124664307, -2.2076120376586914, -2.2077434062957764, -2.2085139751434326], "(2, 6, 2, 2)": [-2.211258888244629, -2.2111101150512695, -2.2107625007629395, -2.211364984512329, -2.2111237049102783], "(2, 5, 2, 2)": [-2.212010622024536, -2.212151050567627, -2.2118661403656006, -2.2119343280792236, -2.2117598056793213], "(2, 2, 2, 2)": [-2.211487293243408, -2.211111307144165, -2.2110910415649414, -2.211244821548462, -2.2112529277801514], "(2, 1, 2, 2)": [-2.2086966037750244, -2.2080256938934326, -2.2079427242279053, -2.207726240158081, -2.207427501678467], "(2, 3, 2, 2)": [-2.2120108604431152, -2.211559772491455, -2.2116966247558594, -2.211688280105591, -2.211752414703369], "(2, 4, 2, 2)": [-2.2123661041259766, -2.212123394012451, -2.212301731109619, -2.2123501300811768, -2.211932420730591], "(2, 6, 2, 3)": [-2.2127838134765625, -2.2130472660064697, -2.21598744392395, -2.2174527645111084, -2.222581386566162], "(2, 1, 2, 1)": [-2.212589740753174, -2.217595338821411, -2.212547779083252, -2.2073633670806885, -2.20975923538208], "(2, 2, 2, 1)": [-2.2246618270874023, -2.2254302501678467, -2.213970184326172, -2.2130305767059326, -2.212510585784912], "(2, 4, 2, 3)": [-2.2110626697540283, -2.2068910598754883, -2.2116947174072266, -2.215500593185425, -2.22261905670166], "(2, 3, 2, 3)": [-2.213273286819458, -2.222885847091675, -2.2045936584472656, -2.2257497310638428, -2.2256321907043457], "(2, 7, 2, 3)": [-2.205782175064087, -2.2096636295318604, -2.213557481765747, -2.212216377258301, -2.2120492458343506], "(2, 5, 2, 3)": [-2.21075701713562, -2.2097036838531494, -2.2116713523864746, -2.21736216545105, -2.2151708602905273], "(2, 3, 2, 1)": [-2.218549966812134, -2.2199690341949463, -2.2254161834716797, -2.2147057056427, -2.2100906372070312], "(1, 1, 2, 2)": [-2.2137749195098877, -2.206730365753174, -2.2144269943237305, -2.2088160514831543, -2.207695722579956], "(2, 4, 2, 1)": [-2.222501039505005, -2.2186667919158936, -2.211329698562622, -2.2078332901000977, -2.211721181869507], "(2, 1, 1, 1)": [0.0, -2.232076644897461, -2.2099769115448, -2.20259952545166, -2.2235400676727295], "(2, 5, 3, 3)": [-2.2223284244537354, -2.2281575202941895, 0.0, -2.2274205684661865, -2.2449278831481934], "(3, 7, 2, 2)": [-2.201049566268921, -2.206233024597168, -2.2024407386779785, -2.2031872272491455, -2.207995891571045], "(3, 6, 2, 2)": [-2.2192628383636475, -2.211449146270752, -2.2118890285491943, -2.2064900398254395, -2.211449146270752], "(3, 5, 2, 2)": [-2.2206296920776367, -2.214409828186035, -2.2171597480773926, -2.216161012649536, -2.216161012649536], "(2, 7, 3, 3)": [-2.229928970336914, -2.201188087463379, -2.2039146423339844, 0.0, -2.2001051902770996], "(2, 4, 3, 3)": [-2.2200424671173096, 0.0, -2.2223284244537354, -2.2223284244537354, 0.0], "(2, 5, 2, 1)": [-2.201934814453125, -2.207453727722168, -2.2175557613372803, -2.209820032119751, -2.203627109527588], "(2, 6, 3, 3)": [-2.203610897064209, -2.234649658203125, -2.247222900390625, -2.2373228073120117, -2.213517904281616], "(2, 3, 1, 1)": [0.0, 0.0, -2.2467737197875977, 0.0, -2.220508575439453], "(2, 2, 1, 1)": [0.0, -2.202817678451538, 0.0, 0.0, 0.0], "(1, 5, 2, 2)": [-2.2208406925201416, -2.2225804328918457, -2.2176077365875244, -2.2150702476501465, -2.2240569591522217], "(1, 4, 2, 2)": [-2.221951961517334, -2.221951961517334, -2.212611675262451, -2.225987434387207, -2.217895746231079], "(3, 1, 2, 2)": [-2.2123091220855713, -2.2075107097625732, -2.2109663486480713, -2.2099409103393555, -2.209564447402954], "(3, 2, 2, 2)": [-2.221484422683716, -2.214047908782959, -2.2151198387145996, -2.2134854793548584, -2.213259220123291], "(2, 4, 1, 1)": [0.0, -2.2033262252807617, -2.207156181335449, -2.1992297172546387, 0.0], "(1, 2, 2, 2)": [-2.2154788970947266, -2.2137603759765625, -2.213174343109131, -2.2188720703125, -2.2202606201171875], "(1, 3, 2, 2)": [-2.217608690261841, -2.208498001098633, -2.2223052978515625, -2.199479341506958, -2.2165989875793457], "(1, 3, 1, 2)": [0.0, 0.0, 0.0, 0.0, -2.199479341506958], "(1, 4, 1, 1)": [0.0, 0.0, -2.199479341506958, 0.0, 0.0], "(1, 5, 1, 1)": [-2.199479341506958, 0.0, 0.0, 0.0, 0.0], "(2, 5, 1, 2)": [-2.199479341506958, 0.0, 0.0, 0.0, 0.0], "(3, 3, 2, 2)": [-2.2084319591522217, -2.21391224861145, -2.2137856483459473, -2.2137162685394287, -2.209148406982422], "(1, 7, 2, 2)": [-2.2196013927459717, -2.217233896255493, -2.210007905960083, -2.215223550796509, -2.2231295108795166], "(1, 6, 2, 2)": [-2.223553419113159, -2.2195327281951904, -2.2196576595306396, -2.2223610877990723, -2.2228803634643555], "(3, 4, 2, 2)": [-2.209228277206421, -2.2190024852752686, -2.220517635345459, -2.2121188640594482, -2.2121188640594482], "(2, 6, 2, 1)": [-2.2109861373901367, -2.2079079151153564, 0.0, -2.2079079151153564, 0.0], "(2, 5, 1, 1)": [0.0, -2.2109861373901367, 0.0, 0.0, 0.0], "(1, 6, 2, 3)": [0.0, -2.225572109222412, 0.0, 0.0, 0.0], "(3, 7, 2, 3)": [0.0, 0.0, -2.20898699760437, 0.0, 0.0], "(3, 1, 2, 1)": [0.0, -2.2459375858306885, 0.0, 0.0, 0.0], "(2, 3, 3, 3)": [0.0, -2.2113871574401855, 0.0, 0.0, 0.0], "(2, 2, 2, 3)": [0.0, 0.0, 0.0, -2.1980502605438232, -2.21260404586792], "(1, 1, 2, 1)": [0.0, 0.0, 0.0, -2.2084572315216064, 0.0], "(1, 3, 2, 1)": [0.0, 0.0, 0.0, 0.0, -2.2148215770721436], "(1, 4, 2, 1)": [0.0, 0.0, -2.2148215770721436, 0.0, 0.0], "(2, 3, 1, 2)": [0.0, 0.0, 0.0, -2.2033262252807617, 0.0]}, "n_values": {"(2, 7, 2, 2)": [1497.0, 1385.0, 1504.0, 1605.0, 1653.0], "(2, 6, 2, 2)": [1386.0, 1441.0, 1616.0, 1539.0, 1645.0], "(2, 5, 2, 2)": [1290.0, 1294.0, 1380.0, 1363.0, 1587.0], "(2, 2, 2, 2)": [1443.0, 1443.0, 1345.0, 1278.0, 1264.0], "(2, 1, 2, 2)": [1503.0, 1434.0, 1350.0, 1305.0, 1370.0], "(2, 3, 2, 2)": [1281.0, 1336.0, 1185.0, 1171.0, 1181.0], "(2, 4, 2, 2)": [1195.0, 1203.0, 1211.0, 1205.0, 1356.0], "(2, 6, 2, 3)": [84.0, 69.0, 49.0, 70.0, 64.0], "(2, 1, 2, 1)": [45.0, 46.0, 60.0, 55.0, 55.0], "(2, 2, 2, 1)": [25.0, 35.0, 35.0, 46.0, 51.0], "(2, 4, 2, 3)": [14.0, 11.0, 16.0, 12.0, 10.0], "(2, 3, 2, 3)": [8.0, 3.0, 6.0, 6.0, 6.0], "(2, 7, 2, 3)": [85.0, 83.0, 75.0, 76.0, 71.0], "(2, 5, 2, 3)": [36.0, 49.0, 29.0, 30.0, 38.0], "(2, 3, 2, 1)": [13.0, 15.0, 13.0, 29.0, 35.0], "(1, 1, 2, 2)": [12.0, 11.0, 11.0, 11.0, 10.0], "(2, 4, 2, 1)": [15.0, 11.0, 21.0, 14.0, 19.0], "(2, 1, 1, 1)": [0.0, 1.0, 1.0, 1.0, 1.0], "(2, 5, 3, 3)": [1.0, 2.0, 0.0, 1.0, 1.0], "(3, 7, 2, 2)": [9.0, 7.0, 8.0, 12.0, 9.0], "(3, 6, 2, 2)": [4.0, 8.0, 7.0, 7.0, 8.0], "(3, 5, 2, 2)": [4.0, 4.0, 5.0, 5.0, 5.0], "(2, 7, 3, 3)": [2.0, 2.0, 2.0, 0.0, 1.0], "(2, 4, 3, 3)": [3.0, 0.0, 1.0, 1.0, 0.0], "(2, 5, 2, 1)": [2.0, 4.0, 5.0, 4.0, 4.0], "(2, 6, 3, 3)": [1.0, 2.0, 1.0, 2.0, 2.0], "(2, 3, 1, 1)": [0.0, 0.0, 1.0, 0.0, 1.0], "(2, 2, 1, 1)": [0.0, 1.0, 0.0, 0.0, 0.0], "(1, 5, 2, 2)": [5.0, 4.0, 6.0, 5.0, 5.0], "(1, 4, 2, 2)": [3.0, 3.0, 3.0, 2.0, 5.0], "(3, 1, 2, 2)": [8.0, 7.0, 6.0, 7.0, 8.0], "(3, 2, 2, 2)": [6.0, 11.0, 10.0, 7.0, 7.0], "(2, 4, 1, 1)": [0.0, 1.0, 2.0, 1.0, 0.0], "(1, 2, 2, 2)": [8.0, 9.0, 8.0, 8.0, 5.0], "(1, 3, 2, 2)": [5.0, 4.0, 3.0, 1.0, 4.0], "(1, 3, 1, 2)": [0.0, 0.0, 0.0, 0.0, 1.0], "(1, 4, 1, 1)": [0.0, 0.0, 1.0, 0.0, 0.0], "(1, 5, 1, 1)": [1.0, 0.0, 0.0, 0.0, 0.0], "(2, 5, 1, 2)": [1.0, 0.0, 0.0, 0.0, 0.0], "(3, 3, 2, 2)": [8.0, 6.0, 8.0, 6.0, 4.0], "(1, 7, 2, 2)": [4.0, 3.0, 6.0, 4.0, 3.0], "(1, 6, 2, 2)": [4.0, 4.0, 4.0, 6.0, 3.0], "(3, 4, 2, 2)": [5.0, 4.0, 4.0, 3.0, 3.0], "(2, 5, 1, 1)": [0.0, 1.0, 0.0, 0.0, 0.0], "(2, 6, 2, 1)": [1.0, 1.0, 0.0, 1.0, 0.0], "(1, 6, 2, 3)": [0.0, 1.0, 0.0, 0.0, 0.0], "(3, 7, 2, 3)": [0.0, 0.0, 1.0, 0.0, 0.0], "(3, 1, 2, 1)": [0.0, 1.0, 0.0, 0.0, 0.0], "(2, 3, 3, 3)": [0.0, 1.0, 0.0, 0.0, 0.0], "(2, 2, 2, 3)": [0.0, 0.0, 0.0, 1.0, 2.0], "(1, 1, 2, 1)": [0.0, 0.0, 0.0, 1.0, 0.0], "(1, 3, 2, 1)": [0.0, 0.0, 0.0, 0.0, 1.0], "(1, 4, 2, 1)": [0.0, 0.0, 1.0, 0.0, 0.0], "(2, 3, 1, 2)": [0.0, 0.0, 0.0, 1.0, 0.0]}}