{"q_values": {"(2, 7, 2, 2)": [-2.4054157733917236, -2.397510290145874, -2.4050920009613037, -2.4031877517700195, -2.403538227081299], "(2, 6, 2, 2)": [-2.433091878890991, -2.4328811168670654, -2.433227300643921, -2.4329993724823, -2.433051824569702], "(2, 5, 2, 2)": [-2.434563636779785, -2.4342129230499268, -2.4340925216674805, -2.434544086456299, -2.4345123767852783], "(2, 2, 2, 2)": [-2.4333372116088867, -2.4332191944122314, -2.432588577270508, -2.4328200817108154, -2.433537244796753], "(2, 1, 2, 2)": [-2.3981144428253174, -2.4071388244628906, -2.4076242446899414, -2.4070777893066406, -2.404362678527832], "(2, 3, 2, 2)": [-2.433915853500366, -2.434048891067505, -2.4341466426849365, -2.433995485305786, -2.434335470199585], "(2, 4, 2, 2)": [-2.435059070587158, -2.434443950653076, -2.434832811355591, -2.4347856044769287, -2.4350850582122803], "(2, 6, 2, 3)": [-2.4395477771759033, -2.4354960918426514, -2.4446470737457275, -2.4441728591918945, -2.454281806945801], "(2, 1, 2, 1)": [-2.2976865768432617, -2.326941728591919, -2.3340938091278076, -2.3064374923706055, -2.281571626663208], "(2, 2, 2, 1)": [-2.440232038497925, -2.443037271499634, -2.4383296966552734, -2.4367523193359375, -2.4352662563323975], "(2, 4, 2, 3)": [-2.435844898223877, -2.4305243492126465, 0.0, -2.439340829849243, -2.4473750591278076], "(2, 3, 2, 3)": [-2.43687105178833, -2.4212865829467773, -2.4306344985961914, -2.445174217224121, -2.4694206714630127], "(2, 7, 2, 3)": [-2.3158583641052246, -2.309196949005127, -2.3373947143554688, -2.370527744293213, -2.3283705711364746], "(2, 5, 2, 3)": [-2.4348065853118896, -2.4320409297943115, -2.4460136890411377, -2.4356698989868164, -2.4308981895446777], "(2, 3, 2, 1)": [-2.4438915252685547, -2.4522573947906494, -2.443276882171631, -2.439807891845703, -2.4421675205230713], "(1, 1, 2, 2)": [-2.3490302562713623, -2.4361894130706787, -2.4297828674316406, -2.357895612716675, -2.3026440143585205], "(2, 4, 2, 1)": [-2.437553644180298, -2.4502103328704834, -2.434492349624634, -2.4299521446228027, -2.4293062686920166], "(2, 1, 1, 1)": [0.0, -2.4309744834899902, -2.2099769115448, 0.0, 0.0], "(2, 5, 3, 3)": [0.0, -2.4693961143493652, 0.0, 0.0, -2.4694182872772217], "(1, 2, 2, 2)": [-2.428057909011841, -2.4305965900421143, -2.431854724884033, -2.428057909011841, -2.444589376449585], "(2, 7, 3, 3)": [-2.3278298377990723, 0.0, 0.0, 0.0, -2.2256298065185547], "(3, 7, 2, 2)": [-2.4214928150177, -2.419095516204834, -2.4215147495269775, -2.4212749004364014, 0.0], "(3, 6, 2, 2)": [0.0, -2.4215171337127686, -2.4215171337127686, 0.0, -2.4215168952941895], "(3, 5, 2, 2)": [0.0, 0.0, 0.0, -2.4215171337127686, 0.0], "(2, 5, 2, 1)": [0.0, 0.0, -2.4248785972595215, -2.4449801445007324, 0.0], "(2, 6, 2, 1)": [0.0, -2.4500937461853027, 0.0, 0.0, 0.0], "(3, 1, 2, 2)": [-2.4138898849487305, -2.4380288124084473, -2.4358344078063965, -2.4382481575012207, 0.0], "(3, 2, 2, 2)": [-2.438272714614868, -2.438272714614868, -2.438272714614868, -2.438272714614868, -2.438272714614868], "(3, 3, 2, 2)": [0.0, 0.0, -2.438272714614868, -2.438272714614868, -2.438272714614868], "(3, 4, 2, 2)": [-2.438272714614868, -2.438272714614868, 0.0, 0.0, 0.0]}, "n_values": {"(2, 7, 2, 2)": [276.0, 303.0, 313.0, 337.0, 363.0], "(2, 6, 2, 2)": [290.0, 306.0, 298.0, 322.0, 338.0], "(2, 5, 2, 2)": [274.0, 290.0, 314.0, 306.0, 333.0], "(2, 2, 2, 2)": [370.0, 340.0, 343.0, 325.0, 315.0], "(2, 1, 2, 2)": [406.0, 365.0, 355.0, 325.0, 308.0], "(2, 3, 2, 2)": [347.0, 335.0, 322.0, 334.0, 308.0], "(2, 4, 2, 2)": [309.0, 307.0, 310.0, 308.0, 300.0], "(2, 6, 2, 3)": [10.0, 14.0, 13.0, 19.0, 16.0], "(2, 1, 2, 1)": [22.0, 16.0, 15.0, 14.0, 16.0], "(2, 2, 2, 1)": [8.0, 8.0, 10.0, 12.0, 14.0], "(2, 4, 2, 3)": [5.0, 5.0, 0.0, 3.0, 4.0], "(2, 3, 2, 3)": [1.0, 1.0, 3.0, 2.0, 1.0], "(2, 7, 2, 3)": [21.0, 19.0, 18.0, 20.0, 16.0], "(2, 5, 2, 3)": [6.0, 7.0, 8.0, 10.0, 5.0], "(2, 3, 2, 1)": [5.0, 4.0, 6.0, 7.0, 9.0], "(1, 1, 2, 2)": [3.0, 2.0, 3.0, 3.0, 2.0], "(2, 4, 2, 1)": [1.0, 2.0, 6.0, 4.0, 6.0], "(2, 1, 1, 1)": [0.0, 1.0, 1.0, 0.0, 0.0], "(2, 5, 3, 3)": [0.0, 1.0, 0.0, 0.0, 1.0], "(1, 2, 2, 2)": [1.0, 3.0, 2.0, 1.0, 1.0], "(2, 7, 3, 3)": [2.0, 0.0, 0.0, 0.0, 1.0], "(3, 7, 2, 2)": [1.0, 1.0, 1.0, 1.0, 0.0], "(3, 6, 2, 2)": [0.0, 1.0, 1.0, 0.0, 1.0], "(3, 5, 2, 2)": [0.0, 0.0, 0.0, 1.0, 0.0], "(2, 5, 2, 1)": [0.0, 0.0, 2.0, 2.0, 0.0], "(2, 6, 2, 1)": [0.0, 1.0, 0.0, 0.0, 0.0], "(3, 1, 2, 2)": [1.0, 1.0, 1.0, 1.0, 0.0], "(3, 2, 2, 2)": [1.0, 1.0, 1.0, 1.0, 1.0], "(3, 3, 2, 2)": [0.0, 0.0, 1.0, 1.0, 1.0], "(3, 4, 2, 2)": [1.0, 1.0, 0.0, 0.0, 0.0]}}