{"q_values": {"(2, 7, 2, 2)": [-2.2066705226898193, -2.2067513465881348, -2.2069575786590576, -2.2065110206604004, -2.2079765796661377], "(2, 6, 2, 2)": [-2.2119216918945312, -2.211336135864258, -2.210977792739868, -2.211437702178955, -2.2110860347747803], "(2, 5, 2, 2)": [-2.2130885124206543, -2.212584972381592, -2.212409019470215, -2.2125656604766846, -2.211829900741577], "(2, 2, 2, 2)": [-2.211982488632202, -2.2119765281677246, -2.2121825218200684, -2.212322473526001, -2.212587594985962], "(2, 1, 2, 2)": [-2.2092196941375732, -2.208554267883301, -2.2095346450805664, -2.2085039615631104, -2.2080225944519043], "(2, 3, 2, 2)": [-2.2132177352905273, -2.212939977645874, -2.213081121444702, -2.213080644607544, -2.212911605834961], "(2, 4, 2, 2)": [-2.2135088443756104, -2.2131917476654053, -2.212998151779175, -2.2134227752685547, -2.2129690647125244], "(2, 6, 2, 3)": [-2.2123754024505615, -2.215310573577881, -2.219034194946289, -2.220386505126953, -2.223480463027954], "(2, 1, 2, 1)": [-2.217094898223877, -2.214923858642578, -2.209566593170166, -2.2087793350219727, -2.211071252822876], "(2, 2, 2, 1)": [-2.2256743907928467, -2.220417022705078, -2.216510534286499, -2.213937282562256, -2.213029384613037], "(2, 4, 2, 3)": [-2.212404489517212, -2.2055859565734863, -2.2154037952423096, -2.210965633392334, -2.2449278831481934], "(2, 3, 2, 3)": [-2.2189667224884033, 0.0, -2.2128522396087646, -2.2228856086730957, -2.233628273010254], "(2, 7, 2, 3)": [-2.2093749046325684, -2.210035562515259, -2.2187843322753906, -2.2144455909729004, -2.21065092086792], "(2, 5, 2, 3)": [-2.2105929851531982, -2.2090954780578613, -2.2087111473083496, -2.2162070274353027, -2.212855815887451], "(2, 3, 2, 1)": [-2.213383674621582, -2.220717430114746, -2.224458932876587, -2.2141711711883545, -2.2081613540649414], "(1, 1, 2, 2)": [-2.199479341506958, -2.199479341506958, -2.199479341506958, -2.201481819152832, -2.199479341506958], "(2, 4, 2, 1)": [-2.204702615737915, -2.213540554046631, -2.2127115726470947, -2.2104249000549316, -2.2039599418640137], "(2, 1, 1, 1)": [0.0, -2.232076644897461, -2.2099769115448, -2.20259952545166, -2.2235400676727295], "(2, 5, 3, 3)": [-2.2223284244537354, -2.2449278831481934, 0.0, 0.0, -2.2449278831481934], "(3, 7, 2, 2)": [-2.203626871109009, -2.201937198638916, -2.1936697959899902, -2.203108072280884, -2.2009565830230713], "(3, 6, 2, 2)": [-2.198286294937134, -2.198179244995117, -2.198179244995117, -2.198179244995117, -2.198179244995117], "(3, 5, 2, 2)": [0.0, -2.198286294937134, 0.0, -2.198286294937134, -2.198286294937134], "(2, 7, 3, 3)": [-2.2326600551605225, 0.0, -2.1767523288726807, 0.0, -2.2001051902770996], "(2, 4, 3, 3)": [0.0, 0.0, -2.2223284244537354, -2.2223284244537354, 0.0], "(2, 5, 2, 1)": [-2.1992297172546387, 0.0, 0.0, -2.2255606651306152, 0.0], "(2, 6, 3, 3)": [0.0, -2.237999677658081, 0.0, 0.0, 0.0], "(2, 3, 1, 1)": [0.0, 0.0, 0.0, 0.0, -2.220508575439453], "(2, 2, 1, 1)": [0.0, -2.202817678451538, 0.0, 0.0, 0.0], "(1, 5, 2, 2)": [0.0, 0.0, -2.1975512504577637, -2.1975512504577637, 0.0], "(1, 4, 2, 2)": [0.0, 0.0, -2.1975512504577637, 0.0, -2.1975512504577637], "(3, 1, 2, 2)": [-2.1831750869750977, -2.2052273750305176, 0.0, -2.2052273750305176, -2.2052273750305176], "(3, 2, 2, 2)": [0.0, -2.2052273750305176, -2.2052273750305176, -2.2052273750305176, 0.0], "(2, 4, 1, 1)": [0.0, 0.0, 0.0, -2.1992297172546387, 0.0], "(1, 2, 2, 2)": [-2.199479341506958, -2.199479341506958, -2.199479341506958, -2.199479341506958, -2.199479341506958], "(1, 3, 2, 2)": [-2.199479341506958, -2.199479341506958, 0.0, -2.199479341506958, -2.199479341506958], "(1, 3, 1, 2)": [0.0, 0.0, 0.0, 0.0, -2.199479341506958], "(1, 4, 1, 1)": [0.0, 0.0, -2.199479341506958, 0.0, 0.0], "(1, 5, 1, 1)": [-2.199479341506958, 0.0, 0.0, 0.0, 0.0], "(2, 5, 1, 2)": [-2.199479341506958, 0.0, 0.0, 0.0, 0.0]}, "n_values": {"(2, 7, 2, 2)": [333.0, 338.0, 378.0, 420.0, 421.0], "(2, 6, 2, 2)": [340.0, 373.0, 381.0, 381.0, 399.0], "(2, 5, 2, 2)": [317.0, 309.0, 346.0, 345.0, 380.0], "(2, 2, 2, 2)": [392.0, 365.0, 347.0, 345.0, 342.0], "(2, 1, 2, 2)": [437.0, 382.0, 369.0, 353.0, 340.0], "(2, 3, 2, 2)": [364.0, 333.0, 339.0, 329.0, 347.0], "(2, 4, 2, 2)": [350.0, 339.0, 339.0, 335.0, 366.0], "(2, 6, 2, 3)": [16.0, 19.0, 13.0, 15.0, 16.0], "(2, 1, 2, 1)": [15.0, 10.0, 18.0, 14.0, 16.0], "(2, 2, 2, 1)": [8.0, 13.0, 11.0, 14.0, 19.0], "(2, 4, 2, 3)": [5.0, 4.0, 4.0, 4.0, 1.0], "(2, 3, 2, 3)": [2.0, 0.0, 1.0, 2.0, 2.0], "(2, 7, 2, 3)": [15.0, 14.0, 16.0, 21.0, 17.0], "(2, 5, 2, 3)": [9.0, 13.0, 8.0, 10.0, 10.0], "(2, 3, 2, 1)": [6.0, 4.0, 8.0, 9.0, 13.0], "(1, 1, 2, 2)": [1.0, 1.0, 1.0, 2.0, 1.0], "(2, 4, 2, 1)": [3.0, 3.0, 6.0, 2.0, 4.0], "(2, 1, 1, 1)": [0.0, 1.0, 1.0, 1.0, 1.0], "(2, 5, 3, 3)": [1.0, 1.0, 0.0, 0.0, 1.0], "(3, 7, 2, 2)": [1.0, 4.0, 3.0, 5.0, 2.0], "(3, 6, 2, 2)": [1.0, 2.0, 2.0, 2.0, 2.0], "(3, 5, 2, 2)": [0.0, 1.0, 0.0, 1.0, 1.0], "(2, 7, 3, 3)": [1.0, 0.0, 1.0, 0.0, 1.0], "(2, 4, 3, 3)": [0.0, 0.0, 1.0, 1.0, 0.0], "(2, 5, 2, 1)": [1.0, 0.0, 0.0, 1.0, 0.0], "(2, 6, 3, 3)": [0.0, 1.0, 0.0, 0.0, 0.0], "(2, 3, 1, 1)": [0.0, 0.0, 0.0, 0.0, 1.0], "(2, 2, 1, 1)": [0.0, 1.0, 0.0, 0.0, 0.0], "(1, 5, 2, 2)": [0.0, 0.0, 1.0, 1.0, 0.0], "(1, 4, 2, 2)": [0.0, 0.0, 1.0, 0.0, 1.0], "(3, 1, 2, 2)": [1.0, 1.0, 0.0, 1.0, 1.0], "(3, 2, 2, 2)": [0.0, 1.0, 1.0, 1.0, 0.0], "(2, 4, 1, 1)": [0.0, 0.0, 0.0, 1.0, 0.0], "(1, 2, 2, 2)": [1.0, 1.0, 1.0, 1.0, 1.0], "(1, 3, 2, 2)": [1.0, 1.0, 0.0, 1.0, 1.0], "(1, 3, 1, 2)": [0.0, 0.0, 0.0, 0.0, 1.0], "(1, 4, 1, 1)": [0.0, 0.0, 1.0, 0.0, 0.0], "(1, 5, 1, 1)": [1.0, 0.0, 0.0, 0.0, 0.0], "(2, 5, 1, 2)": [1.0, 0.0, 0.0, 0.0, 0.0]}}