{"q_values": {"(2, 7, 2, 2)": [-2.2070693969726562, -2.2073769569396973, -2.2075517177581787, -2.2076010704040527, -2.208308219909668], "(2, 6, 2, 2)": [-2.2110226154327393, -2.2109310626983643, -2.2106099128723145, -2.211125373840332, -2.211045980453491], "(2, 5, 2, 2)": [-2.211887836456299, -2.211827039718628, -2.211679697036743, -2.21170973777771, -2.2116377353668213], "(2, 2, 2, 2)": [-2.2114105224609375, -2.211045742034912, -2.211012125015259, -2.211149215698242, -2.211179494857788], "(2, 1, 2, 2)": [-2.208631753921509, -2.207929849624634, -2.207958221435547, -2.207683801651001, -2.2072954177856445], "(2, 3, 2, 2)": [-2.2119436264038086, -2.211512804031372, -2.2115776538848877, -2.2116682529449463, -2.2116403579711914], "(2, 4, 2, 2)": [-2.212153434753418, -2.2119040489196777, -2.2122364044189453, -2.2121405601501465, -2.2117342948913574], "(2, 6, 2, 3)": [-2.212740421295166, -2.213371753692627, -2.2149603366851807, -2.2177422046661377, -2.2223398685455322], "(2, 1, 2, 1)": [-2.2139718532562256, -2.217158555984497, -2.2122395038604736, -2.2089743614196777, -2.2102513313293457], "(2, 2, 2, 1)": [-2.2243223190307617, -2.224989175796509, -2.2139596939086914, -2.2124319076538086, -2.211865186691284], "(2, 4, 2, 3)": [-2.211061477661133, -2.20688533782959, -2.211411237716675, -2.215500593185425, -2.218242883682251], "(2, 3, 2, 3)": [-2.2140235900878906, -2.220475196838379, -2.206472635269165, -2.2230231761932373, -2.2256321907043457], "(2, 7, 2, 3)": [-2.205677032470703, -2.20896053314209, -2.212456464767456, -2.213486909866333, -2.2113399505615234], "(2, 5, 2, 3)": [-2.2114791870117188, -2.2099149227142334, -2.211864471435547, -2.216120958328247, -2.2144057750701904], "(2, 3, 2, 1)": [-2.2169268131256104, -2.2199690341949463, -2.2235829830169678, -2.2142906188964844, -2.2102599143981934], "(1, 1, 2, 2)": [-2.2100303173065186, -2.207340955734253, -2.213601589202881, -2.2096822261810303, -2.2074074745178223], "(2, 4, 2, 1)": [-2.2212114334106445, -2.217146396636963, -2.211329698562622, -2.2091004848480225, -2.212345600128174], "(2, 1, 1, 1)": [0.0, -2.232076644897461, -2.2198972702026367, -2.205170154571533, -2.2235400676727295], "(2, 5, 3, 3)": [-2.2223284244537354, -2.2281575202941895, 0.0, -2.2274205684661865, -2.2449278831481934], "(3, 7, 2, 2)": [-2.201674222946167, -2.2060394287109375, -2.203320026397705, -2.203455924987793, -2.207909107208252], "(3, 6, 2, 2)": [-2.215348243713379, -2.2106974124908447, -2.2116971015930176, -2.206718683242798, -2.2106974124908447], "(3, 5, 2, 2)": [-2.2167930603027344, -2.2106285095214844, -2.213132858276367, -2.2124195098876953, -2.2124195098876953], "(2, 7, 3, 3)": [-2.229928970336914, -2.210770845413208, -2.2039146423339844, -2.2603750228881836, -2.2001051902770996], "(2, 4, 3, 3)": [-2.2200424671173096, 0.0, -2.2223284244537354, -2.2223284244537354, 0.0], "(2, 5, 2, 1)": [-2.213000774383545, -2.207533359527588, -2.2158844470977783, -2.207383632659912, -2.203627109527588], "(2, 6, 3, 3)": [-2.203610897064209, -2.234649658203125, -2.247222900390625, -2.2373228073120117, -2.213517904281616], "(2, 3, 1, 1)": [-2.230041027069092, -2.230041027069092, -2.2467737197875977, -2.205332040786743, -2.220508575439453], "(2, 2, 1, 1)": [-2.230041027069092, -2.202817678451538, -2.230038642883301, 0.0, 0.0], "(1, 5, 2, 2)": [-2.2189383506774902, -2.222005844116211, -2.217907667160034, -2.2148168087005615, -2.223331928253174], "(1, 4, 2, 2)": [-2.221951961517334, -2.221951961517334, -2.2116236686706543, -2.2202112674713135, -2.2163562774658203], "(3, 1, 2, 2)": [-2.217839241027832, -2.2075107097625732, -2.2109663486480713, -2.2099409103393555, -2.209564447402954], "(3, 2, 2, 2)": [-2.222400426864624, -2.21880841255188, -2.2200982570648193, -2.21528697013855, -2.2203104496002197], "(2, 4, 1, 1)": [0.0, -2.2033262252807617, -2.2147843837738037, -2.1992297172546387, 0.0], "(1, 2, 2, 2)": [-2.2154788970947266, -2.2137603759765625, -2.213174343109131, -2.2188720703125, -2.2202606201171875], "(1, 3, 2, 2)": [-2.2161171436309814, -2.208498001098633, -2.2188937664031982, -2.204069137573242, -2.2150111198425293], "(1, 3, 1, 2)": [0.0, 0.0, 0.0, 0.0, -2.199479341506958], "(1, 4, 1, 1)": [0.0, 0.0, -2.199479341506958, 0.0, 0.0], "(1, 5, 1, 1)": [-2.199479341506958, 0.0, 0.0, 0.0, 0.0], "(2, 5, 1, 2)": [-2.199479341506958, 0.0, 0.0, 0.0, 0.0], "(3, 3, 2, 2)": [-2.2144439220428467, -2.221681833267212, -2.2200264930725098, -2.2215347290039062, -2.212898015975952], "(1, 7, 2, 2)": [-2.216984272003174, -2.21885085105896, -2.2106218338012695, -2.2117350101470947, -2.2151293754577637], "(1, 6, 2, 2)": [-2.2229368686676025, -2.215975761413574, -2.2170040607452393, -2.2191569805145264, -2.218493938446045], "(3, 4, 2, 2)": [-2.2107834815979004, -2.2175588607788086, -2.2191085815429688, -2.2160634994506836, -2.2160634994506836], "(2, 6, 2, 1)": [-2.2173280715942383, -2.207664966583252, -2.223670244216919, -2.202772855758667, 0.0], "(2, 5, 1, 1)": [-2.230041027069092, -2.2109861373901367, 0.0, 0.0, 0.0], "(1, 6, 2, 3)": [0.0, -2.225572109222412, 0.0, 0.0, 0.0], "(3, 7, 2, 3)": [0.0, 0.0, -2.20898699760437, 0.0, 0.0], "(3, 1, 2, 1)": [-2.261857271194458, -2.2459375858306885, -2.2276740074157715, 0.0, -2.205617904663086], "(2, 3, 3, 3)": [0.0, -2.2113871574401855, 0.0, 0.0, 0.0], "(2, 2, 2, 3)": [0.0, 0.0, 0.0, -2.1980502605438232, -2.21260404586792], "(1, 1, 2, 1)": [0.0, 0.0, 0.0, -2.2084572315216064, 0.0], "(1, 3, 2, 1)": [0.0, 0.0, 0.0, 0.0, -2.2148215770721436], "(1, 4, 2, 1)": [0.0, 0.0, -2.2148215770721436, 0.0, 0.0], "(2, 3, 1, 2)": [0.0, 0.0, 0.0, -2.2033262252807617, 0.0], "(1, 5, 2, 3)": [0.0, -2.2086591720581055, 0.0, 0.0, 0.0], "(3, 2, 2, 1)": [0.0, -2.201446533203125, -2.201444387435913, 0.0, 0.0], "(3, 3, 2, 1)": [0.0, 0.0, 0.0, 0.0, -2.201446533203125], "(3, 4, 2, 1)": [-2.201446533203125, 0.0, 0.0, 0.0, 0.0]}, "n_values": {"(2, 7, 2, 2)": [1799.0, 1640.0, 1774.0, 1883.0, 1964.0], "(2, 6, 2, 2)": [1615.0, 1689.0, 1923.0, 1806.0, 1924.0], "(2, 5, 2, 2)": [1495.0, 1508.0, 1590.0, 1591.0, 1874.0], "(2, 2, 2, 2)": [1679.0, 1707.0, 1563.0, 1485.0, 1469.0], "(2, 1, 2, 2)": [1750.0, 1683.0, 1575.0, 1512.0, 1633.0], "(2, 3, 2, 2)": [1474.0, 1551.0, 1366.0, 1336.0, 1365.0], "(2, 4, 2, 2)": [1360.0, 1373.0, 1378.0, 1360.0, 1563.0], "(2, 6, 2, 3)": [108.0, 80.0, 65.0, 81.0, 76.0], "(2, 1, 2, 1)": [49.0, 50.0, 64.0, 67.0, 60.0], "(2, 2, 2, 1)": [26.0, 40.0, 38.0, 49.0, 59.0], "(2, 4, 2, 3)": [18.0, 13.0, 17.0, 12.0, 13.0], "(2, 3, 2, 3)": [9.0, 4.0, 7.0, 7.0, 6.0], "(2, 7, 2, 3)": [98.0, 98.0, 89.0, 90.0, 80.0], "(2, 5, 2, 3)": [42.0, 61.0, 34.0, 36.0, 42.0], "(2, 3, 2, 1)": [15.0, 15.0, 15.0, 32.0, 39.0], "(1, 1, 2, 2)": [15.0, 14.0, 12.0, 13.0, 11.0], "(2, 4, 2, 1)": [17.0, 13.0, 21.0, 20.0, 21.0], "(2, 1, 1, 1)": [0.0, 1.0, 2.0, 2.0, 1.0], "(2, 5, 3, 3)": [1.0, 2.0, 0.0, 1.0, 1.0], "(3, 7, 2, 2)": [11.0, 8.0, 9.0, 15.0, 11.0], "(3, 6, 2, 2)": [6.0, 9.0, 8.0, 9.0, 9.0], "(3, 5, 2, 2)": [5.0, 6.0, 7.0, 7.0, 7.0], "(2, 7, 3, 3)": [2.0, 3.0, 2.0, 1.0, 1.0], "(2, 4, 3, 3)": [3.0, 0.0, 1.0, 1.0, 0.0], "(2, 5, 2, 1)": [5.0, 6.0, 10.0, 5.0, 4.0], "(2, 6, 3, 3)": [1.0, 2.0, 1.0, 2.0, 2.0], "(2, 3, 1, 1)": [1.0, 1.0, 1.0, 1.0, 1.0], "(2, 2, 1, 1)": [1.0, 1.0, 1.0, 0.0, 0.0], "(1, 5, 2, 2)": [7.0, 5.0, 7.0, 7.0, 6.0], "(1, 4, 2, 2)": [3.0, 3.0, 4.0, 3.0, 6.0], "(3, 1, 2, 2)": [9.0, 7.0, 6.0, 7.0, 8.0], "(3, 2, 2, 2)": [7.0, 13.0, 12.0, 8.0, 9.0], "(2, 4, 1, 1)": [0.0, 1.0, 3.0, 1.0, 0.0], "(1, 2, 2, 2)": [8.0, 9.0, 8.0, 8.0, 5.0], "(1, 3, 2, 2)": [6.0, 4.0, 4.0, 2.0, 5.0], "(1, 3, 1, 2)": [0.0, 0.0, 0.0, 0.0, 1.0], "(1, 4, 1, 1)": [0.0, 0.0, 1.0, 0.0, 0.0], "(1, 5, 1, 1)": [1.0, 0.0, 0.0, 0.0, 0.0], "(2, 5, 1, 2)": [1.0, 0.0, 0.0, 0.0, 0.0], "(3, 3, 2, 2)": [11.0, 8.0, 10.0, 8.0, 5.0], "(1, 7, 2, 2)": [5.0, 4.0, 9.0, 8.0, 7.0], "(1, 6, 2, 2)": [6.0, 7.0, 8.0, 10.0, 4.0], "(3, 4, 2, 2)": [7.0, 6.0, 6.0, 4.0, 4.0], "(2, 5, 1, 1)": [1.0, 1.0, 0.0, 0.0, 0.0], "(2, 6, 2, 1)": [2.0, 2.0, 1.0, 2.0, 0.0], "(1, 6, 2, 3)": [0.0, 1.0, 0.0, 0.0, 0.0],