{"q_values": {"(2, 7, 2, 2)": [-2.207049608230591, -2.2074615955352783, -2.207580804824829, -2.207709550857544, -2.208406925201416], "(2, 6, 2, 2)": [-2.2114877700805664, -2.211371660232544, -2.2108051776885986, -2.211362600326538, -2.2111995220184326], "(2, 5, 2, 2)": [-2.2123093605041504, -2.212087392807007, -2.2119696140289307, -2.2119736671447754, -2.2118945121765137], "(2, 2, 2, 2)": [-2.211678981781006, -2.2113006114959717, -2.2113094329833984, -2.211472272872925, -2.2114739418029785], "(2, 1, 2, 2)": [-2.2087175846099854, -2.207814931869507, -2.208207368850708, -2.2077717781066895, -2.207488775253296], "(2, 3, 2, 2)": [-2.212285280227661, -2.2118608951568604, -2.21205472946167, -2.212174892425537, -2.211988925933838], "(2, 4, 2, 2)": [-2.2125589847564697, -2.212162494659424, -2.212535858154297, -2.2126200199127197, -2.212050199508667], "(2, 6, 2, 3)": [-2.212597608566284, -2.214440107345581, -2.217179298400879, -2.217115879058838, -2.221879005432129], "(2, 1, 2, 1)": [-2.2148125171661377, -2.214627265930176, -2.2098584175109863, -2.211303949356079, -2.210036277770996], "(2, 2, 2, 1)": [-2.220862627029419, -2.2215170860290527, -2.215318441390991, -2.2112326622009277, -2.214641809463501], "(2, 4, 2, 3)": [-2.2126574516296387, -2.206742763519287, -2.2077579498291016, -2.2145485877990723, -2.246903896331787], "(2, 3, 2, 3)": [-2.2150955200195312, -2.2135186195373535, -2.20808744430542, -2.2195253372192383, -2.22318696975708], "(2, 7, 2, 3)": [-2.2063770294189453, -2.209590196609497, -2.212489366531372, -2.210226058959961, -2.211796522140503], "(2, 5, 2, 3)": [-2.213510274887085, -2.208632469177246, -2.20873761177063, -2.218423366546631, -2.2133591175079346], "(2, 3, 2, 1)": [-2.2179033756256104, -2.2163732051849365, -2.2218594551086426, -2.21193528175354, -2.209684133529663], "(1, 1, 2, 2)": [-2.210784912109375, -2.2012858390808105, -2.21262526512146, -2.2000036239624023, -2.188620090484619], "(2, 4, 2, 1)": [-2.2150797843933105, -2.2130281925201416, -2.2102620601654053, -2.20621395111084, -2.2093379497528076], "(2, 1, 1, 1)": [0.0, -2.232076644897461, -2.2099769115448, -2.20259952545166, -2.2235400676727295], "(2, 5, 3, 3)": [-2.2223284244537354, -2.2449278831481934, 0.0, 0.0, -2.2449278831481934], "(3, 7, 2, 2)": [-2.2023043632507324, -2.2022056579589844, -2.196859359741211, -2.2026898860931396, -2.2013003826141357], "(3, 6, 2, 2)": [-2.198286294937134, -2.1998794078826904, -2.1998794078826904, -2.1998794078826904, -2.1998794078826904], "(3, 5, 2, 2)": [0.0, -2.198286294937134, -2.203279495239258, -2.198286294937134, -2.198286294937134], "(2, 7, 3, 3)": [-2.2326600551605225, 0.0, -2.2039146423339844, 0.0, -2.2001051902770996], "(2, 4, 3, 3)": [0.0, 0.0, -2.2223284244537354, -2.2223284244537354, 0.0], "(2, 5, 2, 1)": [-2.1992297172546387, -2.2076666355133057, -2.239068031311035, -2.2255606651306152, 0.0], "(2, 6, 3, 3)": [-2.203610897064209, -2.234649658203125, 0.0, 0.0, 0.0], "(2, 3, 1, 1)": [0.0, 0.0, -2.2467737197875977, 0.0, -2.220508575439453], "(2, 2, 1, 1)": [0.0, -2.202817678451538, 0.0, 0.0, 0.0], "(1, 5, 2, 2)": [-2.2197265625, -2.225572109222412, -2.2123348712921143, -2.2123348712921143, -2.225572109222412], "(1, 4, 2, 2)": [-2.2197265625, -2.2197265625, -2.205716133117676, -2.225572109222412, -2.2123348712921143], "(3, 1, 2, 2)": [-2.2053020000457764, -2.209770441055298, -2.2064783573150635, -2.2113571166992188, -2.2084522247314453], "(3, 2, 2, 2)": [-2.2138988971710205, -2.206472635269165, -2.2071008682250977, -2.2113571166992188, -2.21096134185791], "(2, 4, 1, 1)": [0.0, 0.0, -2.2109861373901367, -2.1992297172546387, 0.0], "(1, 2, 2, 2)": [-2.210832118988037, -2.20589542388916, -2.1996190547943115, -2.212736129760742, -2.199479341506958], "(1, 3, 2, 2)": [-2.1996190547943115, -2.1996190547943115, -2.199758768081665, -2.199479341506958, -2.1996190547943115], "(1, 3, 1, 2)": [0.0, 0.0, 0.0, 0.0, -2.199479341506958], "(1, 4, 1, 1)": [0.0, 0.0, -2.199479341506958, 0.0, 0.0], "(1, 5, 1, 1)": [-2.199479341506958, 0.0, 0.0, 0.0, 0.0], "(2, 5, 1, 2)": [-2.199479341506958, 0.0, 0.0, 0.0, 0.0], "(3, 3, 2, 2)": [-2.2027463912963867, -2.2020046710968018, -2.2025511264801025, -2.2025511264801025, -2.2027525901794434], "(1, 7, 2, 2)": [-2.213880777359009, 0.0, -2.2196145057678223, -2.213878631591797, 0.0], "(1, 6, 2, 2)": [-2.225572109222412, -2.2197265625, -2.213880777359009, -2.2197265625, 0.0], "(3, 4, 2, 2)": [-2.2018613815307617, -2.2018613815307617, 0.0, 0.0, 0.0], "(2, 6, 2, 1)": [-2.2109861373901367, 0.0, 0.0, 0.0, 0.0], "(2, 5, 1, 1)": [0.0, -2.2109861373901367, 0.0, 0.0, 0.0], "(1, 6, 2, 3)": [0.0, -2.225572109222412, 0.0, 0.0, 0.0], "(3, 7, 2, 3)": [0.0, 0.0, -2.20898699760437, 0.0, 0.0]}, "n_values": {"(2, 7, 2, 2)": [783.0, 768.0, 860.0, 918.0, 942.0], "(2, 6, 2, 2)": [795.0, 836.0, 881.0, 859.0, 926.0], "(2, 5, 2, 2)": [732.0, 731.0, 773.0, 792.0, 892.0], "(2, 2, 2, 2)": [859.0, 842.0, 765.0, 752.0, 753.0], "(2, 1, 2, 2)": [908.0, 846.0, 791.0, 772.0, 771.0], "(2, 3, 2, 2)": [774.0, 773.0, 722.0, 697.0, 717.0], "(2, 4, 2, 2)": [732.0, 723.0, 714.0, 704.0, 792.0], "(2, 6, 2, 3)": [45.0, 43.0, 27.0, 37.0, 41.0], "(2, 1, 2, 1)": [29.0, 30.0, 35.0, 35.0, 33.0], "(2, 2, 2, 1)": [18.0, 22.0, 22.0, 29.0, 32.0], "(2, 4, 2, 3)": [8.0, 7.0, 9.0, 7.0, 2.0], "(2, 3, 2, 3)": [5.0, 1.0, 3.0, 3.0, 4.0], "(2, 7, 2, 3)": [43.0, 48.0, 38.0, 46.0, 43.0], "(2, 5, 2, 3)": [18.0, 27.0, 14.0, 19.0, 22.0], "(2, 3, 2, 1)": [8.0, 8.0, 9.0, 19.0, 21.0], "(1, 1, 2, 2)": [4.0, 5.0, 4.0, 4.0, 2.0], "(2, 4, 2, 1)": [7.0, 8.0, 12.0, 8.0, 10.0], "(2, 1, 1, 1)": [0.0, 1.0, 1.0, 1.0, 1.0], "(2, 5, 3, 3)": [1.0, 1.0, 0.0, 0.0, 1.0], "(3, 7, 2, 2)": [3.0, 5.0, 5.0, 7.0, 4.0], "(3, 6, 2, 2)": [1.0, 3.0, 3.0, 3.0, 3.0], "(3, 5, 2, 2)": [0.0, 1.0, 1.0, 1.0, 1.0], "(2, 7, 3, 3)": [1.0, 0.0, 2.0, 0.0, 1.0], "(2, 4, 3, 3)": [0.0, 0.0, 1.0, 1.0, 0.0], "(2, 5, 2, 1)": [1.0, 1.0, 1.0, 1.0, 0.0], "(2, 6, 3, 3)": [1.0, 2.0, 0.0, 0.0, 0.0], "(2, 3, 1, 1)": [0.0, 0.0, 1.0, 0.0, 1.0], "(2, 2, 1, 1)": [0.0, 1.0, 0.0, 0.0, 0.0], "(1, 5, 2, 2)": [2.0, 1.0, 3.0, 3.0, 1.0], "(1, 4, 2, 2)": [2.0, 2.0, 2.0, 1.0, 3.0], "(3, 1, 2, 2)": [5.0, 5.0, 3.0, 4.0, 6.0], "(3, 2, 2, 2)": [3.0, 6.0, 5.0, 4.0, 4.0], "(2, 4, 1, 1)": [0.0, 0.0, 1.0, 1.0, 0.0], "(1, 2, 2, 2)": [3.0, 3.0, 2.0, 4.0, 1.0], "(1, 3, 2, 2)": [2.0, 2.0, 1.0, 1.0, 2.0], "(1, 3, 1, 2)": [0.0, 0.0, 0.0, 0.0, 1.0], "(1, 4, 1, 1)": [0.0, 0.0, 1.0, 0.0, 0.0], "(1, 5, 1, 1)": [1.0, 0.0, 0.0, 0.0, 0.0], "(2, 5, 1, 2)": [1.0, 0.0, 0.0, 0.0, 0.0], "(3, 3, 2, 2)": [4.0, 2.0, 3.0, 3.0, 2.0], "(1, 7, 2, 2)": [1.0, 0.0, 2.0, 1.0, 0.0], "(1, 6, 2, 2)": [1.0, 2.0, 1.0, 2.0, 0.0], "(3, 4, 2, 2)": [1.0, 1.0, 0.0, 0.0, 0.0], "(2, 5, 1, 1)": [0.0, 1.0, 0.0, 0.0, 0.0], "(2, 6, 2, 1)": [1.0, 0.0, 0.0, 0.0, 0.0], "(1, 6, 2, 3)": [0.0, 1.0, 0.0, 0.0, 0.0], "(3, 7, 2, 3)": [0.0, 0.0, 1.0, 0.0, 0.0]}}