{"q_values": {"(2, 7, 2, 2)": [-2.2071316242218018, -2.2074596881866455, -2.207657814025879, -2.207716703414917, -2.2083795070648193], "(2, 6, 2, 2)": [-2.2112128734588623, -2.211122751235962, -2.210693597793579, -2.2112784385681152, -2.2111549377441406], "(2, 5, 2, 2)": [-2.2120182514190674, -2.212047576904297, -2.2118163108825684, -2.211862087249756, -2.2117292881011963], "(2, 2, 2, 2)": [-2.2114675045013428, -2.210998296737671, -2.2110679149627686, -2.2111997604370117, -2.211231231689453], "(2, 1, 2, 2)": [-2.2086000442504883, -2.2079355716705322, -2.20786452293396, -2.2076303958892822, -2.207310676574707], "(2, 3, 2, 2)": [-2.2119927406311035, -2.2115602493286133, -2.211635112762451, -2.2116756439208984, -2.2117490768432617], "(2, 4, 2, 2)": [-2.2122817039489746, -2.212064027786255, -2.212245225906372, -2.2122786045074463, -2.2118630409240723], "(2, 6, 2, 3)": [-2.2125816345214844, -2.21297287940979, -2.21506667137146, -2.2181198596954346, -2.2225916385650635], "(2, 1, 2, 1)": [-2.2135441303253174, -2.2168009281158447, -2.2126519680023193, -2.2085623741149902, -2.2103617191314697], "(2, 2, 2, 1)": [-2.2243223190307617, -2.2251293659210205, -2.2139596939086914, -2.2124319076538086, -2.2120590209960938], "(2, 4, 2, 3)": [-2.211474657058716, -2.2068910598754883, -2.211411237716675, -2.215500593185425, -2.2208542823791504], "(2, 3, 2, 3)": [-2.213273286819458, -2.222885847091675, -2.206472635269165, -2.2257497310638428, -2.2256321907043457], "(2, 7, 2, 3)": [-2.2055773735046387, -2.2093846797943115, -2.213679313659668, -2.2127249240875244, -2.2119431495666504], "(2, 5, 2, 3)": [-2.21075701713562, -2.209352731704712, -2.211961030960083, -2.2169926166534424, -2.2143962383270264], "(2, 3, 2, 1)": [-2.2176058292388916, -2.2199690341949463, -2.223923921585083, -2.2145121097564697, -2.2102441787719727], "(1, 1, 2, 2)": [-2.212282180786133, -2.207883596420288, -2.213601589202881, -2.2096822261810303, -2.2074074745178223], "(2, 4, 2, 1)": [-2.2212114334106445, -2.2183837890625, -2.211329698562622, -2.208350896835327, -2.212022542953491], "(2, 1, 1, 1)": [0.0, -2.232076644897461, -2.2099769115448, -2.20259952545166, -2.2235400676727295], "(2, 5, 3, 3)": [-2.2223284244537354, -2.2281575202941895, 0.0, -2.2274205684661865, -2.2449278831481934], "(3, 7, 2, 2)": [-2.201049566268921, -2.206233024597168, -2.2024407386779785, -2.2031872272491455, -2.207995891571045], "(3, 6, 2, 2)": [-2.2192628383636475, -2.211449146270752, -2.2118890285491943, -2.2064900398254395, -2.211449146270752], "(3, 5, 2, 2)": [-2.2206296920776367, -2.214409828186035, -2.2171597480773926, -2.216161012649536, -2.216161012649536], "(2, 7, 3, 3)": [-2.229928970336914, -2.210770845413208, -2.2039146423339844, 0.0, -2.2001051902770996], "(2, 4, 3, 3)": [-2.2200424671173096, 0.0, -2.2223284244537354, -2.2223284244537354, 0.0], "(2, 5, 2, 1)": [-2.201934814453125, -2.20951247215271, -2.2155632972717285, -2.209820032119751, -2.203627109527588], "(2, 6, 3, 3)": [-2.203610897064209, -2.234649658203125, -2.247222900390625, -2.2373228073120117, -2.213517904281616], "(2, 3, 1, 1)": [0.0, 0.0, -2.2467737197875977, -2.205332040786743, -2.220508575439453], "(2, 2, 1, 1)": [0.0, -2.202817678451538, 0.0, 0.0, 0.0], "(1, 5, 2, 2)": [-2.220651626586914, -2.222005844116211, -2.217907667160034, -2.2158429622650146, -2.223331928253174], "(1, 4, 2, 2)": [-2.221951961517334, -2.221951961517334, -2.212611675262451, -2.225987434387207, -2.217895746231079], "(3, 1, 2, 2)": [-2.217839241027832, -2.2075107097625732, -2.2109663486480713, -2.2099409103393555, -2.209564447402954], "(3, 2, 2, 2)": [-2.222400426864624, -2.21880841255188, -2.2200982570648193, -2.21528697013855, -2.2203104496002197], "(2, 4, 1, 1)": [0.0, -2.2033262252807617, -2.207156181335449, -2.1992297172546387, 0.0], "(1, 2, 2, 2)": [-2.2154788970947266, -2.2137603759765625, -2.213174343109131, -2.2188720703125, -2.2202606201171875], "(1, 3, 2, 2)": [-2.217608690261841, -2.208498001098633, -2.2223052978515625, -2.199479341506958, -2.2165989875793457], "(1, 3, 1, 2)": [0.0, 0.0, 0.0, 0.0, -2.199479341506958], "(1, 4, 1, 1)": [0.0, 0.0, -2.199479341506958, 0.0, 0.0], "(1, 5, 1, 1)": [-2.199479341506958, 0.0, 0.0, 0.0, 0.0], "(2, 5, 1, 2)": [-2.199479341506958, 0.0, 0.0, 0.0, 0.0], "(3, 3, 2, 2)": [-2.2157435417175293, -2.221681833267212, -2.2200264930725098, -2.2215347290039062, -2.212898015975952], "(1, 7, 2, 2)": [-2.2196013927459717, -2.217233896255493, -2.2093398571014404, -2.2106101512908936, -2.222273349761963], "(1, 6, 2, 2)": [-2.2227840423583984, -2.2171952724456787, -2.2172787189483643, -2.2199010848999023, -2.218493938446045], "(3, 4, 2, 2)": [-2.2123396396636963, -2.2207813262939453, -2.2219934463500977, -2.2160634994506836, -2.2160634994506836], "(2, 6, 2, 1)": [-2.2109861373901367, -2.2079079151153564, 0.0, -2.2079079151153564, 0.0], "(2, 5, 1, 1)": [0.0, -2.2109861373901367, 0.0, 0.0, 0.0], "(1, 6, 2, 3)": [0.0, -2.225572109222412, 0.0, 0.0, 0.0], "(3, 7, 2, 3)": [0.0, 0.0, -2.20898699760437, 0.0, 0.0], "(3, 1, 2, 1)": [-2.261857271194458, -2.2459375858306885, -2.2276740074157715, 0.0, -2.205617904663086], "(2, 3, 3, 3)": [0.0, -2.2113871574401855, 0.0, 0.0, 0.0], "(2, 2, 2, 3)": [0.0, 0.0, 0.0, -2.1980502605438232, -2.21260404586792], "(1, 1, 2, 1)": [0.0, 0.0, 0.0, -2.2084572315216064, 0.0], "(1, 3, 2, 1)": [0.0, 0.0, 0.0, 0.0, -2.2148215770721436], "(1, 4, 2, 1)": [0.0, 0.0, -2.2148215770721436, 0.0, 0.0], "(2, 3, 1, 2)": [0.0, 0.0, 0.0, -2.2033262252807617, 0.0]}, "n_values": {"(2, 7, 2, 2)": [1607.0, 1475.0, 1607.0, 1705.0, 1772.0], "(2, 6, 2, 2)": [1466.0, 1534.0, 1729.0, 1646.0, 1754.0], "(2, 5, 2, 2)": [1373.0, 1378.0, 1465.0, 1456.0, 1697.0], "(2, 2, 2, 2)": [1557.0, 1567.0, 1447.0, 1376.0, 1357.0], "(2, 1, 2, 2)": [1620.0, 1545.0, 1448.0, 1400.0, 1486.0], "(2, 3, 2, 2)": [1362.0, 1422.0, 1255.0, 1234.0, 1257.0], "(2, 4, 2, 2)": [1272.0, 1272.0, 1289.0, 1275.0, 1443.0], "(2, 6, 2, 3)": [95.0, 72.0, 58.0, 75.0, 70.0], "(2, 1, 2, 1)": [48.0, 49.0, 63.0, 60.0, 58.0], "(2, 2, 2, 1)": [26.0, 39.0, 38.0, 49.0, 55.0], "(2, 4, 2, 3)": [16.0, 11.0, 17.0, 12.0, 11.0], "(2, 3, 2, 3)": [8.0, 3.0, 7.0, 6.0, 6.0], "(2, 7, 2, 3)": [90.0, 92.0, 83.0, 82.0, 75.0], "(2, 5, 2, 3)": [36.0, 54.0, 30.0, 31.0, 41.0], "(2, 3, 2, 1)": [14.0, 15.0, 14.0, 31.0, 37.0], "(1, 1, 2, 2)": [14.0, 13.0, 12.0, 13.0, 11.0], "(2, 4, 2, 1)": [17.0, 12.0, 21.0, 17.0, 20.0], "(2, 1, 1, 1)": [0.0, 1.0, 1.0, 1.0, 1.0], "(2, 5, 3, 3)": [1.0, 2.0, 0.0, 1.0, 1.0], "(3, 7, 2, 2)": [9.0, 7.0, 8.0, 12.0, 9.0], "(3, 6, 2, 2)": [4.0, 8.0, 7.0, 7.0, 8.0], "(3, 5, 2, 2)": [4.0, 4.0, 5.0, 5.0, 5.0], "(2, 7, 3, 3)": [2.0, 3.0, 2.0, 0.0, 1.0], "(2, 4, 3, 3)": [3.0, 0.0, 1.0, 1.0, 0.0], "(2, 5, 2, 1)": [2.0, 5.0, 7.0, 4.0, 4.0], "(2, 6, 3, 3)": [1.0, 2.0, 1.0, 2.0, 2.0], "(2, 3, 1, 1)": [0.0, 0.0, 1.0, 1.0, 1.0], "(2, 2, 1, 1)": [0.0, 1.0, 0.0, 0.0, 0.0], "(1, 5, 2, 2)": [6.0, 5.0, 7.0, 6.0, 6.0], "(1, 4, 2, 2)": [3.0, 3.0, 3.0, 2.0, 5.0], "(3, 1, 2, 2)": [9.0, 7.0, 6.0, 7.0, 8.0], "(3, 2, 2, 2)": [7.0, 13.0, 12.0, 8.0, 9.0], "(2, 4, 1, 1)": [0.0, 1.0, 2.0, 1.0, 0.0], "(1, 2, 2, 2)": [8.0, 9.0, 8.0, 8.0, 5.0], "(1, 3, 2, 2)": [5.0, 4.0, 3.0, 1.0, 4.0], "(1, 3, 1, 2)": [0.0, 0.0, 0.0, 0.0, 1.0], "(1, 4, 1, 1)": [0.0, 0.0, 1.0, 0.0, 0.0], "(1, 5, 1, 1)": [1.0, 0.0, 0.0, 0.0, 0.0], "(2, 5, 1, 2)": [1.0, 0.0, 0.0, 0.0, 0.0], "(3, 3, 2, 2)": [10.0, 8.0, 10.0, 8.0, 5.0], "(1, 7, 2, 2)": [4.0, 3.0, 7.0, 6.0, 4.0], "(1, 6, 2, 2)": [5.0, 6.0, 6.0, 8.0, 4.0], "(3, 4, 2, 2)": [6.0, 5.0, 5.0, 4.0, 4.0], "(2, 5, 1, 1)": [0.0, 1.0, 0.0, 0.0, 0.0], "(2, 6, 2, 1)": [1.0, 1.0, 0.0, 1.0, 0.0], "(1, 6, 2, 3)": [0.0, 1.0, 0.0, 0.0, 0.0], "(3, 7, 2, 3)": [0.0, 0.0, 1.0, 0.0, 0.0], "(3, 1, 2, 1)": [1.0, 1.0, 1.0, 0.0, 1.0], "(2, 3, 3, 3)": [0.0, 1.0, 0.0, 0.0, 0.0], "(2, 2, 2, 3)": [0.0, 0.0, 0.0, 1.0, 2.0], "(1, 1, 2, 1)": [0.0, 0.0, 0.0, 1.0, 0.0], "(1, 3, 2, 1)": [0.0, 0.0, 0.0, 0.0, 1.0], "(1, 4, 2, 1)": [0.0, 0.0, 1.0, 0.0, 0.0], "(2, 3, 1, 2)": [0.0, 0.0, 0.0, 1.0, 0.0]}}