{"q_values": {"(2, 7, 2, 2)": [-2.206754446029663, -2.207101345062256, -2.207448959350586, -2.2069714069366455, -2.2080459594726562], "(2, 6, 2, 2)": [-2.211754560470581, -2.2113425731658936, -2.2108423709869385, -2.2112810611724854, -2.211099863052368], "(2, 5, 2, 2)": [-2.2123782634735107, -2.2120840549468994, -2.2120697498321533, -2.212099552154541, -2.211780071258545], "(2, 2, 2, 2)": [-2.211818218231201, -2.211350917816162, -2.2117865085601807, -2.211735725402832, -2.211989641189575], "(2, 1, 2, 2)": [-2.208899974822998, -2.2081730365753174, -2.20847487449646, -2.2079007625579834, -2.207252025604248], "(2, 3, 2, 2)": [-2.212453842163086, -2.2120001316070557, -2.2123546600341797, -2.212357997894287, -2.2121639251708984], "(2, 4, 2, 2)": [-2.212728500366211, -2.2122514247894287, -2.2123918533325195, -2.2125887870788574, -2.2119970321655273], "(2, 6, 2, 3)": [-2.211940288543701, -2.2150466442108154, -2.218729257583618, -2.2167201042175293, -2.2224419116973877], "(2, 1, 2, 1)": [-2.213695526123047, -2.2174930572509766, -2.2110352516174316, -2.208829879760742, -2.2116143703460693], "(2, 2, 2, 1)": [-2.2251508235931396, -2.22149920463562, -2.213423252105713, -2.211670160293579, -2.213428497314453], "(2, 4, 2, 3)": [-2.2133028507232666, -2.2055859565734863, -2.209805727005005, -2.210536479949951, -2.246903896331787], "(2, 3, 2, 3)": [-2.218583583831787, 0.0, -2.2128522396087646, -2.2228856086730957, -2.233628273010254], "(2, 7, 2, 3)": [-2.2056641578674316, -2.210672378540039, -2.2159793376922607, -2.211303234100342, -2.2125041484832764], "(2, 5, 2, 3)": [-2.2137880325317383, -2.208458662033081, -2.208660125732422, -2.218320369720459, -2.2114906311035156], "(2, 3, 2, 1)": [-2.213383674621582, -2.220348834991455, -2.2218594551086426, -2.2126681804656982, -2.209784746170044], "(1, 1, 2, 2)": [-2.216257095336914, -2.199479341506958, -2.216367721557617, -2.201481819152832, -2.199479341506958], "(2, 4, 2, 1)": [-2.2087416648864746, -2.2149624824523926, -2.2139945030212402, -2.208972692489624, -2.2106759548187256], "(2, 1, 1, 1)": [0.0, -2.232076644897461, -2.2099769115448, -2.20259952545166, -2.2235400676727295], "(2, 5, 3, 3)": [-2.2223284244537354, -2.2449278831481934, 0.0, 0.0, -2.2449278831481934], "(3, 7, 2, 2)": [-2.2034530639648438, -2.2022056579589844, -2.1960721015930176, -2.203136682510376, -2.201730966567993], "(3, 6, 2, 2)": [-2.198286294937134, -2.1998794078826904, -2.1998794078826904, -2.1998794078826904, -2.1998794078826904], "(3, 5, 2, 2)": [0.0, -2.198286294937134, -2.203279495239258, -2.198286294937134, -2.198286294937134], "(2, 7, 3, 3)": [-2.2326600551605225, 0.0, -2.1767523288726807, 0.0, -2.2001051902770996], "(2, 4, 3, 3)": [0.0, 0.0, -2.2223284244537354, -2.2223284244537354, 0.0], "(2, 5, 2, 1)": [-2.1992297172546387, 0.0, -2.239068031311035, -2.2255606651306152, 0.0], "(2, 6, 3, 3)": [0.0, -2.237999677658081, 0.0, 0.0, 0.0], "(2, 3, 1, 1)": [0.0, 0.0, 0.0, 0.0, -2.220508575439453], "(2, 2, 1, 1)": [0.0, -2.202817678451538, 0.0, 0.0, 0.0], "(1, 5, 2, 2)": [-2.213880777359009, 0.0, -2.205716133117676, -2.205716133117676, 0.0], "(1, 4, 2, 2)": [-2.213880777359009, -2.213880777359009, -2.205716133117676, 0.0, -2.205716133117676], "(3, 1, 2, 2)": [-2.196152448654175, -2.2043251991271973, -2.20185923576355, -2.2052273750305176, -2.2035772800445557], "(3, 2, 2, 2)": [-2.203643798828125, -2.2035775184631348, -2.2035775184631348, -2.2052273750305176, -2.203643798828125], "(2, 4, 1, 1)": [0.0, 0.0, 0.0, -2.1992297172546387, 0.0], "(1, 2, 2, 2)": [-2.2163689136505127, -2.199479341506958, -2.199479341506958, -2.2163689136505127, -2.199479341506958], "(1, 3, 2, 2)": [-2.199479341506958, -2.199479341506958, 0.0, -2.199479341506958, -2.199479341506958], "(1, 3, 1, 2)": [0.0, 0.0, 0.0, 0.0, -2.199479341506958], "(1, 4, 1, 1)": [0.0, 0.0, -2.199479341506958, 0.0, 0.0], "(1, 5, 1, 1)": [-2.199479341506958, 0.0, 0.0, 0.0, 0.0], "(2, 5, 1, 2)": [-2.199479341506958, 0.0, 0.0, 0.0, 0.0], "(3, 3, 2, 2)": [-2.2027525901794434, -2.2018613815307617, -2.2027525901794434, -2.2027525901794434, -2.2027525901794434], "(1, 7, 2, 2)": [-2.213880777359009, 0.0, -2.2136592864990234, -2.213878631591797, 0.0], "(1, 6, 2, 2)": [0.0, -2.213880777359009, -2.213880777359009, -2.213880777359009, 0.0], "(3, 4, 2, 2)": [-2.2018613815307617, -2.2018613815307617, 0.0, 0.0, 0.0]}, "n_values": {"(2, 7, 2, 2)": [529.0, 542.0, 595.0, 648.0, 659.0], "(2, 6, 2, 2)": [555.0, 581.0, 606.0, 595.0, 633.0], "(2, 5, 2, 2)": [511.0, 502.0, 544.0, 541.0, 615.0], "(2, 2, 2, 2)": [612.0, 584.0, 534.0, 530.0, 531.0], "(2, 1, 2, 2)": [646.0, 595.0, 556.0, 549.0, 532.0], "(2, 3, 2, 2)": [567.0, 539.0, 515.0, 511.0, 523.0], "(2, 4, 2, 2)": [539.0, 523.0, 526.0, 522.0, 564.0], "(2, 6, 2, 3)": [31.0, 25.0, 17.0, 30.0, 28.0], "(2, 1, 2, 1)": [20.0, 19.0, 26.0, 23.0, 23.0], "(2, 2, 2, 1)": [12.0, 15.0, 18.0, 20.0, 24.0], "(2, 4, 2, 3)": [7.0, 4.0, 7.0, 5.0, 2.0], "(2, 3, 2, 3)": [4.0, 0.0, 1.0, 2.0, 2.0], "(2, 7, 2, 3)": [27.0, 30.0, 24.0, 34.0, 28.0], "(2, 5, 2, 3)": [12.0, 19.0, 11.0, 13.0, 15.0], "(2, 3, 2, 1)": [6.0, 5.0, 9.0, 14.0, 17.0], "(1, 1, 2, 2)": [2.0, 1.0, 2.0, 2.0, 1.0], "(2, 4, 2, 1)": [4.0, 6.0, 9.0, 6.0, 6.0], "(2, 1, 1, 1)": [0.0, 1.0, 1.0, 1.0, 1.0], "(2, 5, 3, 3)": [1.0, 1.0, 0.0, 0.0, 1.0], "(3, 7, 2, 2)": [2.0, 5.0, 4.0, 6.0, 3.0], "(3, 6, 2, 2)": [1.0, 3.0, 3.0, 3.0, 3.0], "(3, 5, 2, 2)": [0.0, 1.0, 1.0, 1.0, 1.0], "(2, 7, 3, 3)": [1.0, 0.0, 1.0, 0.0, 1.0], "(2, 4, 3, 3)": [0.0, 0.0, 1.0, 1.0, 0.0], "(2, 5, 2, 1)": [1.0, 0.0, 1.0, 1.0, 0.0], "(2, 6, 3, 3)": [0.0, 1.0, 0.0, 0.0, 0.0], "(2, 3, 1, 1)": [0.0, 0.0, 0.0, 0.0, 1.0], "(2, 2, 1, 1)": [0.0, 1.0, 0.0, 0.0, 0.0], "(1, 5, 2, 2)": [1.0, 0.0, 2.0, 2.0, 0.0], "(1, 4, 2, 2)": [1.0, 1.0, 2.0, 0.0, 2.0], "(3, 1, 2, 2)": [3.0, 2.0, 1.0, 1.0, 3.0], "(3, 2, 2, 2)": [1.0, 3.0, 3.0, 1.0, 1.0], "(2, 4, 1, 1)": [0.0, 0.0, 0.0, 1.0, 0.0], "(1, 2, 2, 2)": [2.0, 1.0, 1.0, 2.0, 1.0], "(1, 3, 2, 2)": [1.0, 1.0, 0.0, 1.0, 1.0], "(1, 3, 1, 2)": [0.0, 0.0, 0.0, 0.0, 1.0], "(1, 4, 1, 1)": [0.0, 0.0, 1.0, 0.0, 0.0], "(1, 5, 1, 1)": [1.0, 0.0, 0.0, 0.0, 0.0], "(2, 5, 1, 2)": [1.0, 0.0, 0.0, 0.0, 0.0], "(3, 3, 2, 2)": [2.0, 1.0, 2.0, 2.0, 2.0], "(1, 7, 2, 2)": [1.0, 0.0, 1.0, 1.0, 0.0], "(1, 6, 2, 2)": [0.0, 1.0, 1.0, 1.0, 0.0], "(3, 4, 2, 2)": [1.0, 1.0, 0.0, 0.0, 0.0]}}