{"q_values": {"(2, 7, 2, 2)": [-2.207170248031616, -2.207394599914551, -2.207547187805176, -2.2077298164367676, -2.208369255065918], "(2, 6, 2, 2)": [-2.2113795280456543, -2.211240291595459, -2.2106473445892334, -2.2112388610839844, -2.211104154586792], "(2, 5, 2, 2)": [-2.21201753616333, -2.2120158672332764, -2.2117316722869873, -2.212019443511963, -2.2117245197296143], "(2, 2, 2, 2)": [-2.2115731239318848, -2.211275577545166, -2.211214065551758, -2.2113614082336426, -2.2114155292510986], "(2, 1, 2, 2)": [-2.2087597846984863, -2.2079920768737793, -2.207838535308838, -2.2077481746673584, -2.207414388656616], "(2, 3, 2, 2)": [-2.2122747898101807, -2.211848258972168, -2.2119140625, -2.211885690689087, -2.212017059326172], "(2, 4, 2, 2)": [-2.212489604949951, -2.212155342102051, -2.2123188972473145, -2.21242618560791, -2.211963176727295], "(2, 6, 2, 3)": [-2.2129440307617188, -2.2140543460845947, -2.216439723968506, -2.217578411102295, -2.2221121788024902], "(2, 1, 2, 1)": [-2.2131874561309814, -2.216240167617798, -2.212545156478882, -2.2082557678222656, -2.209254264831543], "(2, 2, 2, 1)": [-2.224844455718994, -2.222414493560791, -2.214334726333618, -2.2140979766845703, -2.2136809825897217], "(2, 4, 2, 3)": [-2.210221290588379, -2.2068910598754883, -2.210524559020996, -2.215500593185425, -2.225234270095825], "(2, 3, 2, 3)": [-2.217599868774414, -2.222885847091675, -2.205902338027954, -2.2257497310638428, -2.2256321907043457], "(2, 7, 2, 3)": [-2.2047910690307617, -2.209348201751709, -2.212118625640869, -2.212498188018799, -2.211855173110962], "(2, 5, 2, 3)": [-2.210620403289795, -2.2093393802642822, -2.2122206687927246, -2.2183001041412354, -2.2151758670806885], "(2, 3, 2, 1)": [-2.219622850418091, -2.2148778438568115, -2.2251193523406982, -2.211735963821411, -2.210317611694336], "(1, 1, 2, 2)": [-2.212928533554077, -2.2047276496887207, -2.213193893432617, -2.2092039585113525, -2.2055776119232178], "(2, 4, 2, 1)": [-2.2148311138153076, -2.214261054992676, -2.211841344833374, -2.2083611488342285, -2.2099452018737793], "(2, 1, 1, 1)": [0.0, -2.232076644897461, -2.2099769115448, -2.20259952545166, -2.2235400676727295], "(2, 5, 3, 3)": [-2.2223284244537354, -2.2281575202941895, 0.0, 0.0, -2.2449278831481934], "(3, 7, 2, 2)": [-2.199312925338745, -2.2056992053985596, -2.200878620147705, -2.2026190757751465, -2.2082440853118896], "(3, 6, 2, 2)": [-2.222538471221924, -2.2128896713256836, -2.2137935161590576, -2.20623517036438, -2.2128896713256836], "(3, 5, 2, 2)": [-2.2258999347686768, -2.217606544494629, -2.220244884490967, -2.218996524810791, -2.218996524810791], "(2, 7, 3, 3)": [-2.2326600551605225, -2.201188087463379, -2.2039146423339844, 0.0, -2.2001051902770996], "(2, 4, 3, 3)": [-2.230523109436035, 0.0, -2.2223284244537354, -2.2223284244537354, 0.0], "(2, 5, 2, 1)": [-2.201934814453125, -2.2101223468780518, -2.216801881790161, -2.212855339050293, -2.198575258255005], "(2, 6, 3, 3)": [-2.203610897064209, -2.234649658203125, -2.247222900390625, -2.247225046157837, -2.199617624282837], "(2, 3, 1, 1)": [0.0, 0.0, -2.2467737197875977, 0.0, -2.220508575439453], "(2, 2, 1, 1)": [0.0, -2.202817678451538, 0.0, 0.0, 0.0], "(1, 5, 2, 2)": [-2.2208406925201416, -2.2225804328918457, -2.2151365280151367, -2.2150702476501465, -2.2225804328918457], "(1, 4, 2, 2)": [-2.221951961517334, -2.221951961517334, -2.212611675262451, -2.225987434387207, -2.217895746231079], "(3, 1, 2, 2)": [-2.2129359245300293, -2.2111220359802246, -2.2115752696990967, -2.2102773189544678, -2.20979905128479], "(3, 2, 2, 2)": [-2.221484422683716, -2.214660406112671, -2.2159194946289062, -2.2144126892089844, -2.214148759841919], "(2, 4, 1, 1)": [0.0, -2.2033262252807617, -2.207156181335449, -2.1992297172546387, 0.0], "(1, 2, 2, 2)": [-2.213867425918579, -2.2121355533599854, -2.2112338542938232, -2.217745542526245, -2.2186360359191895], "(1, 3, 2, 2)": [-2.2153213024139404, -2.208498001098633, -2.2223052978515625, -2.199479341506958, -2.2165989875793457], "(1, 3, 1, 2)": [0.0, 0.0, 0.0, 0.0, -2.199479341506958], "(1, 4, 1, 1)": [0.0, 0.0, -2.199479341506958, 0.0, 0.0], "(1, 5, 1, 1)": [-2.199479341506958, 0.0, 0.0, 0.0, 0.0], "(2, 5, 1, 2)": [-2.199479341506958, 0.0, 0.0, 0.0, 0.0], "(3, 3, 2, 2)": [-2.2091188430786133, -2.2176830768585205, -2.216257095336914, -2.2148749828338623, -2.209557294845581], "(1, 7, 2, 2)": [-2.2196013927459717, -2.2192282676696777, -2.213787078857422, -2.2088451385498047, -2.226180076599121], "(1, 6, 2, 2)": [-2.221416711807251, -2.2195327281951904, -2.2196576595306396, -2.2208406925201416, -2.219338893890381], "(3, 4, 2, 2)": [-2.2111332416534424, -2.2237303256988525, -2.2346644401550293, -2.215768814086914, -2.215768814086914], "(2, 6, 2, 1)": [-2.2109861373901367, -2.2079079151153564, 0.0, -2.2079079151153564, 0.0], "(2, 5, 1, 1)": [0.0, -2.2109861373901367, 0.0, 0.0, 0.0], "(1, 6, 2, 3)": [0.0, -2.225572109222412, 0.0, 0.0, 0.0], "(3, 7, 2, 3)": [0.0, 0.0, -2.20898699760437, 0.0, 0.0], "(3, 1, 2, 1)": [0.0, -2.2459375858306885, 0.0, 0.0, 0.0], "(2, 3, 3, 3)": [0.0, -2.2113871574401855, 0.0, 0.0, 0.0], "(2, 2, 2, 3)": [0.0, 0.0, 0.0, 0.0, -2.21260404586792], "(1, 1, 2, 1)": [0.0, 0.0, 0.0, -2.2084572315216064, 0.0], "(1, 3, 2, 1)": [0.0, 0.0, 0.0, 0.0, -2.2148215770721436], "(1, 4, 2, 1)": [0.0, 0.0, -2.2148215770721436, 0.0, 0.0], "(2, 3, 1, 2)": [0.0, 0.0, 0.0, -2.2033262252807617, 0.0]}, "n_values": {"(2, 7, 2, 2)": [1198.0, 1144.0, 1251.0, 1317.0, 1367.0], "(2, 6, 2, 2)": [1154.0, 1207.0, 1319.0, 1265.0, 1362.0], "(2, 5, 2, 2)": [1070.0, 1068.0, 1146.0, 1140.0, 1306.0], "(2, 2, 2, 2)": [1207.0, 1212.0, 1107.0, 1070.0, 1059.0], "(2, 1, 2, 2)": [1241.0, 1189.0, 1103.0, 1078.0, 1118.0], "(2, 3, 2, 2)": [1094.0, 1111.0, 1006.0, 987.0, 999.0], "(2, 4, 2, 2)": [1021.0, 1035.0, 1029.0, 1021.0, 1151.0], "(2, 6, 2, 3)": [71.0, 54.0, 40.0, 59.0, 55.0], "(2, 1, 2, 1)": [40.0, 43.0, 51.0, 49.0, 51.0], "(2, 2, 2, 1)": [22.0, 31.0, 30.0, 39.0, 40.0], "(2, 4, 2, 3)": [13.0, 11.0, 14.0, 12.0, 9.0], "(2, 3, 2, 3)": [6.0, 3.0, 5.0, 6.0, 6.0], "(2, 7, 2, 3)": [67.0, 70.0, 63.0, 69.0, 61.0], "(2, 5, 2, 3)": [32.0, 39.0, 22.0, 26.0, 35.0], "(2, 3, 2, 1)": [12.0, 11.0, 12.0, 25.0, 30.0], "(1, 1, 2, 2)": [10.0, 10.0, 10.0, 9.0, 9.0], "(2, 4, 2, 1)": [9.0, 10.0, 19.0, 13.0, 16.0], "(2, 1, 1, 1)": [0.0, 1.0, 1.0, 1.0, 1.0], "(2, 5, 3, 3)": [1.0, 2.0, 0.0, 0.0, 1.0], "(3, 7, 2, 2)": [7.0, 6.0, 6.0, 11.0, 7.0], "(3, 6, 2, 2)": [3.0, 6.0, 5.0, 5.0, 6.0], "(3, 5, 2, 2)": [3.0, 3.0, 4.0, 4.0, 4.0], "(2, 7, 3, 3)": [1.0, 2.0, 2.0, 0.0, 1.0], "(2, 4, 3, 3)": [2.0, 0.0, 1.0, 1.0, 0.0], "(2, 5, 2, 1)": [2.0, 2.0, 3.0, 2.0, 1.0], "(2, 6, 3, 3)": [1.0, 2.0, 1.0, 1.0, 1.0], "(2, 3, 1, 1)": [0.0, 0.0, 1.0, 0.0, 1.0], "(2, 2, 1, 1)": [0.0, 1.0, 0.0, 0.0, 0.0], "(1, 5, 2, 2)": [5.0, 4.0, 5.0, 5.0, 4.0], "(1, 4, 2, 2)": [3.0, 3.0, 3.0, 2.0, 5.0], "(3, 1, 2, 2)": [7.0, 6.0, 5.0, 6.0, 7.0], "(3, 2, 2, 2)": [6.0, 10.0, 9.0, 6.0, 6.0], "(2, 4, 1, 1)": [0.0, 1.0, 2.0, 1.0, 0.0], "(1, 2, 2, 2)": [7.0, 8.0, 7.0, 7.0, 4.0], "(1, 3, 2, 2)": [4.0, 4.0, 3.0, 1.0, 4.0], "(1, 3, 1, 2)": [0.0, 0.0, 0.0, 0.0, 1.0], "(1, 4, 1, 1)": [0.0, 0.0, 1.0, 0.0, 0.0], "(1, 5, 1, 1)": [1.0, 0.0, 0.0, 0.0, 0.0], "(2, 5, 1, 2)": [1.0, 0.0, 0.0, 0.0, 0.0], "(3, 3, 2, 2)": [6.0, 4.0, 6.0, 5.0, 3.0], "(1, 7, 2, 2)": [4.0, 2.0, 5.0, 2.0, 1.0], "(1, 6, 2, 2)": [3.0, 4.0, 4.0, 5.0, 2.0], "(3, 4, 2, 2)": [3.0, 3.0, 2.0, 2.0, 2.0], "(2, 5, 1, 1)": [0.0, 1.0, 0.0, 0.0, 0.0], "(2, 6, 2, 1)": [1.0, 1.0, 0.0, 1.0, 0.0], "(1, 6, 2, 3)": [0.0, 1.0, 0.0, 0.0, 0.0], "(3, 7, 2, 3)": [0.0, 0.0, 1.0, 0.0, 0.0], "(3, 1, 2, 1)": [0.0, 1.0, 0.0, 0.0, 0.0], "(2, 3, 3, 3)": [0.0, 1.0, 0.0, 0.0, 0.0], "(2, 2, 2, 3)": [0.0, 0.0, 0.0, 0.0, 2.0], "(1, 1, 2, 1)": [0.0, 0.0, 0.0, 1.0, 0.0], "(1, 3, 2, 1)": [0.0, 0.0, 0.0, 0.0, 1.0], "(1, 4, 2, 1)": [0.0, 0.0, 1.0, 0.0, 0.0], "(2, 3, 1, 2)": [0.0, 0.0, 0.0, 1.0, 0.0]}}