{"q_values": {"(2, 7, 2, 2)": [-2.2070834636688232, -2.2073581218719482, -2.207578659057617, -2.2076711654663086, -2.208341121673584], "(2, 6, 2, 2)": [-2.2110772132873535, -2.210934638977051, -2.210622549057007, -2.2111153602600098, -2.2110681533813477], "(2, 5, 2, 2)": [-2.2118518352508545, -2.2118399143218994, -2.2116944789886475, -2.211672306060791, -2.211623430252075], "(2, 2, 2, 2)": [-2.2113850116729736, -2.2109875679016113, -2.211007833480835, -2.2111263275146484, -2.211164951324463], "(2, 1, 2, 2)": [-2.208644151687622, -2.207919120788574, -2.2079579830169678, -2.2076849937438965, -2.2072768211364746], "(2, 3, 2, 2)": [-2.2119078636169434, -2.2115182876586914, -2.2115492820739746, -2.2116775512695312, -2.2116200923919678], "(2, 4, 2, 2)": [-2.212130069732666, -2.211892604827881, -2.2121758460998535, -2.2121222019195557, -2.2117137908935547], "(2, 6, 2, 3)": [-2.2126505374908447, -2.213391065597534, -2.2150073051452637, -2.217708110809326, -2.2223398685455322], "(2, 1, 2, 1)": [-2.2140893936157227, -2.2174415588378906, -2.21191143989563, -2.2089743614196777, -2.2100484371185303], "(2, 2, 2, 1)": [-2.2243223190307617, -2.224989175796509, -2.2139596939086914, -2.2124319076538086, -2.211934804916382], "(2, 4, 2, 3)": [-2.211061477661133, -2.207460880279541, -2.211411237716675, -2.215500593185425, -2.2169594764709473], "(2, 3, 2, 3)": [-2.2140235900878906, -2.220475196838379, -2.206472635269165, -2.2230231761932373, -2.2256321907043457], "(2, 7, 2, 3)": [-2.205777406692505, -2.20896053314209, -2.211761713027954, -2.2131145000457764, -2.2113399505615234], "(2, 5, 2, 3)": [-2.2113492488861084, -2.209699869155884, -2.2117629051208496, -2.216120958328247, -2.2144057750701904], "(2, 3, 2, 1)": [-2.216837167739868, -2.219501495361328, -2.2235829830169678, -2.21423602104187, -2.2102599143981934], "(1, 1, 2, 2)": [-2.2100303173065186, -2.207340955734253, -2.213601589202881, -2.2096822261810303, -2.2074074745178223], "(2, 4, 2, 1)": [-2.22072696685791, -2.217146396636963, -2.211329698562622, -2.2091004848480225, -2.212345600128174], "(2, 1, 1, 1)": [0.0, -2.232076644897461, -2.2198972702026367, -2.205170154571533, -2.2235400676727295], "(2, 5, 3, 3)": [-2.2223284244537354, -2.2281575202941895, 0.0, -2.2274205684661865, -2.2449278831481934], "(3, 7, 2, 2)": [-2.2035348415374756, -2.207185745239258, -2.2071197032928467, -2.205709457397461, -2.2084248065948486], "(3, 6, 2, 2)": [-2.2152159214019775, -2.211446762084961, -2.213557481765747, -2.2096686363220215, -2.2126529216766357], "(3, 5, 2, 2)": [-2.2167930603027344, -2.212813138961792, -2.214731216430664, -2.214107036590576, -2.214107036590576], "(2, 7, 3, 3)": [-2.229928970336914, -2.210770845413208, -2.2039146423339844, -2.2603750228881836, -2.2001051902770996], "(2, 4, 3, 3)": [-2.2200424671173096, -2.2113139629364014, -2.2223284244537354, -2.2223284244537354, 0.0], "(2, 5, 2, 1)": [-2.213000774383545, -2.207533359527588, -2.2158844470977783, -2.207383632659912, -2.203627109527588], "(2, 6, 3, 3)": [-2.203610897064209, -2.234649658203125, -2.247222900390625, -2.2373228073120117, -2.213517904281616], "(2, 3, 1, 1)": [-2.230041027069092, -2.230041027069092, -2.2467737197875977, -2.205332040786743, -2.220508575439453], "(2, 2, 1, 1)": [-2.230041027069092, -2.202817678451538, -2.230038642883301, 0.0, 0.0], "(1, 5, 2, 2)": [-2.2189383506774902, -2.222005844116211, -2.217907667160034, -2.2148168087005615, -2.223331928253174], "(1, 4, 2, 2)": [-2.221951961517334, -2.221951961517334, -2.2116236686706543, -2.2202112674713135, -2.2163562774658203], "(3, 1, 2, 2)": [-2.217839241027832, -2.2075107097625732, -2.2109663486480713, -2.2099409103393555, -2.209564447402954], "(3, 2, 2, 2)": [-2.222400426864624, -2.21880841255188, -2.2200982570648193, -2.21528697013855, -2.2203104496002197], "(2, 4, 1, 1)": [0.0, -2.2033262252807617, -2.2147843837738037, -2.1992297172546387, 0.0], "(1, 2, 2, 2)": [-2.2154788970947266, -2.2137603759765625, -2.213174343109131, -2.2188720703125, -2.2202606201171875], "(1, 3, 2, 2)": [-2.2161171436309814, -2.208498001098633, -2.2188937664031982, -2.204069137573242, -2.2150111198425293], "(1, 3, 1, 2)": [0.0, 0.0, 0.0, 0.0, -2.199479341506958], "(1, 4, 1, 1)": [0.0, 0.0, -2.199479341506958, 0.0, 0.0], "(1, 5, 1, 1)": [-2.199479341506958, 0.0, 0.0, 0.0, 0.0], "(2, 5, 1, 2)": [-2.199479341506958, 0.0, 0.0, 0.0, 0.0], "(3, 3, 2, 2)": [-2.2144439220428467, -2.221681833267212, -2.2200264930725098, -2.2215347290039062, -2.212898015975952], "(1, 7, 2, 2)": [-2.216984272003174, -2.21885085105896, -2.2106218338012695, -2.2117350101470947, -2.2151293754577637], "(1, 6, 2, 2)": [-2.2229368686676025, -2.215975761413574, -2.2170040607452393, -2.2191569805145264, -2.218493938446045], "(3, 4, 2, 2)": [-2.2107834815979004, -2.2175588607788086, -2.2191085815429688, -2.2160634994506836, -2.2160634994506836], "(2, 6, 2, 1)": [-2.2173280715942383, -2.207664966583252, -2.223670244216919, -2.202772855758667, 0.0], "(2, 5, 1, 1)": [-2.230041027069092, -2.2109861373901367, 0.0, 0.0, 0.0], "(1, 6, 2, 3)": [0.0, -2.225572109222412, 0.0, 0.0, 0.0], "(3, 7, 2, 3)": [0.0, 0.0, -2.20898699760437, 0.0, 0.0], "(3, 1, 2, 1)": [-2.261857271194458, -2.2459375858306885, -2.2276740074157715, 0.0, -2.205617904663086], "(2, 3, 3, 3)": [0.0, -2.2113871574401855, 0.0, 0.0, 0.0], "(2, 2, 2, 3)": [0.0, 0.0, 0.0, -2.1980502605438232, -2.21260404586792], "(1, 1, 2, 1)": [0.0, 0.0, 0.0, -2.2084572315216064, 0.0], "(1, 3, 2, 1)": [0.0, 0.0, 0.0, 0.0, -2.2148215770721436], "(1, 4, 2, 1)": [0.0, 0.0, -2.2148215770721436, 0.0, 0.0], "(2, 3, 1, 2)": [0.0, 0.0, 0.0, -2.2033262252807617, 0.0], "(1, 5, 2, 3)": [0.0, -2.2086591720581055, 0.0, 0.0, 0.0], "(3, 2, 2, 1)": [0.0, -2.201446533203125, -2.201444387435913, 0.0, 0.0], "(3, 3, 2, 1)": [0.0, 0.0, 0.0, 0.0, -2.201446533203125], "(3, 4, 2, 1)": [-2.201446533203125, 0.0, 0.0, 0.0, 0.0]}, "n_values": {"(2, 7, 2, 2)": [1840.0, 1673.0, 1808.0, 1923.0, 2010.0], "(2, 6, 2, 2)": [1650.0, 1729.0, 1968.0, 1852.0, 1967.0], "(2, 5, 2, 2)": [1522.0, 1539.0, 1620.0, 1627.0, 1917.0], "(2, 2, 2, 2)": [1714.0, 1745.0, 1597.0, 1524.0, 1507.0], "(2, 1, 2, 2)": [1787.0, 1713.0, 1609.0, 1544.0, 1670.0], "(2, 3, 2, 2)": [1507.0, 1588.0, 1403.0, 1361.0, 1396.0], "(2, 4, 2, 2)": [1384.0, 1393.0, 1399.0, 1383.0, 1590.0], "(2, 6, 2, 3)": [110.0, 81.0, 66.0, 82.0, 76.0], "(2, 1, 2, 1)": [50.0, 51.0, 66.0, 67.0, 61.0], "(2, 2, 2, 1)": [26.0, 40.0, 38.0, 49.0, 61.0], "(2, 4, 2, 3)": [18.0, 14.0, 17.0, 12.0, 15.0], "(2, 3, 2, 3)": [9.0, 4.0, 7.0, 7.0, 6.0], "(2, 7, 2, 3)": [100.0, 98.0, 92.0, 92.0, 80.0], "(2, 5, 2, 3)": [44.0, 63.0, 35.0, 36.0, 42.0], "(2, 3, 2, 1)": [16.0, 16.0, 15.0, 33.0, 39.0], "(1, 1, 2, 2)": [15.0, 14.0, 12.0, 13.0, 11.0], "(2, 4, 2, 1)": [18.0, 13.0, 21.0, 20.0, 21.0], "(2, 1, 1, 1)": [0.0, 1.0, 2.0, 2.0, 1.0], "(2, 5, 3, 3)": [1.0, 2.0, 0.0, 1.0, 1.0], "(3, 7, 2, 2)": [15.0, 11.0, 12.0, 19.0, 14.0], "(3, 6, 2, 2)": [8.0, 11.0, 11.0, 12.0, 12.0], "(3, 5, 2, 2)": [5.0, 7.0, 8.0, 8.0, 8.0], "(2, 7, 3, 3)": [2.0, 3.0, 2.0, 1.0, 1.0], "(2, 4, 3, 3)": [3.0, 1.0, 1.0, 1.0, 0.0], "(2, 5, 2, 1)": [5.0, 6.0, 10.0, 5.0, 4.0], "(2, 6, 3, 3)": [1.0, 2.0, 1.0, 2.0, 2.0], "(2, 3, 1, 1)": [1.0, 1.0, 1.0, 1.0, 1.0], "(2, 2, 1, 1)": [1.0, 1.0, 1.0, 0.0, 0.0], "(1, 5, 2, 2)": [7.0, 5.0, 7.0, 7.0, 6.0], "(1, 4, 2, 2)": [3.0, 3.0, 4.0, 3.0, 6.0], "(3, 1, 2, 2)": [9.0, 7.0, 6.0, 7.0, 8.0], "(3, 2, 2, 2)": [7.0, 13.0, 12.0, 8.0, 9.0], "(2, 4, 1, 1)": [0.0, 1.0, 3.0, 1.0, 0.0], "(1, 2, 2, 2)": [8.0, 9.0, 8.0, 8.0, 5.0], "(1, 3, 2, 2)": [6.0, 4.0, 4.0, 2.0, 5.0], "(1, 3, 1, 2)": [0.0, 0.0, 0.0, 0.0, 1.0], "(1, 4, 1, 1)": [0.0, 0.0, 1.0, 0.0, 0.0], "(1, 5, 1, 1)": [1.0, 0.0, 0.0, 0.0, 0.0], "(2, 5, 1, 2)": [1.0, 0.0, 0.0, 0.0, 0.0], "(3, 3, 2, 2)": [11.0, 8.0, 10.0, 8.0, 5.0], "(1, 7, 2, 2)": [5.0, 4.0, 9.0, 8.0, 7.0], "(1, 6, 2, 2)": [6.0, 7.0, 8.0, 10.0, 4.0], "(3, 4, 2, 2)": [7.0, 6.0, 6.0, 4.0, 4.0], "(2, 5, 1, 1)": [1.0, 1.0, 0.0, 0.0, 0.0], "(2, 6, 2, 1)": [2.0, 2.0, 1.0, 2.0, 0.0],