{"q_values": {"(2, 7, 2, 2)": [-2.2072324752807617, -2.2075002193450928, -2.207587957382202, -2.2076988220214844, -2.2084691524505615], "(2, 6, 2, 2)": [-2.211331605911255, -2.2113025188446045, -2.210660696029663, -2.211301565170288, -2.2111382484436035], "(2, 5, 2, 2)": [-2.212055206298828, -2.2120766639709473, -2.2117953300476074, -2.2119996547698975, -2.2117156982421875], "(2, 2, 2, 2)": [-2.2115578651428223, -2.2113025188446045, -2.211275815963745, -2.2113988399505615, -2.211446762084961], "(2, 1, 2, 2)": [-2.2088184356689453, -2.2080743312835693, -2.2079241275787354, -2.2078073024749756, -2.207606554031372], "(2, 3, 2, 2)": [-2.2122249603271484, -2.2117931842803955, -2.211909294128418, -2.2118918895721436, -2.212014675140381], "(2, 4, 2, 2)": [-2.2125580310821533, -2.212211847305298, -2.2123851776123047, -2.2124598026275635, -2.2119758129119873], "(2, 6, 2, 3)": [-2.212721109390259, -2.213841438293457, -2.216439723968506, -2.2182376384735107, -2.2232298851013184], "(2, 1, 2, 1)": [-2.214323043823242, -2.216240167617798, -2.212322473526001, -2.207624912261963, -2.209702968597412], "(2, 2, 2, 1)": [-2.2255091667175293, -2.223587989807129, -2.214334726333618, -2.214057683944702, -2.2134857177734375], "(2, 4, 2, 3)": [-2.210221290588379, -2.2068910598754883, -2.211650848388672, -2.215500593185425, -2.225234270095825], "(2, 3, 2, 3)": [-2.214899778366089, -2.222885847091675, -2.205902338027954, -2.2257497310638428, -2.2256321907043457], "(2, 7, 2, 3)": [-2.205165147781372, -2.2100608348846436, -2.2135188579559326, -2.211812973022461, -2.2120721340179443], "(2, 5, 2, 3)": [-2.2108421325683594, -2.209453821182251, -2.2128372192382812, -2.2183001041412354, -2.2150115966796875], "(2, 3, 2, 1)": [-2.218549966812134, -2.217672348022461, -2.2251193523406982, -2.2123987674713135, -2.210317611694336], "(1, 1, 2, 2)": [-2.212928533554077, -2.2047276496887207, -2.213193893432617, -2.2092039585113525, -2.2055776119232178], "(2, 4, 2, 1)": [-2.2207913398742676, -2.214261054992676, -2.211841344833374, -2.2083611488342285, -2.2114341259002686], "(2, 1, 1, 1)": [0.0, -2.232076644897461, -2.2099769115448, -2.20259952545166, -2.2235400676727295], "(2, 5, 3, 3)": [-2.2223284244537354, -2.2281575202941895, 0.0, -2.2274205684661865, -2.2449278831481934], "(3, 7, 2, 2)": [-2.199312925338745, -2.2056992053985596, -2.200878620147705, -2.2026190757751465, -2.2082440853118896], "(3, 6, 2, 2)": [-2.222538471221924, -2.2128896713256836, -2.2137935161590576, -2.20623517036438, -2.2128896713256836], "(3, 5, 2, 2)": [-2.2258999347686768, -2.217606544494629, -2.220244884490967, -2.218996524810791, -2.218996524810791], "(2, 7, 3, 3)": [-2.229928970336914, -2.201188087463379, -2.2039146423339844, 0.0, -2.2001051902770996], "(2, 4, 3, 3)": [-2.230523109436035, 0.0, -2.2223284244537354, -2.2223284244537354, 0.0], "(2, 5, 2, 1)": [-2.201934814453125, -2.2101223468780518, -2.2214155197143555, -2.210608720779419, -2.1981406211853027], "(2, 6, 3, 3)": [-2.203610897064209, -2.234649658203125, -2.247222900390625, -2.2373228073120117, -2.213517904281616], "(2, 3, 1, 1)": [0.0, 0.0, -2.2467737197875977, 0.0, -2.220508575439453], "(2, 2, 1, 1)": [0.0, -2.202817678451538, 0.0, 0.0, 0.0], "(1, 5, 2, 2)": [-2.2208406925201416, -2.2225804328918457, -2.2151365280151367, -2.2150702476501465, -2.2225804328918457], "(1, 4, 2, 2)": [-2.221951961517334, -2.221951961517334, -2.212611675262451, -2.225987434387207, -2.217895746231079], "(3, 1, 2, 2)": [-2.2129359245300293, -2.2111220359802246, -2.2115752696990967, -2.2102773189544678, -2.20979905128479], "(3, 2, 2, 2)": [-2.221484422683716, -2.214660406112671, -2.2159194946289062, -2.2144126892089844, -2.214148759841919], "(2, 4, 1, 1)": [0.0, -2.2033262252807617, -2.207156181335449, -2.1992297172546387, 0.0], "(1, 2, 2, 2)": [-2.213867425918579, -2.2121355533599854, -2.2112338542938232, -2.217745542526245, -2.2186360359191895], "(1, 3, 2, 2)": [-2.2153213024139404, -2.208498001098633, -2.2223052978515625, -2.199479341506958, -2.2165989875793457], "(1, 3, 1, 2)": [0.0, 0.0, 0.0, 0.0, -2.199479341506958], "(1, 4, 1, 1)": [0.0, 0.0, -2.199479341506958, 0.0, 0.0], "(1, 5, 1, 1)": [-2.199479341506958, 0.0, 0.0, 0.0, 0.0], "(2, 5, 1, 2)": [-2.199479341506958, 0.0, 0.0, 0.0, 0.0], "(3, 3, 2, 2)": [-2.2091188430786133, -2.2176830768585205, -2.216257095336914, -2.2148749828338623, -2.209557294845581], "(1, 7, 2, 2)": [-2.2196013927459717, -2.2192282676696777, -2.213787078857422, -2.2088451385498047, -2.226180076599121], "(1, 6, 2, 2)": [-2.221416711807251, -2.2195327281951904, -2.2196576595306396, -2.2208406925201416, -2.219338893890381], "(3, 4, 2, 2)": [-2.2111332416534424, -2.2237303256988525, -2.2346644401550293, -2.215768814086914, -2.215768814086914], "(2, 6, 2, 1)": [-2.2109861373901367, -2.2079079151153564, 0.0, -2.2079079151153564, 0.0], "(2, 5, 1, 1)": [0.0, -2.2109861373901367, 0.0, 0.0, 0.0], "(1, 6, 2, 3)": [0.0, -2.225572109222412, 0.0, 0.0, 0.0], "(3, 7, 2, 3)": [0.0, 0.0, -2.20898699760437, 0.0, 0.0], "(3, 1, 2, 1)": [0.0, -2.2459375858306885, 0.0, 0.0, 0.0], "(2, 3, 3, 3)": [0.0, -2.2113871574401855, 0.0, 0.0, 0.0], "(2, 2, 2, 3)": [0.0, 0.0, 0.0, 0.0, -2.21260404586792], "(1, 1, 2, 1)": [0.0, 0.0, 0.0, -2.2084572315216064, 0.0], "(1, 3, 2, 1)": [0.0, 0.0, 0.0, 0.0, -2.2148215770721436], "(1, 4, 2, 1)": [0.0, 0.0, -2.2148215770721436, 0.0, 0.0], "(2, 3, 1, 2)": [0.0, 0.0, 0.0, -2.2033262252807617, 0.0]}, "n_values": {"(2, 7, 2, 2)": [1285.0, 1213.0, 1325.0, 1401.0, 1457.0], "(2, 6, 2, 2)": [1221.0, 1271.0, 1404.0, 1346.0, 1448.0], "(2, 5, 2, 2)": [1140.0, 1143.0, 1225.0, 1207.0, 1396.0], "(2, 2, 2, 2)": [1269.0, 1270.0, 1174.0, 1125.0, 1121.0], "(2, 1, 2, 2)": [1310.0, 1262.0, 1166.0, 1139.0, 1188.0], "(2, 3, 2, 2)": [1156.0, 1173.0, 1058.0, 1039.0, 1054.0], "(2, 4, 2, 2)": [1070.0, 1087.0, 1081.0, 1069.0, 1213.0], "(2, 6, 2, 3)": [74.0, 58.0, 40.0, 60.0, 58.0], "(2, 1, 2, 1)": [41.0, 43.0, 55.0, 50.0, 54.0], "(2, 2, 2, 1)": [24.0, 32.0, 30.0, 41.0, 41.0], "(2, 4, 2, 3)": [13.0, 11.0, 15.0, 12.0, 9.0], "(2, 3, 2, 3)": [7.0, 3.0, 5.0, 6.0, 6.0], "(2, 7, 2, 3)": [74.0, 73.0, 67.0, 73.0, 65.0], "(2, 5, 2, 3)": [34.0, 41.0, 23.0, 26.0, 36.0], "(2, 3, 2, 1)": [13.0, 13.0, 12.0, 27.0, 30.0], "(1, 1, 2, 2)": [10.0, 10.0, 10.0, 9.0, 9.0], "(2, 4, 2, 1)": [11.0, 10.0, 19.0, 13.0, 17.0], "(2, 1, 1, 1)": [0.0, 1.0, 1.0, 1.0, 1.0], "(2, 5, 3, 3)": [1.0, 2.0, 0.0, 1.0, 1.0], "(3, 7, 2, 2)": [7.0, 6.0, 6.0, 11.0, 7.0], "(3, 6, 2, 2)": [3.0, 6.0, 5.0, 5.0, 6.0], "(3, 5, 2, 2)": [3.0, 3.0, 4.0, 4.0, 4.0], "(2, 7, 3, 3)": [2.0, 2.0, 2.0, 0.0, 1.0], "(2, 4, 3, 3)": [2.0, 0.0, 1.0, 1.0, 0.0], "(2, 5, 2, 1)": [2.0, 2.0, 4.0, 3.0, 2.0], "(2, 6, 3, 3)": [1.0, 2.0, 1.0, 2.0, 2.0], "(2, 3, 1, 1)": [0.0, 0.0, 1.0, 0.0, 1.0], "(2, 2, 1, 1)": [0.0, 1.0, 0.0, 0.0, 0.0], "(1, 5, 2, 2)": [5.0, 4.0, 5.0, 5.0, 4.0], "(1, 4, 2, 2)": [3.0, 3.0, 3.0, 2.0, 5.0], "(3, 1, 2, 2)": [7.0, 6.0, 5.0, 6.0, 7.0], "(3, 2, 2, 2)": [6.0, 10.0, 9.0, 6.0, 6.0], "(2, 4, 1, 1)": [0.0, 1.0, 2.0, 1.0, 0.0], "(1, 2, 2, 2)": [7.0, 8.0, 7.0, 7.0, 4.0], "(1, 3, 2, 2)": [4.0, 4.0, 3.0, 1.0, 4.0], "(1, 3, 1, 2)": [0.0, 0.0, 0.0, 0.0, 1.0], "(1, 4, 1, 1)": [0.0, 0.0, 1.0, 0.0, 0.0], "(1, 5, 1, 1)": [1.0, 0.0, 0.0, 0.0, 0.0], "(2, 5, 1, 2)": [1.0, 0.0, 0.0, 0.0, 0.0], "(3, 3, 2, 2)": [6.0, 4.0, 6.0, 5.0, 3.0], "(1, 7, 2, 2)": [4.0, 2.0, 5.0, 2.0, 1.0], "(1, 6, 2, 2)": [3.0, 4.0, 4.0, 5.0, 2.0], "(3, 4, 2, 2)": [3.0, 3.0, 2.0, 2.0, 2.0], "(2, 5, 1, 1)": [0.0, 1.0, 0.0, 0.0, 0.0], "(2, 6, 2, 1)": [1.0, 1.0, 0.0, 1.0, 0.0], "(1, 6, 2, 3)": [0.0, 1.0, 0.0, 0.0, 0.0], "(3, 7, 2, 3)": [0.0, 0.0, 1.0, 0.0, 0.0], "(3, 1, 2, 1)": [0.0, 1.0, 0.0, 0.0, 0.0], "(2, 3, 3, 3)": [0.0, 1.0, 0.0, 0.0, 0.0], "(2, 2, 2, 3)": [0.0, 0.0, 0.0, 0.0, 2.0], "(1, 1, 2, 1)": [0.0, 0.0, 0.0, 1.0, 0.0], "(1, 3, 2, 1)": [0.0, 0.0, 0.0, 0.0, 1.0], "(1, 4, 2, 1)": [0.0, 0.0, 1.0, 0.0, 0.0], "(2, 3, 1, 2)": [0.0, 0.0, 0.0, 1.0, 0.0]}}