{"q_values": {"(2, 7, 2, 2)": [-2.2071239948272705, -2.2074761390686035, -2.207655429840088, -2.207691192626953, -2.208440065383911], "(2, 6, 2, 2)": [-2.2111895084381104, -2.2111127376556396, -2.2107183933258057, -2.2112860679626465, -2.2111568450927734], "(2, 5, 2, 2)": [-2.211993455886841, -2.2120063304901123, -2.211801767349243, -2.211857318878174, -2.2117414474487305], "(2, 2, 2, 2)": [-2.211444139480591, -2.2109713554382324, -2.211057186126709, -2.2111761569976807, -2.2111921310424805], "(2, 1, 2, 2)": [-2.2085773944854736, -2.2079694271087646, -2.20788311958313, -2.2076148986816406, -2.207305908203125], "(2, 3, 2, 2)": [-2.2119550704956055, -2.2115108966827393, -2.211623191833496, -2.2116236686706543, -2.2116878032684326], "(2, 4, 2, 2)": [-2.2122414112091064, -2.212007999420166, -2.212230920791626, -2.2122364044189453, -2.2118263244628906], "(2, 6, 2, 3)": [-2.212644338607788, -2.213653326034546, -2.2150325775146484, -2.21811580657959, -2.2225916385650635], "(2, 1, 2, 1)": [-2.2139718532562256, -2.2168009281158447, -2.2126519680023193, -2.2086594104766846, -2.2102487087249756], "(2, 2, 2, 1)": [-2.2243223190307617, -2.2251293659210205, -2.2139596939086914, -2.2124319076538086, -2.2119956016540527], "(2, 4, 2, 3)": [-2.211320161819458, -2.2068910598754883, -2.211411237716675, -2.215500593185425, -2.2198538780212402], "(2, 3, 2, 3)": [-2.213273286819458, -2.222885847091675, -2.206472635269165, -2.2257497310638428, -2.2256321907043457], "(2, 7, 2, 3)": [-2.2055773735046387, -2.209062099456787, -2.213559627532959, -2.2131927013397217, -2.2118630409240723], "(2, 5, 2, 3)": [-2.2108962535858154, -2.2092854976654053, -2.211777448654175, -2.2169926166534424, -2.2143962383270264], "(2, 3, 2, 1)": [-2.2169268131256104, -2.2199690341949463, -2.2235829830169678, -2.2142906188964844, -2.2104694843292236], "(1, 1, 2, 2)": [-2.2100303173065186, -2.207340955734253, -2.213601589202881, -2.2096822261810303, -2.2074074745178223], "(2, 4, 2, 1)": [-2.2212114334106445, -2.2183837890625, -2.211329698562622, -2.208299398422241, -2.212345600128174], "(2, 1, 1, 1)": [0.0, -2.232076644897461, -2.2099769115448, -2.20259952545166, -2.2235400676727295], "(2, 5, 3, 3)": [-2.2223284244537354, -2.2281575202941895, 0.0, -2.2274205684661865, -2.2449278831481934], "(3, 7, 2, 2)": [-2.201049566268921, -2.206233024597168, -2.2024407386779785, -2.2031872272491455, -2.207995891571045], "(3, 6, 2, 2)": [-2.2192628383636475, -2.211449146270752, -2.2118890285491943, -2.2064900398254395, -2.211449146270752], "(3, 5, 2, 2)": [-2.2167930603027344, -2.2118172645568848, -2.214540958404541, -2.2137086391448975, -2.2137086391448975], "(2, 7, 3, 3)": [-2.229928970336914, -2.210770845413208, -2.2039146423339844, 0.0, -2.2001051902770996], "(2, 4, 3, 3)": [-2.2200424671173096, 0.0, -2.2223284244537354, -2.2223284244537354, 0.0], "(2, 5, 2, 1)": [-2.203763961791992, -2.207533359527588, -2.215019464492798, -2.207383632659912, -2.203627109527588], "(2, 6, 3, 3)": [-2.203610897064209, -2.234649658203125, -2.247222900390625, -2.2373228073120117, -2.213517904281616], "(2, 3, 1, 1)": [0.0, 0.0, -2.2467737197875977, -2.205332040786743, -2.220508575439453], "(2, 2, 1, 1)": [0.0, -2.202817678451538, 0.0, 0.0, 0.0], "(1, 5, 2, 2)": [-2.2189383506774902, -2.222005844116211, -2.217907667160034, -2.2148168087005615, -2.223331928253174], "(1, 4, 2, 2)": [-2.221951961517334, -2.221951961517334, -2.2116236686706543, -2.2202112674713135, -2.2163562774658203], "(3, 1, 2, 2)": [-2.217839241027832, -2.2075107097625732, -2.2109663486480713, -2.2099409103393555, -2.209564447402954], "(3, 2, 2, 2)": [-2.222400426864624, -2.21880841255188, -2.2200982570648193, -2.21528697013855, -2.2203104496002197], "(2, 4, 1, 1)": [0.0, -2.2033262252807617, -2.207156181335449, -2.1992297172546387, 0.0], "(1, 2, 2, 2)": [-2.2154788970947266, -2.2137603759765625, -2.213174343109131, -2.2188720703125, -2.2202606201171875], "(1, 3, 2, 2)": [-2.2161171436309814, -2.208498001098633, -2.2188937664031982, -2.204069137573242, -2.2150111198425293], "(1, 3, 1, 2)": [0.0, 0.0, 0.0, 0.0, -2.199479341506958], "(1, 4, 1, 1)": [0.0, 0.0, -2.199479341506958, 0.0, 0.0], "(1, 5, 1, 1)": [-2.199479341506958, 0.0, 0.0, 0.0, 0.0], "(2, 5, 1, 2)": [-2.199479341506958, 0.0, 0.0, 0.0, 0.0], "(3, 3, 2, 2)": [-2.2144439220428467, -2.221681833267212, -2.2200264930725098, -2.2215347290039062, -2.212898015975952], "(1, 7, 2, 2)": [-2.2196013927459717, -2.21885085105896, -2.211134672164917, -2.212480306625366, -2.2202420234680176], "(1, 6, 2, 2)": [-2.2229368686676025, -2.215975761413574, -2.2170040607452393, -2.2191569805145264, -2.218493938446045], "(3, 4, 2, 2)": [-2.2107834815979004, -2.2175588607788086, -2.2219934463500977, -2.2160634994506836, -2.2160634994506836], "(2, 6, 2, 1)": [-2.2109861373901367, -2.207664966583252, 0.0, -2.202772855758667, 0.0], "(2, 5, 1, 1)": [0.0, -2.2109861373901367, 0.0, 0.0, 0.0], "(1, 6, 2, 3)": [0.0, -2.225572109222412, 0.0, 0.0, 0.0], "(3, 7, 2, 3)": [0.0, 0.0, -2.20898699760437, 0.0, 0.0], "(3, 1, 2, 1)": [-2.261857271194458, -2.2459375858306885, -2.2276740074157715, 0.0, -2.205617904663086], "(2, 3, 3, 3)": [0.0, -2.2113871574401855, 0.0, 0.0, 0.0], "(2, 2, 2, 3)": [0.0, 0.0, 0.0, -2.1980502605438232, -2.21260404586792], "(1, 1, 2, 1)": [0.0, 0.0, 0.0, -2.2084572315216064, 0.0], "(1, 3, 2, 1)": [0.0, 0.0, 0.0, 0.0, -2.2148215770721436], "(1, 4, 2, 1)": [0.0, 0.0, -2.2148215770721436, 0.0, 0.0], "(2, 3, 1, 2)": [0.0, 0.0, 0.0, -2.2033262252807617, 0.0], "(1, 5, 2, 3)": [0.0, -2.2086591720581055, 0.0, 0.0, 0.0], "(3, 2, 2, 1)": [0.0, -2.201446533203125, -2.201444387435913, 0.0, 0.0], "(3, 3, 2, 1)": [0.0, 0.0, 0.0, 0.0, -2.201446533203125], "(3, 4, 2, 1)": [-2.201446533203125, 0.0, 0.0, 0.0, 0.0]}, "n_values": {"(2, 7, 2, 2)": [1657.0, 1515.0, 1653.0, 1754.0, 1826.0], "(2, 6, 2, 2)": [1503.0, 1570.0, 1778.0, 1685.0, 1797.0], "(2, 5, 2, 2)": [1403.0, 1413.0, 1498.0, 1490.0, 1747.0], "(2, 2, 2, 2)": [1586.0, 1601.0, 1474.0, 1404.0, 1377.0], "(2, 1, 2, 2)": [1641.0, 1577.0, 1476.0, 1425.0, 1521.0], "(2, 3, 2, 2)": [1396.0, 1455.0, 1285.0, 1260.0, 1286.0], "(2, 4, 2, 2)": [1294.0, 1302.0, 1310.0, 1301.0, 1473.0], "(2, 6, 2, 3)": [98.0, 75.0, 60.0, 77.0, 70.0], "(2, 1, 2, 1)": [49.0, 49.0, 63.0, 63.0, 59.0], "(2, 2, 2, 1)": [26.0, 39.0, 38.0, 49.0, 56.0], "(2, 4, 2, 3)": [17.0, 11.0, 17.0, 12.0, 12.0], "(2, 3, 2, 3)": [8.0, 3.0, 7.0, 6.0, 6.0], "(2, 7, 2, 3)": [90.0, 93.0, 84.0, 86.0, 76.0], "(2, 5, 2, 3)": [39.0, 55.0, 32.0, 31.0, 41.0], "(2, 3, 2, 1)": [15.0, 15.0, 15.0, 32.0, 38.0], "(1, 1, 2, 2)": [15.0, 14.0, 12.0, 13.0, 11.0], "(2, 4, 2, 1)": [17.0, 12.0, 21.0, 18.0, 21.0], "(2, 1, 1, 1)": [0.0, 1.0, 1.0, 1.0, 1.0], "(2, 5, 3, 3)": [1.0, 2.0, 0.0, 1.0, 1.0], "(3, 7, 2, 2)": [9.0, 7.0, 8.0, 12.0, 9.0], "(3, 6, 2, 2)": [4.0, 8.0, 7.0, 7.0, 8.0], "(3, 5, 2, 2)": [5.0, 5.0, 6.0, 6.0, 6.0], "(2, 7, 3, 3)": [2.0, 3.0, 2.0, 0.0, 1.0], "(2, 4, 3, 3)": [3.0, 0.0, 1.0, 1.0, 0.0], "(2, 5, 2, 1)": [3.0, 6.0, 9.0, 5.0, 4.0], "(2, 6, 3, 3)": [1.0, 2.0, 1.0, 2.0, 2.0], "(2, 3, 1, 1)": [0.0, 0.0, 1.0, 1.0, 1.0], "(2, 2, 1, 1)": [0.0, 1.0, 0.0, 0.0, 0.0], "(1, 5, 2, 2)": [7.0, 5.0, 7.0, 7.0, 6.0], "(1, 4, 2, 2)": [3.0, 3.0, 4.0, 3.0, 6.0], "(3, 1, 2, 2)": [9.0, 7.0, 6.0, 7.0, 8.0], "(3, 2, 2, 2)": [7.0, 13.0, 12.0, 8.0, 9.0], "(2, 4, 1, 1)": [0.0, 1.0, 2.0, 1.0, 0.0], "(1, 2, 2, 2)": [8.0, 9.0, 8.0, 8.0, 5.0], "(1, 3, 2, 2)": [6.0, 4.0, 4.0, 2.0, 5.0], "(1, 3, 1, 2)": [0.0, 0.0, 0.0, 0.0, 1.0], "(1, 4, 1, 1)": [0.0, 0.0, 1.0, 0.0, 0.0], "(1, 5, 1, 1)": [1.0, 0.0, 0.0, 0.0, 0.0], "(2, 5, 1, 2)": [1.0, 0.0, 0.0, 0.0, 0.0], "(3, 3, 2, 2)": [11.0, 8.0, 10.0, 8.0, 5.0], "(1, 7, 2, 2)": [4.0, 4.0, 8.0, 7.0, 6.0], "(1, 6, 2, 2)": [6.0, 7.0, 8.0, 10.0, 4.0], "(3, 4, 2, 2)": [7.0, 6.0, 5.0, 4.0, 4.0], "(2, 5, 1, 1)": [0.0, 1.0, 0.0, 0.0, 0.0], "(2, 6, 2, 1)": [1.0, 2.0, 0.0, 2.0, 0.0], "(1, 6, 2, 3)": [0.0, 1.0, 0.0, 0.0, 0.0], "(3, 7, 2, 3)": [0.0, 0.0, 1.0, 0.0, 0.0], "(3, 1, 2, 1)": [1.0, 1.0, 1.0, 0.0, 1.0],