{"q_values": {"(2, 7, 2, 2)": [-2.2070608139038086, -2.2074062824249268, -2.2075459957122803, -2.2075986862182617, -2.208387851715088], "(2, 6, 2, 2)": [-2.2110748291015625, -2.210986852645874, -2.2106575965881348, -2.211188554763794, -2.21110463142395], "(2, 5, 2, 2)": [-2.211945056915283, -2.2119152545928955, -2.2117185592651367, -2.2117905616760254, -2.211686134338379], "(2, 2, 2, 2)": [-2.211416244506836, -2.21103572845459, -2.211034059524536, -2.2111527919769287, -2.2111968994140625], "(2, 1, 2, 2)": [-2.2086377143859863, -2.2079315185546875, -2.2079570293426514, -2.207665205001831, -2.207282543182373], "(2, 3, 2, 2)": [-2.2119650840759277, -2.2115352153778076, -2.211622953414917, -2.2116966247558594, -2.2116739749908447], "(2, 4, 2, 2)": [-2.212240695953369, -2.2119805812835693, -2.2123072147369385, -2.2121946811676025, -2.211796522140503], "(2, 6, 2, 3)": [-2.2126851081848145, -2.213526487350464, -2.2147064208984375, -2.2178757190704346, -2.2226502895355225], "(2, 1, 2, 1)": [-2.2139718532562256, -2.217158555984497, -2.2122395038604736, -2.2089743614196777, -2.2102513313293457], "(2, 2, 2, 1)": [-2.2243223190307617, -2.2251293659210205, -2.2139596939086914, -2.2124319076538086, -2.2119956016540527], "(2, 4, 2, 3)": [-2.211061477661133, -2.206225872039795, -2.211411237716675, -2.215500593185425, -2.218242883682251], "(2, 3, 2, 3)": [-2.213273286819458, -2.220475196838379, -2.206472635269165, -2.2230231761932373, -2.2256321907043457], "(2, 7, 2, 3)": [-2.20574688911438, -2.208771228790283, -2.2131528854370117, -2.2132887840270996, -2.2113399505615234], "(2, 5, 2, 3)": [-2.2107908725738525, -2.2099149227142334, -2.211864471435547, -2.216158628463745, -2.2143962383270264], "(2, 3, 2, 1)": [-2.2169268131256104, -2.2199690341949463, -2.2235829830169678, -2.2142906188964844, -2.2102599143981934], "(1, 1, 2, 2)": [-2.2100303173065186, -2.207340955734253, -2.213601589202881, -2.2096822261810303, -2.2074074745178223], "(2, 4, 2, 1)": [-2.2212114334106445, -2.217146396636963, -2.211329698562622, -2.208299398422241, -2.212345600128174], "(2, 1, 1, 1)": [0.0, -2.232076644897461, -2.2198972702026367, -2.205170154571533, -2.2235400676727295], "(2, 5, 3, 3)": [-2.2223284244537354, -2.2281575202941895, 0.0, -2.2274205684661865, -2.2449278831481934], "(3, 7, 2, 2)": [-2.201674222946167, -2.206233024597168, -2.203320026397705, -2.2049429416656494, -2.2082316875457764], "(3, 6, 2, 2)": [-2.2174811363220215, -2.211449146270752, -2.2116971015930176, -2.206973075866699, -2.211449146270752], "(3, 5, 2, 2)": [-2.2167930603027344, -2.2118172645568848, -2.214540958404541, -2.2137086391448975, -2.2137086391448975], "(2, 7, 3, 3)": [-2.229928970336914, -2.210770845413208, -2.2039146423339844, -2.2603750228881836, -2.2001051902770996], "(2, 4, 3, 3)": [-2.2200424671173096, 0.0, -2.2223284244537354, -2.2223284244537354, 0.0], "(2, 5, 2, 1)": [-2.2103333473205566, -2.207533359527588, -2.215019464492798, -2.207383632659912, -2.203627109527588], "(2, 6, 3, 3)": [-2.203610897064209, -2.234649658203125, -2.247222900390625, -2.2373228073120117, -2.213517904281616], "(2, 3, 1, 1)": [-2.230041027069092, -2.230041027069092, -2.2467737197875977, -2.205332040786743, -2.220508575439453], "(2, 2, 1, 1)": [-2.230041027069092, -2.202817678451538, -2.230038642883301, 0.0, 0.0], "(1, 5, 2, 2)": [-2.2189383506774902, -2.222005844116211, -2.217907667160034, -2.2148168087005615, -2.223331928253174], "(1, 4, 2, 2)": [-2.221951961517334, -2.221951961517334, -2.2116236686706543, -2.2202112674713135, -2.2163562774658203], "(3, 1, 2, 2)": [-2.217839241027832, -2.2075107097625732, -2.2109663486480713, -2.2099409103393555, -2.209564447402954], "(3, 2, 2, 2)": [-2.222400426864624, -2.21880841255188, -2.2200982570648193, -2.21528697013855, -2.2203104496002197], "(2, 4, 1, 1)": [0.0, -2.2033262252807617, -2.2147843837738037, -2.1992297172546387, 0.0], "(1, 2, 2, 2)": [-2.2154788970947266, -2.2137603759765625, -2.213174343109131, -2.2188720703125, -2.2202606201171875], "(1, 3, 2, 2)": [-2.2161171436309814, -2.208498001098633, -2.2188937664031982, -2.204069137573242, -2.2150111198425293], "(1, 3, 1, 2)": [0.0, 0.0, 0.0, 0.0, -2.199479341506958], "(1, 4, 1, 1)": [0.0, 0.0, -2.199479341506958, 0.0, 0.0], "(1, 5, 1, 1)": [-2.199479341506958, 0.0, 0.0, 0.0, 0.0], "(2, 5, 1, 2)": [-2.199479341506958, 0.0, 0.0, 0.0, 0.0], "(3, 3, 2, 2)": [-2.2144439220428467, -2.221681833267212, -2.2200264930725098, -2.2215347290039062, -2.212898015975952], "(1, 7, 2, 2)": [-2.2196013927459717, -2.21885085105896, -2.211134672164917, -2.212480306625366, -2.2202420234680176], "(1, 6, 2, 2)": [-2.2229368686676025, -2.215975761413574, -2.2170040607452393, -2.2191569805145264, -2.218493938446045], "(3, 4, 2, 2)": [-2.2107834815979004, -2.2175588607788086, -2.2219934463500977, -2.2160634994506836, -2.2160634994506836], "(2, 6, 2, 1)": [-2.2109861373901367, -2.207664966583252, 0.0, -2.202772855758667, 0.0], "(2, 5, 1, 1)": [-2.230041027069092, -2.2109861373901367, 0.0, 0.0, 0.0], "(1, 6, 2, 3)": [0.0, -2.225572109222412, 0.0, 0.0, 0.0], "(3, 7, 2, 3)": [0.0, 0.0, -2.20898699760437, 0.0, 0.0], "(3, 1, 2, 1)": [-2.261857271194458, -2.2459375858306885, -2.2276740074157715, 0.0, -2.205617904663086], "(2, 3, 3, 3)": [0.0, -2.2113871574401855, 0.0, 0.0, 0.0], "(2, 2, 2, 3)": [0.0, 0.0, 0.0, -2.1980502605438232, -2.21260404586792], "(1, 1, 2, 1)": [0.0, 0.0, 0.0, -2.2084572315216064, 0.0], "(1, 3, 2, 1)": [0.0, 0.0, 0.0, 0.0, -2.2148215770721436], "(1, 4, 2, 1)": [0.0, 0.0, -2.2148215770721436, 0.0, 0.0], "(2, 3, 1, 2)": [0.0, 0.0, 0.0, -2.2033262252807617, 0.0], "(1, 5, 2, 3)": [0.0, -2.2086591720581055, 0.0, 0.0, 0.0], "(3, 2, 2, 1)": [0.0, -2.201446533203125, -2.201444387435913, 0.0, 0.0], "(3, 3, 2, 1)": [0.0, 0.0, 0.0, 0.0, -2.201446533203125], "(3, 4, 2, 1)": [-2.201446533203125, 0.0, 0.0, 0.0, 0.0]}, "n_values": {"(2, 7, 2, 2)": [1748.0, 1597.0, 1730.0, 1838.0, 1919.0], "(2, 6, 2, 2)": [1581.0, 1654.0, 1874.0, 1769.0, 1881.0], "(2, 5, 2, 2)": [1464.0, 1479.0, 1559.0, 1556.0, 1830.0], "(2, 2, 2, 2)": [1652.0, 1679.0, 1530.0, 1461.0, 1442.0], "(2, 1, 2, 2)": [1713.0, 1643.0, 1542.0, 1483.0, 1597.0], "(2, 3, 2, 2)": [1448.0, 1517.0, 1341.0, 1309.0, 1340.0], "(2, 4, 2, 2)": [1335.0, 1350.0, 1353.0, 1336.0, 1535.0], "(2, 6, 2, 3)": [104.0, 79.0, 63.0, 80.0, 74.0], "(2, 1, 2, 1)": [49.0, 50.0, 64.0, 67.0, 60.0], "(2, 2, 2, 1)": [26.0, 39.0, 38.0, 49.0, 56.0], "(2, 4, 2, 3)": [18.0, 12.0, 17.0, 12.0, 13.0], "(2, 3, 2, 3)": [8.0, 4.0, 7.0, 7.0, 6.0], "(2, 7, 2, 3)": [95.0, 95.0, 87.0, 89.0, 80.0], "(2, 5, 2, 3)": [41.0, 61.0, 34.0, 35.0, 41.0], "(2, 3, 2, 1)": [15.0, 15.0, 15.0, 32.0, 39.0], "(1, 1, 2, 2)": [15.0, 14.0, 12.0, 13.0, 11.0], "(2, 4, 2, 1)": [17.0, 13.0, 21.0, 18.0, 21.0], "(2, 1, 1, 1)": [0.0, 1.0, 2.0, 2.0, 1.0], "(2, 5, 3, 3)": [1.0, 2.0, 0.0, 1.0, 1.0], "(3, 7, 2, 2)": [11.0, 7.0, 9.0, 14.0, 10.0], "(3, 6, 2, 2)": [5.0, 8.0, 8.0, 8.0, 8.0], "(3, 5, 2, 2)": [5.0, 5.0, 6.0, 6.0, 6.0], "(2, 7, 3, 3)": [2.0, 3.0, 2.0, 1.0, 1.0], "(2, 4, 3, 3)": [3.0, 0.0, 1.0, 1.0, 0.0], "(2, 5, 2, 1)": [4.0, 6.0, 9.0, 5.0, 4.0], "(2, 6, 3, 3)": [1.0, 2.0, 1.0, 2.0, 2.0], "(2, 3, 1, 1)": [1.0, 1.0, 1.0, 1.0, 1.0], "(2, 2, 1, 1)": [1.0, 1.0, 1.0, 0.0, 0.0], "(1, 5, 2, 2)": [7.0, 5.0, 7.0, 7.0, 6.0], "(1, 4, 2, 2)": [3.0, 3.0, 4.0, 3.0, 6.0], "(3, 1, 2, 2)": [9.0, 7.0, 6.0, 7.0, 8.0], "(3, 2, 2, 2)": [7.0, 13.0, 12.0, 8.0, 9.0], "(2, 4, 1, 1)": [0.0, 1.0, 3.0, 1.0, 0.0], "(1, 2, 2, 2)": [8.0, 9.0, 8.0, 8.0, 5.0], "(1, 3, 2, 2)": [6.0, 4.0, 4.0, 2.0, 5.0], "(1, 3, 1, 2)": [0.0, 0.0, 0.0, 0.0, 1.0], "(1, 4, 1, 1)": [0.0, 0.0, 1.0, 0.0, 0.0], "(1, 5, 1, 1)": [1.0, 0.0, 0.0, 0.0, 0.0], "(2, 5, 1, 2)": [1.0, 0.0, 0.0, 0.0, 0.0], "(3, 3, 2, 2)": [11.0, 8.0, 10.0, 8.0, 5.0], "(1, 7, 2, 2)": [4.0, 4.0, 8.0, 7.0, 6.0], "(1, 6, 2, 2)": [6.0, 7.0, 8.0, 10.0, 4.0], "(3, 4, 2, 2)": [7.0, 6.0, 5.0, 4.0, 4.0], "(2, 5, 1, 1)": [1.0, 1.0, 0.0, 0.0, 0.0], "(2, 6, 2, 1)": [1.0, 2.0, 0.0, 2.0, 0.0], "(1, 6, 2, 3)": [0.0, 1.0, 0.0, 0.0, 0.0],