{"q_values": {"(2, 7, 2, 2)": [-2.2071588039398193, -2.207467555999756, -2.2075634002685547, -2.207676887512207, -2.2084407806396484], "(2, 6, 2, 2)": [-2.211271047592163, -2.211158275604248, -2.210606813430786, -2.2112181186676025, -2.211029052734375], "(2, 5, 2, 2)": [-2.2120118141174316, -2.2120370864868164, -2.2117509841918945, -2.211961030960083, -2.211656332015991], "(2, 2, 2, 2)": [-2.211533546447754, -2.2112534046173096, -2.2112622261047363, -2.2113959789276123, -2.2114291191101074], "(2, 1, 2, 2)": [-2.2087228298187256, -2.2080631256103516, -2.207919120788574, -2.207730770111084, -2.207587718963623], "(2, 3, 2, 2)": [-2.21215558052063, -2.2117490768432617, -2.211892604827881, -2.2118375301361084, -2.2119710445404053], "(2, 4, 2, 2)": [-2.212463855743408, -2.212128162384033, -2.212322950363159, -2.2124102115631104, -2.211923360824585], "(2, 6, 2, 3)": [-2.2127785682678223, -2.213841438293457, -2.216040849685669, -2.2177999019622803, -2.2229084968566895], "(2, 1, 2, 1)": [-2.21331787109375, -2.216240167617798, -2.2120230197906494, -2.207498073577881, -2.209702968597412], "(2, 2, 2, 1)": [-2.2255091667175293, -2.2237513065338135, -2.214521646499634, -2.213489532470703, -2.2132973670959473], "(2, 4, 2, 3)": [-2.210221290588379, -2.2068910598754883, -2.211650848388672, -2.215500593185425, -2.225234270095825], "(2, 3, 2, 3)": [-2.214899778366089, -2.222885847091675, -2.205902338027954, -2.2257497310638428, -2.2256321907043457], "(2, 7, 2, 3)": [-2.2049012184143066, -2.210097551345825, -2.213310718536377, -2.211812973022461, -2.2120721340179443], "(2, 5, 2, 3)": [-2.2108421325683594, -2.2097697257995605, -2.2128372192382812, -2.217726945877075, -2.2150115966796875], "(2, 3, 2, 1)": [-2.218549966812134, -2.217672348022461, -2.2254161834716797, -2.2129907608032227, -2.2104663848876953], "(1, 1, 2, 2)": [-2.212928533554077, -2.2047276496887207, -2.213193893432617, -2.2092039585113525, -2.2055776119232178], "(2, 4, 2, 1)": [-2.220395088195801, -2.214261054992676, -2.211841344833374, -2.2083611488342285, -2.2118358612060547], "(2, 1, 1, 1)": [0.0, -2.232076644897461, -2.2099769115448, -2.20259952545166, -2.2235400676727295], "(2, 5, 3, 3)": [-2.2223284244537354, -2.2281575202941895, 0.0, -2.2274205684661865, -2.2449278831481934], "(3, 7, 2, 2)": [-2.2000012397766113, -2.2056992053985596, -2.201441526412964, -2.2026190757751465, -2.2078158855438232], "(3, 6, 2, 2)": [-2.222538471221924, -2.2117366790771484, -2.2122979164123535, -2.2059991359710693, -2.2117366790771484], "(3, 5, 2, 2)": [-2.2206296920776367, -2.214409828186035, -2.2171597480773926, -2.216161012649536, -2.216161012649536], "(2, 7, 3, 3)": [-2.229928970336914, -2.201188087463379, -2.2039146423339844, 0.0, -2.2001051902770996], "(2, 4, 3, 3)": [-2.230523109436035, 0.0, -2.2223284244537354, -2.2223284244537354, 0.0], "(2, 5, 2, 1)": [-2.201934814453125, -2.209232807159424, -2.2214155197143555, -2.209820032119751, -2.1981406211853027], "(2, 6, 3, 3)": [-2.203610897064209, -2.234649658203125, -2.247222900390625, -2.2373228073120117, -2.213517904281616], "(2, 3, 1, 1)": [0.0, 0.0, -2.2467737197875977, 0.0, -2.220508575439453], "(2, 2, 1, 1)": [0.0, -2.202817678451538, 0.0, 0.0, 0.0], "(1, 5, 2, 2)": [-2.2208406925201416, -2.2225804328918457, -2.2151365280151367, -2.2150702476501465, -2.2225804328918457], "(1, 4, 2, 2)": [-2.221951961517334, -2.221951961517334, -2.212611675262451, -2.225987434387207, -2.217895746231079], "(3, 1, 2, 2)": [-2.2123091220855713, -2.2075107097625732, -2.2109663486480713, -2.2099409103393555, -2.209564447402954], "(3, 2, 2, 2)": [-2.221484422683716, -2.214047908782959, -2.2151198387145996, -2.2134854793548584, -2.213259220123291], "(2, 4, 1, 1)": [0.0, -2.2033262252807617, -2.207156181335449, -2.1992297172546387, 0.0], "(1, 2, 2, 2)": [-2.213867425918579, -2.2121355533599854, -2.2112338542938232, -2.217745542526245, -2.2186360359191895], "(1, 3, 2, 2)": [-2.2153213024139404, -2.208498001098633, -2.2223052978515625, -2.199479341506958, -2.2165989875793457], "(1, 3, 1, 2)": [0.0, 0.0, 0.0, 0.0, -2.199479341506958], "(1, 4, 1, 1)": [0.0, 0.0, -2.199479341506958, 0.0, 0.0], "(1, 5, 1, 1)": [-2.199479341506958, 0.0, 0.0, 0.0, 0.0], "(2, 5, 1, 2)": [-2.199479341506958, 0.0, 0.0, 0.0, 0.0], "(3, 3, 2, 2)": [-2.2084319591522217, -2.21391224861145, -2.2137856483459473, -2.2137162685394287, -2.209148406982422], "(1, 7, 2, 2)": [-2.2196013927459717, -2.2192282676696777, -2.213787078857422, -2.2088451385498047, -2.226180076599121], "(1, 6, 2, 2)": [-2.221416711807251, -2.2195327281951904, -2.2196576595306396, -2.2208406925201416, -2.219338893890381], "(3, 4, 2, 2)": [-2.209228277206421, -2.2190024852752686, -2.220517635345459, -2.2121188640594482, -2.2121188640594482], "(2, 6, 2, 1)": [-2.2109861373901367, -2.2079079151153564, 0.0, -2.2079079151153564, 0.0], "(2, 5, 1, 1)": [0.0, -2.2109861373901367, 0.0, 0.0, 0.0], "(1, 6, 2, 3)": [0.0, -2.225572109222412, 0.0, 0.0, 0.0], "(3, 7, 2, 3)": [0.0, 0.0, -2.20898699760437, 0.0, 0.0], "(3, 1, 2, 1)": [0.0, -2.2459375858306885, 0.0, 0.0, 0.0], "(2, 3, 3, 3)": [0.0, -2.2113871574401855, 0.0, 0.0, 0.0], "(2, 2, 2, 3)": [0.0, 0.0, 0.0, 0.0, -2.21260404586792], "(1, 1, 2, 1)": [0.0, 0.0, 0.0, -2.2084572315216064, 0.0], "(1, 3, 2, 1)": [0.0, 0.0, 0.0, 0.0, -2.2148215770721436], "(1, 4, 2, 1)": [0.0, 0.0, -2.2148215770721436, 0.0, 0.0], "(2, 3, 1, 2)": [0.0, 0.0, 0.0, -2.2033262252807617, 0.0]}, "n_values": {"(2, 7, 2, 2)": [1337.0, 1257.0, 1366.0, 1454.0, 1503.0], "(2, 6, 2, 2)": [1261.0, 1316.0, 1454.0, 1396.0, 1491.0], "(2, 5, 2, 2)": [1167.0, 1170.0, 1253.0, 1237.0, 1433.0], "(2, 2, 2, 2)": [1297.0, 1294.0, 1203.0, 1151.0, 1145.0], "(2, 1, 2, 2)": [1347.0, 1289.0, 1194.0, 1165.0, 1219.0], "(2, 3, 2, 2)": [1178.0, 1203.0, 1082.0, 1064.0, 1078.0], "(2, 4, 2, 2)": [1094.0, 1106.0, 1102.0, 1095.0, 1237.0], "(2, 6, 2, 3)": [75.0, 58.0, 42.0, 63.0, 59.0], "(2, 1, 2, 1)": [43.0, 43.0, 58.0, 53.0, 54.0], "(2, 2, 2, 1)": [24.0, 33.0, 32.0, 43.0, 42.0], "(2, 4, 2, 3)": [13.0, 11.0, 15.0, 12.0, 9.0], "(2, 3, 2, 3)": [7.0, 3.0, 5.0, 6.0, 6.0], "(2, 7, 2, 3)": [76.0, 75.0, 68.0, 73.0, 65.0], "(2, 5, 2, 3)": [34.0, 43.0, 23.0, 28.0, 36.0], "(2, 3, 2, 1)": [13.0, 13.0, 13.0, 28.0, 32.0], "(1, 1, 2, 2)": [10.0, 10.0, 10.0, 9.0, 9.0], "(2, 4, 2, 1)": [13.0, 10.0, 19.0, 13.0, 18.0], "(2, 1, 1, 1)": [0.0, 1.0, 1.0, 1.0, 1.0], "(2, 5, 3, 3)": [1.0, 2.0, 0.0, 1.0, 1.0], "(3, 7, 2, 2)": [8.0, 6.0, 7.0, 11.0, 8.0], "(3, 6, 2, 2)": [3.0, 7.0, 6.0, 6.0, 7.0], "(3, 5, 2, 2)": [4.0, 4.0, 5.0, 5.0, 5.0], "(2, 7, 3, 3)": [2.0, 2.0, 2.0, 0.0, 1.0], "(2, 4, 3, 3)": [2.0, 0.0, 1.0, 1.0, 0.0], "(2, 5, 2, 1)": [2.0, 3.0, 4.0, 4.0, 2.0], "(2, 6, 3, 3)": [1.0, 2.0, 1.0, 2.0, 2.0], "(2, 3, 1, 1)": [0.0, 0.0, 1.0, 0.0, 1.0], "(2, 2, 1, 1)": [0.0, 1.0, 0.0, 0.0, 0.0], "(1, 5, 2, 2)": [5.0, 4.0, 5.0, 5.0, 4.0], "(1, 4, 2, 2)": [3.0, 3.0, 3.0, 2.0, 5.0], "(3, 1, 2, 2)": [8.0, 7.0, 6.0, 7.0, 8.0], "(3, 2, 2, 2)": [6.0, 11.0, 10.0, 7.0, 7.0], "(2, 4, 1, 1)": [0.0, 1.0, 2.0, 1.0, 0.0], "(1, 2, 2, 2)": [7.0, 8.0, 7.0, 7.0, 4.0], "(1, 3, 2, 2)": [4.0, 4.0, 3.0, 1.0, 4.0], "(1, 3, 1, 2)": [0.0, 0.0, 0.0, 0.0, 1.0], "(1, 4, 1, 1)": [0.0, 0.0, 1.0, 0.0, 0.0], "(1, 5, 1, 1)": [1.0, 0.0, 0.0, 0.0, 0.0], "(2, 5, 1, 2)": [1.0, 0.0, 0.0, 0.0, 0.0], "(3, 3, 2, 2)": [8.0, 6.0, 8.0, 6.0, 4.0], "(1, 7, 2, 2)": [4.0, 2.0, 5.0, 2.0, 1.0], "(1, 6, 2, 2)": [3.0, 4.0, 4.0, 5.0, 2.0], "(3, 4, 2, 2)": [5.0, 4.0, 4.0, 3.0, 3.0], "(2, 5, 1, 1)": [0.0, 1.0, 0.0, 0.0, 0.0], "(2, 6, 2, 1)": [1.0, 1.0, 0.0, 1.0, 0.0], "(1, 6, 2, 3)": [0.0, 1.0, 0.0, 0.0, 0.0], "(3, 7, 2, 3)": [0.0, 0.0, 1.0, 0.0, 0.0], "(3, 1, 2, 1)": [0.0, 1.0, 0.0, 0.0, 0.0], "(2, 3, 3, 3)": [0.0, 1.0, 0.0, 0.0, 0.0], "(2, 2, 2, 3)": [0.0, 0.0, 0.0, 0.0, 2.0], "(1, 1, 2, 1)": [0.0, 0.0, 0.0, 1.0, 0.0], "(1, 3, 2, 1)": [0.0, 0.0, 0.0, 0.0, 1.0], "(1, 4, 2, 1)": [0.0, 0.0, 1.0, 0.0, 0.0], "(2, 3, 1, 2)": [0.0, 0.0, 0.0, 1.0, 0.0]}}