{"q_values": {"(2, 7, 2, 2)": [-2.206718921661377, -2.206850290298462, -2.2072272300720215, -2.206512928009033, -2.2082314491271973], "(2, 6, 2, 2)": [-2.2119932174682617, -2.2114739418029785, -2.211216449737549, -2.211686611175537, -2.211350440979004], "(2, 5, 2, 2)": [-2.2132699489593506, -2.212796926498413, -2.2126264572143555, -2.2125332355499268, -2.2118942737579346], "(2, 2, 2, 2)": [-2.211869716644287, -2.2118937969207764, -2.2119088172912598, -2.212275505065918, -2.2125163078308105], "(2, 1, 2, 2)": [-2.209050416946411, -2.208467483520508, -2.2093119621276855, -2.208174467086792, -2.2078299522399902], "(2, 3, 2, 2)": [-2.213128089904785, -2.2128889560699463, -2.212993860244751, -2.2129008769989014, -2.2127761840820312], "(2, 4, 2, 2)": [-2.213453769683838, -2.2132134437561035, -2.2130768299102783, -2.213407278060913, -2.212916135787964], "(2, 6, 2, 3)": [-2.2129595279693604, -2.215383529663086, -2.215637683868408, -2.2177083492279053, -2.2245123386383057], "(2, 1, 2, 1)": [-2.2150461673736572, -2.214923858642578, -2.2076199054718018, -2.2087793350219727, -2.211744546890259], "(2, 2, 2, 1)": [-2.2227706909179688, -2.220417022705078, -2.216510534286499, -2.214437484741211, -2.213768482208252], "(2, 4, 2, 3)": [-2.211834669113159, -2.205286741256714, -2.2115283012390137, -2.2020883560180664, -2.2449278831481934], "(2, 3, 2, 3)": [-2.2189667224884033, 0.0, -2.2128522396087646, -2.2228856086730957, -2.233628273010254], "(2, 7, 2, 3)": [-2.2089571952819824, -2.2103257179260254, -2.2178242206573486, -2.2133913040161133, -2.2078826427459717], "(2, 5, 2, 3)": [-2.2121729850769043, -2.2090954780578613, -2.210247755050659, -2.2165865898132324, -2.2109181880950928], "(2, 3, 2, 1)": [-2.213383674621582, -2.220717430114746, -2.221381664276123, -2.215095281600952, -2.2088429927825928], "(1, 1, 2, 2)": [-2.199479341506958, -2.199479341506958, -2.199479341506958, -2.201481819152832, -2.199479341506958], "(2, 4, 2, 1)": [-2.204702615737915, -2.213540554046631, -2.2127115726470947, -2.2104249000549316, -2.2039599418640137], "(2, 1, 1, 1)": [0.0, -2.232076644897461, -2.2099769115448, -2.20259952545166, 0.0], "(2, 5, 3, 3)": [-2.2223284244537354, -2.2449278831481934, 0.0, 0.0, -2.2449278831481934], "(3, 7, 2, 2)": [-2.203626871109009, -2.2009565830230713, -2.18996524810791, -2.203615427017212, -2.2009565830230713], "(3, 6, 2, 2)": [-2.198286294937134, -2.198179244995117, -2.198179244995117, -2.198179244995117, -2.198179244995117], "(3, 5, 2, 2)": [0.0, -2.198286294937134, 0.0, -2.198286294937134, -2.198286294937134], "(2, 7, 3, 3)": [-2.2326600551605225, 0.0, -2.1767523288726807, 0.0, -2.2001051902770996], "(2, 4, 3, 3)": [0.0, 0.0, -2.2223284244537354, -2.2223284244537354, 0.0], "(2, 5, 2, 1)": [-2.1992297172546387, 0.0, 0.0, -2.2255606651306152, 0.0], "(2, 6, 3, 3)": [0.0, -2.237999677658081, 0.0, 0.0, 0.0], "(2, 3, 1, 1)": [0.0, 0.0, 0.0, 0.0, -2.220508575439453], "(2, 2, 1, 1)": [0.0, -2.202817678451538, 0.0, 0.0, 0.0], "(1, 5, 2, 2)": [0.0, 0.0, -2.1975512504577637, -2.1975512504577637, 0.0], "(1, 4, 2, 2)": [0.0, 0.0, -2.1975512504577637, 0.0, -2.1975512504577637], "(3, 1, 2, 2)": [-2.1831750869750977, -2.2052273750305176, 0.0, -2.2052273750305176, -2.2052273750305176], "(3, 2, 2, 2)": [0.0, -2.2052273750305176, -2.2052273750305176, -2.2052273750305176, 0.0], "(2, 4, 1, 1)": [0.0, 0.0, 0.0, -2.1992297172546387, 0.0], "(1, 2, 2, 2)": [-2.199479341506958, -2.199479341506958, -2.199479341506958, -2.199479341506958, -2.199479341506958], "(1, 3, 2, 2)": [-2.199479341506958, -2.199479341506958, 0.0, -2.199479341506958, -2.199479341506958], "(1, 3, 1, 2)": [0.0, 0.0, 0.0, 0.0, -2.199479341506958], "(1, 4, 1, 1)": [0.0, 0.0, -2.199479341506958, 0.0, 0.0], "(1, 5, 1, 1)": [-2.199479341506958, 0.0, 0.0, 0.0, 0.0], "(2, 5, 1, 2)": [-2.199479341506958, 0.0, 0.0, 0.0, 0.0]}, "n_values": {"(2, 7, 2, 2)": [292.0, 298.0, 334.0, 381.0, 371.0], "(2, 6, 2, 2)": [303.0, 336.0, 335.0, 338.0, 359.0], "(2, 5, 2, 2)": [284.0, 278.0, 312.0, 314.0, 347.0], "(2, 2, 2, 2)": [359.0, 334.0, 318.0, 318.0, 313.0], "(2, 1, 2, 2)": [398.0, 354.0, 341.0, 327.0, 312.0], "(2, 3, 2, 2)": [337.0, 306.0, 315.0, 303.0, 318.0], "(2, 4, 2, 2)": [318.0, 310.0, 312.0, 301.0, 333.0], "(2, 6, 2, 3)": [15.0, 17.0, 10.0, 12.0, 14.0], "(2, 1, 2, 1)": [14.0, 10.0, 15.0, 14.0, 15.0], "(2, 2, 2, 1)": [7.0, 13.0, 11.0, 12.0, 17.0], "(2, 4, 2, 3)": [4.0, 3.0, 3.0, 3.0, 1.0], "(2, 3, 2, 3)": [2.0, 0.0, 1.0, 2.0, 2.0], "(2, 7, 2, 3)": [14.0, 13.0, 14.0, 18.0, 14.0], "(2, 5, 2, 3)": [8.0, 13.0, 7.0, 8.0, 8.0], "(2, 3, 2, 1)": [6.0, 4.0, 7.0, 7.0, 12.0], "(1, 1, 2, 2)": [1.0, 1.0, 1.0, 2.0, 1.0], "(2, 4, 2, 1)": [3.0, 3.0, 6.0, 2.0, 4.0], "(2, 1, 1, 1)": [0.0, 1.0, 1.0, 1.0, 0.0], "(2, 5, 3, 3)": [1.0, 1.0, 0.0, 0.0, 1.0], "(3, 7, 2, 2)": [1.0, 2.0, 2.0, 4.0, 2.0], "(3, 6, 2, 2)": [1.0, 2.0, 2.0, 2.0, 2.0], "(3, 5, 2, 2)": [0.0, 1.0, 0.0, 1.0, 1.0], "(2, 7, 3, 3)": [1.0, 0.0, 1.0, 0.0, 1.0], "(2, 4, 3, 3)": [0.0, 0.0, 1.0, 1.0, 0.0], "(2, 5, 2, 1)": [1.0, 0.0, 0.0, 1.0, 0.0], "(2, 6, 3, 3)": [0.0, 1.0, 0.0, 0.0, 0.0], "(2, 3, 1, 1)": [0.0, 0.0, 0.0, 0.0, 1.0], "(2, 2, 1, 1)": [0.0, 1.0, 0.0, 0.0, 0.0], "(1, 5, 2, 2)": [0.0, 0.0, 1.0, 1.0, 0.0], "(1, 4, 2, 2)": [0.0, 0.0, 1.0, 0.0, 1.0], "(3, 1, 2, 2)": [1.0, 1.0, 0.0, 1.0, 1.0], "(3, 2, 2, 2)": [0.0, 1.0, 1.0, 1.0, 0.0], "(2, 4, 1, 1)": [0.0, 0.0, 0.0, 1.0, 0.0], "(1, 2, 2, 2)": [1.0, 1.0, 1.0, 1.0, 1.0], "(1, 3, 2, 2)": [1.0, 1.0, 0.0, 1.0, 1.0], "(1, 3, 1, 2)": [0.0, 0.0, 0.0, 0.0, 1.0], "(1, 4, 1, 1)": [0.0, 0.0, 1.0, 0.0, 0.0], "(1, 5, 1, 1)": [1.0, 0.0, 0.0, 0.0, 0.0], "(2, 5, 1, 2)": [1.0, 0.0, 0.0, 0.0, 0.0]}}