{"q_values": {"(2, 7, 2, 2)": [-2.404069423675537, -2.4039323329925537, -2.403078317642212, -2.4029548168182373, -2.403143882751465], "(2, 6, 2, 2)": [-2.43271803855896, -2.432798147201538, -2.4326155185699463, -2.432823419570923, -2.4330129623413086], "(2, 5, 2, 2)": [-2.4335970878601074, -2.4337098598480225, -2.4336867332458496, -2.4337358474731445, -2.4338486194610596], "(2, 2, 2, 2)": [-2.43298602104187, -2.432950258255005, -2.4327476024627686, -2.4328672885894775, -2.4331014156341553], "(2, 1, 2, 2)": [-2.4049978256225586, -2.4064557552337646, -2.4063010215759277, -2.4049437046051025, -2.4049856662750244], "(2, 3, 2, 2)": [-2.43375301361084, -2.433744430541992, -2.433662176132202, -2.43377423286438, -2.434023857116699], "(2, 4, 2, 2)": [-2.4339888095855713, -2.4339613914489746, -2.433830499649048, -2.4339070320129395, -2.4338929653167725], "(2, 6, 2, 3)": [-2.4367592334747314, -2.4352869987487793, -2.441840648651123, -2.4451072216033936, -2.4491517543792725], "(2, 1, 2, 1)": [-2.30989670753479, -2.3110499382019043, -2.326906442642212, -2.311774253845215, -2.3230371475219727], "(2, 2, 2, 1)": [-2.4442670345306396, -2.4426796436309814, -2.438878059387207, -2.4342174530029297, -2.4354145526885986], "(2, 4, 2, 3)": [-2.4343507289886475, -2.433297872543335, -2.442110300064087, -2.439969778060913, -2.443155288696289], "(2, 3, 2, 3)": [-2.4341001510620117, -2.428770065307617, -2.435269355773926, -2.4306910037994385, -2.452078104019165], "(2, 7, 2, 3)": [-2.319643259048462, -2.3129184246063232, -2.332547187805176, -2.348036527633667, -2.2882649898529053], "(2, 5, 2, 3)": [-2.4356799125671387, -2.43342661857605, -2.4427542686462402, -2.441728353500366, -2.4388458728790283], "(2, 3, 2, 1)": [-2.436716318130493, -2.441941022872925, -2.4420530796051025, -2.4349613189697266, -2.435351848602295], "(1, 1, 2, 2)": [-2.399794101715088, -2.414982318878174, -2.397712230682373, -2.376030683517456, -2.368739366531372], "(2, 4, 2, 1)": [-2.4402289390563965, -2.4355130195617676, -2.4342868328094482, -2.437899112701416, -2.435234308242798], "(2, 1, 1, 1)": [0.0, -2.4309744834899902, -2.324282646179199, -2.207179546356201, 0.0], "(2, 5, 3, 3)": [0.0, -2.4654150009155273, 0.0, -2.443685531616211, -2.4642550945281982], "(1, 2, 2, 2)": [-2.433845281600952, -2.432945728302002, -2.435356616973877, -2.435039758682251, -2.434819459915161], "(2, 7, 3, 3)": [-2.3278298377990723, 0.0, -2.3382651805877686, -2.2081034183502197, -2.2095112800598145], "(3, 7, 2, 2)": [-2.4022955894470215, -2.379628896713257, -2.382735013961792, -2.4075756072998047, -2.3692474365234375], "(3, 6, 2, 2)": [-2.439805030822754, -2.4381422996520996, -2.438645839691162, -2.4398744106292725, -2.4346084594726562], "(3, 5, 2, 2)": [-2.4430899620056152, -2.440075397491455, -2.4363486766815186, -2.4367480278015137, -2.434563398361206], "(2, 5, 2, 1)": [-2.4524600505828857, -2.4408862590789795, -2.430096387863159, -2.4354782104492188, -2.4500322341918945], "(2, 6, 2, 1)": [0.0, -2.4500937461853027, -2.4356791973114014, 0.0, 0.0], "(3, 1, 2, 2)": [-2.3540287017822266, -2.4209365844726562, -2.3627891540527344, -2.4327197074890137, -2.426067352294922], "(3, 2, 2, 2)": [-2.44012188911438, -2.4417388439178467, -2.438408851623535, -2.4404492378234863, -2.4383649826049805], "(3, 3, 2, 2)": [-2.443459987640381, -2.441004514694214, -2.4367220401763916, -2.439767599105835, -2.4418649673461914], "(3, 4, 2, 2)": [-2.450364351272583, -2.4374914169311523, -2.4445693492889404, -2.44899845123291, -2.4455952644348145], "(1, 3, 2, 2)": [-2.4321956634521484, -2.4312522411346436, -2.432772636413574, -2.4361801147460938, -2.4330577850341797], "(1, 6, 2, 2)": [-2.431331157684326, -2.428767204284668, -2.430438995361328, -2.4323277473449707, -2.4271628856658936], "(1, 7, 2, 2)": [-2.388317823410034, -2.425363302230835, -2.4254813194274902, -2.3918745517730713, -2.419828414916992], "(1, 5, 2, 3)": [-2.4261624813079834, -2.4313201904296875, 0.0, 0.0, -2.4315390586853027], "(1, 5, 2, 2)": [-2.428530216217041, -2.433867931365967, -2.428530216217041, -2.4329326152801514, -2.4329323768615723], "(1, 4, 2, 2)": [-2.4305453300476074, -2.4329233169555664, -2.4313602447509766, -2.4305453300476074, -2.431394100189209], "(3, 1, 2, 1)": [-2.364786386489868, -2.4330191612243652, -2.2162020206451416, 0.0, -2.2224552631378174], "(3, 7, 2, 3)": [-2.309192180633545, 0.0, -2.3132872581481934, -2.4083306789398193, 0.0], "(1, 7, 2, 3)": [-2.430666208267212, 0.0, -2.407247543334961, -2.1767897605895996, 0.0], "(3, 4, 2, 1)": [0.0, 0.0, 0.0, 0.0, -2.44004487991333], "(1, 6, 2, 3)": [0.0, -2.430075168609619, 0.0, -2.4291317462921143, 0.0], "(2, 6, 3, 3)": [-2.4588706493377686, -2.4288103580474854, -2.441486120223999, 0.0, -2.422112464904785], "(2, 2, 1, 1)": [-2.4394946098327637, -2.4062764644622803, 0.0, 0.0, 0.0], "(2, 3, 1, 1)": [-2.441692352294922, -2.4224674701690674, -2.4469757080078125, 0.0, 0.0], "(2, 4, 1, 1)": [-2.4419121742248535, 0.0, 0.0, 0.0, 0.0], "(3, 6, 2, 3)": [0.0, 0.0, 0.0, -2.4532828330993652, -2.4510746002197266], "(2, 4, 3, 3)": [-2.437102794647217, -2.4398796558380127, 0.0, 0.0, -2.4398796558380127], "(1, 2, 2, 1)": [0.0, 0.0, 0.0, -2.4222278594970703, 0.0], "(1, 2, 1, 1)": [0.0, 0.0, -2.422445774078369, 0.0, 0.0], "(1, 4, 2, 3)": [0.0, 0.0, 0.0, 0.0, -2.431560754776001], "(1, 1, 2, 1)": [0.0, -2.4385993480682373, 0.0, 0.0, -2.4166300296783447], "(3, 2, 2, 1)": [-2.4663310050964355, 0.0, -2.4691476821899414, 0.0, 0.0], "(3, 3, 2, 1)": [0.0, 0.0, 0.0, -2.4659807682037354, 0.0], "(2, 2, 3, 2)": [0.0, -2.4242677688598633, 0.0, 0.0, 0.0], "(3, 6, 3, 3)": [-2.4192728996276855, 0.0, 0.0, 0.0, 0.0], "(3, 2, 3, 2)": [-2.4371414184570312, 0.0, 0.0, 0.0, 0.0]}, "n_values": {"(2, 7, 2, 2)": [1383.0, 1511.0, 1524.0, 1646.0, 1868.0], "(2, 6, 2, 2)": [1526.0, 1481.0, 1638.0, 1602.0, 1699.0], "(2, 5, 2, 2)": [1582.0, 1562.0, 1726.0, 1571.0, 1701.0], "(2, 2, 2, 2)": [1968.0, 1818.0, 1885.0, 1738.0, 1626.0], "(2, 1, 2, 2)": [2105.0, 1829.0, 1751.0, 1718.0, 1642.0], "(2, 3, 2, 2)": [1800.0, 1718.0, 1824.0, 1689.0, 1628.0], "(2, 4, 2, 2)": [1663.0, 1640.0, 1741.0, 1589.0, 1592.0], "(2, 6, 2, 3)": [43.0, 65.0, 41.0, 51.0, 44.0], "(2, 1, 2, 1)": [112.0, 74.0, 78.0, 70.0, 91.0], "(2, 2, 2, 1)": [42.0, 56.0, 48.0, 71.0, 66.0], "(2, 4, 2, 3)": [15.0, 19.0, 13.0, 18.0, 15.0], "(2, 3, 2, 3)": [5.0, 9.0, 6.0, 5.0, 4.0], "(2, 7, 2, 3)": [67.0, 71.0, 51.0, 67.0, 82.0], "(2, 5, 2, 3)": [20.0, 29.0, 30.0, 34.0, 27.0], "(2, 3, 2, 1)": [39.0, 26.0, 26.0, 57.0, 41.0], "(1, 1, 2, 2)": [16.0, 21.0, 16.0, 18.0, 16.0], "(2, 4, 2, 1)": [17.0, 12.0, 22.0, 25.0, 26.0], "(2, 1, 1, 1)": [0.0, 1.0, 2.0, 3.0, 0.0], "(2, 5, 3, 3)": [0.0, 2.0, 0.0, 1.0, 2.0], "(1, 2, 2, 2)": [15.0, 16.0, 16.0, 11.0, 14.0], "(2, 7, 3, 3)": [2.0, 0.0, 3.0, 1.0, 2.0], "(3, 7, 2, 2)": [8.0, 10.0, 10.0, 11.0, 8.0], "(3, 6, 2, 2)": [10.0, 11.0, 11.0, 10.0, 15.0], "(3, 5, 2, 2)": [6.0, 11.0, 7.0, 10.0, 10.0], "(2, 5, 2, 1)": [3.0, 7.0, 11.0, 5.0, 2.0], "(2, 6, 2, 1)": [0.0, 1.0, 1.0, 0.0, 0.0], "(3, 1, 2, 2)": [12.0, 8.0, 11.0, 9.0, 8.0], "(3, 2, 2, 2)": [12.0, 10.0, 11.0, 10.0, 13.0], "(3, 3, 2, 2)": [11.0, 8.0, 13.0, 10.0, 11.0], "(3, 4, 2, 2)": [10.0, 7.0, 8.0, 5.0, 8.0], "(1, 7, 2, 2)": [6.0, 6.0, 4.0, 7.0, 6.0], "(1, 6, 2, 2)": [5.0, 5.0, 6.0, 7.0, 7.0], "(1, 5, 2, 3)": [1.0, 1.0, 0.0, 0.0, 1.0], "(1, 5, 2, 2)": [4.0, 5.0, 4.0, 7.0, 7.0], "(1, 3, 2, 2)": [9.0, 8.0, 9.0, 6.0, 9.0], "(1, 4, 2, 2)": [6.0, 5.0, 5.0, 6.0, 6.0], "(3, 1, 2, 1)": [3.0, 1.0, 1.0, 0.0, 1.0], "(3, 7, 2, 3)": [2.0, 0.0, 2.0, 1.0, 0.0], "(1, 7, 2, 3)": [1.0, 0.0, 1.0, 1.0, 0.0], "(3, 4, 2, 1)": [0.0, 0.0, 0.0, 0.0, 1.0], "(1, 6, 2, 3)": [0.0, 1.0, 0.0, 1.0, 0.0], "(2, 6, 3, 3)": [1.0, 1.0, 1.0, 0.0, 2.0], "(2, 2, 1, 1)": [1.0, 1.0, 0.0, 0.0, 0.0], "(2, 3, 1, 1)": [1.0, 1.0, 2.0, 0.0, 0.0], "(2, 4, 1, 1)": [1.0, 0.0, 0.0, 0.0, 0.0], "(3, 6, 2, 3)": [0.0, 0.0, 0.0, 1.0, 1.0], "(2, 4, 3, 3)": [1.0, 1.0, 0.0, 0.0, 1.0], "(1, 2, 2, 1)": [0.0, 0.0, 0.0, 1.0, 0.0], "(1, 2, 1, 1)": [0.0, 0.0, 1.0, 0.0, 0.0],