{"q_values": {"(2, 7, 2, 2)": [-23.631427764892578, -20.779495239257812, -18.12625503540039, -15.234945297241211, -13.381728172302246], "(2, 6, 2, 2)": [-45.424705505371094, -41.50978469848633, -37.67162322998047, -34.5301513671875, -30.478116989135742], "(2, 5, 2, 2)": [-59.98613357543945, -57.15562057495117, -54.21331787109375, -50.77776336669922, -47.75642776489258], "(2, 2, 2, 2)": [-32.93290328979492, -36.61586380004883, -41.25577926635742, -43.97996520996094, -47.546531677246094], "(2, 1, 2, 2)": [-13.022910118103027, -15.601103782653809, -18.169456481933594, -21.71379280090332, -24.420644760131836], "(2, 3, 2, 2)": [-51.14088439941406, -53.55155563354492, -56.030677795410156, -58.580562591552734, -61.252342224121094], "(2, 4, 2, 2)": [-63.548072814941406, -63.42512893676758, -62.88311004638672, -60.76523208618164, -60.013858795166016], "(2, 6, 2, 3)": [-13.882925033569336, -10.507582664489746, -9.759987831115723, -8.099601745605469, -9.326053619384766], "(2, 1, 2, 1)": [-3.5423362255096436, -3.4184348583221436, -3.758413791656494, -3.304574728012085, -3.940765619277954], "(2, 2, 2, 1)": [-7.573773384094238, -7.938266277313232, -8.624030113220215, -11.866527557373047, -13.73145580291748], "(2, 4, 2, 3)": [-30.889862060546875, -39.046085357666016, -27.147960662841797, -19.523067474365234, -19.888385772705078], "(2, 3, 2, 3)": [-85.32161712646484, -24.052282333374023, -60.99817657470703, -24.192134857177734, 0.0], "(2, 7, 2, 3)": [-3.940789222717285, -3.768723964691162, -3.6632213592529297, -3.4439797401428223, -3.396052837371826], "(2, 5, 2, 3)": [-28.068328857421875, -20.524885177612305, -14.555036544799805, -12.885676383972168, -14.125699996948242], "(2, 3, 2, 1)": [-11.609747886657715, -20.479154586791992, -14.689298629760742, -23.101961135864258, -27.586490631103516], "(2, 4, 2, 1)": [-23.11761474609375, -22.98288345336914, -24.373010635375977, -48.47975158691406, -37.94906234741211], "(2, 7, 3, 3)": [-3.3037941455841064, 0.0, -2.185631036758423, -4.407423973083496, -2.9373271465301514], "(2, 6, 3, 3)": [-10.993489265441895, 0.0, -13.054486274719238, -6.60183048248291, 0.0], "(2, 3, 1, 1)": [0.0, -15.290449142456055, -13.106099128723145, -24.176132202148438, 0.0], "(2, 5, 3, 3)": [-11.221538543701172, -13.343994140625, 0.0, 0.0, 0.0], "(2, 2, 2, 3)": [0.0, -89.54580688476562, -35.006771087646484, 0.0, 0.0], "(3, 1, 2, 2)": [0.0, -6.570622444152832, 0.0, 0.0, -4.380414962768555], "(3, 2, 2, 2)": [-10.951037406921387, 0.0, 0.0, -13.141244888305664, 0.0], "(3, 3, 2, 2)": [-18.67155647277832, -18.698951721191406, -19.711868286132812, -30.66291046142578, -26.282493591308594], "(3, 5, 2, 2)": [-43.804161071777344, -125.98385620117188, -129.27059936523438, -116.08103942871094, -125.98457336425781], "(3, 6, 2, 2)": [-86.22241973876953, -79.63697814941406, -97.50825500488281, -119.41178894042969, -69.41692352294922], "(3, 7, 2, 2)": [-93.11990356445312, -65.76220703125, -48.76409149169922, -67.20695495605469, -5.504899978637695], "(3, 4, 2, 2)": [-122.65166473388672, 0.0, -124.84187316894531, -143.51055908203125, -138.03433227539062], "(2, 5, 2, 1)": [-27.377378463745117, -39.45277404785156, -39.37638473510742, -73.23907470703125, -66.86556243896484], "(1, 1, 2, 2)": [-3.281289577484131, -4.360187530517578, -8.731657028198242, -9.45563793182373, -10.905084609985352], "(2, 1, 1, 1)": [0.0, 0.0, 0.0, 0.0, -2.182025909423828], "(2, 2, 1, 1)": [-4.364051818847656, 0.0, 0.0, -6.620786666870117, 0.0], "(2, 6, 2, 1)": [0.0, 0.0, 0.0, -34.97188949584961, 0.0], "(1, 1, 2, 1)": [0.0, 0.0, 0.0, 0.0, -4.435508728027344]}, "n_values": {"(2, 7, 2, 2)": [1378.0, 1491.0, 1532.0, 1612.0, 2078.0], "(2, 6, 2, 2)": [1307.0, 1361.0, 1430.0, 1491.0, 1866.0], "(2, 5, 2, 2)": [1191.0, 1247.0, 1276.0, 1317.0, 1591.0], "(2, 2, 2, 2)": [1667.0, 1382.0, 1294.0, 1264.0, 1248.0], "(2, 1, 2, 2)": [1938.0, 1533.0, 1432.0, 1347.0, 1340.0], "(2, 3, 2, 2)": [1356.0, 1177.0, 1168.0, 1131.0, 1092.0], "(2, 4, 2, 2)": [1097.0, 1081.0, 1116.0, 1111.0, 1277.0], "(2, 6, 2, 3)": [72.0, 66.0, 74.0, 98.0, 65.0], "(2, 1, 2, 1)": [78.0, 85.0, 89.0, 129.0, 78.0], "(2, 2, 2, 1)": [68.0, 46.0, 44.0, 45.0, 41.0], "(2, 4, 2, 3)": [9.0, 7.0, 6.0, 8.0, 4.0], "(2, 3, 2, 3)": [1.0, 1.0, 2.0, 3.0, 0.0], "(2, 7, 2, 3)": [122.0, 112.0, 99.0, 123.0, 150.0], "(2, 5, 2, 3)": [35.0, 28.0, 33.0, 37.0, 37.0], "(2, 3, 2, 1)": [17.0, 23.0, 20.0, 19.0, 21.0], "(2, 4, 2, 1)": [11.0, 2.0, 11.0, 14.0, 6.0], "(2, 7, 3, 3)": [2.0, 0.0, 1.0, 1.0, 3.0], "(2, 6, 3, 3)": [2.0, 0.0, 1.0, 1.0, 0.0], "(2, 3, 1, 1)": [0.0, 1.0, 1.0, 1.0, 0.0], "(2, 5, 3, 3)": [1.0, 1.0, 0.0, 0.0, 0.0], "(2, 2, 2, 3)": [0.0, 1.0, 1.0, 0.0, 0.0], "(3, 1, 2, 2)": [0.0, 1.0, 0.0, 0.0, 1.0], "(3, 2, 2, 2)": [1.0, 0.0, 0.0, 1.0, 0.0], "(3, 3, 2, 2)": [2.0, 2.0, 1.0, 1.0, 1.0], "(3, 5, 2, 2)": [1.0, 2.0, 2.0, 1.0, 2.0], "(3, 6, 2, 2)": [3.0, 3.0, 2.0, 2.0, 3.0], "(3, 7, 2, 2)": [2.0, 2.0, 4.0, 3.0, 2.0], "(3, 4, 2, 2)": [1.0, 0.0, 1.0, 2.0, 2.0], "(2, 5, 2, 1)": [4.0, 3.0, 3.0, 3.0, 4.0], "(1, 1, 2, 2)": [4.0, 2.0, 2.0, 3.0, 1.0], "(2, 1, 1, 1)": [0.0, 0.0, 0.0, 0.0, 1.0], "(2, 2, 1, 1)": [1.0, 0.0, 0.0, 1.0, 0.0], "(2, 6, 2, 1)": [0.0, 0.0, 0.0, 1.0, 0.0], "(1, 1, 2, 1)": [0.0, 0.0, 0.0, 0.0, 1.0]}}