{"q_values": {"(2, 7, 2, 2)": [-24.789901733398438, -21.597858428955078, -19.020633697509766, -16.035585403442383, -13.879476547241211], "(2, 6, 2, 2)": [-47.43594741821289, -43.125675201416016, -39.360172271728516, -35.78569030761719, -31.684885025024414], "(2, 5, 2, 2)": [-62.045475006103516, -58.86592102050781, -55.98271942138672, -52.49009323120117, -49.745323181152344], "(2, 2, 2, 2)": [-34.418800354003906, -38.10684585571289, -43.21333312988281, -45.86899185180664, -49.57843780517578], "(2, 1, 2, 2)": [-13.366972923278809, -16.308311462402344, -19.060224533081055, -22.91167640686035, -25.35970687866211], "(2, 3, 2, 2)": [-53.093955993652344, -55.736785888671875, -58.26282501220703, -60.524166107177734, -63.591854095458984], "(2, 4, 2, 2)": [-65.60536193847656, -65.183837890625, -64.50627136230469, -62.32366180419922, -61.8347282409668], "(2, 6, 2, 3)": [-14.668601036071777, -10.841094970703125, -9.952829360961914, -8.083244323730469, -9.5643892288208], "(2, 1, 2, 1)": [-3.507014036178589, -3.396968126296997, -3.6989448070526123, -3.392932891845703, -3.9030349254608154], "(2, 2, 2, 1)": [-7.610921382904053, -8.159560203552246, -8.616613388061523, -12.652970314025879, -13.480159759521484], "(2, 4, 2, 3)": [-24.37688446044922, -34.2493896484375, -29.056440353393555, -19.458023071289062, -19.888385772705078], "(2, 3, 2, 3)": [-85.32161712646484, -24.052282333374023, -60.99817657470703, -25.284725189208984, 0.0], "(2, 7, 2, 3)": [-4.012587547302246, -3.8394675254821777, -3.7095911502838135, -3.3882179260253906, -3.347377300262451], "(2, 5, 2, 3)": [-29.18805694580078, -20.116329193115234, -14.889257431030273, -13.171087265014648, -14.672910690307617], "(2, 3, 2, 1)": [-11.65363597869873, -21.063663482666016, -14.874187469482422, -24.39018440246582, -27.20016860961914], "(2, 4, 2, 1)": [-24.120471954345703, -22.98288345336914, -23.058313369750977, -52.34693908691406, -37.94906234741211], "(2, 7, 3, 3)": [-3.3037941455841064, 0.0, -2.185631036758423, -4.407423973083496, -3.30029296875], "(2, 6, 3, 3)": [-10.993489265441895, 0.0, -13.054486274719238, -6.60183048248291, 0.0], "(2, 3, 1, 1)": [0.0, -15.290449142456055, -13.106099128723145, -24.176132202148438, 0.0], "(2, 5, 3, 3)": [-11.221538543701172, -13.343994140625, 0.0, 0.0, 0.0], "(2, 2, 2, 3)": [0.0, 0.0, -35.006771087646484, 0.0, 0.0], "(3, 1, 2, 2)": [0.0, -6.570622444152832, 0.0, 0.0, -4.380414962768555], "(3, 2, 2, 2)": [-10.951037406921387, 0.0, 0.0, -13.141244888305664, 0.0], "(3, 3, 2, 2)": [-24.09228515625, -17.52165985107422, -19.711868286132812, -30.66291046142578, -26.282493591308594], "(3, 5, 2, 2)": [-43.804161071777344, -125.98385620117188, -129.27059936523438, -116.08103942871094, -125.98457336425781], "(3, 6, 2, 2)": [-86.22241973876953, -79.63697814941406, -97.50825500488281, -119.41178894042969, -69.41692352294922], "(3, 7, 2, 2)": [-93.11990356445312, -65.76220703125, -48.76409149169922, -67.20695495605469, -5.504899978637695], "(3, 4, 2, 2)": [-122.65166473388672, 0.0, -124.84187316894531, -143.51055908203125, -138.03433227539062], "(2, 5, 2, 1)": [-27.377378463745117, -39.45277404785156, -39.37638473510742, -73.23907470703125, -66.86556243896484], "(1, 1, 2, 2)": [-3.281289577484131, -4.360187530517578, -8.731657028198242, -9.45563793182373, -10.905084609985352], "(2, 1, 1, 1)": [0.0, 0.0, 0.0, 0.0, -2.182025909423828], "(2, 2, 1, 1)": [-4.364051818847656, 0.0, 0.0, -6.620786666870117, 0.0], "(2, 6, 2, 1)": [0.0, 0.0, 0.0, -34.97188949584961, 0.0], "(1, 1, 2, 1)": [0.0, 0.0, 0.0, 0.0, -4.435508728027344]}, "n_values": {"(2, 7, 2, 2)": [1137.0, 1226.0, 1248.0, 1319.0, 1652.0], "(2, 6, 2, 2)": [1070.0, 1131.0, 1179.0, 1232.0, 1501.0], "(2, 5, 2, 2)": [992.0, 1048.0, 1071.0, 1102.0, 1291.0], "(2, 2, 2, 2)": [1346.0, 1160.0, 1075.0, 1061.0, 1036.0], "(2, 1, 2, 2)": [1550.0, 1276.0, 1174.0, 1113.0, 1105.0], "(2, 3, 2, 2)": [1114.0, 993.0, 959.0, 951.0, 915.0], "(2, 4, 2, 2)": [934.0, 919.0, 950.0, 952.0, 1075.0], "(2, 6, 2, 3)": [59.0, 52.0, 60.0, 74.0, 56.0], "(2, 1, 2, 1)": [58.0, 68.0, 69.0, 92.0, 63.0], "(2, 2, 2, 1)": [52.0, 38.0, 42.0, 33.0, 39.0], "(2, 4, 2, 3)": [8.0, 6.0, 5.0, 6.0, 4.0], "(2, 3, 2, 3)": [1.0, 1.0, 2.0, 2.0, 0.0], "(2, 7, 2, 3)": [93.0, 83.0, 80.0, 84.0, 108.0], "(2, 5, 2, 3)": [32.0, 24.0, 24.0, 27.0, 25.0], "(2, 3, 2, 1)": [16.0, 21.0, 19.0, 17.0, 20.0], "(2, 4, 2, 1)": [10.0, 2.0, 10.0, 12.0, 6.0], "(2, 7, 3, 3)": [2.0, 0.0, 1.0, 1.0, 2.0], "(2, 6, 3, 3)": [2.0, 0.0, 1.0, 1.0, 0.0], "(2, 3, 1, 1)": [0.0, 1.0, 1.0, 1.0, 0.0], "(2, 5, 3, 3)": [1.0, 1.0, 0.0, 0.0, 0.0], "(2, 2, 2, 3)": [0.0, 0.0, 1.0, 0.0, 0.0], "(3, 1, 2, 2)": [0.0, 1.0, 0.0, 0.0, 1.0], "(3, 2, 2, 2)": [1.0, 0.0, 0.0, 1.0, 0.0], "(3, 3, 2, 2)": [1.0, 1.0, 1.0, 1.0, 1.0], "(3, 5, 2, 2)": [1.0, 2.0, 2.0, 1.0, 2.0], "(3, 6, 2, 2)": [3.0, 3.0, 2.0, 2.0, 3.0], "(3, 7, 2, 2)": [2.0, 2.0, 4.0, 3.0, 2.0], "(3, 4, 2, 2)": [1.0, 0.0, 1.0, 2.0, 2.0], "(2, 5, 2, 1)": [4.0, 3.0, 3.0, 3.0, 4.0], "(1, 1, 2, 2)": [4.0, 2.0, 2.0, 3.0, 1.0], "(2, 1, 1, 1)": [0.0, 0.0, 0.0, 0.0, 1.0], "(2, 2, 1, 1)": [1.0, 0.0, 0.0, 1.0, 0.0], "(2, 6, 2, 1)": [0.0, 0.0, 0.0, 1.0, 0.0], "(1, 1, 2, 1)": [0.0, 0.0, 0.0, 0.0, 1.0]}}