{"q_values": {"(2, 7, 2, 2)": [-25.262210845947266, -22.196041107177734, -19.466472625732422, -16.273067474365234, -14.231329917907715], "(2, 6, 2, 2)": [-48.258155822753906, -43.46403884887695, -40.167667388916016, -36.40066909790039, -32.32771301269531], "(2, 5, 2, 2)": [-62.482940673828125, -59.328155517578125, -56.675498962402344, -53.311431884765625, -50.62440872192383], "(2, 2, 2, 2)": [-34.494022369384766, -38.56715393066406, -43.51601028442383, -46.15642547607422, -49.821815490722656], "(2, 1, 2, 2)": [-13.374863624572754, -16.505908966064453, -19.256563186645508, -23.021818161010742, -25.570608139038086], "(2, 3, 2, 2)": [-53.51594924926758, -56.212158203125, -58.98909378051758, -61.40541458129883, -64.40760040283203], "(2, 4, 2, 2)": [-65.9727783203125, -65.50373840332031, -65.00850677490234, -63.197235107421875, -62.60765075683594], "(2, 6, 2, 3)": [-15.513855934143066, -10.967013359069824, -10.0599946975708, -8.130824089050293, -9.819294929504395], "(2, 1, 2, 1)": [-3.521186590194702, -3.3686249256134033, -3.666469097137451, -3.352926254272461, -4.024975776672363], "(2, 2, 2, 1)": [-7.46473503112793, -8.258040428161621, -8.65145492553711, -10.345809936523438, -13.49393367767334], "(2, 4, 2, 3)": [-25.023866653442383, -25.387670516967773, -29.056440353393555, -19.458023071289062, -21.281129837036133], "(2, 3, 2, 3)": [-85.32161712646484, -24.052282333374023, -60.99817657470703, -25.284725189208984, 0.0], "(2, 7, 2, 3)": [-4.092379570007324, -3.760638475418091, -3.6330621242523193, -3.5181517601013184, -3.1961629390716553], "(2, 5, 2, 3)": [-29.025808334350586, -20.575387954711914, -15.053000450134277, -13.358569145202637, -15.362508773803711], "(2, 3, 2, 1)": [-11.691954612731934, -21.56396484375, -14.874187469482422, -24.67075538635254, -27.20016860961914], "(2, 4, 2, 1)": [-24.120471954345703, -22.98288345336914, -23.058313369750977, -52.34693908691406, -37.94906234741211], "(2, 7, 3, 3)": [-3.3037941455841064, 0.0, -2.185631036758423, -4.407423973083496, -3.30029296875], "(2, 6, 3, 3)": [-10.993489265441895, 0.0, -13.054486274719238, -6.60183048248291, 0.0], "(2, 3, 1, 1)": [0.0, -15.290449142456055, -13.106099128723145, -24.176132202148438, 0.0], "(2, 5, 3, 3)": [0.0, -13.343994140625, 0.0, 0.0, 0.0], "(2, 2, 2, 3)": [0.0, 0.0, -35.006771087646484, 0.0, 0.0], "(3, 1, 2, 2)": [0.0, -6.570622444152832, 0.0, 0.0, -4.380414962768555], "(3, 2, 2, 2)": [-10.951037406921387, 0.0, 0.0, -13.141244888305664, 0.0], "(3, 3, 2, 2)": [-24.09228515625, -17.52165985107422, -19.711868286132812, -30.66291046142578, -26.282493591308594], "(3, 5, 2, 2)": [-43.804161071777344, -125.98385620117188, -129.27059936523438, -116.08103942871094, -125.98457336425781], "(3, 6, 2, 2)": [-121.60271453857422, -113.93338012695312, -97.50825500488281, -119.41178894042969, -97.49888610839844], "(3, 7, 2, 2)": [-93.11990356445312, -65.76220703125, -63.54623031616211, -67.20695495605469, -4.383301258087158], "(3, 4, 2, 2)": [-122.65166473388672, 0.0, -124.84187316894531, -143.51055908203125, -138.03433227539062], "(2, 5, 2, 1)": [-27.377378463745117, -39.45277404785156, -39.37638473510742, -73.23907470703125, -66.86556243896484], "(1, 1, 2, 2)": [-3.281289577484131, -6.527242660522461, -8.731657028198242, -11.990324020385742, -10.905084609985352], "(2, 1, 1, 1)": [0.0, 0.0, 0.0, 0.0, -2.182025909423828], "(2, 2, 1, 1)": [-4.364051818847656, 0.0, 0.0, -6.620786666870117, 0.0], "(2, 6, 2, 1)": [0.0, 0.0, 0.0, -34.97188949584961, 0.0], "(1, 1, 2, 1)": [0.0, 0.0, 0.0, 0.0, -4.435508728027344]}, "n_values": {"(2, 7, 2, 2)": [1034.0, 1112.0, 1134.0, 1203.0, 1485.0], "(2, 6, 2, 2)": [984.0, 1041.0, 1086.0, 1126.0, 1361.0], "(2, 5, 2, 2)": [918.0, 962.0, 991.0, 1018.0, 1165.0], "(2, 2, 2, 2)": [1223.0, 1058.0, 979.0, 974.0, 948.0], "(2, 1, 2, 2)": [1402.0, 1174.0, 1070.0, 1017.0, 1011.0], "(2, 3, 2, 2)": [1017.0, 914.0, 882.0, 872.0, 837.0], "(2, 4, 2, 2)": [869.0, 862.0, 890.0, 881.0, 990.0], "(2, 6, 2, 3)": [48.0, 47.0, 48.0, 63.0, 48.0], "(2, 1, 2, 1)": [54.0, 64.0, 63.0, 80.0, 54.0], "(2, 2, 2, 1)": [48.0, 33.0, 37.0, 31.0, 37.0], "(2, 4, 2, 3)": [7.0, 5.0, 5.0, 6.0, 3.0], "(2, 3, 2, 3)": [1.0, 1.0, 2.0, 2.0, 0.0], "(2, 7, 2, 3)": [81.0, 73.0, 72.0, 74.0, 91.0], "(2, 5, 2, 3)": [30.0, 21.0, 23.0, 23.0, 21.0], "(2, 3, 2, 1)": [15.0, 20.0, 19.0, 16.0, 20.0], "(2, 4, 2, 1)": [10.0, 2.0, 10.0, 12.0, 6.0], "(2, 7, 3, 3)": [2.0, 0.0, 1.0, 1.0, 2.0], "(2, 6, 3, 3)": [2.0, 0.0, 1.0, 1.0, 0.0], "(2, 3, 1, 1)": [0.0, 1.0, 1.0, 1.0, 0.0], "(2, 5, 3, 3)": [0.0, 1.0, 0.0, 0.0, 0.0], "(2, 2, 2, 3)": [0.0, 0.0, 1.0, 0.0, 0.0], "(3, 1, 2, 2)": [0.0, 1.0, 0.0, 0.0, 1.0], "(3, 2, 2, 2)": [1.0, 0.0, 0.0, 1.0, 0.0], "(3, 3, 2, 2)": [1.0, 1.0, 1.0, 1.0, 1.0], "(3, 5, 2, 2)": [1.0, 2.0, 2.0, 1.0, 2.0], "(3, 6, 2, 2)": [2.0, 2.0, 2.0, 2.0, 2.0], "(3, 7, 2, 2)": [2.0, 2.0, 3.0, 3.0, 1.0], "(3, 4, 2, 2)": [1.0, 0.0, 1.0, 2.0, 2.0], "(2, 5, 2, 1)": [4.0, 3.0, 3.0, 3.0, 4.0], "(1, 1, 2, 2)": [4.0, 1.0, 2.0, 2.0, 1.0], "(2, 1, 1, 1)": [0.0, 0.0, 0.0, 0.0, 1.0], "(2, 2, 1, 1)": [1.0, 0.0, 0.0, 1.0, 0.0], "(2, 6, 2, 1)": [0.0, 0.0, 0.0, 1.0, 0.0], "(1, 1, 2, 1)": [0.0, 0.0, 0.0, 0.0, 1.0]}}