{"q_values": {"(2, 7, 2, 2)": [-30.07710075378418, -26.558509826660156, -23.662967681884766, -18.67153549194336, -17.217878341674805], "(2, 6, 2, 2)": [-51.664825439453125, -45.93479537963867, -43.67401885986328, -40.62153244018555, -36.15813064575195], "(2, 5, 2, 2)": [-68.27050018310547, -64.63215637207031, -60.588985443115234, -58.414527893066406, -53.948795318603516], "(2, 2, 2, 2)": [-38.68792724609375, -42.76462173461914, -49.01197814941406, -51.7972412109375, -55.70192337036133], "(2, 1, 2, 2)": [-14.523308753967285, -18.691679000854492, -22.112703323364258, -26.095239639282227, -29.7164249420166], "(2, 3, 2, 2)": [-61.45234298706055, -63.080562591552734, -67.18386840820312, -69.58458709716797, -72.68810272216797], "(2, 4, 2, 2)": [-73.08551025390625, -74.05027770996094, -72.12164306640625, -70.9193344116211, -68.9814453125], "(2, 6, 2, 3)": [-12.096599578857422, -9.965925216674805, -10.016425132751465, -7.984823703765869, -7.856626510620117], "(2, 1, 2, 1)": [-3.207414388656616, -3.3663692474365234, -3.6012325286865234, -3.616607427597046, -3.950349807739258], "(2, 2, 2, 1)": [-7.509202003479004, -8.17314338684082, -8.525060653686523, -10.965234756469727, -17.73274040222168], "(2, 4, 2, 3)": [-21.27252197265625, -25.174840927124023, -29.723724365234375, -23.142688751220703, -21.281129837036133], "(2, 3, 2, 3)": [-85.32161712646484, 0.0, -60.99817657470703, -25.284725189208984, 0.0], "(2, 7, 2, 3)": [-4.387040615081787, -3.4587457180023193, -3.475397825241089, -4.045353889465332, -3.4064011573791504], "(2, 5, 2, 3)": [-27.300561904907227, -21.110124588012695, -12.42238712310791, -12.577144622802734, -12.035848617553711], "(2, 3, 2, 1)": [-10.96397590637207, -42.24909591674805, -14.09453296661377, -26.285724639892578, -30.549768447875977], "(2, 4, 2, 1)": [-22.571529388427734, 0.0, -24.479307174682617, -73.48944854736328, -23.063003540039062], "(2, 7, 3, 3)": [-2.2006101608276367, 0.0, -2.185631036758423, 0.0, -3.30029296875], "(2, 6, 3, 3)": [0.0, 0.0, -13.054486274719238, -6.60183048248291, 0.0], "(2, 3, 1, 1)": [0.0, -15.290449142456055, -13.106099128723145, 0.0, 0.0], "(2, 5, 3, 3)": [0.0, -13.343994140625, 0.0, 0.0, 0.0], "(2, 2, 2, 3)": [0.0, 0.0, -35.006771087646484, 0.0, 0.0], "(3, 1, 2, 2)": [0.0, -6.570622444152832, 0.0, 0.0, -4.380414962768555], "(3, 2, 2, 2)": [-10.951037406921387, 0.0, 0.0, -13.141244888305664, 0.0], "(3, 3, 2, 2)": [-24.09228515625, -17.52165985107422, -19.711868286132812, -30.66291046142578, -26.282493591308594], "(3, 5, 2, 2)": [-43.804161071777344, -125.98385620117188, -129.27059936523438, -116.08103942871094, -125.98457336425781], "(3, 6, 2, 2)": [-121.60271453857422, -113.93338012695312, -97.50825500488281, -119.41178894042969, -97.49888610839844], "(3, 7, 2, 2)": [-93.11990356445312, -65.76220703125, -63.54623031616211, -67.20695495605469, -4.383301258087158], "(3, 4, 2, 2)": [-122.65166473388672, 0.0, -124.84187316894531, -143.51055908203125, -138.03433227539062], "(2, 5, 2, 1)": [0.0, 0.0, 0.0, -39.94660568237305, -66.71324157714844], "(1, 1, 2, 2)": [-2.188605785369873, 0.0, -4.377211570739746, 0.0, 0.0], "(2, 1, 1, 1)": [0.0, 0.0, 0.0, 0.0, -2.182025909423828], "(2, 2, 1, 1)": [-4.364051818847656, 0.0, 0.0, 0.0, 0.0]}, "n_values": {"(2, 7, 2, 2)": [355.0, 374.0, 390.0, 418.0, 471.0], "(2, 6, 2, 2)": [340.0, 364.0, 363.0, 382.0, 438.0], "(2, 5, 2, 2)": [315.0, 340.0, 366.0, 363.0, 401.0], "(2, 2, 2, 2)": [412.0, 397.0, 359.0, 362.0, 358.0], "(2, 1, 2, 2)": [462.0, 428.0, 381.0, 367.0, 359.0], "(2, 3, 2, 2)": [359.0, 340.0, 338.0, 342.0, 329.0], "(2, 4, 2, 2)": [347.0, 322.0, 343.0, 342.0, 359.0], "(2, 6, 2, 3)": [19.0, 13.0, 19.0, 30.0, 14.0], "(2, 1, 2, 1)": [20.0, 17.0, 19.0, 17.0, 15.0], "(2, 2, 2, 1)": [17.0, 14.0, 9.0, 11.0, 18.0], "(2, 4, 2, 3)": [4.0, 4.0, 4.0, 2.0, 3.0], "(2, 3, 2, 3)": [1.0, 0.0, 2.0, 2.0, 0.0], "(2, 7, 2, 3)": [26.0, 26.0, 24.0, 18.0, 22.0], "(2, 5, 2, 3)": [8.0, 8.0, 3.0, 8.0, 6.0], "(2, 3, 2, 1)": [5.0, 6.0, 9.0, 10.0, 6.0], "(2, 4, 2, 1)": [6.0, 0.0, 6.0, 3.0, 2.0], "(2, 7, 3, 3)": [1.0, 0.0, 1.0, 0.0, 2.0], "(2, 6, 3, 3)": [0.0, 0.0, 1.0, 1.0, 0.0], "(2, 3, 1, 1)": [0.0, 1.0, 1.0, 0.0, 0.0], "(2, 5, 3, 3)": [0.0, 1.0, 0.0, 0.0, 0.0], "(2, 2, 2, 3)": [0.0, 0.0, 1.0, 0.0, 0.0], "(3, 1, 2, 2)": [0.0, 1.0, 0.0, 0.0, 1.0], "(3, 2, 2, 2)": [1.0, 0.0, 0.0, 1.0, 0.0], "(3, 3, 2, 2)": [1.0, 1.0, 1.0, 1.0, 1.0], "(3, 5, 2, 2)": [1.0, 2.0, 2.0, 1.0, 2.0], "(3, 6, 2, 2)": [2.0, 2.0, 2.0, 2.0, 2.0], "(3, 7, 2, 2)": [2.0, 2.0, 3.0, 3.0, 1.0], "(3, 4, 2, 2)": [1.0, 0.0, 1.0, 2.0, 2.0], "(2, 5, 2, 1)": [0.0, 0.0, 0.0, 1.0, 2.0], "(1, 1, 2, 2)": [1.0, 0.0, 1.0, 0.0, 0.0], "(2, 1, 1, 1)": [0.0, 0.0, 0.0, 0.0, 1.0], "(2, 2, 1, 1)": [1.0, 0.0, 0.0, 0.0, 0.0]}}