{"q_values": {"(2, 7, 2, 2)": [-27.83997344970703, -25.11540985107422, -22.32842445373535, -17.74599266052246, -16.083749771118164], "(2, 6, 2, 2)": [-51.90768051147461, -46.49088668823242, -43.7874755859375, -40.11676025390625, -35.32271957397461], "(2, 5, 2, 2)": [-68.0986099243164, -64.10840606689453, -60.3199348449707, -57.945655822753906, -54.8264045715332], "(2, 2, 2, 2)": [-37.06589126586914, -41.112831115722656, -46.971702575683594, -49.62834167480469, -53.22687911987305], "(2, 1, 2, 2)": [-14.207531929016113, -17.913965225219727, -20.387969970703125, -24.942241668701172, -27.792495727539062], "(2, 3, 2, 2)": [-58.91666030883789, -60.79925537109375, -64.25019836425781, -67.04299926757812, -69.90869903564453], "(2, 4, 2, 2)": [-71.11394500732422, -70.68331909179688, -68.95706176757812, -67.93888854980469, -67.07954406738281], "(2, 6, 2, 3)": [-12.5444917678833, -10.09581184387207, -10.856527328491211, -7.9310736656188965, -7.970650672912598], "(2, 1, 2, 1)": [-3.20475172996521, -3.2585158348083496, -3.9494071006774902, -3.4377670288085938, -3.721304416656494], "(2, 2, 2, 1)": [-7.7046074867248535, -8.427453994750977, -8.041651725769043, -10.607511520385742, -16.215299606323242], "(2, 4, 2, 3)": [-25.797039031982422, -25.174840927124023, -29.056440353393555, -20.6163272857666, -21.281129837036133], "(2, 3, 2, 3)": [-85.32161712646484, 0.0, -60.99817657470703, -25.284725189208984, 0.0], "(2, 7, 2, 3)": [-4.323479652404785, -3.4969699382781982, -3.6593856811523438, -3.7721915245056152, -3.455770492553711], "(2, 5, 2, 3)": [-28.093421936035156, -24.079509735107422, -13.136702537536621, -13.35681438446045, -15.305736541748047], "(2, 3, 2, 1)": [-10.971870422363281, -28.259464263916016, -14.09453296661377, -25.98855209350586, -28.141563415527344], "(2, 4, 2, 1)": [-24.361919403076172, 0.0, -24.68956756591797, -57.54892349243164, -22.6822509765625], "(2, 7, 3, 3)": [-2.2006101608276367, 0.0, -2.185631036758423, 0.0, -3.30029296875], "(2, 6, 3, 3)": [0.0, 0.0, -13.054486274719238, -6.60183048248291, 0.0], "(2, 3, 1, 1)": [0.0, -15.290449142456055, -13.106099128723145, 0.0, 0.0], "(2, 5, 3, 3)": [0.0, -13.343994140625, 0.0, 0.0, 0.0], "(2, 2, 2, 3)": [0.0, 0.0, -35.006771087646484, 0.0, 0.0], "(3, 1, 2, 2)": [0.0, -6.570622444152832, 0.0, 0.0, -4.380414962768555], "(3, 2, 2, 2)": [-10.951037406921387, 0.0, 0.0, -13.141244888305664, 0.0], "(3, 3, 2, 2)": [-24.09228515625, -17.52165985107422, -19.711868286132812, -30.66291046142578, -26.282493591308594], "(3, 5, 2, 2)": [-43.804161071777344, -125.98385620117188, -129.27059936523438, -116.08103942871094, -125.98457336425781], "(3, 6, 2, 2)": [-121.60271453857422, -113.93338012695312, -97.50825500488281, -119.41178894042969, -97.49888610839844], "(3, 7, 2, 2)": [-93.11990356445312, -65.76220703125, -63.54623031616211, -67.20695495605469, -4.383301258087158], "(3, 4, 2, 2)": [-122.65166473388672, 0.0, -124.84187316894531, -143.51055908203125, -138.03433227539062], "(2, 5, 2, 1)": [0.0, -46.021427154541016, -45.92943572998047, -39.94660568237305, -64.43590545654297], "(1, 1, 2, 2)": [-2.188605785369873, 0.0, -4.377211570739746, 0.0, 0.0], "(2, 1, 1, 1)": [0.0, 0.0, 0.0, 0.0, -2.182025909423828], "(2, 2, 1, 1)": [-4.364051818847656, 0.0, 0.0, -6.620786666870117, 0.0]}, "n_values": {"(2, 7, 2, 2)": [515.0, 534.0, 549.0, 589.0, 673.0], "(2, 6, 2, 2)": [485.0, 507.0, 517.0, 547.0, 628.0], "(2, 5, 2, 2)": [451.0, 477.0, 509.0, 508.0, 566.0], "(2, 2, 2, 2)": [600.0, 552.0, 499.0, 502.0, 506.0], "(2, 1, 2, 2)": [668.0, 595.0, 535.0, 501.0, 498.0], "(2, 3, 2, 2)": [522.0, 494.0, 479.0, 486.0, 464.0], "(2, 4, 2, 2)": [474.0, 450.0, 479.0, 476.0, 510.0], "(2, 6, 2, 3)": [30.0, 20.0, 24.0, 33.0, 21.0], "(2, 1, 2, 1)": [29.0, 25.0, 29.0, 32.0, 23.0], "(2, 2, 2, 1)": [22.0, 18.0, 18.0, 18.0, 22.0], "(2, 4, 2, 3)": [5.0, 4.0, 5.0, 3.0, 3.0], "(2, 3, 2, 3)": [1.0, 0.0, 2.0, 2.0, 0.0], "(2, 7, 2, 3)": [35.0, 32.0, 30.0, 31.0, 30.0], "(2, 5, 2, 3)": [14.0, 12.0, 8.0, 10.0, 10.0], "(2, 3, 2, 1)": [7.0, 12.0, 9.0, 14.0, 8.0], "(2, 4, 2, 1)": [8.0, 0.0, 8.0, 7.0, 3.0], "(2, 7, 3, 3)": [1.0, 0.0, 1.0, 0.0, 2.0], "(2, 6, 3, 3)": [0.0, 0.0, 1.0, 1.0, 0.0], "(2, 3, 1, 1)": [0.0, 1.0, 1.0, 0.0, 0.0], "(2, 5, 3, 3)": [0.0, 1.0, 0.0, 0.0, 0.0], "(2, 2, 2, 3)": [0.0, 0.0, 1.0, 0.0, 0.0], "(3, 1, 2, 2)": [0.0, 1.0, 0.0, 0.0, 1.0], "(3, 2, 2, 2)": [1.0, 0.0, 0.0, 1.0, 0.0], "(3, 3, 2, 2)": [1.0, 1.0, 1.0, 1.0, 1.0], "(3, 5, 2, 2)": [1.0, 2.0, 2.0, 1.0, 2.0], "(3, 6, 2, 2)": [2.0, 2.0, 2.0, 2.0, 2.0], "(3, 7, 2, 2)": [2.0, 2.0, 3.0, 3.0, 1.0], "(3, 4, 2, 2)": [1.0, 0.0, 1.0, 2.0, 2.0], "(2, 5, 2, 1)": [0.0, 2.0, 2.0, 1.0, 3.0], "(1, 1, 2, 2)": [1.0, 0.0, 1.0, 0.0, 0.0], "(2, 1, 1, 1)": [0.0, 0.0, 0.0, 0.0, 1.0], "(2, 2, 1, 1)": [1.0, 0.0, 0.0, 1.0, 0.0]}}