{"q_values": {"(2, 7, 2, 2)": [-25.840885162353516, -22.622039794921875, -19.97572898864746, -16.500511169433594, -14.498095512390137], "(2, 6, 2, 2)": [-49.874385833740234, -44.62700653076172, -41.836639404296875, -37.6182975769043, -33.45210266113281], "(2, 5, 2, 2)": [-64.29988861083984, -60.471160888671875, -58.14892578125, -54.6724739074707, -51.898643493652344], "(2, 2, 2, 2)": [-35.2896728515625, -39.15095138549805, -44.65583419799805, -47.007083892822266, -51.06534194946289], "(2, 1, 2, 2)": [-13.57652473449707, -16.98114585876465, -19.780221939086914, -23.581087112426758, -26.010513305664062], "(2, 3, 2, 2)": [-54.873470306396484, -57.26887130737305, -60.37520980834961, -63.271793365478516, -65.47142028808594], "(2, 4, 2, 2)": [-67.47640991210938, -66.74590301513672, -66.31831359863281, -64.85089874267578, -64.1338882446289], "(2, 6, 2, 3)": [-16.287263870239258, -11.120875358581543, -10.000774383544922, -8.060319900512695, -10.252297401428223], "(2, 1, 2, 1)": [-3.4137191772460938, -3.359179973602295, -3.77213454246521, -3.2475974559783936, -4.011341571807861], "(2, 2, 2, 1)": [-7.617745399475098, -8.182868003845215, -8.56380558013916, -10.168307304382324, -13.77704906463623], "(2, 4, 2, 3)": [-25.797039031982422, -25.387670516967773, -29.056440353393555, -19.458023071289062, -21.281129837036133], "(2, 3, 2, 3)": [-85.32161712646484, -24.052282333374023, -60.99817657470703, -25.284725189208984, 0.0], "(2, 7, 2, 3)": [-4.050581455230713, -3.7751338481903076, -3.5377321243286133, -3.5584094524383545, -3.262371301651001], "(2, 5, 2, 3)": [-29.931541442871094, -21.113508224487305, -14.71476936340332, -12.795699119567871, -15.969740867614746], "(2, 3, 2, 1)": [-11.68557071685791, -21.56396484375, -14.662656784057617, -24.67075538635254, -28.158517837524414], "(2, 4, 2, 1)": [-23.870084762573242, -22.98288345336914, -23.058313369750977, -52.34693908691406, -39.85594177246094], "(2, 7, 3, 3)": [-2.2006101608276367, 0.0, -2.185631036758423, 0.0, -3.30029296875], "(2, 6, 3, 3)": [-10.993489265441895, 0.0, -13.054486274719238, -6.60183048248291, 0.0], "(2, 3, 1, 1)": [0.0, -15.290449142456055, -13.106099128723145, 0.0, 0.0], "(2, 5, 3, 3)": [0.0, -13.343994140625, 0.0, 0.0, 0.0], "(2, 2, 2, 3)": [0.0, 0.0, -35.006771087646484, 0.0, 0.0], "(3, 1, 2, 2)": [0.0, -6.570622444152832, 0.0, 0.0, -4.380414962768555], "(3, 2, 2, 2)": [-10.951037406921387, 0.0, 0.0, -13.141244888305664, 0.0], "(3, 3, 2, 2)": [-24.09228515625, -17.52165985107422, -19.711868286132812, -30.66291046142578, -26.282493591308594], "(3, 5, 2, 2)": [-43.804161071777344, -125.98385620117188, -129.27059936523438, -116.08103942871094, -125.98457336425781], "(3, 6, 2, 2)": [-121.60271453857422, -113.93338012695312, -97.50825500488281, -119.41178894042969, -97.49888610839844], "(3, 7, 2, 2)": [-93.11990356445312, -65.76220703125, -63.54623031616211, -67.20695495605469, -4.383301258087158], "(3, 4, 2, 2)": [-122.65166473388672, 0.0, -124.84187316894531, -143.51055908203125, -138.03433227539062], "(2, 5, 2, 1)": [-24.06974220275879, -39.45277404785156, -39.37638473510742, -73.23907470703125, -64.43590545654297], "(1, 1, 2, 2)": [-2.1821765899658203, -6.527242660522461, -4.377211570739746, -4.351495265960693, 0.0], "(2, 1, 1, 1)": [0.0, 0.0, 0.0, 0.0, -2.182025909423828], "(2, 2, 1, 1)": [-4.364051818847656, 0.0, 0.0, -6.620786666870117, 0.0]}, "n_values": {"(2, 7, 2, 2)": [896.0, 953.0, 976.0, 1042.0, 1252.0], "(2, 6, 2, 2)": [859.0, 913.0, 946.0, 994.0, 1168.0], "(2, 5, 2, 2)": [807.0, 859.0, 880.0, 901.0, 1016.0], "(2, 2, 2, 2)": [1078.0, 947.0, 872.0, 872.0, 847.0], "(2, 1, 2, 2)": [1216.0, 1037.0, 931.0, 896.0, 894.0], "(2, 3, 2, 2)": [900.0, 822.0, 789.0, 781.0, 752.0], "(2, 4, 2, 2)": [779.0, 770.0, 795.0, 782.0, 877.0], "(2, 6, 2, 3)": [39.0, 42.0, 43.0, 51.0, 41.0], "(2, 1, 2, 1)": [46.0, 57.0, 56.0, 65.0, 46.0], "(2, 2, 2, 1)": [41.0, 29.0, 32.0, 27.0, 34.0], "(2, 4, 2, 3)": [5.0, 5.0, 5.0, 6.0, 3.0], "(2, 3, 2, 3)": [1.0, 1.0, 2.0, 2.0, 0.0], "(2, 7, 2, 3)": [71.0, 64.0, 59.0, 62.0, 77.0], "(2, 5, 2, 3)": [25.0, 19.0, 21.0, 18.0, 18.0], "(2, 3, 2, 1)": [12.0, 20.0, 13.0, 16.0, 18.0], "(2, 4, 2, 1)": [9.0, 2.0, 10.0, 12.0, 5.0], "(2, 7, 3, 3)": [1.0, 0.0, 1.0, 0.0, 2.0], "(2, 6, 3, 3)": [2.0, 0.0, 1.0, 1.0, 0.0], "(2, 3, 1, 1)": [0.0, 1.0, 1.0, 0.0, 0.0], "(2, 5, 3, 3)": [0.0, 1.0, 0.0, 0.0, 0.0], "(2, 2, 2, 3)": [0.0, 0.0, 1.0, 0.0, 0.0], "(3, 1, 2, 2)": [0.0, 1.0, 0.0, 0.0, 1.0], "(3, 2, 2, 2)": [1.0, 0.0, 0.0, 1.0, 0.0], "(3, 3, 2, 2)": [1.0, 1.0, 1.0, 1.0, 1.0], "(3, 5, 2, 2)": [1.0, 2.0, 2.0, 1.0, 2.0], "(3, 6, 2, 2)": [2.0, 2.0, 2.0, 2.0, 2.0], "(3, 7, 2, 2)": [2.0, 2.0, 3.0, 3.0, 1.0], "(3, 4, 2, 2)": [1.0, 0.0, 1.0, 2.0, 2.0], "(2, 5, 2, 1)": [2.0, 3.0, 3.0, 3.0, 3.0], "(1, 1, 2, 2)": [2.0, 1.0, 1.0, 1.0, 0.0], "(2, 1, 1, 1)": [0.0, 0.0, 0.0, 0.0, 1.0], "(2, 2, 1, 1)": [1.0, 0.0, 0.0, 1.0, 0.0]}}