{"q_values": {"(2, 7, 2, 2)": [-24.84800910949707, -21.72007179260254, -19.046682357788086, -16.083938598632812, -13.972220420837402], "(2, 6, 2, 2)": [-47.63593292236328, -43.168338775634766, -39.5360107421875, -35.90279006958008, -31.817058563232422], "(2, 5, 2, 2)": [-62.448848724365234, -59.19153594970703, -56.385929107666016, -52.87371826171875, -50.15223693847656], "(2, 2, 2, 2)": [-34.453372955322266, -38.31075668334961, -43.46211624145508, -45.97561264038086, -49.63135528564453], "(2, 1, 2, 2)": [-13.446596145629883, -16.376379013061523, -19.106433868408203, -23.008670806884766, -25.426610946655273], "(2, 3, 2, 2)": [-53.195831298828125, -55.89799880981445, -58.5538330078125, -60.77671432495117, -63.71175765991211], "(2, 4, 2, 2)": [-65.7744140625, -65.2254638671875, -64.76905059814453, -62.72582244873047, -62.15122985839844], "(2, 6, 2, 3)": [-14.862205505371094, -10.921856880187988, -9.99916934967041, -8.115968704223633, -9.689080238342285], "(2, 1, 2, 1)": [-3.529758930206299, -3.366657018661499, -3.6989448070526123, -3.3479158878326416, -3.88785457611084], "(2, 2, 2, 1)": [-7.610921382904053, -8.200854301452637, -8.605391502380371, -12.63477897644043, -13.480159759521484], "(2, 4, 2, 3)": [-24.37688446044922, -25.387670516967773, -29.056440353393555, -19.458023071289062, -19.888385772705078], "(2, 3, 2, 3)": [-85.32161712646484, -24.052282333374023, -60.99817657470703, -25.284725189208984, 0.0], "(2, 7, 2, 3)": [-4.094314098358154, -3.8314003944396973, -3.711461305618286, -3.4474401473999023, -3.307302951812744], "(2, 5, 2, 3)": [-29.142885208129883, -20.127002716064453, -14.889257431030273, -13.091193199157715, -14.672910690307617], "(2, 3, 2, 1)": [-11.65363597869873, -21.063663482666016, -14.874187469482422, -24.39018440246582, -27.20016860961914], "(2, 4, 2, 1)": [-24.120471954345703, -22.98288345336914, -23.058313369750977, -52.34693908691406, -37.94906234741211], "(2, 7, 3, 3)": [-3.3037941455841064, 0.0, -2.185631036758423, -4.407423973083496, -3.30029296875], "(2, 6, 3, 3)": [-10.993489265441895, 0.0, -13.054486274719238, -6.60183048248291, 0.0], "(2, 3, 1, 1)": [0.0, -15.290449142456055, -13.106099128723145, -24.176132202148438, 0.0], "(2, 5, 3, 3)": [-11.221538543701172, -13.343994140625, 0.0, 0.0, 0.0], "(2, 2, 2, 3)": [0.0, 0.0, -35.006771087646484, 0.0, 0.0], "(3, 1, 2, 2)": [0.0, -6.570622444152832, 0.0, 0.0, -4.380414962768555], "(3, 2, 2, 2)": [-10.951037406921387, 0.0, 0.0, -13.141244888305664, 0.0], "(3, 3, 2, 2)": [-24.09228515625, -17.52165985107422, -19.711868286132812, -30.66291046142578, -26.282493591308594], "(3, 5, 2, 2)": [-43.804161071777344, -125.98385620117188, -129.27059936523438, -116.08103942871094, -125.98457336425781], "(3, 6, 2, 2)": [-86.22241973876953, -79.63697814941406, -97.50825500488281, -119.41178894042969, -69.41692352294922], "(3, 7, 2, 2)": [-93.11990356445312, -65.76220703125, -48.76409149169922, -67.20695495605469, -5.504899978637695], "(3, 4, 2, 2)": [-122.65166473388672, 0.0, -124.84187316894531, -143.51055908203125, -138.03433227539062], "(2, 5, 2, 1)": [-27.377378463745117, -39.45277404785156, -39.37638473510742, -73.23907470703125, -66.86556243896484], "(1, 1, 2, 2)": [-3.281289577484131, -4.360187530517578, -8.731657028198242, -9.45563793182373, -10.905084609985352], "(2, 1, 1, 1)": [0.0, 0.0, 0.0, 0.0, -2.182025909423828], "(2, 2, 1, 1)": [-4.364051818847656, 0.0, 0.0, -6.620786666870117, 0.0], "(2, 6, 2, 1)": [0.0, 0.0, 0.0, -34.97188949584961, 0.0], "(1, 1, 2, 1)": [0.0, 0.0, 0.0, 0.0, -4.435508728027344]}, "n_values": {"(2, 7, 2, 2)": [1107.0, 1194.0, 1222.0, 1286.0, 1613.0], "(2, 6, 2, 2)": [1044.0, 1103.0, 1152.0, 1199.0, 1460.0], "(2, 5, 2, 2)": [967.0, 1021.0, 1052.0, 1071.0, 1247.0], "(2, 2, 2, 2)": [1318.0, 1135.0, 1051.0, 1041.0, 1020.0], "(2, 1, 2, 2)": [1519.0, 1248.0, 1151.0, 1089.0, 1083.0], "(2, 3, 2, 2)": [1093.0, 973.0, 941.0, 928.0, 897.0], "(2, 4, 2, 2)": [919.0, 908.0, 935.0, 934.0, 1051.0], "(2, 6, 2, 3)": [56.0, 49.0, 56.0, 71.0, 53.0], "(2, 1, 2, 1)": [57.0, 66.0, 69.0, 88.0, 61.0], "(2, 2, 2, 1)": [52.0, 37.0, 40.0, 32.0, 39.0], "(2, 4, 2, 3)": [8.0, 5.0, 5.0, 6.0, 4.0], "(2, 3, 2, 3)": [1.0, 1.0, 2.0, 2.0, 0.0], "(2, 7, 2, 3)": [89.0, 78.0, 77.0, 80.0, 102.0], "(2, 5, 2, 3)": [31.0, 23.0, 24.0, 26.0, 25.0], "(2, 3, 2, 1)": [16.0, 21.0, 19.0, 17.0, 20.0], "(2, 4, 2, 1)": [10.0, 2.0, 10.0, 12.0, 6.0], "(2, 7, 3, 3)": [2.0, 0.0, 1.0, 1.0, 2.0], "(2, 6, 3, 3)": [2.0, 0.0, 1.0, 1.0, 0.0], "(2, 3, 1, 1)": [0.0, 1.0, 1.0, 1.0, 0.0], "(2, 5, 3, 3)": [1.0, 1.0, 0.0, 0.0, 0.0], "(2, 2, 2, 3)": [0.0, 0.0, 1.0, 0.0, 0.0], "(3, 1, 2, 2)": [0.0, 1.0, 0.0, 0.0, 1.0], "(3, 2, 2, 2)": [1.0, 0.0, 0.0, 1.0, 0.0], "(3, 3, 2, 2)": [1.0, 1.0, 1.0, 1.0, 1.0], "(3, 5, 2, 2)": [1.0, 2.0, 2.0, 1.0, 2.0], "(3, 6, 2, 2)": [3.0, 3.0, 2.0, 2.0, 3.0], "(3, 7, 2, 2)": [2.0, 2.0, 4.0, 3.0, 2.0], "(3, 4, 2, 2)": [1.0, 0.0, 1.0, 2.0, 2.0], "(2, 5, 2, 1)": [4.0, 3.0, 3.0, 3.0, 4.0], "(1, 1, 2, 2)": [4.0, 2.0, 2.0, 3.0, 1.0], "(2, 1, 1, 1)": [0.0, 0.0, 0.0, 0.0, 1.0], "(2, 2, 1, 1)": [1.0, 0.0, 0.0, 1.0, 0.0], "(2, 6, 2, 1)": [0.0, 0.0, 0.0, 1.0, 0.0], "(1, 1, 2, 1)": [0.0, 0.0, 0.0, 0.0, 1.0]}}