{"q_values": {"(2, 7, 2, 2)": [-28.785709381103516, -25.577136993408203, -22.9083309173584, -17.740392684936523, -16.42936897277832], "(2, 6, 2, 2)": [-51.725162506103516, -46.32978439331055, -43.2277717590332, -40.08567810058594, -35.75039291381836], "(2, 5, 2, 2)": [-67.32036590576172, -63.79057312011719, -60.54328155517578, -57.7627067565918, -54.0585823059082], "(2, 2, 2, 2)": [-37.56645965576172, -41.51334762573242, -47.25709915161133, -50.00230407714844, -54.06476974487305], "(2, 1, 2, 2)": [-14.235064506530762, -17.893821716308594, -21.026840209960938, -25.382654190063477, -28.44930648803711], "(2, 3, 2, 2)": [-58.92013168334961, -60.61111831665039, -64.3915786743164, -67.08554077148438, -70.50122833251953], "(2, 4, 2, 2)": [-71.25141906738281, -70.84928894042969, -69.6554946899414, -68.8108901977539, -67.33987426757812], "(2, 6, 2, 3)": [-12.79201889038086, -10.420461654663086, -10.212124824523926, -7.9030537605285645, -7.848450183868408], "(2, 1, 2, 1)": [-3.2361462116241455, -3.160217761993408, -3.8773810863494873, -3.4902234077453613, -3.5802831649780273], "(2, 2, 2, 1)": [-7.591552257537842, -8.405831336975098, -8.304078102111816, -10.716434478759766, -16.674640655517578], "(2, 4, 2, 3)": [-25.797039031982422, -25.174840927124023, -29.056440353393555, -23.142688751220703, -21.281129837036133], "(2, 3, 2, 3)": [-85.32161712646484, 0.0, -60.99817657470703, -25.284725189208984, 0.0], "(2, 7, 2, 3)": [-4.453198432922363, -3.3990464210510254, -3.5782206058502197, -3.86130952835083, -3.5447144508361816], "(2, 5, 2, 3)": [-25.00786781311035, -21.9100399017334, -13.455684661865234, -12.889729499816895, -15.535089492797852], "(2, 3, 2, 1)": [-10.96397590637207, -31.49860382080078, -14.09453296661377, -25.49457550048828, -29.0142822265625], "(2, 4, 2, 1)": [-22.571529388427734, 0.0, -24.43964385986328, -65.22483825683594, -22.6822509765625], "(2, 7, 3, 3)": [-2.2006101608276367, 0.0, -2.185631036758423, 0.0, -3.30029296875], "(2, 6, 3, 3)": [0.0, 0.0, -13.054486274719238, -6.60183048248291, 0.0], "(2, 3, 1, 1)": [0.0, -15.290449142456055, -13.106099128723145, 0.0, 0.0], "(2, 5, 3, 3)": [0.0, -13.343994140625, 0.0, 0.0, 0.0], "(2, 2, 2, 3)": [0.0, 0.0, -35.006771087646484, 0.0, 0.0], "(3, 1, 2, 2)": [0.0, -6.570622444152832, 0.0, 0.0, -4.380414962768555], "(3, 2, 2, 2)": [-10.951037406921387, 0.0, 0.0, -13.141244888305664, 0.0], "(3, 3, 2, 2)": [-24.09228515625, -17.52165985107422, -19.711868286132812, -30.66291046142578, -26.282493591308594], "(3, 5, 2, 2)": [-43.804161071777344, -125.98385620117188, -129.27059936523438, -116.08103942871094, -125.98457336425781], "(3, 6, 2, 2)": [-121.60271453857422, -113.93338012695312, -97.50825500488281, -119.41178894042969, -97.49888610839844], "(3, 7, 2, 2)": [-93.11990356445312, -65.76220703125, -63.54623031616211, -67.20695495605469, -4.383301258087158], "(3, 4, 2, 2)": [-122.65166473388672, 0.0, -124.84187316894531, -143.51055908203125, -138.03433227539062], "(2, 5, 2, 1)": [0.0, -39.21472930908203, -28.572494506835938, -39.94660568237305, -64.43590545654297], "(1, 1, 2, 2)": [-2.188605785369873, 0.0, -4.377211570739746, 0.0, 0.0], "(2, 1, 1, 1)": [0.0, 0.0, 0.0, 0.0, -2.182025909423828], "(2, 2, 1, 1)": [-4.364051818847656, 0.0, 0.0, 0.0, 0.0]}, "n_values": {"(2, 7, 2, 2)": [445.0, 467.0, 478.0, 517.0, 593.0], "(2, 6, 2, 2)": [421.0, 448.0, 451.0, 479.0, 549.0], "(2, 5, 2, 2)": [395.0, 421.0, 444.0, 446.0, 494.0], "(2, 2, 2, 2)": [523.0, 490.0, 445.0, 449.0, 446.0], "(2, 1, 2, 2)": [593.0, 531.0, 476.0, 450.0, 442.0], "(2, 3, 2, 2)": [457.0, 437.0, 423.0, 429.0, 409.0], "(2, 4, 2, 2)": [420.0, 404.0, 417.0, 419.0, 446.0], "(2, 6, 2, 3)": [26.0, 16.0, 21.0, 32.0, 16.0], "(2, 1, 2, 1)": [26.0, 23.0, 25.0, 29.0, 19.0], "(2, 2, 2, 1)": [18.0, 17.0, 14.0, 17.0, 21.0], "(2, 4, 2, 3)": [5.0, 4.0, 5.0, 2.0, 3.0], "(2, 3, 2, 3)": [1.0, 0.0, 2.0, 2.0, 0.0], "(2, 7, 2, 3)": [32.0, 31.0, 27.0, 24.0, 28.0], "(2, 5, 2, 3)": [11.0, 9.0, 7.0, 9.0, 9.0], "(2, 3, 2, 1)": [5.0, 10.0, 9.0, 11.0, 7.0], "(2, 4, 2, 1)": [6.0, 0.0, 7.0, 5.0, 3.0], "(2, 7, 3, 3)": [1.0, 0.0, 1.0, 0.0, 2.0], "(2, 6, 3, 3)": [0.0, 0.0, 1.0, 1.0, 0.0], "(2, 3, 1, 1)": [0.0, 1.0, 1.0, 0.0, 0.0], "(2, 5, 3, 3)": [0.0, 1.0, 0.0, 0.0, 0.0], "(2, 2, 2, 3)": [0.0, 0.0, 1.0, 0.0, 0.0], "(3, 1, 2, 2)": [0.0, 1.0, 0.0, 0.0, 1.0], "(3, 2, 2, 2)": [1.0, 0.0, 0.0, 1.0, 0.0], "(3, 3, 2, 2)": [1.0, 1.0, 1.0, 1.0, 1.0], "(3, 5, 2, 2)": [1.0, 2.0, 2.0, 1.0, 2.0], "(3, 6, 2, 2)": [2.0, 2.0, 2.0, 2.0, 2.0], "(3, 7, 2, 2)": [2.0, 2.0, 3.0, 3.0, 1.0], "(3, 4, 2, 2)": [1.0, 0.0, 1.0, 2.0, 2.0], "(2, 5, 2, 1)": [0.0, 1.0, 1.0, 1.0, 3.0], "(1, 1, 2, 2)": [1.0, 0.0, 1.0, 0.0, 0.0], "(2, 1, 1, 1)": [0.0, 0.0, 0.0, 0.0, 1.0], "(2, 2, 1, 1)": [1.0, 0.0, 0.0, 0.0, 0.0]}}