{"q_values": {"(2, 7, 2, 2)": [-24.259037017822266, -21.09975242614746, -18.53925132751465, -15.59139633178711, -13.533830642700195], "(2, 6, 2, 2)": [-46.43429946899414, -42.2351188659668, -38.48445510864258, -34.9498405456543, -30.97370147705078], "(2, 5, 2, 2)": [-61.00667953491211, -58.10500717163086, -55.213165283203125, -51.71639633178711, -48.82549285888672], "(2, 2, 2, 2)": [-33.59672546386719, -37.212013244628906, -42.34215545654297, -44.973941802978516, -48.70223617553711], "(2, 1, 2, 2)": [-13.111588478088379, -15.874688148498535, -18.430370330810547, -22.125383377075195, -24.747638702392578], "(2, 3, 2, 2)": [-52.104827880859375, -54.37565231323242, -56.92091369628906, -59.31293487548828, -62.227657318115234], "(2, 4, 2, 2)": [-64.51026916503906, -64.54039764404297, -63.83610153198242, -61.52420425415039, -61.0146369934082], "(2, 6, 2, 3)": [-14.144633293151855, -10.539258003234863, -9.762225151062012, -8.20920181274414, -9.526798248291016], "(2, 1, 2, 1)": [-3.5117053985595703, -3.3880021572113037, -3.843890428543091, -3.3336832523345947, -3.939755916595459], "(2, 2, 2, 1)": [-7.608688831329346, -7.99758243560791, -8.616613388061523, -12.0921630859375, -13.747082710266113], "(2, 4, 2, 3)": [-24.37688446044922, -39.046085357666016, -27.147960662841797, -19.523067474365234, -19.888385772705078], "(2, 3, 2, 3)": [-85.32161712646484, -24.052282333374023, -60.99817657470703, -24.192134857177734, 0.0], "(2, 7, 2, 3)": [-3.8875913619995117, -3.7747061252593994, -3.6305837631225586, -3.4484333992004395, -3.445866107940674], "(2, 5, 2, 3)": [-28.70663070678711, -20.75651741027832, -14.727139472961426, -13.054399490356445, -14.135529518127441], "(2, 3, 2, 1)": [-11.65363597869873, -20.713794708251953, -14.874187469482422, -23.900623321533203, -27.586490631103516], "(2, 4, 2, 1)": [-24.120471954345703, -22.98288345336914, -24.373010635375977, -50.49646759033203, -37.94906234741211], "(2, 7, 3, 3)": [-3.3037941455841064, 0.0, -2.185631036758423, -4.407423973083496, -3.30029296875], "(2, 6, 3, 3)": [-10.993489265441895, 0.0, -13.054486274719238, -6.60183048248291, 0.0], "(2, 3, 1, 1)": [0.0, -15.290449142456055, -13.106099128723145, -24.176132202148438, 0.0], "(2, 5, 3, 3)": [-11.221538543701172, -13.343994140625, 0.0, 0.0, 0.0], "(2, 2, 2, 3)": [0.0, 0.0, -35.006771087646484, 0.0, 0.0], "(3, 1, 2, 2)": [0.0, -6.570622444152832, 0.0, 0.0, -4.380414962768555], "(3, 2, 2, 2)": [-10.951037406921387, 0.0, 0.0, -13.141244888305664, 0.0], "(3, 3, 2, 2)": [-18.67155647277832, -18.698951721191406, -19.711868286132812, -30.66291046142578, -26.282493591308594], "(3, 5, 2, 2)": [-43.804161071777344, -125.98385620117188, -129.27059936523438, -116.08103942871094, -125.98457336425781], "(3, 6, 2, 2)": [-86.22241973876953, -79.63697814941406, -97.50825500488281, -119.41178894042969, -69.41692352294922], "(3, 7, 2, 2)": [-93.11990356445312, -65.76220703125, -48.76409149169922, -67.20695495605469, -5.504899978637695], "(3, 4, 2, 2)": [-122.65166473388672, 0.0, -124.84187316894531, -143.51055908203125, -138.03433227539062], "(2, 5, 2, 1)": [-27.377378463745117, -39.45277404785156, -39.37638473510742, -73.23907470703125, -66.86556243896484], "(1, 1, 2, 2)": [-3.281289577484131, -4.360187530517578, -8.731657028198242, -9.45563793182373, -10.905084609985352], "(2, 1, 1, 1)": [0.0, 0.0, 0.0, 0.0, -2.182025909423828], "(2, 2, 1, 1)": [-4.364051818847656, 0.0, 0.0, -6.620786666870117, 0.0], "(2, 6, 2, 1)": [0.0, 0.0, 0.0, -34.97188949584961, 0.0], "(1, 1, 2, 1)": [0.0, 0.0, 0.0, 0.0, -4.435508728027344]}, "n_values": {"(2, 7, 2, 2)": [1245.0, 1349.0, 1381.0, 1462.0, 1861.0], "(2, 6, 2, 2)": [1184.0, 1250.0, 1304.0, 1363.0, 1687.0], "(2, 5, 2, 2)": [1100.0, 1155.0, 1180.0, 1216.0, 1452.0], "(2, 2, 2, 2)": [1514.0, 1279.0, 1188.0, 1159.0, 1141.0], "(2, 1, 2, 2)": [1748.0, 1403.0, 1302.0, 1233.0, 1222.0], "(2, 3, 2, 2)": [1247.0, 1107.0, 1079.0, 1060.0, 1018.0], "(2, 4, 2, 2)": [1023.0, 999.0, 1032.0, 1037.0, 1180.0], "(2, 6, 2, 3)": [66.0, 61.0, 65.0, 86.0, 59.0], "(2, 1, 2, 1)": [68.0, 76.0, 79.0, 118.0, 73.0], "(2, 2, 2, 1)": [61.0, 44.0, 42.0, 40.0, 40.0], "(2, 4, 2, 3)": [8.0, 7.0, 6.0, 8.0, 4.0], "(2, 3, 2, 3)": [1.0, 1.0, 2.0, 3.0, 0.0], "(2, 7, 2, 3)": [109.0, 99.0, 92.0, 103.0, 128.0], "(2, 5, 2, 3)": [33.0, 26.0, 28.0, 34.0, 32.0], "(2, 3, 2, 1)": [16.0, 22.0, 19.0, 18.0, 21.0], "(2, 4, 2, 1)": [10.0, 2.0, 11.0, 13.0, 6.0], "(2, 7, 3, 3)": [2.0, 0.0, 1.0, 1.0, 2.0], "(2, 6, 3, 3)": [2.0, 0.0, 1.0, 1.0, 0.0], "(2, 3, 1, 1)": [0.0, 1.0, 1.0, 1.0, 0.0], "(2, 5, 3, 3)": [1.0, 1.0, 0.0, 0.0, 0.0], "(2, 2, 2, 3)": [0.0, 0.0, 1.0, 0.0, 0.0], "(3, 1, 2, 2)": [0.0, 1.0, 0.0, 0.0, 1.0], "(3, 2, 2, 2)": [1.0, 0.0, 0.0, 1.0, 0.0], "(3, 3, 2, 2)": [2.0, 2.0, 1.0, 1.0, 1.0], "(3, 5, 2, 2)": [1.0, 2.0, 2.0, 1.0, 2.0], "(3, 6, 2, 2)": [3.0, 3.0, 2.0, 2.0, 3.0], "(3, 7, 2, 2)": [2.0, 2.0, 4.0, 3.0, 2.0], "(3, 4, 2, 2)": [1.0, 0.0, 1.0, 2.0, 2.0], "(2, 5, 2, 1)": [4.0, 3.0, 3.0, 3.0, 4.0], "(1, 1, 2, 2)": [4.0, 2.0, 2.0, 3.0, 1.0], "(2, 1, 1, 1)": [0.0, 0.0, 0.0, 0.0, 1.0], "(2, 2, 1, 1)": [1.0, 0.0, 0.0, 1.0, 0.0], "(2, 6, 2, 1)": [0.0, 0.0, 0.0, 1.0, 0.0], "(1, 1, 2, 1)": [0.0, 0.0, 0.0, 0.0, 1.0]}}