{"q_values": {"(2, 7, 2, 2)": [-29.749473571777344, -26.894445419311523, -24.742238998413086, -18.989242553710938, -18.01071548461914], "(2, 6, 2, 2)": [-53.962310791015625, -48.9322509765625, -43.96168899536133, -42.82648468017578, -38.41471862792969], "(2, 5, 2, 2)": [-72.04708099365234, -69.19319915771484, -63.600521087646484, -61.97453308105469, -57.30171203613281], "(2, 2, 2, 2)": [-41.24060821533203, -45.35711669921875, -53.406494140625, -54.87950897216797, -58.55874252319336], "(2, 1, 2, 2)": [-15.585718154907227, -19.412399291992188, -23.08123779296875, -27.52470588684082, -30.67460823059082], "(2, 3, 2, 2)": [-66.6902847290039, -67.92021942138672, -73.16419982910156, -74.90968322753906, -78.69519805908203], "(2, 4, 2, 2)": [-76.0905990600586, -78.72022247314453, -77.0973892211914, -75.28450775146484, -72.77913665771484], "(2, 6, 2, 3)": [-11.933515548706055, -10.483053207397461, -9.47429370880127, -7.840160846710205, -7.465682029724121], "(2, 1, 2, 1)": [-3.4005558490753174, -3.431518316268921, -3.310014009475708, -4.143213272094727, -3.289339303970337], "(2, 2, 2, 1)": [-6.843041896820068, -8.253232955932617, -8.326294898986816, -11.258926391601562, -23.04776954650879], "(2, 4, 2, 3)": [-20.743595123291016, -26.29655647277832, -40.77573776245117, -23.142688751220703, -17.736160278320312], "(2, 3, 2, 3)": [0.0, 0.0, -24.097959518432617, -20.0159912109375, 0.0], "(2, 7, 2, 3)": [-4.381175518035889, -3.6508140563964844, -3.6034157276153564, -4.661524295806885, -3.5585248470306396], "(2, 5, 2, 3)": [-19.24660301208496, -24.114871978759766, -11.007225036621094, -12.498531341552734, -12.387146949768066], "(2, 3, 2, 1)": [-10.957084655761719, -100.34364318847656, -13.12649917602539, -25.3583984375, -34.37565612792969], "(2, 4, 2, 1)": [-24.81168556213379, 0.0, -24.669116973876953, -91.63622283935547, -23.063003540039062], "(2, 7, 3, 3)": [-2.2006101608276367, 0.0, -2.185631036758423, 0.0, -4.401220321655273], "(2, 6, 3, 3)": [0.0, 0.0, -13.054486274719238, -6.60183048248291, 0.0], "(2, 3, 1, 1)": [0.0, -15.290449142456055, -13.106099128723145, 0.0, 0.0], "(2, 5, 3, 3)": [0.0, -13.343994140625, 0.0, 0.0, 0.0], "(2, 2, 2, 3)": [0.0, 0.0, -35.006771087646484, 0.0, 0.0], "(3, 1, 2, 2)": [0.0, -6.570622444152832, 0.0, 0.0, -4.380414962768555], "(3, 2, 2, 2)": [-10.951037406921387, 0.0, 0.0, -13.141244888305664, 0.0], "(3, 3, 2, 2)": [-24.09228515625, -17.52165985107422, -19.711868286132812, -30.66291046142578, -26.282493591308594], "(3, 5, 2, 2)": [-43.804161071777344, -125.98385620117188, -129.27059936523438, -116.08103942871094, -125.98457336425781], "(3, 6, 2, 2)": [-121.60271453857422, -113.93338012695312, -97.50825500488281, -119.41178894042969, -97.49888610839844], "(3, 7, 2, 2)": [-93.11990356445312, -127.11573028564453, -94.21717834472656, -97.5039291381836, -4.383301258087158], "(3, 4, 2, 2)": [-122.65166473388672, 0.0, -124.84187316894531, -143.51055908203125, -138.03433227539062], "(2, 5, 2, 1)": [0.0, 0.0, 0.0, 0.0, -66.71324157714844]}, "n_values": {"(2, 7, 2, 2)": [207.0, 212.0, 224.0, 231.0, 258.0], "(2, 6, 2, 2)": [190.0, 205.0, 213.0, 218.0, 242.0], "(2, 5, 2, 2)": [191.0, 199.0, 223.0, 224.0, 236.0], "(2, 2, 2, 2)": [243.0, 241.0, 208.0, 223.0, 221.0], "(2, 1, 2, 2)": [276.0, 266.0, 235.0, 229.0, 222.0], "(2, 3, 2, 2)": [214.0, 212.0, 211.0, 214.0, 207.0], "(2, 4, 2, 2)": [218.0, 199.0, 205.0, 219.0, 221.0], "(2, 6, 2, 3)": [11.0, 9.0, 12.0, 14.0, 5.0], "(2, 1, 2, 1)": [13.0, 9.0, 8.0, 9.0, 8.0], "(2, 2, 2, 1)": [9.0, 8.0, 5.0, 7.0, 11.0], "(2, 4, 2, 3)": [2.0, 3.0, 2.0, 2.0, 2.0], "(2, 3, 2, 3)": [0.0, 0.0, 1.0, 1.0, 0.0], "(2, 7, 2, 3)": [14.0, 12.0, 14.0, 9.0, 13.0], "(2, 5, 2, 3)": [5.0, 6.0, 2.0, 7.0, 3.0], "(2, 3, 2, 1)": [3.0, 2.0, 4.0, 7.0, 4.0], "(2, 4, 2, 1)": [3.0, 0.0, 4.0, 2.0, 2.0], "(2, 7, 3, 3)": [1.0, 0.0, 1.0, 0.0, 1.0], "(2, 6, 3, 3)": [0.0, 0.0, 1.0, 1.0, 0.0], "(2, 3, 1, 1)": [0.0, 1.0, 1.0, 0.0, 0.0], "(2, 5, 3, 3)": [0.0, 1.0, 0.0, 0.0, 0.0], "(2, 2, 2, 3)": [0.0, 0.0, 1.0, 0.0, 0.0], "(3, 1, 2, 2)": [0.0, 1.0, 0.0, 0.0, 1.0], "(3, 2, 2, 2)": [1.0, 0.0, 0.0, 1.0, 0.0], "(3, 3, 2, 2)": [1.0, 1.0, 1.0, 1.0, 1.0], "(3, 5, 2, 2)": [1.0, 2.0, 2.0, 1.0, 2.0], "(3, 6, 2, 2)": [2.0, 2.0, 2.0, 2.0, 2.0], "(3, 7, 2, 2)": [2.0, 1.0, 2.0, 2.0, 1.0], "(3, 4, 2, 2)": [1.0, 0.0, 1.0, 2.0, 2.0], "(2, 5, 2, 1)": [0.0, 0.0, 0.0, 0.0, 2.0]}}