{"q_values": {"(2, 7, 2, 2)": [-32.16526794433594, -26.88666534423828, -28.751710891723633, -18.731494903564453, -19.795337677001953], "(2, 6, 2, 2)": [-61.448246002197266, -53.627159118652344, -47.41315460205078, -44.59591293334961, -39.50141906738281], "(2, 5, 2, 2)": [-76.93801879882812, -74.49951934814453, -68.90740203857422, -69.1938247680664, -61.445369720458984], "(2, 2, 2, 2)": [-39.14809799194336, -44.77814483642578, -54.39842987060547, -55.6947021484375, -59.28746795654297], "(2, 1, 2, 2)": [-14.873149871826172, -20.70966339111328, -23.80438232421875, -27.266387939453125, -30.55585479736328], "(2, 3, 2, 2)": [-68.77503967285156, -72.2350845336914, -78.77698516845703, -77.07349395751953, -80.0736312866211], "(2, 4, 2, 2)": [-78.60195922851562, -81.76829528808594, -78.47931671142578, -78.63790893554688, -76.76127624511719], "(2, 6, 2, 3)": [-10.943831443786621, -10.100037574768066, -9.592519760131836, -7.301701545715332, -7.712121963500977], "(2, 1, 2, 1)": [-3.468546152114868, -2.9422123432159424, -2.634225845336914, -4.826725482940674, -3.2979636192321777], "(2, 2, 2, 1)": [-7.04502534866333, -8.237933158874512, -8.22482681274414, -11.834745407104492, -12.799644470214844], "(2, 4, 2, 3)": [-19.64600372314453, -27.363956451416016, 0.0, 0.0, -17.7919921875], "(2, 3, 2, 3)": [0.0, 0.0, -24.097959518432617, -20.0159912109375, 0.0], "(2, 7, 2, 3)": [-4.658143997192383, -3.2861804962158203, -3.935540199279785, -4.417117118835449, -3.672534227371216], "(2, 5, 2, 3)": [-20.738142013549805, -15.349739074707031, 0.0, -12.06281852722168, -10.96560287475586], "(2, 3, 2, 1)": [-10.957084655761719, -71.88124084472656, -12.069488525390625, -26.860370635986328, -51.270362854003906], "(2, 4, 2, 1)": [-24.81168556213379, 0.0, -24.669116973876953, -43.55064392089844, -23.063003540039062], "(2, 7, 3, 3)": [-2.2006101608276367, 0.0, -2.185631036758423, 0.0, -4.401220321655273], "(2, 6, 3, 3)": [0.0, 0.0, 0.0, -6.60183048248291, 0.0], "(2, 3, 1, 1)": [0.0, -15.290449142456055, -13.106099128723145, 0.0, 0.0], "(2, 5, 3, 3)": [0.0, -13.343994140625, 0.0, 0.0, 0.0], "(2, 2, 2, 3)": [0.0, 0.0, -35.006771087646484, 0.0, 0.0]}, "n_values": {"(2, 7, 2, 2)": [81.0, 83.0, 85.0, 90.0, 93.0], "(2, 6, 2, 2)": [81.0, 87.0, 89.0, 94.0, 110.0], "(2, 5, 2, 2)": [86.0, 84.0, 96.0, 93.0, 110.0], "(2, 2, 2, 2)": [116.0, 111.0, 97.0, 100.0, 104.0], "(2, 1, 2, 2)": [127.0, 123.0, 110.0, 98.0, 103.0], "(2, 3, 2, 2)": [102.0, 103.0, 97.0, 105.0, 105.0], "(2, 4, 2, 2)": [95.0, 85.0, 91.0, 93.0, 93.0], "(2, 6, 2, 3)": [8.0, 5.0, 5.0, 6.0, 2.0], "(2, 1, 2, 1)": [7.0, 3.0, 5.0, 5.0, 4.0], "(2, 2, 2, 1)": [5.0, 4.0, 4.0, 5.0, 7.0], "(2, 4, 2, 3)": [1.0, 2.0, 0.0, 0.0, 1.0], "(2, 3, 2, 3)": [0.0, 0.0, 1.0, 1.0, 0.0], "(2, 7, 2, 3)": [8.0, 8.0, 5.0, 3.0, 6.0], "(2, 5, 2, 3)": [4.0, 1.0, 0.0, 4.0, 2.0], "(2, 3, 2, 1)": [3.0, 1.0, 2.0, 4.0, 2.0], "(2, 4, 2, 1)": [3.0, 0.0, 4.0, 1.0, 2.0], "(2, 7, 3, 3)": [1.0, 0.0, 1.0, 0.0, 1.0], "(2, 6, 3, 3)": [0.0, 0.0, 0.0, 1.0, 0.0], "(2, 3, 1, 1)": [0.0, 1.0, 1.0, 0.0, 0.0], "(2, 5, 3, 3)": [0.0, 1.0, 0.0, 0.0, 0.0], "(2, 2, 2, 3)": [0.0, 0.0, 1.0, 0.0, 0.0]}}