{"q_values": {"(2, 7, 2, 2)": [-29.110485076904297, -26.599882125854492, -24.118722915649414, -18.36623191833496, -17.277814865112305], "(2, 6, 2, 2)": [-52.87166976928711, -47.56896209716797, -43.46007537841797, -42.00868225097656, -37.200782775878906], "(2, 5, 2, 2)": [-70.71411895751953, -67.64005279541016, -61.63093566894531, -60.064571380615234, -55.39668655395508], "(2, 2, 2, 2)": [-40.42788314819336, -44.687599182128906, -52.023887634277344, -53.33500671386719, -57.30868148803711], "(2, 1, 2, 2)": [-15.63223934173584, -19.27349090576172, -22.85953140258789, -27.568635940551758, -30.657926559448242], "(2, 3, 2, 2)": [-64.45986938476562, -66.34407043457031, -71.72599792480469, -73.99554443359375, -77.17854309082031], "(2, 4, 2, 2)": [-75.27909088134766, -76.79984283447266, -75.31622314453125, -73.93521881103516, -72.00802612304688], "(2, 6, 2, 3)": [-11.785989761352539, -10.382667541503906, -9.253026962280273, -7.8078389167785645, -7.853916168212891], "(2, 1, 2, 1)": [-3.3168506622314453, -3.3061718940734863, -3.213041305541992, -3.7888808250427246, -3.6579341888427734], "(2, 2, 2, 1)": [-7.26516056060791, -8.253232955932617, -8.406732559204102, -11.258926391601562, -21.864736557006836], "(2, 4, 2, 3)": [-20.743595123291016, -26.29655647277832, -33.0290412902832, -23.142688751220703, -17.736160278320312], "(2, 3, 2, 3)": [-85.32161712646484, 0.0, -24.097959518432617, -20.0159912109375, 0.0], "(2, 7, 2, 3)": [-4.495386123657227, -3.359440326690674, -3.5649588108062744, -4.6128034591674805, -3.5585248470306396], "(2, 5, 2, 3)": [-19.24660301208496, -24.114871978759766, -11.007225036621094, -12.498531341552734, -13.126282691955566], "(2, 3, 2, 1)": [-10.957084655761719, -100.34364318847656, -13.12649917602539, -25.3583984375, -34.37565612792969], "(2, 4, 2, 1)": [-24.81168556213379, 0.0, -26.320331573486328, -91.63622283935547, -23.063003540039062], "(2, 7, 3, 3)": [-2.2006101608276367, 0.0, -2.185631036758423, 0.0, -4.401220321655273], "(2, 6, 3, 3)": [0.0, 0.0, -13.054486274719238, -6.60183048248291, 0.0], "(2, 3, 1, 1)": [0.0, -15.290449142456055, -13.106099128723145, 0.0, 0.0], "(2, 5, 3, 3)": [0.0, -13.343994140625, 0.0, 0.0, 0.0], "(2, 2, 2, 3)": [0.0, 0.0, -35.006771087646484, 0.0, 0.0], "(3, 1, 2, 2)": [0.0, -6.570622444152832, 0.0, 0.0, -4.380414962768555], "(3, 2, 2, 2)": [-10.951037406921387, 0.0, 0.0, -13.141244888305664, 0.0], "(3, 3, 2, 2)": [-24.09228515625, -17.52165985107422, -19.711868286132812, -30.66291046142578, -26.282493591308594], "(3, 5, 2, 2)": [-43.804161071777344, -125.98385620117188, -129.27059936523438, -116.08103942871094, -125.98457336425781], "(3, 6, 2, 2)": [-121.60271453857422, -113.93338012695312, -97.50825500488281, -119.41178894042969, -97.49888610839844], "(3, 7, 2, 2)": [-93.11990356445312, -127.11573028564453, -94.21717834472656, -97.5039291381836, -4.383301258087158], "(3, 4, 2, 2)": [-122.65166473388672, 0.0, -124.84187316894531, -143.51055908203125, -138.03433227539062], "(2, 5, 2, 1)": [0.0, 0.0, 0.0, 0.0, -66.71324157714844]}, "n_values": {"(2, 7, 2, 2)": [238.0, 242.0, 260.0, 275.0, 307.0], "(2, 6, 2, 2)": [219.0, 241.0, 237.0, 252.0, 277.0], "(2, 5, 2, 2)": [219.0, 228.0, 256.0, 255.0, 271.0], "(2, 2, 2, 2)": [274.0, 269.0, 238.0, 253.0, 250.0], "(2, 1, 2, 2)": [314.0, 297.0, 259.0, 255.0, 246.0], "(2, 3, 2, 2)": [244.0, 237.0, 236.0, 236.0, 231.0], "(2, 4, 2, 2)": [240.0, 225.0, 229.0, 239.0, 247.0], "(2, 6, 2, 3)": [13.0, 11.0, 13.0, 18.0, 7.0], "(2, 1, 2, 1)": [16.0, 10.0, 11.0, 11.0, 9.0], "(2, 2, 2, 1)": [10.0, 8.0, 6.0, 7.0, 12.0], "(2, 4, 2, 3)": [2.0, 3.0, 3.0, 2.0, 2.0], "(2, 3, 2, 3)": [1.0, 0.0, 1.0, 1.0, 0.0], "(2, 7, 2, 3)": [20.0, 15.0, 16.0, 11.0, 13.0], "(2, 5, 2, 3)": [5.0, 6.0, 2.0, 7.0, 4.0], "(2, 3, 2, 1)": [3.0, 2.0, 4.0, 7.0, 4.0], "(2, 4, 2, 1)": [3.0, 0.0, 5.0, 2.0, 2.0], "(2, 7, 3, 3)": [1.0, 0.0, 1.0, 0.0, 1.0], "(2, 6, 3, 3)": [0.0, 0.0, 1.0, 1.0, 0.0], "(2, 3, 1, 1)": [0.0, 1.0, 1.0, 0.0, 0.0], "(2, 5, 3, 3)": [0.0, 1.0, 0.0, 0.0, 0.0], "(2, 2, 2, 3)": [0.0, 0.0, 1.0, 0.0, 0.0], "(3, 1, 2, 2)": [0.0, 1.0, 0.0, 0.0, 1.0], "(3, 2, 2, 2)": [1.0, 0.0, 0.0, 1.0, 0.0], "(3, 3, 2, 2)": [1.0, 1.0, 1.0, 1.0, 1.0], "(3, 5, 2, 2)": [1.0, 2.0, 2.0, 1.0, 2.0], "(3, 6, 2, 2)": [2.0, 2.0, 2.0, 2.0, 2.0], "(3, 7, 2, 2)": [2.0, 1.0, 2.0, 2.0, 1.0], "(3, 4, 2, 2)": [1.0, 0.0, 1.0, 2.0, 2.0], "(2, 5, 2, 1)": [0.0, 0.0, 0.0, 0.0, 2.0]}}