{"q_values": {"(2, 7, 2, 2)": [-25.913808822631836, -22.481544494628906, -19.90686798095703, -16.46478843688965, -14.463479042053223], "(2, 6, 2, 2)": [-50.00376892089844, -44.81132125854492, -42.106788635253906, -37.92310333251953, -33.58711242675781], "(2, 5, 2, 2)": [-64.92426300048828, -61.025779724121094, -58.32261276245117, -54.978214263916016, -52.08262634277344], "(2, 2, 2, 2)": [-35.65574645996094, -39.27560043334961, -44.80888366699219, -47.31634521484375, -51.25064468383789], "(2, 1, 2, 2)": [-13.517350196838379, -16.97954559326172, -19.597450256347656, -23.393844604492188, -25.94491195678711], "(2, 3, 2, 2)": [-55.281925201416016, -57.76091766357422, -60.712867736816406, -63.567138671875, -65.89044189453125], "(2, 4, 2, 2)": [-67.93392944335938, -67.18980407714844, -66.54032897949219, -65.21625518798828, -64.4459457397461], "(2, 6, 2, 3)": [-13.997173309326172, -11.179505348205566, -9.975658416748047, -8.088702201843262, -7.972228527069092], "(2, 1, 2, 1)": [-3.4404447078704834, -3.386601448059082, -3.7899959087371826, -3.2110097408294678, -4.011341571807861], "(2, 2, 2, 1)": [-7.613190174102783, -8.159930229187012, -8.625484466552734, -10.220560073852539, -13.928715705871582], "(2, 4, 2, 3)": [-25.797039031982422, -25.387670516967773, -29.056440353393555, -19.458023071289062, -21.281129837036133], "(2, 3, 2, 3)": [-85.32161712646484, -24.052282333374023, -60.99817657470703, -25.284725189208984, 0.0], "(2, 7, 2, 3)": [-4.040004253387451, -3.7649431228637695, -3.5694761276245117, -3.5441505908966064, -3.275117874145508], "(2, 5, 2, 3)": [-29.931541442871094, -21.113508224487305, -14.71476936340332, -12.795699119567871, -15.969740867614746], "(2, 3, 2, 1)": [-11.68557071685791, -21.56396484375, -14.662656784057617, -24.98675537109375, -28.901912689208984], "(2, 4, 2, 1)": [-23.870084762573242, -22.98288345336914, -23.058313369750977, -52.34693908691406, -39.85594177246094], "(2, 7, 3, 3)": [-2.2006101608276367, 0.0, -2.185631036758423, 0.0, -3.30029296875], "(2, 6, 3, 3)": [-10.993489265441895, 0.0, -13.054486274719238, -6.60183048248291, 0.0], "(2, 3, 1, 1)": [0.0, -15.290449142456055, -13.106099128723145, 0.0, 0.0], "(2, 5, 3, 3)": [0.0, -13.343994140625, 0.0, 0.0, 0.0], "(2, 2, 2, 3)": [0.0, 0.0, -35.006771087646484, 0.0, 0.0], "(3, 1, 2, 2)": [0.0, -6.570622444152832, 0.0, 0.0, -4.380414962768555], "(3, 2, 2, 2)": [-10.951037406921387, 0.0, 0.0, -13.141244888305664, 0.0], "(3, 3, 2, 2)": [-24.09228515625, -17.52165985107422, -19.711868286132812, -30.66291046142578, -26.282493591308594], "(3, 5, 2, 2)": [-43.804161071777344, -125.98385620117188, -129.27059936523438, -116.08103942871094, -125.98457336425781], "(3, 6, 2, 2)": [-121.60271453857422, -113.93338012695312, -97.50825500488281, -119.41178894042969, -97.49888610839844], "(3, 7, 2, 2)": [-93.11990356445312, -65.76220703125, -63.54623031616211, -67.20695495605469, -4.383301258087158], "(3, 4, 2, 2)": [-122.65166473388672, 0.0, -124.84187316894531, -143.51055908203125, -138.03433227539062], "(2, 5, 2, 1)": [-24.06974220275879, -39.45277404785156, -39.37638473510742, -73.23907470703125, -64.43590545654297], "(1, 1, 2, 2)": [-2.1821765899658203, -6.527242660522461, -4.377211570739746, -4.351495265960693, 0.0], "(2, 1, 1, 1)": [0.0, 0.0, 0.0, 0.0, -2.182025909423828], "(2, 2, 1, 1)": [-4.364051818847656, 0.0, 0.0, -6.620786666870117, 0.0]}, "n_values": {"(2, 7, 2, 2)": [867.0, 930.0, 946.0, 1020.0, 1217.0], "(2, 6, 2, 2)": [832.0, 881.0, 913.0, 960.0, 1127.0], "(2, 5, 2, 2)": [775.0, 827.0, 853.0, 869.0, 982.0], "(2, 2, 2, 2)": [1042.0, 917.0, 842.0, 848.0, 820.0], "(2, 1, 2, 2)": [1169.0, 1008.0, 898.0, 866.0, 863.0], "(2, 3, 2, 2)": [868.0, 793.0, 768.0, 761.0, 730.0], "(2, 4, 2, 2)": [752.0, 742.0, 768.0, 758.0, 849.0], "(2, 6, 2, 3)": [38.0, 41.0, 42.0, 50.0, 37.0], "(2, 1, 2, 1)": [45.0, 52.0, 54.0, 63.0, 46.0], "(2, 2, 2, 1)": [39.0, 28.0, 31.0, 26.0, 33.0], "(2, 4, 2, 3)": [5.0, 5.0, 5.0, 6.0, 3.0], "(2, 3, 2, 3)": [1.0, 1.0, 2.0, 2.0, 0.0], "(2, 7, 2, 3)": [69.0, 63.0, 56.0, 61.0, 74.0], "(2, 5, 2, 3)": [25.0, 19.0, 21.0, 18.0, 18.0], "(2, 3, 2, 1)": [12.0, 20.0, 13.0, 15.0, 17.0], "(2, 4, 2, 1)": [9.0, 2.0, 10.0, 12.0, 5.0], "(2, 7, 3, 3)": [1.0, 0.0, 1.0, 0.0, 2.0], "(2, 6, 3, 3)": [2.0, 0.0, 1.0, 1.0, 0.0], "(2, 3, 1, 1)": [0.0, 1.0, 1.0, 0.0, 0.0], "(2, 5, 3, 3)": [0.0, 1.0, 0.0, 0.0, 0.0], "(2, 2, 2, 3)": [0.0, 0.0, 1.0, 0.0, 0.0], "(3, 1, 2, 2)": [0.0, 1.0, 0.0, 0.0, 1.0], "(3, 2, 2, 2)": [1.0, 0.0, 0.0, 1.0, 0.0], "(3, 3, 2, 2)": [1.0, 1.0, 1.0, 1.0, 1.0], "(3, 5, 2, 2)": [1.0, 2.0, 2.0, 1.0, 2.0], "(3, 6, 2, 2)": [2.0, 2.0, 2.0, 2.0, 2.0], "(3, 7, 2, 2)": [2.0, 2.0, 3.0, 3.0, 1.0], "(3, 4, 2, 2)": [1.0, 0.0, 1.0, 2.0, 2.0], "(2, 5, 2, 1)": [2.0, 3.0, 3.0, 3.0, 3.0], "(1, 1, 2, 2)": [2.0, 1.0, 1.0, 1.0, 0.0], "(2, 1, 1, 1)": [0.0, 0.0, 0.0, 0.0, 1.0], "(2, 2, 1, 1)": [1.0, 0.0, 0.0, 1.0, 0.0]}}