{"q_values": {"(2, 7, 2, 2)": [-32.848445892333984, -27.92258644104004, -23.09453773498535, -19.51590347290039, -18.63996696472168], "(2, 6, 2, 2)": [-67.45652770996094, -57.35001754760742, -51.85652542114258, -50.71904754638672, -40.12792205810547], "(2, 5, 2, 2)": [-70.66266632080078, -68.50404357910156, -59.58967590332031, -61.24323654174805, -56.908042907714844], "(2, 2, 2, 2)": [-39.96355056762695, -50.61483383178711, -60.870906829833984, -67.2081069946289, -67.34928894042969], "(2, 1, 2, 2)": [-10.717901229858398, -20.909996032714844, -28.10078239440918, -31.153217315673828, -31.85955047607422], "(2, 3, 2, 2)": [-73.40165710449219, -69.66957092285156, -80.88758850097656, -84.9245834350586, -80.25840759277344], "(2, 4, 2, 2)": [-72.53008270263672, -73.93629455566406, -68.54448699951172, -64.41273498535156, -67.012939453125], "(2, 6, 2, 3)": [-9.296318054199219, -9.895641326904297, -9.812037467956543, -8.003347396850586, -7.712121963500977], "(2, 1, 2, 1)": [-3.6810269355773926, -3.303852081298828, -4.421285152435303, -6.58267879486084, -4.437150955200195], "(2, 2, 2, 1)": [-6.597996711730957, -8.796496391296387, -8.776905059814453, -6.631927490234375, -7.6537981033325195], "(2, 4, 2, 3)": [-19.64600372314453, -21.907236099243164, 0.0, 0.0, 0.0], "(2, 3, 2, 3)": [0.0, 0.0, -24.097959518432617, 0.0, 0.0], "(2, 7, 2, 3)": [-4.7410759925842285, -2.737741470336914, -5.462048053741455, -4.418503761291504, -4.408696174621582], "(2, 5, 2, 3)": [0.0, 0.0, 0.0, -12.377092361450195, -10.96560287475586], "(2, 3, 2, 1)": [-12.073705673217773, -71.88124084472656, -11.053213119506836, -59.01203536987305, -69.70301818847656], "(2, 4, 2, 1)": [0.0, 0.0, -17.68514060974121, 0.0, 0.0], "(2, 7, 3, 3)": [-2.2006101608276367, 0.0, -2.185631036758423, 0.0, -4.401220321655273], "(2, 6, 3, 3)": [0.0, 0.0, 0.0, -6.60183048248291, 0.0]}, "n_values": {"(2, 7, 2, 2)": [26.0, 24.0, 30.0, 29.0, 32.0], "(2, 6, 2, 2)": [26.0, 30.0, 32.0, 35.0, 40.0], "(2, 5, 2, 2)": [29.0, 30.0, 33.0, 32.0, 37.0], "(2, 2, 2, 2)": [37.0, 33.0, 27.0, 26.0, 32.0], "(2, 1, 2, 2)": [40.0, 38.0, 36.0, 30.0, 34.0], "(2, 3, 2, 2)": [37.0, 36.0, 34.0, 36.0, 38.0], "(2, 4, 2, 2)": [38.0, 35.0, 34.0, 39.0, 36.0], "(2, 6, 2, 3)": [4.0, 2.0, 4.0, 3.0, 2.0], "(2, 1, 2, 1)": [3.0, 2.0, 1.0, 1.0, 1.0], "(2, 2, 2, 1)": [2.0, 2.0, 1.0, 1.0, 4.0], "(2, 4, 2, 3)": [1.0, 1.0, 0.0, 0.0, 0.0], "(2, 3, 2, 3)": [0.0, 0.0, 1.0, 0.0, 0.0], "(2, 7, 2, 3)": [6.0, 4.0, 2.0, 2.0, 2.0], "(2, 5, 2, 3)": [0.0, 0.0, 0.0, 3.0, 2.0], "(2, 3, 2, 1)": [2.0, 1.0, 1.0, 1.0, 1.0], "(2, 4, 2, 1)": [0.0, 0.0, 1.0, 0.0, 0.0], "(2, 7, 3, 3)": [1.0, 0.0, 1.0, 0.0, 1.0], "(2, 6, 3, 3)": [0.0, 0.0, 0.0, 1.0, 0.0]}}