{"q_values": {"(2, 7, 2, 2)": [-28.959007263183594, -25.68614959716797, -22.837881088256836, -17.739809036254883, -16.36911964416504], "(2, 6, 2, 2)": [-50.992225646972656, -45.67353057861328, -42.94124984741211, -39.71568298339844, -35.30947494506836], "(2, 5, 2, 2)": [-67.0514144897461, -63.568599700927734, -59.624446868896484, -57.456722259521484, -53.371944427490234], "(2, 2, 2, 2)": [-37.72401428222656, -41.767696380615234, -47.436767578125, -50.11244201660156, -54.49492263793945], "(2, 1, 2, 2)": [-14.169401168823242, -18.035587310791016, -21.260009765625, -25.372352600097656, -28.558053970336914], "(2, 3, 2, 2)": [-59.217430114746094, -61.042747497558594, -65.02149200439453, -67.71685791015625, -71.20182037353516], "(2, 4, 2, 2)": [-71.37409973144531, -71.52711486816406, -69.97603607177734, -69.1954574584961, -67.81055450439453], "(2, 6, 2, 3)": [-12.129788398742676, -10.530976295471191, -10.212124824523926, -7.943362712860107, -7.928366184234619], "(2, 1, 2, 1)": [-3.2766098976135254, -3.192795753479004, -3.7394440174102783, -3.4391143321990967, -3.6582491397857666], "(2, 2, 2, 1)": [-7.591552257537842, -8.523027420043945, -8.408458709716797, -10.555217742919922, -17.381784439086914], "(2, 4, 2, 3)": [-21.27252197265625, -25.174840927124023, -29.723724365234375, -23.142688751220703, -21.281129837036133], "(2, 3, 2, 3)": [-85.32161712646484, 0.0, -60.99817657470703, -25.284725189208984, 0.0], "(2, 7, 2, 3)": [-4.4573869705200195, -3.368941307067871, -3.5986344814300537, -3.7830111980438232, -3.478268623352051], "(2, 5, 2, 3)": [-25.00786781311035, -21.110124588012695, -13.87272834777832, -12.889729499816895, -13.666099548339844], "(2, 3, 2, 1)": [-10.96397590637207, -31.49860382080078, -14.09453296661377, -25.49457550048828, -29.0142822265625], "(2, 4, 2, 1)": [-22.571529388427734, 0.0, -24.43964385986328, -72.27201843261719, -22.6822509765625], "(2, 7, 3, 3)": [-2.2006101608276367, 0.0, -2.185631036758423, 0.0, -3.30029296875], "(2, 6, 3, 3)": [0.0, 0.0, -13.054486274719238, -6.60183048248291, 0.0], "(2, 3, 1, 1)": [0.0, -15.290449142456055, -13.106099128723145, 0.0, 0.0], "(2, 5, 3, 3)": [0.0, -13.343994140625, 0.0, 0.0, 0.0], "(2, 2, 2, 3)": [0.0, 0.0, -35.006771087646484, 0.0, 0.0], "(3, 1, 2, 2)": [0.0, -6.570622444152832, 0.0, 0.0, -4.380414962768555], "(3, 2, 2, 2)": [-10.951037406921387, 0.0, 0.0, -13.141244888305664, 0.0], "(3, 3, 2, 2)": [-24.09228515625, -17.52165985107422, -19.711868286132812, -30.66291046142578, -26.282493591308594], "(3, 5, 2, 2)": [-43.804161071777344, -125.98385620117188, -129.27059936523438, -116.08103942871094, -125.98457336425781], "(3, 6, 2, 2)": [-121.60271453857422, -113.93338012695312, -97.50825500488281, -119.41178894042969, -97.49888610839844], "(3, 7, 2, 2)": [-93.11990356445312, -65.76220703125, -63.54623031616211, -67.20695495605469, -4.383301258087158], "(3, 4, 2, 2)": [-122.65166473388672, 0.0, -124.84187316894531, -143.51055908203125, -138.03433227539062], "(2, 5, 2, 1)": [0.0, 0.0, -28.572494506835938, -39.94660568237305, -66.71324157714844], "(1, 1, 2, 2)": [-2.188605785369873, 0.0, -4.377211570739746, 0.0, 0.0], "(2, 1, 1, 1)": [0.0, 0.0, 0.0, 0.0, -2.182025909423828], "(2, 2, 1, 1)": [-4.364051818847656, 0.0, 0.0, 0.0, 0.0]}, "n_values": {"(2, 7, 2, 2)": [412.0, 431.0, 449.0, 482.0, 549.0], "(2, 6, 2, 2)": [391.0, 416.0, 421.0, 447.0, 507.0], "(2, 5, 2, 2)": [367.0, 396.0, 420.0, 417.0, 464.0], "(2, 2, 2, 2)": [484.0, 463.0, 417.0, 422.0, 416.0], "(2, 1, 2, 2)": [552.0, 495.0, 444.0, 426.0, 416.0], "(2, 3, 2, 2)": [428.0, 406.0, 398.0, 401.0, 379.0], "(2, 4, 2, 2)": [397.0, 379.0, 393.0, 391.0, 418.0], "(2, 6, 2, 3)": [24.0, 15.0, 21.0, 31.0, 15.0], "(2, 1, 2, 1)": [25.0, 20.0, 23.0, 23.0, 18.0], "(2, 2, 2, 1)": [18.0, 16.0, 12.0, 16.0, 19.0], "(2, 4, 2, 3)": [4.0, 4.0, 4.0, 2.0, 3.0], "(2, 3, 2, 3)": [1.0, 0.0, 2.0, 2.0, 0.0], "(2, 7, 2, 3)": [30.0, 28.0, 25.0, 21.0, 26.0], "(2, 5, 2, 3)": [11.0, 8.0, 6.0, 9.0, 8.0], "(2, 3, 2, 1)": [5.0, 10.0, 9.0, 11.0, 7.0], "(2, 4, 2, 1)": [6.0, 0.0, 7.0, 4.0, 3.0], "(2, 7, 3, 3)": [1.0, 0.0, 1.0, 0.0, 2.0], "(2, 6, 3, 3)": [0.0, 0.0, 1.0, 1.0, 0.0], "(2, 3, 1, 1)": [0.0, 1.0, 1.0, 0.0, 0.0], "(2, 5, 3, 3)": [0.0, 1.0, 0.0, 0.0, 0.0], "(2, 2, 2, 3)": [0.0, 0.0, 1.0, 0.0, 0.0], "(3, 1, 2, 2)": [0.0, 1.0, 0.0, 0.0, 1.0], "(3, 2, 2, 2)": [1.0, 0.0, 0.0, 1.0, 0.0], "(3, 3, 2, 2)": [1.0, 1.0, 1.0, 1.0, 1.0], "(3, 5, 2, 2)": [1.0, 2.0, 2.0, 1.0, 2.0], "(3, 6, 2, 2)": [2.0, 2.0, 2.0, 2.0, 2.0], "(3, 7, 2, 2)": [2.0, 2.0, 3.0, 3.0, 1.0], "(3, 4, 2, 2)": [1.0, 0.0, 1.0, 2.0, 2.0], "(2, 5, 2, 1)": [0.0, 0.0, 1.0, 1.0, 2.0], "(1, 1, 2, 2)": [1.0, 0.0, 1.0, 0.0, 0.0], "(2, 1, 1, 1)": [0.0, 0.0, 0.0, 0.0, 1.0], "(2, 2, 1, 1)": [1.0, 0.0, 0.0, 0.0, 0.0]}}