{"q_values": {"(2, 7, 2, 2)": [-29.94152069091797, -25.885778427124023, -25.8776912689209, -19.361522674560547, -17.693992614746094], "(2, 6, 2, 2)": [-55.86192321777344, -48.95298767089844, -43.778480529785156, -42.1481819152832, -37.2213249206543], "(2, 5, 2, 2)": [-75.45829010009766, -73.57372283935547, -65.78199768066406, -64.34719848632812, -60.0767822265625], "(2, 2, 2, 2)": [-41.35979080200195, -44.52003479003906, -53.27427673339844, -55.398895263671875, -59.133094787597656], "(2, 1, 2, 2)": [-15.543132781982422, -19.971349716186523, -23.666885375976562, -28.861225128173828, -31.764934539794922], "(2, 3, 2, 2)": [-68.39402770996094, -69.94722747802734, -75.9113998413086, -76.36197662353516, -79.7383041381836], "(2, 4, 2, 2)": [-77.68172454833984, -80.73896026611328, -79.1236572265625, -78.12299346923828, -74.23889923095703], "(2, 6, 2, 3)": [-11.917658805847168, -10.335387229919434, -8.724180221557617, -8.044605255126953, -7.698046684265137], "(2, 1, 2, 1)": [-3.1860053539276123, -3.4709253311157227, -3.310014009475708, -4.391467094421387, -3.077209711074829], "(2, 2, 2, 1)": [-6.879781246185303, -8.178951263427734, -8.22482681274414, -11.681445121765137, -13.384871482849121], "(2, 4, 2, 3)": [-20.743595123291016, -27.363956451416016, 0.0, -24.10641098022461, -17.736160278320312], "(2, 3, 2, 3)": [0.0, 0.0, -24.097959518432617, -20.0159912109375, 0.0], "(2, 7, 2, 3)": [-4.185542583465576, -3.782325267791748, -3.6475114822387695, -4.412934303283691, -3.4014735221862793], "(2, 5, 2, 3)": [-19.24660301208496, -28.96381378173828, -11.007225036621094, -12.498531341552734, -12.387146949768066], "(2, 3, 2, 1)": [-10.957084655761719, -71.88124084472656, -12.069488525390625, -26.641754150390625, -51.270362854003906], "(2, 4, 2, 1)": [-24.81168556213379, 0.0, -24.669116973876953, -43.55064392089844, -23.063003540039062], "(2, 7, 3, 3)": [-2.2006101608276367, 0.0, -2.185631036758423, 0.0, -4.401220321655273], "(2, 6, 3, 3)": [0.0, 0.0, -13.054486274719238, -6.60183048248291, 0.0], "(2, 3, 1, 1)": [0.0, -15.290449142456055, -13.106099128723145, 0.0, 0.0], "(2, 5, 3, 3)": [0.0, -13.343994140625, 0.0, 0.0, 0.0], "(2, 2, 2, 3)": [0.0, 0.0, -35.006771087646484, 0.0, 0.0], "(3, 1, 2, 2)": [0.0, -6.570622444152832, 0.0, 0.0, -4.380414962768555], "(3, 2, 2, 2)": [-10.951037406921387, 0.0, 0.0, -13.141244888305664, 0.0], "(3, 3, 2, 2)": [-24.09228515625, -17.52165985107422, -19.711868286132812, -30.66291046142578, -26.282493591308594], "(3, 5, 2, 2)": [-43.804161071777344, -109.51041412353516, -111.70062255859375, -116.08103942871094, -107.32020568847656], "(3, 6, 2, 2)": [-102.93978881835938, -98.55937194824219, -61.325828552246094, -100.74958038330078, -89.79853820800781], "(3, 7, 2, 2)": [-76.65728759765625, 0.0, -72.27687072753906, -74.46707916259766, 0.0], "(3, 4, 2, 2)": [-122.65166473388672, 0.0, -124.84187316894531, -129.2222900390625, -120.46145629882812], "(2, 5, 2, 1)": [0.0, 0.0, 0.0, 0.0, -56.66096115112305]}, "n_values": {"(2, 7, 2, 2)": [144.0, 148.0, 152.0, 162.0, 179.0], "(2, 6, 2, 2)": [133.0, 147.0, 154.0, 154.0, 182.0], "(2, 5, 2, 2)": [136.0, 135.0, 159.0, 157.0, 174.0], "(2, 2, 2, 2)": [173.0, 175.0, 147.0, 155.0, 158.0], "(2, 1, 2, 2)": [193.0, 188.0, 168.0, 159.0, 161.0], "(2, 3, 2, 2)": [154.0, 157.0, 157.0, 163.0, 160.0], "(2, 4, 2, 2)": [159.0, 147.0, 150.0, 150.0, 163.0], "(2, 6, 2, 3)": [9.0, 7.0, 8.0, 12.0, 4.0], "(2, 1, 2, 1)": [9.0, 7.0, 8.0, 7.0, 5.0], "(2, 2, 2, 1)": [8.0, 7.0, 4.0, 6.0, 8.0], "(2, 4, 2, 3)": [2.0, 2.0, 0.0, 1.0, 2.0], "(2, 3, 2, 3)": [0.0, 0.0, 1.0, 1.0, 0.0], "(2, 7, 2, 3)": [11.0, 11.0, 9.0, 7.0, 11.0], "(2, 5, 2, 3)": [5.0, 4.0, 2.0, 7.0, 3.0], "(2, 3, 2, 1)": [3.0, 1.0, 2.0, 6.0, 2.0], "(2, 4, 2, 1)": [3.0, 0.0, 4.0, 1.0, 2.0], "(2, 7, 3, 3)": [1.0, 0.0, 1.0, 0.0, 1.0], "(2, 6, 3, 3)": [0.0, 0.0, 1.0, 1.0, 0.0], "(2, 3, 1, 1)": [0.0, 1.0, 1.0, 0.0, 0.0], "(2, 5, 3, 3)": [0.0, 1.0, 0.0, 0.0, 0.0], "(2, 2, 2, 3)": [0.0, 0.0, 1.0, 0.0, 0.0], "(3, 1, 2, 2)": [0.0, 1.0, 0.0, 0.0, 1.0], "(3, 2, 2, 2)": [1.0, 0.0, 0.0, 1.0, 0.0], "(3, 3, 2, 2)": [1.0, 1.0, 1.0, 1.0, 1.0], "(3, 5, 2, 2)": [1.0, 1.0, 1.0, 1.0, 1.0], "(3, 6, 2, 2)": [1.0, 1.0, 1.0, 1.0, 1.0], "(3, 7, 2, 2)": [1.0, 0.0, 1.0, 1.0, 0.0], "(3, 4, 2, 2)": [1.0, 0.0, 1.0, 1.0, 1.0], "(2, 5, 2, 1)": [0.0, 0.0, 0.0, 0.0, 1.0]}}