{"q_values": {"(2, 7, 2, 2)": [-27.79319953918457, -24.7725887298584, -21.968095779418945, -17.705312728881836, -15.97066879272461], "(2, 6, 2, 2)": [-51.96692657470703, -46.561988830566406, -44.084739685058594, -40.34262466430664, -35.41231155395508], "(2, 5, 2, 2)": [-67.57881164550781, -63.68968200683594, -60.177860260009766, -57.76375961303711, -54.7851676940918], "(2, 2, 2, 2)": [-36.69519805908203, -40.827598571777344, -46.63473129272461, -49.2607536315918, -52.42691421508789], "(2, 1, 2, 2)": [-13.914015769958496, -17.7889404296875, -20.55198860168457, -24.824005126953125, -27.80222511291504], "(2, 3, 2, 2)": [-58.16195297241211, -60.284847259521484, -63.549068450927734, -66.08152770996094, -69.14641571044922], "(2, 4, 2, 2)": [-70.30121612548828, -69.75382995605469, -68.31243896484375, -66.95646667480469, -66.52081298828125], "(2, 6, 2, 3)": [-12.491905212402344, -10.076715469360352, -10.856527328491211, -8.042781829833984, -7.970650672912598], "(2, 1, 2, 1)": [-3.285883665084839, -3.187960624694824, -3.891184091567993, -3.4007198810577393, -3.721304416656494], "(2, 2, 2, 1)": [-7.609572410583496, -8.243203163146973, -8.041651725769043, -10.425555229187012, -16.215299606323242], "(2, 4, 2, 3)": [-25.797039031982422, -25.174840927124023, -29.056440353393555, -20.6163272857666, -21.281129837036133], "(2, 3, 2, 3)": [-85.32161712646484, 0.0, -60.99817657470703, -25.284725189208984, 0.0], "(2, 7, 2, 3)": [-4.270472049713135, -3.4969699382781982, -3.6593856811523438, -3.742894411087036, -3.41500186920166], "(2, 5, 2, 3)": [-33.44938659667969, -23.460752487182617, -13.144876480102539, -13.35681438446045, -15.305736541748047], "(2, 3, 2, 1)": [-10.971870422363281, -27.102296829223633, -14.09453296661377, -25.98855209350586, -26.972633361816406], "(2, 4, 2, 1)": [-24.361919403076172, 0.0, -24.68956756591797, -55.53163146972656, -22.6822509765625], "(2, 7, 3, 3)": [-2.2006101608276367, 0.0, -2.185631036758423, 0.0, -3.30029296875], "(2, 6, 3, 3)": [0.0, 0.0, -13.054486274719238, -6.60183048248291, 0.0], "(2, 3, 1, 1)": [0.0, -15.290449142456055, -13.106099128723145, 0.0, 0.0], "(2, 5, 3, 3)": [0.0, -13.343994140625, 0.0, 0.0, 0.0], "(2, 2, 2, 3)": [0.0, 0.0, -35.006771087646484, 0.0, 0.0], "(3, 1, 2, 2)": [0.0, -6.570622444152832, 0.0, 0.0, -4.380414962768555], "(3, 2, 2, 2)": [-10.951037406921387, 0.0, 0.0, -13.141244888305664, 0.0], "(3, 3, 2, 2)": [-24.09228515625, -17.52165985107422, -19.711868286132812, -30.66291046142578, -26.282493591308594], "(3, 5, 2, 2)": [-43.804161071777344, -125.98385620117188, -129.27059936523438, -116.08103942871094, -125.98457336425781], "(3, 6, 2, 2)": [-121.60271453857422, -113.93338012695312, -97.50825500488281, -119.41178894042969, -97.49888610839844], "(3, 7, 2, 2)": [-93.11990356445312, -65.76220703125, -63.54623031616211, -67.20695495605469, -4.383301258087158], "(3, 4, 2, 2)": [-122.65166473388672, 0.0, -124.84187316894531, -143.51055908203125, -138.03433227539062], "(2, 5, 2, 1)": [0.0, -46.021427154541016, -45.92943572998047, -39.94660568237305, -64.43590545654297], "(1, 1, 2, 2)": [-2.188605785369873, 0.0, -4.377211570739746, 0.0, 0.0], "(2, 1, 1, 1)": [0.0, 0.0, 0.0, 0.0, -2.182025909423828], "(2, 2, 1, 1)": [-4.364051818847656, 0.0, 0.0, -6.620786666870117, 0.0]}, "n_values": {"(2, 7, 2, 2)": [536.0, 566.0, 579.0, 617.0, 711.0], "(2, 6, 2, 2)": [508.0, 531.0, 543.0, 573.0, 661.0], "(2, 5, 2, 2)": [473.0, 506.0, 535.0, 532.0, 594.0], "(2, 2, 2, 2)": [640.0, 590.0, 529.0, 535.0, 543.0], "(2, 1, 2, 2)": [712.0, 631.0, 568.0, 537.0, 532.0], "(2, 3, 2, 2)": [557.0, 523.0, 505.0, 515.0, 489.0], "(2, 4, 2, 2)": [495.0, 473.0, 503.0, 499.0, 534.0], "(2, 6, 2, 3)": [31.0, 22.0, 24.0, 35.0, 21.0], "(2, 1, 2, 1)": [33.0, 29.0, 30.0, 33.0, 23.0], "(2, 2, 2, 1)": [24.0, 20.0, 18.0, 20.0, 22.0], "(2, 4, 2, 3)": [5.0, 4.0, 5.0, 3.0, 3.0], "(2, 3, 2, 3)": [1.0, 0.0, 2.0, 2.0, 0.0], "(2, 7, 2, 3)": [38.0, 32.0, 30.0, 33.0, 31.0], "(2, 5, 2, 3)": [16.0, 14.0, 10.0, 10.0, 10.0], "(2, 3, 2, 1)": [7.0, 13.0, 9.0, 14.0, 9.0], "(2, 4, 2, 1)": [8.0, 0.0, 8.0, 8.0, 3.0], "(2, 7, 3, 3)": [1.0, 0.0, 1.0, 0.0, 2.0], "(2, 6, 3, 3)": [0.0, 0.0, 1.0, 1.0, 0.0], "(2, 3, 1, 1)": [0.0, 1.0, 1.0, 0.0, 0.0], "(2, 5, 3, 3)": [0.0, 1.0, 0.0, 0.0, 0.0], "(2, 2, 2, 3)": [0.0, 0.0, 1.0, 0.0, 0.0], "(3, 1, 2, 2)": [0.0, 1.0, 0.0, 0.0, 1.0], "(3, 2, 2, 2)": [1.0, 0.0, 0.0, 1.0, 0.0], "(3, 3, 2, 2)": [1.0, 1.0, 1.0, 1.0, 1.0], "(3, 5, 2, 2)": [1.0, 2.0, 2.0, 1.0, 2.0], "(3, 6, 2, 2)": [2.0, 2.0, 2.0, 2.0, 2.0], "(3, 7, 2, 2)": [2.0, 2.0, 3.0, 3.0, 1.0], "(3, 4, 2, 2)": [1.0, 0.0, 1.0, 2.0, 2.0], "(2, 5, 2, 1)": [0.0, 2.0, 2.0, 1.0, 3.0], "(1, 1, 2, 2)": [1.0, 0.0, 1.0, 0.0, 0.0], "(2, 1, 1, 1)": [0.0, 0.0, 0.0, 0.0, 1.0], "(2, 2, 1, 1)": [1.0, 0.0, 0.0, 1.0, 0.0]}}