{"q_values": {"(2, 7, 2, 2)": [-29.383869171142578, -25.386438369750977, -25.69193458557129, -18.738834381103516, -17.537647247314453], "(2, 6, 2, 2)": [-54.89601516723633, -48.53109359741211, -43.27976989746094, -42.0960693359375, -37.560218811035156], "(2, 5, 2, 2)": [-73.14066314697266, -70.94901275634766, -63.99396896362305, -63.123050689697266, -57.747230529785156], "(2, 2, 2, 2)": [-40.713775634765625, -44.98260498046875, -54.07435607910156, -55.554847717285156, -60.072269439697266], "(2, 1, 2, 2)": [-16.257259368896484, -19.491607666015625, -23.516210556030273, -27.58521842956543, -31.377660751342773], "(2, 3, 2, 2)": [-68.92755126953125, -70.14742279052734, -75.10903930664062, -76.66536712646484, -80.0874252319336], "(2, 4, 2, 2)": [-78.04900360107422, -80.79488372802734, -79.54949188232422, -77.60365295410156, -74.7236557006836], "(2, 6, 2, 3)": [-11.933515548706055, -10.68437671661377, -9.61703872680664, -8.044605255126953, -7.465682029724121], "(2, 1, 2, 1)": [-3.4005558490753174, -3.313283681869507, -3.310014009475708, -4.391467094421387, -3.4448628425598145], "(2, 2, 2, 1)": [-6.843041896820068, -8.178951263427734, -8.326294898986816, -11.258926391601562, -13.369185447692871], "(2, 4, 2, 3)": [-20.743595123291016, -26.29655647277832, -40.77573776245117, -23.142688751220703, -17.736160278320312], "(2, 3, 2, 3)": [0.0, 0.0, -24.097959518432617, -20.0159912109375, 0.0], "(2, 7, 2, 3)": [-4.212378978729248, -3.782325267791748, -3.502063035964966, -4.409574508666992, -3.4014735221862793], "(2, 5, 2, 3)": [-19.24660301208496, -26.276105880737305, -11.007225036621094, -12.498531341552734, -12.387146949768066], "(2, 3, 2, 1)": [-10.957084655761719, -71.88124084472656, -13.12649917602539, -25.3583984375, -51.270362854003906], "(2, 4, 2, 1)": [-24.81168556213379, 0.0, -24.669116973876953, -43.55064392089844, -23.063003540039062], "(2, 7, 3, 3)": [-2.2006101608276367, 0.0, -2.185631036758423, 0.0, -4.401220321655273], "(2, 6, 3, 3)": [0.0, 0.0, -13.054486274719238, -6.60183048248291, 0.0], "(2, 3, 1, 1)": [0.0, -15.290449142456055, -13.106099128723145, 0.0, 0.0], "(2, 5, 3, 3)": [0.0, -13.343994140625, 0.0, 0.0, 0.0], "(2, 2, 2, 3)": [0.0, 0.0, -35.006771087646484, 0.0, 0.0], "(3, 1, 2, 2)": [0.0, -6.570622444152832, 0.0, 0.0, -4.380414962768555], "(3, 2, 2, 2)": [-10.951037406921387, 0.0, 0.0, -13.141244888305664, 0.0], "(3, 3, 2, 2)": [-24.09228515625, -17.52165985107422, -19.711868286132812, -30.66291046142578, -26.282493591308594], "(3, 5, 2, 2)": [-43.804161071777344, -125.98385620117188, -129.27059936523438, -116.08103942871094, -125.98457336425781], "(3, 6, 2, 2)": [-121.60271453857422, -113.93338012695312, -97.50825500488281, -119.41178894042969, -97.49888610839844], "(3, 7, 2, 2)": [-93.11990356445312, -127.11573028564453, -94.21717834472656, -97.5039291381836, -4.383301258087158], "(3, 4, 2, 2)": [-122.65166473388672, 0.0, -124.84187316894531, -143.51055908203125, -138.03433227539062], "(2, 5, 2, 1)": [0.0, 0.0, 0.0, 0.0, -56.66096115112305]}, "n_values": {"(2, 7, 2, 2)": [173.0, 182.0, 184.0, 197.0, 218.0], "(2, 6, 2, 2)": [154.0, 173.0, 180.0, 182.0, 211.0], "(2, 5, 2, 2)": [161.0, 163.0, 188.0, 185.0, 201.0], "(2, 2, 2, 2)": [208.0, 211.0, 180.0, 193.0, 192.0], "(2, 1, 2, 2)": [235.0, 229.0, 202.0, 197.0, 195.0], "(2, 3, 2, 2)": [189.0, 190.0, 191.0, 193.0, 189.0], "(2, 4, 2, 2)": [189.0, 173.0, 177.0, 184.0, 190.0], "(2, 6, 2, 3)": [11.0, 8.0, 10.0, 12.0, 5.0], "(2, 1, 2, 1)": [13.0, 8.0, 8.0, 7.0, 7.0], "(2, 2, 2, 1)": [9.0, 7.0, 5.0, 7.0, 9.0], "(2, 4, 2, 3)": [2.0, 3.0, 2.0, 2.0, 2.0], "(2, 3, 2, 3)": [0.0, 0.0, 1.0, 1.0, 0.0], "(2, 7, 2, 3)": [13.0, 11.0, 10.0, 8.0, 11.0], "(2, 5, 2, 3)": [5.0, 5.0, 2.0, 7.0, 3.0], "(2, 3, 2, 1)": [3.0, 1.0, 4.0, 7.0, 2.0], "(2, 4, 2, 1)": [3.0, 0.0, 4.0, 1.0, 2.0], "(2, 7, 3, 3)": [1.0, 0.0, 1.0, 0.0, 1.0], "(2, 6, 3, 3)": [0.0, 0.0, 1.0, 1.0, 0.0], "(2, 3, 1, 1)": [0.0, 1.0, 1.0, 0.0, 0.0], "(2, 5, 3, 3)": [0.0, 1.0, 0.0, 0.0, 0.0], "(2, 2, 2, 3)": [0.0, 0.0, 1.0, 0.0, 0.0], "(3, 1, 2, 2)": [0.0, 1.0, 0.0, 0.0, 1.0], "(3, 2, 2, 2)": [1.0, 0.0, 0.0, 1.0, 0.0], "(3, 3, 2, 2)": [1.0, 1.0, 1.0, 1.0, 1.0], "(3, 5, 2, 2)": [1.0, 2.0, 2.0, 1.0, 2.0], "(3, 6, 2, 2)": [2.0, 2.0, 2.0, 2.0, 2.0], "(3, 7, 2, 2)": [2.0, 1.0, 2.0, 2.0, 1.0], "(3, 4, 2, 2)": [1.0, 0.0, 1.0, 2.0, 2.0], "(2, 5, 2, 1)": [0.0, 0.0, 0.0, 0.0, 1.0]}}