{"q_values": {"(2, 7, 2, 2)": [-31.780031204223633, -27.544591903686523, -27.1915340423584, -20.58561897277832, -19.3563289642334], "(2, 6, 2, 2)": [-57.69948959350586, -51.59844207763672, -45.447566986083984, -42.710235595703125, -39.10313415527344], "(2, 5, 2, 2)": [-74.8248519897461, -72.97438049316406, -66.78067016601562, -65.83729553222656, -59.998870849609375], "(2, 2, 2, 2)": [-39.13047790527344, -44.681365966796875, -53.97078323364258, -55.17249298095703, -59.5092658996582], "(2, 1, 2, 2)": [-14.456149101257324, -19.259355545043945, -23.14246940612793, -26.11214828491211, -29.745262145996094], "(2, 3, 2, 2)": [-67.9176025390625, -70.48967742919922, -75.08719635009766, -76.89461517333984, -80.28359985351562], "(2, 4, 2, 2)": [-78.31290435791016, -81.6270980834961, -79.27665710449219, -77.23766326904297, -75.69084930419922], "(2, 6, 2, 3)": [-10.943831443786621, -10.100037574768066, -8.72291088104248, -7.522491931915283, -7.698046684265137], "(2, 1, 2, 1)": [-3.3090803623199463, -3.086230993270874, -3.1490864753723145, -4.753669261932373, -3.077209711074829], "(2, 2, 2, 1)": [-6.879781246185303, -8.063274383544922, -8.22482681274414, -11.834745407104492, -13.384871482849121], "(2, 4, 2, 3)": [-19.64600372314453, -27.363956451416016, 0.0, -24.10641098022461, -17.7919921875], "(2, 3, 2, 3)": [0.0, 0.0, -24.097959518432617, -20.0159912109375, 0.0], "(2, 7, 2, 3)": [-4.384932994842529, -3.4062108993530273, -3.648251533508301, -4.412934303283691, -3.3036980628967285], "(2, 5, 2, 3)": [-19.24660301208496, -33.46165466308594, -11.058395385742188, -11.833481788635254, -10.96560287475586], "(2, 3, 2, 1)": [-10.957084655761719, -71.88124084472656, -12.069488525390625, -25.855369567871094, -51.270362854003906], "(2, 4, 2, 1)": [-24.81168556213379, 0.0, -24.669116973876953, -43.55064392089844, -23.063003540039062], "(2, 7, 3, 3)": [-2.2006101608276367, 0.0, -2.185631036758423, 0.0, -4.401220321655273], "(2, 6, 3, 3)": [0.0, 0.0, 0.0, -6.60183048248291, 0.0], "(2, 3, 1, 1)": [0.0, -15.290449142456055, -13.106099128723145, 0.0, 0.0], "(2, 5, 3, 3)": [0.0, -13.343994140625, 0.0, 0.0, 0.0], "(2, 2, 2, 3)": [0.0, 0.0, -35.006771087646484, 0.0, 0.0], "(3, 1, 2, 2)": [0.0, -6.570622444152832, 0.0, 0.0, -4.380414962768555], "(3, 2, 2, 2)": [-10.951037406921387, 0.0, 0.0, -13.141244888305664, 0.0], "(3, 3, 2, 2)": [-24.09228515625, -17.52165985107422, -19.711868286132812, -30.66291046142578, -26.282493591308594], "(3, 5, 2, 2)": [-43.804161071777344, -109.51041412353516, -111.70062255859375, -116.08103942871094, -107.32020568847656], "(3, 6, 2, 2)": [-102.93978881835938, -98.55937194824219, -61.325828552246094, -100.74958038330078, -89.79853820800781], "(3, 7, 2, 2)": [-76.65728759765625, 0.0, -72.27687072753906, -74.46707916259766, 0.0], "(3, 4, 2, 2)": [-122.65166473388672, 0.0, -124.84187316894531, -129.2222900390625, -120.46145629882812]}, "n_values": {"(2, 7, 2, 2)": [113.0, 118.0, 120.0, 125.0, 131.0], "(2, 6, 2, 2)": [103.0, 112.0, 120.0, 121.0, 141.0], "(2, 5, 2, 2)": [108.0, 104.0, 120.0, 118.0, 134.0], "(2, 2, 2, 2)": [147.0, 141.0, 125.0, 130.0, 129.0], "(2, 1, 2, 2)": [162.0, 157.0, 145.0, 132.0, 132.0], "(2, 3, 2, 2)": [130.0, 132.0, 130.0, 136.0, 133.0], "(2, 4, 2, 2)": [125.0, 114.0, 118.0, 120.0, 122.0], "(2, 6, 2, 3)": [8.0, 5.0, 7.0, 7.0, 4.0], "(2, 1, 2, 1)": [8.0, 5.0, 7.0, 6.0, 5.0], "(2, 2, 2, 1)": [8.0, 6.0, 4.0, 5.0, 8.0], "(2, 4, 2, 3)": [1.0, 2.0, 0.0, 1.0, 1.0], "(2, 3, 2, 3)": [0.0, 0.0, 1.0, 1.0, 0.0], "(2, 7, 2, 3)": [9.0, 9.0, 6.0, 7.0, 8.0], "(2, 5, 2, 3)": [5.0, 3.0, 1.0, 5.0, 2.0], "(2, 3, 2, 1)": [3.0, 1.0, 2.0, 5.0, 2.0], "(2, 4, 2, 1)": [3.0, 0.0, 4.0, 1.0, 2.0], "(2, 7, 3, 3)": [1.0, 0.0, 1.0, 0.0, 1.0], "(2, 6, 3, 3)": [0.0, 0.0, 0.0, 1.0, 0.0], "(2, 3, 1, 1)": [0.0, 1.0, 1.0, 0.0, 0.0], "(2, 5, 3, 3)": [0.0, 1.0, 0.0, 0.0, 0.0], "(2, 2, 2, 3)": [0.0, 0.0, 1.0, 0.0, 0.0], "(3, 1, 2, 2)": [0.0, 1.0, 0.0, 0.0, 1.0], "(3, 2, 2, 2)": [1.0, 0.0, 0.0, 1.0, 0.0], "(3, 3, 2, 2)": [1.0, 1.0, 1.0, 1.0, 1.0], "(3, 5, 2, 2)": [1.0, 1.0, 1.0, 1.0, 1.0], "(3, 6, 2, 2)": [1.0, 1.0, 1.0, 1.0, 1.0], "(3, 7, 2, 2)": [1.0, 0.0, 1.0, 1.0, 0.0], "(3, 4, 2, 2)": [1.0, 0.0, 1.0, 1.0, 1.0]}}