{"q_values": {"(2, 7, 2, 2)": [-23.63886070251465, -20.764453887939453, -18.153871536254883, -15.28213119506836, -13.436397552490234], "(2, 6, 2, 2)": [-45.65888595581055, -41.749977111816406, -37.77336120605469, -34.68437957763672, -30.620079040527344], "(2, 5, 2, 2)": [-60.161434173583984, -57.397499084472656, -54.5213737487793, -51.06827163696289, -48.080657958984375], "(2, 2, 2, 2)": [-33.0565071105957, -36.74925231933594, -41.41938018798828, -44.15453338623047, -47.817047119140625], "(2, 1, 2, 2)": [-12.970282554626465, -15.646472930908203, -18.18571662902832, -21.787960052490234, -24.410306930541992], "(2, 3, 2, 2)": [-51.296653747558594, -53.621437072753906, -56.13528060913086, -58.72626495361328, -61.33369064331055], "(2, 4, 2, 2)": [-63.623085021972656, -63.545928955078125, -63.04140090942383, -60.91452407836914, -60.17875289916992], "(2, 6, 2, 3)": [-13.941459655761719, -10.5266752243042, -9.803730964660645, -8.092681884765625, -9.41186809539795], "(2, 1, 2, 1)": [-3.5423362255096436, -3.394429922103882, -3.758413791656494, -3.3132314682006836, -3.9289143085479736], "(2, 2, 2, 1)": [-7.5876617431640625, -7.938266277313232, -8.616613388061523, -11.866527557373047, -13.73145580291748], "(2, 4, 2, 3)": [-30.889862060546875, -39.046085357666016, -27.147960662841797, -19.523067474365234, -19.888385772705078], "(2, 3, 2, 3)": [-85.32161712646484, -24.052282333374023, -60.99817657470703, -24.192134857177734, 0.0], "(2, 7, 2, 3)": [-3.94785213470459, -3.765627861022949, -3.632781744003296, -3.432117462158203, -3.399858236312866], "(2, 5, 2, 3)": [-28.068328857421875, -20.524885177612305, -14.645402908325195, -12.939594268798828, -14.274867057800293], "(2, 3, 2, 1)": [-11.609747886657715, -20.479154586791992, -14.689298629760742, -23.101961135864258, -27.586490631103516], "(2, 4, 2, 1)": [-23.11761474609375, -22.98288345336914, -24.373010635375977, -48.47975158691406, -37.94906234741211], "(2, 7, 3, 3)": [-3.3037941455841064, 0.0, -2.185631036758423, -4.407423973083496, -2.9373271465301514], "(2, 6, 3, 3)": [-10.993489265441895, 0.0, -13.054486274719238, -6.60183048248291, 0.0], "(2, 3, 1, 1)": [0.0, -15.290449142456055, -13.106099128723145, -24.176132202148438, 0.0], "(2, 5, 3, 3)": [-11.221538543701172, -13.343994140625, 0.0, 0.0, 0.0], "(2, 2, 2, 3)": [0.0, -89.54580688476562, -35.006771087646484, 0.0, 0.0], "(3, 1, 2, 2)": [0.0, -6.570622444152832, 0.0, 0.0, -4.380414962768555], "(3, 2, 2, 2)": [-10.951037406921387, 0.0, 0.0, -13.141244888305664, 0.0], "(3, 3, 2, 2)": [-18.67155647277832, -18.698951721191406, -19.711868286132812, -30.66291046142578, -26.282493591308594], "(3, 5, 2, 2)": [-43.804161071777344, -125.98385620117188, -129.27059936523438, -116.08103942871094, -125.98457336425781], "(3, 6, 2, 2)": [-86.22241973876953, -79.63697814941406, -97.50825500488281, -119.41178894042969, -69.41692352294922], "(3, 7, 2, 2)": [-93.11990356445312, -65.76220703125, -48.76409149169922, -67.20695495605469, -5.504899978637695], "(3, 4, 2, 2)": [-122.65166473388672, 0.0, -124.84187316894531, -143.51055908203125, -138.03433227539062], "(2, 5, 2, 1)": [-27.377378463745117, -39.45277404785156, -39.37638473510742, -73.23907470703125, -66.86556243896484], "(1, 1, 2, 2)": [-3.281289577484131, -4.360187530517578, -8.731657028198242, -9.45563793182373, -10.905084609985352], "(2, 1, 1, 1)": [0.0, 0.0, 0.0, 0.0, -2.182025909423828], "(2, 2, 1, 1)": [-4.364051818847656, 0.0, 0.0, -6.620786666870117, 0.0], "(2, 6, 2, 1)": [0.0, 0.0, 0.0, -34.97188949584961, 0.0], "(1, 1, 2, 1)": [0.0, 0.0, 0.0, 0.0, -4.435508728027344]}, "n_values": {"(2, 7, 2, 2)": [1359.0, 1470.0, 1505.0, 1595.0, 2037.0], "(2, 6, 2, 2)": [1285.0, 1340.0, 1412.0, 1466.0, 1830.0], "(2, 5, 2, 2)": [1177.0, 1232.0, 1255.0, 1297.0, 1565.0], "(2, 2, 2, 2)": [1630.0, 1360.0, 1272.0, 1240.0, 1226.0], "(2, 1, 2, 2)": [1891.0, 1501.0, 1397.0, 1319.0, 1308.0], "(2, 3, 2, 2)": [1332.0, 1165.0, 1153.0, 1114.0, 1081.0], "(2, 4, 2, 2)": [1082.0, 1063.0, 1098.0, 1092.0, 1256.0], "(2, 6, 2, 3)": [69.0, 64.0, 73.0, 97.0, 63.0], "(2, 1, 2, 1)": [78.0, 83.0, 89.0, 128.0, 76.0], "(2, 2, 2, 1)": [67.0, 46.0, 42.0, 45.0, 41.0], "(2, 4, 2, 3)": [9.0, 7.0, 6.0, 8.0, 4.0], "(2, 3, 2, 3)": [1.0, 1.0, 2.0, 3.0, 0.0], "(2, 7, 2, 3)": [119.0, 108.0, 98.0, 117.0, 144.0], "(2, 5, 2, 3)": [35.0, 28.0, 31.0, 36.0, 36.0], "(2, 3, 2, 1)": [17.0, 23.0, 20.0, 19.0, 21.0], "(2, 4, 2, 1)": [11.0, 2.0, 11.0, 14.0, 6.0], "(2, 7, 3, 3)": [2.0, 0.0, 1.0, 1.0, 3.0], "(2, 6, 3, 3)": [2.0, 0.0, 1.0, 1.0, 0.0], "(2, 3, 1, 1)": [0.0, 1.0, 1.0, 1.0, 0.0], "(2, 5, 3, 3)": [1.0, 1.0, 0.0, 0.0, 0.0], "(2, 2, 2, 3)": [0.0, 1.0, 1.0, 0.0, 0.0], "(3, 1, 2, 2)": [0.0, 1.0, 0.0, 0.0, 1.0], "(3, 2, 2, 2)": [1.0, 0.0, 0.0, 1.0, 0.0], "(3, 3, 2, 2)": [2.0, 2.0, 1.0, 1.0, 1.0], "(3, 5, 2, 2)": [1.0, 2.0, 2.0, 1.0, 2.0], "(3, 6, 2, 2)": [3.0, 3.0, 2.0, 2.0, 3.0], "(3, 7, 2, 2)": [2.0, 2.0, 4.0, 3.0, 2.0], "(3, 4, 2, 2)": [1.0, 0.0, 1.0, 2.0, 2.0], "(2, 5, 2, 1)": [4.0, 3.0, 3.0, 3.0, 4.0], "(1, 1, 2, 2)": [4.0, 2.0, 2.0, 3.0, 1.0], "(2, 1, 1, 1)": [0.0, 0.0, 0.0, 0.0, 1.0], "(2, 2, 1, 1)": [1.0, 0.0, 0.0, 1.0, 0.0], "(2, 6, 2, 1)": [0.0, 0.0, 0.0, 1.0, 0.0], "(1, 1, 2, 1)": [0.0, 0.0, 0.0, 0.0, 1.0]}}