{"q_values": {"(2, 7, 2, 2)": [-25.985681533813477, -22.585315704345703, -19.996675491333008, -16.69997787475586, -14.619232177734375], "(2, 6, 2, 2)": [-50.281612396240234, -45.151649475097656, -42.30168533325195, -38.08189010620117, -33.69695281982422], "(2, 5, 2, 2)": [-65.5356674194336, -61.68922805786133, -58.74951171875, -55.833717346191406, -52.58906173706055], "(2, 2, 2, 2)": [-36.04235076904297, -39.52991485595703, -45.20462417602539, -47.90102767944336, -51.66732406616211], "(2, 1, 2, 2)": [-13.599634170532227, -17.022735595703125, -19.794452667236328, -23.635257720947266, -26.070486068725586], "(2, 3, 2, 2)": [-56.217533111572266, -58.708778381347656, -61.979515075683594, -64.41193389892578, -66.45674896240234], "(2, 4, 2, 2)": [-68.69245910644531, -68.00752258300781, -66.9802017211914, -65.8269271850586, -65.16236114501953], "(2, 6, 2, 3)": [-14.018102645874023, -11.128705024719238, -9.926680564880371, -8.105725288391113, -8.094016075134277], "(2, 1, 2, 1)": [-3.3418638706207275, -3.433988332748413, -3.818420171737671, -3.2376556396484375, -3.9446442127227783], "(2, 2, 2, 1)": [-7.583882808685303, -8.218975067138672, -8.693798065185547, -10.215458869934082, -14.523091316223145], "(2, 4, 2, 3)": [-25.797039031982422, -25.387670516967773, -29.056440353393555, -19.382787704467773, -21.281129837036133], "(2, 3, 2, 3)": [-85.32161712646484, -24.052282333374023, -60.99817657470703, -25.284725189208984, 0.0], "(2, 7, 2, 3)": [-4.018726825714111, -3.723567247390747, -3.5395548343658447, -3.5149505138397217, -3.304514169692993], "(2, 5, 2, 3)": [-29.931541442871094, -21.113508224487305, -14.64630126953125, -12.772356986999512, -15.969740867614746], "(2, 3, 2, 1)": [-11.56104850769043, -21.56396484375, -14.662656784057617, -24.98675537109375, -29.611980438232422], "(2, 4, 2, 1)": [-23.870084762573242, -22.98288345336914, -23.058313369750977, -52.34693908691406, -39.85594177246094], "(2, 7, 3, 3)": [-2.2006101608276367, 0.0, -2.185631036758423, 0.0, -3.30029296875], "(2, 6, 3, 3)": [-10.993489265441895, 0.0, -13.054486274719238, -6.60183048248291, 0.0], "(2, 3, 1, 1)": [0.0, -15.290449142456055, -13.106099128723145, 0.0, 0.0], "(2, 5, 3, 3)": [0.0, -13.343994140625, 0.0, 0.0, 0.0], "(2, 2, 2, 3)": [0.0, 0.0, -35.006771087646484, 0.0, 0.0], "(3, 1, 2, 2)": [0.0, -6.570622444152832, 0.0, 0.0, -4.380414962768555], "(3, 2, 2, 2)": [-10.951037406921387, 0.0, 0.0, -13.141244888305664, 0.0], "(3, 3, 2, 2)": [-24.09228515625, -17.52165985107422, -19.711868286132812, -30.66291046142578, -26.282493591308594], "(3, 5, 2, 2)": [-43.804161071777344, -125.98385620117188, -129.27059936523438, -116.08103942871094, -125.98457336425781], "(3, 6, 2, 2)": [-121.60271453857422, -113.93338012695312, -97.50825500488281, -119.41178894042969, -97.49888610839844], "(3, 7, 2, 2)": [-93.11990356445312, -65.76220703125, -63.54623031616211, -67.20695495605469, -4.383301258087158], "(3, 4, 2, 2)": [-122.65166473388672, 0.0, -124.84187316894531, -143.51055908203125, -138.03433227539062], "(2, 5, 2, 1)": [-24.06974220275879, -39.45277404785156, -39.37638473510742, -73.23907470703125, -64.43590545654297], "(1, 1, 2, 2)": [-2.1821765899658203, -6.527242660522461, -4.377211570739746, -4.351495265960693, 0.0], "(2, 1, 1, 1)": [0.0, 0.0, 0.0, 0.0, -2.182025909423828], "(2, 2, 1, 1)": [-4.364051818847656, 0.0, 0.0, -6.620786666870117, 0.0]}, "n_values": {"(2, 7, 2, 2)": [817.0, 872.0, 892.0, 963.0, 1139.0], "(2, 6, 2, 2)": [781.0, 826.0, 854.0, 898.0, 1053.0], "(2, 5, 2, 2)": [732.0, 784.0, 808.0, 817.0, 924.0], "(2, 2, 2, 2)": [973.0, 858.0, 788.0, 789.0, 772.0], "(2, 1, 2, 2)": [1086.0, 938.0, 835.0, 803.0, 801.0], "(2, 3, 2, 2)": [806.0, 742.0, 716.0, 718.0, 698.0], "(2, 4, 2, 2)": [711.0, 698.0, 731.0, 720.0, 803.0], "(2, 6, 2, 3)": [37.0, 40.0, 40.0, 48.0, 34.0], "(2, 1, 2, 1)": [43.0, 50.0, 49.0, 55.0, 44.0], "(2, 2, 2, 1)": [38.0, 27.0, 30.0, 23.0, 30.0], "(2, 4, 2, 3)": [5.0, 5.0, 5.0, 5.0, 3.0], "(2, 3, 2, 3)": [1.0, 1.0, 2.0, 2.0, 0.0], "(2, 7, 2, 3)": [65.0, 56.0, 54.0, 59.0, 70.0], "(2, 5, 2, 3)": [25.0, 19.0, 19.0, 17.0, 18.0], "(2, 3, 2, 1)": [11.0, 20.0, 13.0, 15.0, 16.0], "(2, 4, 2, 1)": [9.0, 2.0, 10.0, 12.0, 5.0], "(2, 7, 3, 3)": [1.0, 0.0, 1.0, 0.0, 2.0], "(2, 6, 3, 3)": [2.0, 0.0, 1.0, 1.0, 0.0], "(2, 3, 1, 1)": [0.0, 1.0, 1.0, 0.0, 0.0], "(2, 5, 3, 3)": [0.0, 1.0, 0.0, 0.0, 0.0], "(2, 2, 2, 3)": [0.0, 0.0, 1.0, 0.0, 0.0], "(3, 1, 2, 2)": [0.0, 1.0, 0.0, 0.0, 1.0], "(3, 2, 2, 2)": [1.0, 0.0, 0.0, 1.0, 0.0], "(3, 3, 2, 2)": [1.0, 1.0, 1.0, 1.0, 1.0], "(3, 5, 2, 2)": [1.0, 2.0, 2.0, 1.0, 2.0], "(3, 6, 2, 2)": [2.0, 2.0, 2.0, 2.0, 2.0], "(3, 7, 2, 2)": [2.0, 2.0, 3.0, 3.0, 1.0], "(3, 4, 2, 2)": [1.0, 0.0, 1.0, 2.0, 2.0], "(2, 5, 2, 1)": [2.0, 3.0, 3.0, 3.0, 3.0], "(1, 1, 2, 2)": [2.0, 1.0, 1.0, 1.0, 0.0], "(2, 1, 1, 1)": [0.0, 0.0, 0.0, 0.0, 1.0], "(2, 2, 1, 1)": [1.0, 0.0, 0.0, 1.0, 0.0]}}