{"q_values": {"(2, 7, 2, 2)": [-27.313175201416016, -23.847179412841797, -21.015474319458008, -17.260547637939453, -15.453245162963867], "(2, 6, 2, 2)": [-51.0392951965332, -45.50284194946289, -43.30363082885742, -39.55811309814453, -34.49871826171875], "(2, 5, 2, 2)": [-66.4768295288086, -62.82136154174805, -59.73640823364258, -56.42342758178711, -53.734378814697266], "(2, 2, 2, 2)": [-36.642578125, -40.38911437988281, -46.093868255615234, -48.437408447265625, -52.03693389892578], "(2, 1, 2, 2)": [-13.892961502075195, -17.422893524169922, -20.466684341430664, -24.760604858398438, -27.41140365600586], "(2, 3, 2, 2)": [-57.79684829711914, -59.96670913696289, -63.009437561035156, -65.88216400146484, -68.05597686767578], "(2, 4, 2, 2)": [-69.83902740478516, -69.31432342529297, -68.6777572631836, -67.2833023071289, -66.81686401367188], "(2, 6, 2, 3)": [-12.469120979309082, -11.39957332611084, -10.613476753234863, -8.122209548950195, -7.970650672912598], "(2, 1, 2, 1)": [-3.2546260356903076, -3.2461209297180176, -3.914707660675049, -3.365013599395752, -3.863100528717041], "(2, 2, 2, 1)": [-7.745110511779785, -8.399190902709961, -8.041651725769043, -10.280515670776367, -15.989890098571777], "(2, 4, 2, 3)": [-25.797039031982422, -25.174840927124023, -29.056440353393555, -20.6163272857666, -21.281129837036133], "(2, 3, 2, 3)": [-85.32161712646484, 0.0, -60.99817657470703, -25.284725189208984, 0.0], "(2, 7, 2, 3)": [-4.240215301513672, -3.577702045440674, -3.681063652038574, -3.6570088863372803, -3.3652005195617676], "(2, 5, 2, 3)": [-31.5928897857666, -22.05348777770996, -13.144876480102539, -13.343277931213379, -15.322813034057617], "(2, 3, 2, 1)": [-10.971870422363281, -24.492109298706055, -14.341474533081055, -25.98855209350586, -24.673246383666992], "(2, 4, 2, 1)": [-23.870084762573242, 0.0, -23.915210723876953, -59.08839416503906, -22.6822509765625], "(2, 7, 3, 3)": [-2.2006101608276367, 0.0, -2.185631036758423, 0.0, -3.30029296875], "(2, 6, 3, 3)": [0.0, 0.0, -13.054486274719238, -6.60183048248291, 0.0], "(2, 3, 1, 1)": [0.0, -15.290449142456055, -13.106099128723145, 0.0, 0.0], "(2, 5, 3, 3)": [0.0, -13.343994140625, 0.0, 0.0, 0.0], "(2, 2, 2, 3)": [0.0, 0.0, -35.006771087646484, 0.0, 0.0], "(3, 1, 2, 2)": [0.0, -6.570622444152832, 0.0, 0.0, -4.380414962768555], "(3, 2, 2, 2)": [-10.951037406921387, 0.0, 0.0, -13.141244888305664, 0.0], "(3, 3, 2, 2)": [-24.09228515625, -17.52165985107422, -19.711868286132812, -30.66291046142578, -26.282493591308594], "(3, 5, 2, 2)": [-43.804161071777344, -125.98385620117188, -129.27059936523438, -116.08103942871094, -125.98457336425781], "(3, 6, 2, 2)": [-121.60271453857422, -113.93338012695312, -97.50825500488281, -119.41178894042969, -97.49888610839844], "(3, 7, 2, 2)": [-93.11990356445312, -65.76220703125, -63.54623031616211, -67.20695495605469, -4.383301258087158], "(3, 4, 2, 2)": [-122.65166473388672, 0.0, -124.84187316894531, -143.51055908203125, -138.03433227539062], "(2, 5, 2, 1)": [0.0, -46.021427154541016, -45.92943572998047, -39.94660568237305, -64.43590545654297], "(1, 1, 2, 2)": [-2.188605785369873, 0.0, -4.377211570739746, 0.0, 0.0], "(2, 1, 1, 1)": [0.0, 0.0, 0.0, 0.0, -2.182025909423828], "(2, 2, 1, 1)": [-4.364051818847656, 0.0, 0.0, -6.620786666870117, 0.0]}, "n_values": {"(2, 7, 2, 2)": [618.0, 666.0, 676.0, 725.0, 837.0], "(2, 6, 2, 2)": [597.0, 629.0, 639.0, 680.0, 781.0], "(2, 5, 2, 2)": [561.0, 598.0, 624.0, 630.0, 703.0], "(2, 2, 2, 2)": [743.0, 671.0, 608.0, 618.0, 617.0], "(2, 1, 2, 2)": [827.0, 727.0, 653.0, 617.0, 615.0], "(2, 3, 2, 2)": [628.0, 584.0, 566.0, 577.0, 553.0], "(2, 4, 2, 2)": [571.0, 550.0, 571.0, 569.0, 614.0], "(2, 6, 2, 3)": [33.0, 25.0, 26.0, 36.0, 21.0], "(2, 1, 2, 1)": [34.0, 38.0, 36.0, 34.0, 29.0], "(2, 2, 2, 1)": [27.0, 22.0, 18.0, 22.0, 23.0], "(2, 4, 2, 3)": [5.0, 4.0, 5.0, 3.0, 3.0], "(2, 3, 2, 3)": [1.0, 0.0, 2.0, 2.0, 0.0], "(2, 7, 2, 3)": [45.0, 38.0, 34.0, 41.0, 38.0], "(2, 5, 2, 3)": [20.0, 17.0, 10.0, 11.0, 11.0], "(2, 3, 2, 1)": [7.0, 16.0, 11.0, 14.0, 11.0], "(2, 4, 2, 1)": [9.0, 0.0, 9.0, 9.0, 3.0], "(2, 7, 3, 3)": [1.0, 0.0, 1.0, 0.0, 2.0], "(2, 6, 3, 3)": [0.0, 0.0, 1.0, 1.0, 0.0], "(2, 3, 1, 1)": [0.0, 1.0, 1.0, 0.0, 0.0], "(2, 5, 3, 3)": [0.0, 1.0, 0.0, 0.0, 0.0], "(2, 2, 2, 3)": [0.0, 0.0, 1.0, 0.0, 0.0], "(3, 1, 2, 2)": [0.0, 1.0, 0.0, 0.0, 1.0], "(3, 2, 2, 2)": [1.0, 0.0, 0.0, 1.0, 0.0], "(3, 3, 2, 2)": [1.0, 1.0, 1.0, 1.0, 1.0], "(3, 5, 2, 2)": [1.0, 2.0, 2.0, 1.0, 2.0], "(3, 6, 2, 2)": [2.0, 2.0, 2.0, 2.0, 2.0], "(3, 7, 2, 2)": [2.0, 2.0, 3.0, 3.0, 1.0], "(3, 4, 2, 2)": [1.0, 0.0, 1.0, 2.0, 2.0], "(2, 5, 2, 1)": [0.0, 2.0, 2.0, 1.0, 3.0], "(1, 1, 2, 2)": [1.0, 0.0, 1.0, 0.0, 0.0], "(2, 1, 1, 1)": [0.0, 0.0, 0.0, 0.0, 1.0], "(2, 2, 1, 1)": [1.0, 0.0, 0.0, 1.0, 0.0]}}