{"q_values": {"(2, 7, 2, 2)": [-25.076889038085938, -21.97286605834961, -19.35519027709961, -16.175128936767578, -14.142426490783691], "(2, 6, 2, 2)": [-47.92860794067383, -43.4693489074707, -39.88456726074219, -36.24844741821289, -32.04966354370117], "(2, 5, 2, 2)": [-62.374488830566406, -59.11659240722656, -56.51602554321289, -53.15403747558594, -50.477508544921875], "(2, 2, 2, 2)": [-34.598628997802734, -38.5552978515625, -43.593482971191406, -46.168941497802734, -49.68419647216797], "(2, 1, 2, 2)": [-13.379252433776855, -16.438579559326172, -19.10095977783203, -22.887496948242188, -25.43291664123535], "(2, 3, 2, 2)": [-53.43376922607422, -55.96200942993164, -58.8240966796875, -61.29521942138672, -64.11930084228516], "(2, 4, 2, 2)": [-65.87725067138672, -65.42375946044922, -64.8400650024414, -62.83910369873047, -62.38075256347656], "(2, 6, 2, 3)": [-15.419848442077637, -10.920492172241211, -10.0526762008667, -8.16138744354248, -9.819294929504395], "(2, 1, 2, 1)": [-3.497199535369873, -3.3849775791168213, -3.67749285697937, -3.32476806640625, -4.038524150848389], "(2, 2, 2, 1)": [-7.563170433044434, -8.273701667785645, -8.605391502380371, -10.345809936523438, -13.49393367767334], "(2, 4, 2, 3)": [-25.023866653442383, -25.387670516967773, -29.056440353393555, -19.458023071289062, -21.281129837036133], "(2, 3, 2, 3)": [-85.32161712646484, -24.052282333374023, -60.99817657470703, -25.284725189208984, 0.0], "(2, 7, 2, 3)": [-4.069533348083496, -3.8372182846069336, -3.653996467590332, -3.5181517601013184, -3.2117767333984375], "(2, 5, 2, 3)": [-29.142885208129883, -20.575387954711914, -15.053000450134277, -13.358569145202637, -15.25916576385498], "(2, 3, 2, 1)": [-11.65363597869873, -21.56396484375, -14.874187469482422, -24.67075538635254, -27.20016860961914], "(2, 4, 2, 1)": [-24.120471954345703, -22.98288345336914, -23.058313369750977, -52.34693908691406, -37.94906234741211], "(2, 7, 3, 3)": [-3.3037941455841064, 0.0, -2.185631036758423, -4.407423973083496, -3.30029296875], "(2, 6, 3, 3)": [-10.993489265441895, 0.0, -13.054486274719238, -6.60183048248291, 0.0], "(2, 3, 1, 1)": [0.0, -15.290449142456055, -13.106099128723145, -24.176132202148438, 0.0], "(2, 5, 3, 3)": [0.0, -13.343994140625, 0.0, 0.0, 0.0], "(2, 2, 2, 3)": [0.0, 0.0, -35.006771087646484, 0.0, 0.0], "(3, 1, 2, 2)": [0.0, -6.570622444152832, 0.0, 0.0, -4.380414962768555], "(3, 2, 2, 2)": [-10.951037406921387, 0.0, 0.0, -13.141244888305664, 0.0], "(3, 3, 2, 2)": [-24.09228515625, -17.52165985107422, -19.711868286132812, -30.66291046142578, -26.282493591308594], "(3, 5, 2, 2)": [-43.804161071777344, -125.98385620117188, -129.27059936523438, -116.08103942871094, -125.98457336425781], "(3, 6, 2, 2)": [-121.60271453857422, -113.93338012695312, -97.50825500488281, -119.41178894042969, -97.49888610839844], "(3, 7, 2, 2)": [-93.11990356445312, -65.76220703125, -63.54623031616211, -67.20695495605469, -4.383301258087158], "(3, 4, 2, 2)": [-122.65166473388672, 0.0, -124.84187316894531, -143.51055908203125, -138.03433227539062], "(2, 5, 2, 1)": [-27.377378463745117, -39.45277404785156, -39.37638473510742, -73.23907470703125, -66.86556243896484], "(1, 1, 2, 2)": [-3.281289577484131, -4.360187530517578, -8.731657028198242, -9.45563793182373, -10.905084609985352], "(2, 1, 1, 1)": [0.0, 0.0, 0.0, 0.0, -2.182025909423828], "(2, 2, 1, 1)": [-4.364051818847656, 0.0, 0.0, -6.620786666870117, 0.0], "(2, 6, 2, 1)": [0.0, 0.0, 0.0, -34.97188949584961, 0.0], "(1, 1, 2, 1)": [0.0, 0.0, 0.0, 0.0, -4.435508728027344]}, "n_values": {"(2, 7, 2, 2)": [1066.0, 1141.0, 1174.0, 1233.0, 1533.0], "(2, 6, 2, 2)": [1009.0, 1064.0, 1113.0, 1154.0, 1396.0], "(2, 5, 2, 2)": [933.0, 982.0, 1010.0, 1031.0, 1190.0], "(2, 2, 2, 2)": [1252.0, 1083.0, 1001.0, 994.0, 973.0], "(2, 1, 2, 2)": [1436.0, 1203.0, 1097.0, 1041.0, 1034.0], "(2, 3, 2, 2)": [1037.0, 934.0, 896.0, 887.0, 852.0], "(2, 4, 2, 2)": [879.0, 871.0, 902.0, 896.0, 1009.0], "(2, 6, 2, 3)": [49.0, 48.0, 50.0, 66.0, 48.0], "(2, 1, 2, 1)": [55.0, 65.0, 64.0, 82.0, 56.0], "(2, 2, 2, 1)": [50.0, 34.0, 40.0, 31.0, 37.0], "(2, 4, 2, 3)": [7.0, 5.0, 5.0, 6.0, 3.0], "(2, 3, 2, 3)": [1.0, 1.0, 2.0, 2.0, 0.0], "(2, 7, 2, 3)": [82.0, 75.0, 74.0, 74.0, 94.0], "(2, 5, 2, 3)": [31.0, 21.0, 23.0, 23.0, 22.0], "(2, 3, 2, 1)": [16.0, 20.0, 19.0, 16.0, 20.0], "(2, 4, 2, 1)": [10.0, 2.0, 10.0, 12.0, 6.0], "(2, 7, 3, 3)": [2.0, 0.0, 1.0, 1.0, 2.0], "(2, 6, 3, 3)": [2.0, 0.0, 1.0, 1.0, 0.0], "(2, 3, 1, 1)": [0.0, 1.0, 1.0, 1.0, 0.0], "(2, 5, 3, 3)": [0.0, 1.0, 0.0, 0.0, 0.0], "(2, 2, 2, 3)": [0.0, 0.0, 1.0, 0.0, 0.0], "(3, 1, 2, 2)": [0.0, 1.0, 0.0, 0.0, 1.0], "(3, 2, 2, 2)": [1.0, 0.0, 0.0, 1.0, 0.0], "(3, 3, 2, 2)": [1.0, 1.0, 1.0, 1.0, 1.0], "(3, 5, 2, 2)": [1.0, 2.0, 2.0, 1.0, 2.0], "(3, 6, 2, 2)": [2.0, 2.0, 2.0, 2.0, 2.0], "(3, 7, 2, 2)": [2.0, 2.0, 3.0, 3.0, 1.0], "(3, 4, 2, 2)": [1.0, 0.0, 1.0, 2.0, 2.0], "(2, 5, 2, 1)": [4.0, 3.0, 3.0, 3.0, 4.0], "(1, 1, 2, 2)": [4.0, 2.0, 2.0, 3.0, 1.0], "(2, 1, 1, 1)": [0.0, 0.0, 0.0, 0.0, 1.0], "(2, 2, 1, 1)": [1.0, 0.0, 0.0, 1.0, 0.0], "(2, 6, 2, 1)": [0.0, 0.0, 0.0, 1.0, 0.0], "(1, 1, 2, 1)": [0.0, 0.0, 0.0, 0.0, 1.0]}}