{"q_values": {"(2, 7, 2, 2)": [-26.877180099487305, -23.372161865234375, -20.677446365356445, -17.119234085083008, -15.0901460647583], "(2, 6, 2, 2)": [-50.83028030395508, -45.25937271118164, -43.067710876464844, -38.750633239746094, -34.39867401123047], "(2, 5, 2, 2)": [-65.98574829101562, -62.476539611816406, -58.95278549194336, -56.27699661254883, -53.1545295715332], "(2, 2, 2, 2)": [-36.82328414916992, -40.33530807495117, -46.054386138916016, -48.48575973510742, -52.32875061035156], "(2, 1, 2, 2)": [-13.800917625427246, -17.29426383972168, -20.111194610595703, -24.214303970336914, -26.65313148498535], "(2, 3, 2, 2)": [-56.950801849365234, -59.22968673706055, -62.501808166503906, -65.24620056152344, -67.42329406738281], "(2, 4, 2, 2)": [-69.09211730957031, -68.19339752197266, -67.47288513183594, -66.48223876953125, -65.75959014892578], "(2, 6, 2, 3)": [-14.544684410095215, -11.263272285461426, -10.338700294494629, -8.057714462280273, -8.14334774017334], "(2, 1, 2, 1)": [-3.398009777069092, -3.3020851612091064, -3.8410258293151855, -3.208030939102173, -3.8847618103027344], "(2, 2, 2, 1)": [-7.640400409698486, -8.19970703125, -8.3461275100708, -10.280515670776367, -15.326397895812988], "(2, 4, 2, 3)": [-25.797039031982422, -25.387670516967773, -29.056440353393555, -20.6163272857666, -21.281129837036133], "(2, 3, 2, 3)": [-85.32161712646484, -24.052282333374023, -60.99817657470703, -25.284725189208984, 0.0], "(2, 7, 2, 3)": [-4.234869480133057, -3.672353982925415, -3.4922940731048584, -3.483743190765381, -3.365933895111084], "(2, 5, 2, 3)": [-30.219970703125, -21.113508224487305, -14.737964630126953, -13.15262508392334, -16.437898635864258], "(2, 3, 2, 1)": [-11.56104850769043, -21.56396484375, -14.662656784057617, -24.98675537109375, -29.611980438232422], "(2, 4, 2, 1)": [-23.870084762573242, -22.98288345336914, -23.058313369750977, -53.90370178222656, -39.85594177246094], "(2, 7, 3, 3)": [-2.2006101608276367, 0.0, -2.185631036758423, 0.0, -3.30029296875], "(2, 6, 3, 3)": [0.0, 0.0, -13.054486274719238, -6.60183048248291, 0.0], "(2, 3, 1, 1)": [0.0, -15.290449142456055, -13.106099128723145, 0.0, 0.0], "(2, 5, 3, 3)": [0.0, -13.343994140625, 0.0, 0.0, 0.0], "(2, 2, 2, 3)": [0.0, 0.0, -35.006771087646484, 0.0, 0.0], "(3, 1, 2, 2)": [0.0, -6.570622444152832, 0.0, 0.0, -4.380414962768555], "(3, 2, 2, 2)": [-10.951037406921387, 0.0, 0.0, -13.141244888305664, 0.0], "(3, 3, 2, 2)": [-24.09228515625, -17.52165985107422, -19.711868286132812, -30.66291046142578, -26.282493591308594], "(3, 5, 2, 2)": [-43.804161071777344, -125.98385620117188, -129.27059936523438, -116.08103942871094, -125.98457336425781], "(3, 6, 2, 2)": [-121.60271453857422, -113.93338012695312, -97.50825500488281, -119.41178894042969, -97.49888610839844], "(3, 7, 2, 2)": [-93.11990356445312, -65.76220703125, -63.54623031616211, -67.20695495605469, -4.383301258087158], "(3, 4, 2, 2)": [-122.65166473388672, 0.0, -124.84187316894531, -143.51055908203125, -138.03433227539062], "(2, 5, 2, 1)": [-24.06974220275879, -39.45277404785156, -45.92943572998047, -73.23907470703125, -64.43590545654297], "(1, 1, 2, 2)": [-2.1821765899658203, -6.527242660522461, -4.377211570739746, -4.351495265960693, 0.0], "(2, 1, 1, 1)": [0.0, 0.0, 0.0, 0.0, -2.182025909423828], "(2, 2, 1, 1)": [-4.364051818847656, 0.0, 0.0, -6.620786666870117, 0.0]}, "n_values": {"(2, 7, 2, 2)": [731.0, 775.0, 803.0, 856.0, 1008.0], "(2, 6, 2, 2)": [702.0, 749.0, 761.0, 809.0, 935.0], "(2, 5, 2, 2)": [662.0, 706.0, 734.0, 733.0, 829.0], "(2, 2, 2, 2)": [874.0, 781.0, 714.0, 719.0, 711.0], "(2, 1, 2, 2)": [976.0, 853.0, 759.0, 721.0, 722.0], "(2, 3, 2, 2)": [731.0, 680.0, 649.0, 651.0, 634.0], "(2, 4, 2, 2)": [656.0, 642.0, 668.0, 657.0, 728.0], "(2, 6, 2, 3)": [34.0, 36.0, 35.0, 42.0, 30.0], "(2, 1, 2, 1)": [41.0, 44.0, 47.0, 48.0, 39.0], "(2, 2, 2, 1)": [36.0, 26.0, 26.0, 22.0, 26.0], "(2, 4, 2, 3)": [5.0, 5.0, 5.0, 3.0, 3.0], "(2, 3, 2, 3)": [1.0, 1.0, 2.0, 2.0, 0.0], "(2, 7, 2, 3)": [57.0, 49.0, 44.0, 50.0, 55.0], "(2, 5, 2, 3)": [22.0, 19.0, 15.0, 13.0, 14.0], "(2, 3, 2, 1)": [11.0, 20.0, 13.0, 15.0, 16.0], "(2, 4, 2, 1)": [9.0, 2.0, 10.0, 11.0, 5.0], "(2, 7, 3, 3)": [1.0, 0.0, 1.0, 0.0, 2.0], "(2, 6, 3, 3)": [0.0, 0.0, 1.0, 1.0, 0.0], "(2, 3, 1, 1)": [0.0, 1.0, 1.0, 0.0, 0.0], "(2, 5, 3, 3)": [0.0, 1.0, 0.0, 0.0, 0.0], "(2, 2, 2, 3)": [0.0, 0.0, 1.0, 0.0, 0.0], "(3, 1, 2, 2)": [0.0, 1.0, 0.0, 0.0, 1.0], "(3, 2, 2, 2)": [1.0, 0.0, 0.0, 1.0, 0.0], "(3, 3, 2, 2)": [1.0, 1.0, 1.0, 1.0, 1.0], "(3, 5, 2, 2)": [1.0, 2.0, 2.0, 1.0, 2.0], "(3, 6, 2, 2)": [2.0, 2.0, 2.0, 2.0, 2.0], "(3, 7, 2, 2)": [2.0, 2.0, 3.0, 3.0, 1.0], "(3, 4, 2, 2)": [1.0, 0.0, 1.0, 2.0, 2.0], "(2, 5, 2, 1)": [2.0, 3.0, 2.0, 3.0, 3.0], "(1, 1, 2, 2)": [2.0, 1.0, 1.0, 1.0, 0.0], "(2, 1, 1, 1)": [0.0, 0.0, 0.0, 0.0, 1.0], "(2, 2, 1, 1)": [1.0, 0.0, 0.0, 1.0, 0.0]}}