{"q_values": {"(2, 7, 2, 2)": [-27.424522399902344, -23.972801208496094, -21.14165687561035, -17.306549072265625, -15.483301162719727], "(2, 6, 2, 2)": [-51.160404205322266, -45.44499206542969, -43.5831298828125, -39.660850524902344, -34.60867691040039], "(2, 5, 2, 2)": [-66.23959350585938, -62.4739990234375, -59.12535095214844, -56.16638946533203, -53.3596305847168], "(2, 2, 2, 2)": [-36.38042449951172, -40.21820831298828, -45.936588287353516, -48.455448150634766, -51.961421966552734], "(2, 1, 2, 2)": [-13.880963325500488, -17.343233108520508, -20.461816787719727, -24.919748306274414, -27.584108352661133], "(2, 3, 2, 2)": [-57.80403518676758, -59.87839889526367, -62.8745002746582, -65.94233703613281, -68.16547393798828], "(2, 4, 2, 2)": [-69.52005767822266, -68.69806671142578, -67.90997314453125, -66.4963607788086, -65.87625885009766], "(2, 6, 2, 3)": [-12.51294231414795, -11.39957332611084, -10.613476753234863, -8.122209548950195, -7.970650672912598], "(2, 1, 2, 1)": [-3.285883665084839, -3.173750162124634, -4.016683101654053, -3.365013599395752, -3.764850616455078], "(2, 2, 2, 1)": [-7.745192527770996, -8.271760940551758, -8.041651725769043, -10.348151206970215, -15.989890098571777], "(2, 4, 2, 3)": [-25.797039031982422, -25.174840927124023, -29.056440353393555, -20.6163272857666, -21.281129837036133], "(2, 3, 2, 3)": [-85.32161712646484, 0.0, -60.99817657470703, -25.284725189208984, 0.0], "(2, 7, 2, 3)": [-4.287134647369385, -3.6145758628845215, -3.7261128425598145, -3.656567335128784, -3.3652005195617676], "(2, 5, 2, 3)": [-32.214908599853516, -22.601818084716797, -13.144876480102539, -13.343277931213379, -15.305736541748047], "(2, 3, 2, 1)": [-10.971870422363281, -26.109283447265625, -14.225090980529785, -25.98855209350586, -26.052778244018555], "(2, 4, 2, 1)": [-24.361919403076172, 0.0, -24.68956756591797, -55.53163146972656, -22.6822509765625], "(2, 7, 3, 3)": [-2.2006101608276367, 0.0, -2.185631036758423, 0.0, -3.30029296875], "(2, 6, 3, 3)": [0.0, 0.0, -13.054486274719238, -6.60183048248291, 0.0], "(2, 3, 1, 1)": [0.0, -15.290449142456055, -13.106099128723145, 0.0, 0.0], "(2, 5, 3, 3)": [0.0, -13.343994140625, 0.0, 0.0, 0.0], "(2, 2, 2, 3)": [0.0, 0.0, -35.006771087646484, 0.0, 0.0], "(3, 1, 2, 2)": [0.0, -6.570622444152832, 0.0, 0.0, -4.380414962768555], "(3, 2, 2, 2)": [-10.951037406921387, 0.0, 0.0, -13.141244888305664, 0.0], "(3, 3, 2, 2)": [-24.09228515625, -17.52165985107422, -19.711868286132812, -30.66291046142578, -26.282493591308594], "(3, 5, 2, 2)": [-43.804161071777344, -125.98385620117188, -129.27059936523438, -116.08103942871094, -125.98457336425781], "(3, 6, 2, 2)": [-121.60271453857422, -113.93338012695312, -97.50825500488281, -119.41178894042969, -97.49888610839844], "(3, 7, 2, 2)": [-93.11990356445312, -65.76220703125, -63.54623031616211, -67.20695495605469, -4.383301258087158], "(3, 4, 2, 2)": [-122.65166473388672, 0.0, -124.84187316894531, -143.51055908203125, -138.03433227539062], "(2, 5, 2, 1)": [0.0, -46.021427154541016, -45.92943572998047, -39.94660568237305, -64.43590545654297], "(1, 1, 2, 2)": [-2.188605785369873, 0.0, -4.377211570739746, 0.0, 0.0], "(2, 1, 1, 1)": [0.0, 0.0, 0.0, 0.0, -2.182025909423828], "(2, 2, 1, 1)": [-4.364051818847656, 0.0, 0.0, -6.620786666870117, 0.0]}, "n_values": {"(2, 7, 2, 2)": [589.0, 630.0, 641.0, 686.0, 789.0], "(2, 6, 2, 2)": [566.0, 597.0, 605.0, 644.0, 742.0], "(2, 5, 2, 2)": [532.0, 567.0, 598.0, 601.0, 670.0], "(2, 2, 2, 2)": [708.0, 643.0, 581.0, 590.0, 589.0], "(2, 1, 2, 2)": [789.0, 696.0, 628.0, 589.0, 586.0], "(2, 3, 2, 2)": [598.0, 562.0, 543.0, 554.0, 530.0], "(2, 4, 2, 2)": [545.0, 520.0, 545.0, 547.0, 587.0], "(2, 6, 2, 3)": [32.0, 25.0, 26.0, 36.0, 21.0], "(2, 1, 2, 1)": [33.0, 34.0, 34.0, 34.0, 28.0], "(2, 2, 2, 1)": [25.0, 21.0, 18.0, 21.0, 23.0], "(2, 4, 2, 3)": [5.0, 4.0, 5.0, 3.0, 3.0], "(2, 3, 2, 3)": [1.0, 0.0, 2.0, 2.0, 0.0], "(2, 7, 2, 3)": [44.0, 37.0, 33.0, 38.0, 38.0], "(2, 5, 2, 3)": [19.0, 16.0, 10.0, 11.0, 10.0], "(2, 3, 2, 1)": [7.0, 14.0, 10.0, 14.0, 10.0], "(2, 4, 2, 1)": [8.0, 0.0, 8.0, 8.0, 3.0], "(2, 7, 3, 3)": [1.0, 0.0, 1.0, 0.0, 2.0], "(2, 6, 3, 3)": [0.0, 0.0, 1.0, 1.0, 0.0], "(2, 3, 1, 1)": [0.0, 1.0, 1.0, 0.0, 0.0], "(2, 5, 3, 3)": [0.0, 1.0, 0.0, 0.0, 0.0], "(2, 2, 2, 3)": [0.0, 0.0, 1.0, 0.0, 0.0], "(3, 1, 2, 2)": [0.0, 1.0, 0.0, 0.0, 1.0], "(3, 2, 2, 2)": [1.0, 0.0, 0.0, 1.0, 0.0], "(3, 3, 2, 2)": [1.0, 1.0, 1.0, 1.0, 1.0], "(3, 5, 2, 2)": [1.0, 2.0, 2.0, 1.0, 2.0], "(3, 6, 2, 2)": [2.0, 2.0, 2.0, 2.0, 2.0], "(3, 7, 2, 2)": [2.0, 2.0, 3.0, 3.0, 1.0], "(3, 4, 2, 2)": [1.0, 0.0, 1.0, 2.0, 2.0], "(2, 5, 2, 1)": [0.0, 2.0, 2.0, 1.0, 3.0], "(1, 1, 2, 2)": [1.0, 0.0, 1.0, 0.0, 0.0], "(2, 1, 1, 1)": [0.0, 0.0, 0.0, 0.0, 1.0], "(2, 2, 1, 1)": [1.0, 0.0, 0.0, 1.0, 0.0]}}