{"q_values": {"(2, 7, 2, 2)": [-29.808359146118164, -26.307966232299805, -23.434471130371094, -18.372365951538086, -16.77505874633789], "(2, 6, 2, 2)": [-51.39103317260742, -45.87663650512695, -43.45016098022461, -40.38959884643555, -35.77665328979492], "(2, 5, 2, 2)": [-67.54951477050781, -64.501708984375, -60.11237716674805, -57.85926055908203, -53.904109954833984], "(2, 2, 2, 2)": [-38.42208480834961, -42.34141159057617, -48.509891510009766, -50.895713806152344, -55.36359405517578], "(2, 1, 2, 2)": [-14.523384094238281, -18.40876007080078, -21.840072631835938, -25.684772491455078, -29.222023010253906], "(2, 3, 2, 2)": [-60.2743034362793, -62.008087158203125, -66.24082946777344, -68.69650268554688, -71.99905395507812], "(2, 4, 2, 2)": [-72.11233520507812, -72.86420440673828, -71.08793640136719, -70.11511993408203, -68.6849594116211], "(2, 6, 2, 3)": [-12.092093467712402, -10.188794136047363, -10.212124824523926, -7.943362712860107, -7.928366184234619], "(2, 1, 2, 1)": [-3.3205323219299316, -3.3042306900024414, -3.708244800567627, -3.512805461883545, -3.8395233154296875], "(2, 2, 2, 1)": [-7.591552257537842, -8.523027420043945, -8.408458709716797, -10.815816879272461, -17.73274040222168], "(2, 4, 2, 3)": [-21.27252197265625, -25.174840927124023, -29.723724365234375, -23.142688751220703, -21.281129837036133], "(2, 3, 2, 3)": [-85.32161712646484, 0.0, -60.99817657470703, -25.284725189208984, 0.0], "(2, 7, 2, 3)": [-4.305933952331543, -3.4587457180023193, -3.5986344814300537, -3.7830111980438232, -3.491729497909546], "(2, 5, 2, 3)": [-25.11431884765625, -21.110124588012695, -13.145210266113281, -12.889729499816895, -12.804241180419922], "(2, 3, 2, 1)": [-10.96397590637207, -32.80056381225586, -14.09453296661377, -26.285724639892578, -29.0142822265625], "(2, 4, 2, 1)": [-22.571529388427734, 0.0, -24.43964385986328, -72.27201843261719, -22.6822509765625], "(2, 7, 3, 3)": [-2.2006101608276367, 0.0, -2.185631036758423, 0.0, -3.30029296875], "(2, 6, 3, 3)": [0.0, 0.0, -13.054486274719238, -6.60183048248291, 0.0], "(2, 3, 1, 1)": [0.0, -15.290449142456055, -13.106099128723145, 0.0, 0.0], "(2, 5, 3, 3)": [0.0, -13.343994140625, 0.0, 0.0, 0.0], "(2, 2, 2, 3)": [0.0, 0.0, -35.006771087646484, 0.0, 0.0], "(3, 1, 2, 2)": [0.0, -6.570622444152832, 0.0, 0.0, -4.380414962768555], "(3, 2, 2, 2)": [-10.951037406921387, 0.0, 0.0, -13.141244888305664, 0.0], "(3, 3, 2, 2)": [-24.09228515625, -17.52165985107422, -19.711868286132812, -30.66291046142578, -26.282493591308594], "(3, 5, 2, 2)": [-43.804161071777344, -125.98385620117188, -129.27059936523438, -116.08103942871094, -125.98457336425781], "(3, 6, 2, 2)": [-121.60271453857422, -113.93338012695312, -97.50825500488281, -119.41178894042969, -97.49888610839844], "(3, 7, 2, 2)": [-93.11990356445312, -65.76220703125, -63.54623031616211, -67.20695495605469, -4.383301258087158], "(3, 4, 2, 2)": [-122.65166473388672, 0.0, -124.84187316894531, -143.51055908203125, -138.03433227539062], "(2, 5, 2, 1)": [0.0, 0.0, 0.0, -39.94660568237305, -66.71324157714844], "(1, 1, 2, 2)": [-2.188605785369873, 0.0, -4.377211570739746, 0.0, 0.0], "(2, 1, 1, 1)": [0.0, 0.0, 0.0, 0.0, -2.182025909423828], "(2, 2, 1, 1)": [-4.364051818847656, 0.0, 0.0, 0.0, 0.0]}, "n_values": {"(2, 7, 2, 2)": [386.0, 404.0, 423.0, 448.0, 510.0], "(2, 6, 2, 2)": [368.0, 395.0, 393.0, 418.0, 476.0], "(2, 5, 2, 2)": [347.0, 369.0, 395.0, 394.0, 434.0], "(2, 2, 2, 2)": [449.0, 430.0, 389.0, 396.0, 385.0], "(2, 1, 2, 2)": [506.0, 463.0, 415.0, 401.0, 391.0], "(2, 3, 2, 2)": [397.0, 378.0, 372.0, 377.0, 360.0], "(2, 4, 2, 2)": [380.0, 359.0, 374.0, 375.0, 397.0], "(2, 6, 2, 3)": [21.0, 14.0, 21.0, 31.0, 15.0], "(2, 1, 2, 1)": [22.0, 18.0, 22.0, 20.0, 16.0], "(2, 2, 2, 1)": [18.0, 16.0, 12.0, 14.0, 18.0], "(2, 4, 2, 3)": [4.0, 4.0, 4.0, 2.0, 3.0], "(2, 3, 2, 3)": [1.0, 0.0, 2.0, 2.0, 0.0], "(2, 7, 2, 3)": [27.0, 26.0, 25.0, 21.0, 24.0], "(2, 5, 2, 3)": [10.0, 8.0, 5.0, 9.0, 7.0], "(2, 3, 2, 1)": [5.0, 9.0, 9.0, 10.0, 7.0], "(2, 4, 2, 1)": [6.0, 0.0, 7.0, 4.0, 3.0], "(2, 7, 3, 3)": [1.0, 0.0, 1.0, 0.0, 2.0], "(2, 6, 3, 3)": [0.0, 0.0, 1.0, 1.0, 0.0], "(2, 3, 1, 1)": [0.0, 1.0, 1.0, 0.0, 0.0], "(2, 5, 3, 3)": [0.0, 1.0, 0.0, 0.0, 0.0], "(2, 2, 2, 3)": [0.0, 0.0, 1.0, 0.0, 0.0], "(3, 1, 2, 2)": [0.0, 1.0, 0.0, 0.0, 1.0], "(3, 2, 2, 2)": [1.0, 0.0, 0.0, 1.0, 0.0], "(3, 3, 2, 2)": [1.0, 1.0, 1.0, 1.0, 1.0], "(3, 5, 2, 2)": [1.0, 2.0, 2.0, 1.0, 2.0], "(3, 6, 2, 2)": [2.0, 2.0, 2.0, 2.0, 2.0], "(3, 7, 2, 2)": [2.0, 2.0, 3.0, 3.0, 1.0], "(3, 4, 2, 2)": [1.0, 0.0, 1.0, 2.0, 2.0], "(2, 5, 2, 1)": [0.0, 0.0, 0.0, 1.0, 2.0], "(1, 1, 2, 2)": [1.0, 0.0, 1.0, 0.0, 0.0], "(2, 1, 1, 1)": [0.0, 0.0, 0.0, 0.0, 1.0], "(2, 2, 1, 1)": [1.0, 0.0, 0.0, 0.0, 0.0]}}