{"q_values": {"(2, 7, 2, 2)": [-25.01370620727539, -21.822782516479492, -19.191036224365234, -16.19527816772461, -14.02405071258545], "(2, 6, 2, 2)": [-47.79478454589844, -43.36558532714844, -39.63373947143555, -35.97441482543945, -31.92765235900879], "(2, 5, 2, 2)": [-62.66412353515625, -59.40408706665039, -56.57184600830078, -53.21006774902344, -50.50444793701172], "(2, 2, 2, 2)": [-34.66581344604492, -38.52079772949219, -43.719120025634766, -46.323585510253906, -49.93744659423828], "(2, 1, 2, 2)": [-13.476607322692871, -16.39137077331543, -19.224899291992188, -23.068626403808594, -25.48027229309082], "(2, 3, 2, 2)": [-53.58058547973633, -56.21120834350586, -58.979007720947266, -61.321922302246094, -64.17256927490234], "(2, 4, 2, 2)": [-66.18766021728516, -65.41532897949219, -64.9594497680664, -62.946022033691406, -62.40140151977539], "(2, 6, 2, 3)": [-15.161153793334961, -10.921856880187988, -9.901168823242188, -8.16138744354248, -9.80578899383545], "(2, 1, 2, 1)": [-3.497199535369873, -3.366657018661499, -3.644320487976074, -3.3491344451904297, -4.006252765655518], "(2, 2, 2, 1)": [-7.588326454162598, -8.226869583129883, -8.605391502380371, -12.63477897644043, -13.49393367767334], "(2, 4, 2, 3)": [-24.37688446044922, -25.387670516967773, -29.056440353393555, -19.458023071289062, -21.281129837036133], "(2, 3, 2, 3)": [-85.32161712646484, -24.052282333374023, -60.99817657470703, -25.284725189208984, 0.0], "(2, 7, 2, 3)": [-4.029435157775879, -3.8314003944396973, -3.653996467590332, -3.4954590797424316, -3.2372729778289795], "(2, 5, 2, 3)": [-29.142885208129883, -20.339340209960938, -14.889257431030273, -13.262579917907715, -15.25916576385498], "(2, 3, 2, 1)": [-11.65363597869873, -21.063663482666016, -14.874187469482422, -24.67075538635254, -27.20016860961914], "(2, 4, 2, 1)": [-24.120471954345703, -22.98288345336914, -23.058313369750977, -52.34693908691406, -37.94906234741211], "(2, 7, 3, 3)": [-3.3037941455841064, 0.0, -2.185631036758423, -4.407423973083496, -3.30029296875], "(2, 6, 3, 3)": [-10.993489265441895, 0.0, -13.054486274719238, -6.60183048248291, 0.0], "(2, 3, 1, 1)": [0.0, -15.290449142456055, -13.106099128723145, -24.176132202148438, 0.0], "(2, 5, 3, 3)": [0.0, -13.343994140625, 0.0, 0.0, 0.0], "(2, 2, 2, 3)": [0.0, 0.0, -35.006771087646484, 0.0, 0.0], "(3, 1, 2, 2)": [0.0, -6.570622444152832, 0.0, 0.0, -4.380414962768555], "(3, 2, 2, 2)": [-10.951037406921387, 0.0, 0.0, -13.141244888305664, 0.0], "(3, 3, 2, 2)": [-24.09228515625, -17.52165985107422, -19.711868286132812, -30.66291046142578, -26.282493591308594], "(3, 5, 2, 2)": [-43.804161071777344, -125.98385620117188, -129.27059936523438, -116.08103942871094, -125.98457336425781], "(3, 6, 2, 2)": [-121.60271453857422, -113.93338012695312, -97.50825500488281, -119.41178894042969, -97.49888610839844], "(3, 7, 2, 2)": [-93.11990356445312, -65.76220703125, -63.54623031616211, -67.20695495605469, -4.383301258087158], "(3, 4, 2, 2)": [-122.65166473388672, 0.0, -124.84187316894531, -143.51055908203125, -138.03433227539062], "(2, 5, 2, 1)": [-27.377378463745117, -39.45277404785156, -39.37638473510742, -73.23907470703125, -66.86556243896484], "(1, 1, 2, 2)": [-3.281289577484131, -4.360187530517578, -8.731657028198242, -9.45563793182373, -10.905084609985352], "(2, 1, 1, 1)": [0.0, 0.0, 0.0, 0.0, -2.182025909423828], "(2, 2, 1, 1)": [-4.364051818847656, 0.0, 0.0, -6.620786666870117, 0.0], "(2, 6, 2, 1)": [0.0, 0.0, 0.0, -34.97188949584961, 0.0], "(1, 1, 2, 1)": [0.0, 0.0, 0.0, 0.0, -4.435508728027344]}, "n_values": {"(2, 7, 2, 2)": [1084.0, 1171.0, 1195.0, 1257.0, 1575.0], "(2, 6, 2, 2)": [1027.0, 1082.0, 1137.0, 1177.0, 1429.0], "(2, 5, 2, 2)": [950.0, 1001.0, 1031.0, 1049.0, 1216.0], "(2, 2, 2, 2)": [1283.0, 1110.0, 1025.0, 1021.0, 995.0], "(2, 1, 2, 2)": [1479.0, 1227.0, 1123.0, 1062.0, 1059.0], "(2, 3, 2, 2)": [1068.0, 957.0, 924.0, 910.0, 880.0], "(2, 4, 2, 2)": [900.0, 894.0, 922.0, 920.0, 1033.0], "(2, 6, 2, 3)": [52.0, 49.0, 53.0, 66.0, 51.0], "(2, 1, 2, 1)": [55.0, 66.0, 67.0, 86.0, 57.0], "(2, 2, 2, 1)": [51.0, 35.0, 40.0, 32.0, 37.0], "(2, 4, 2, 3)": [8.0, 5.0, 5.0, 6.0, 3.0], "(2, 3, 2, 3)": [1.0, 1.0, 2.0, 2.0, 0.0], "(2, 7, 2, 3)": [85.0, 78.0, 74.0, 77.0, 96.0], "(2, 5, 2, 3)": [31.0, 22.0, 24.0, 24.0, 22.0], "(2, 3, 2, 1)": [16.0, 21.0, 19.0, 16.0, 20.0], "(2, 4, 2, 1)": [10.0, 2.0, 10.0, 12.0, 6.0], "(2, 7, 3, 3)": [2.0, 0.0, 1.0, 1.0, 2.0], "(2, 6, 3, 3)": [2.0, 0.0, 1.0, 1.0, 0.0], "(2, 3, 1, 1)": [0.0, 1.0, 1.0, 1.0, 0.0], "(2, 5, 3, 3)": [0.0, 1.0, 0.0, 0.0, 0.0], "(2, 2, 2, 3)": [0.0, 0.0, 1.0, 0.0, 0.0], "(3, 1, 2, 2)": [0.0, 1.0, 0.0, 0.0, 1.0], "(3, 2, 2, 2)": [1.0, 0.0, 0.0, 1.0, 0.0], "(3, 3, 2, 2)": [1.0, 1.0, 1.0, 1.0, 1.0], "(3, 5, 2, 2)": [1.0, 2.0, 2.0, 1.0, 2.0], "(3, 6, 2, 2)": [2.0, 2.0, 2.0, 2.0, 2.0], "(3, 7, 2, 2)": [2.0, 2.0, 3.0, 3.0, 1.0], "(3, 4, 2, 2)": [1.0, 0.0, 1.0, 2.0, 2.0], "(2, 5, 2, 1)": [4.0, 3.0, 3.0, 3.0, 4.0], "(1, 1, 2, 2)": [4.0, 2.0, 2.0, 3.0, 1.0], "(2, 1, 1, 1)": [0.0, 0.0, 0.0, 0.0, 1.0], "(2, 2, 1, 1)": [1.0, 0.0, 0.0, 1.0, 0.0], "(2, 6, 2, 1)": [0.0, 0.0, 0.0, 1.0, 0.0], "(1, 1, 2, 1)": [0.0, 0.0, 0.0, 0.0, 1.0]}}