{"q_values": {"(2, 7, 2, 2)": [-27.15106201171875, -23.51474380493164, -20.672813415527344, -17.11530303955078, -15.273107528686523], "(2, 6, 2, 2)": [-51.05110549926758, -45.486778259277344, -42.98957443237305, -38.731201171875, -34.5269775390625], "(2, 5, 2, 2)": [-66.28508758544922, -62.676307678222656, -59.219337463378906, -56.4011116027832, -53.300994873046875], "(2, 2, 2, 2)": [-37.00475311279297, -40.46907424926758, -46.15327835083008, -48.481605529785156, -52.13621139526367], "(2, 1, 2, 2)": [-13.861413955688477, -17.332378387451172, -20.346445083618164, -24.43579864501953, -26.924678802490234], "(2, 3, 2, 2)": [-57.079246520996094, -59.588253021240234, -62.463199615478516, -65.41837310791016, -67.71939086914062], "(2, 4, 2, 2)": [-69.51123046875, -68.74754333496094, -67.89099884033203, -66.7157211303711, -66.08411407470703], "(2, 6, 2, 3)": [-14.544684410095215, -11.263272285461426, -10.478537559509277, -8.04092025756836, -8.096624374389648], "(2, 1, 2, 1)": [-3.3463783264160156, -3.3279547691345215, -3.8804163932800293, -3.2751243114471436, -3.7462103366851807], "(2, 2, 2, 1)": [-7.601494789123535, -8.264932632446289, -8.401697158813477, -10.280515670776367, -15.326397895812988], "(2, 4, 2, 3)": [-25.797039031982422, -25.387670516967773, -29.056440353393555, -20.6163272857666, -21.281129837036133], "(2, 3, 2, 3)": [-85.32161712646484, 0.0, -60.99817657470703, -25.284725189208984, 0.0], "(2, 7, 2, 3)": [-4.30570650100708, -3.6728367805480957, -3.4922940731048584, -3.4900245666503906, -3.3478903770446777], "(2, 5, 2, 3)": [-30.219970703125, -21.440141677856445, -14.737964630126953, -13.15262508392334, -16.437898635864258], "(2, 3, 2, 1)": [-11.56104850769043, -22.1226749420166, -14.341474533081055, -24.98675537109375, -31.573637008666992], "(2, 4, 2, 1)": [-23.870084762573242, -17.538557052612305, -23.058313369750977, -53.90370178222656, -43.264095306396484], "(2, 7, 3, 3)": [-2.2006101608276367, 0.0, -2.185631036758423, 0.0, -3.30029296875], "(2, 6, 3, 3)": [0.0, 0.0, -13.054486274719238, -6.60183048248291, 0.0], "(2, 3, 1, 1)": [0.0, -15.290449142456055, -13.106099128723145, 0.0, 0.0], "(2, 5, 3, 3)": [0.0, -13.343994140625, 0.0, 0.0, 0.0], "(2, 2, 2, 3)": [0.0, 0.0, -35.006771087646484, 0.0, 0.0], "(3, 1, 2, 2)": [0.0, -6.570622444152832, 0.0, 0.0, -4.380414962768555], "(3, 2, 2, 2)": [-10.951037406921387, 0.0, 0.0, -13.141244888305664, 0.0], "(3, 3, 2, 2)": [-24.09228515625, -17.52165985107422, -19.711868286132812, -30.66291046142578, -26.282493591308594], "(3, 5, 2, 2)": [-43.804161071777344, -125.98385620117188, -129.27059936523438, -116.08103942871094, -125.98457336425781], "(3, 6, 2, 2)": [-121.60271453857422, -113.93338012695312, -97.50825500488281, -119.41178894042969, -97.49888610839844], "(3, 7, 2, 2)": [-93.11990356445312, -65.76220703125, -63.54623031616211, -67.20695495605469, -4.383301258087158], "(3, 4, 2, 2)": [-122.65166473388672, 0.0, -124.84187316894531, -143.51055908203125, -138.03433227539062], "(2, 5, 2, 1)": [-19.730876922607422, -39.45277404785156, -45.92943572998047, -73.23907470703125, -64.43590545654297], "(1, 1, 2, 2)": [-2.1821765899658203, -6.527242660522461, -4.377211570739746, -4.351495265960693, 0.0], "(2, 1, 1, 1)": [0.0, 0.0, 0.0, 0.0, -2.182025909423828], "(2, 2, 1, 1)": [-4.364051818847656, 0.0, 0.0, -6.620786666870117, 0.0]}, "n_values": {"(2, 7, 2, 2)": [701.0, 748.0, 778.0, 824.0, 965.0], "(2, 6, 2, 2)": [674.0, 723.0, 734.0, 780.0, 898.0], "(2, 5, 2, 2)": [637.0, 681.0, 712.0, 710.0, 804.0], "(2, 2, 2, 2)": [834.0, 749.0, 683.0, 693.0, 685.0], "(2, 1, 2, 2)": [946.0, 825.0, 737.0, 697.0, 697.0], "(2, 3, 2, 2)": [702.0, 654.0, 628.0, 628.0, 612.0], "(2, 4, 2, 2)": [634.0, 617.0, 647.0, 637.0, 703.0], "(2, 6, 2, 3)": [34.0, 36.0, 32.0, 41.0, 28.0], "(2, 1, 2, 1)": [39.0, 43.0, 42.0, 45.0, 34.0], "(2, 2, 2, 1)": [33.0, 25.0, 24.0, 22.0, 26.0], "(2, 4, 2, 3)": [5.0, 5.0, 5.0, 3.0, 3.0], "(2, 3, 2, 3)": [1.0, 0.0, 2.0, 2.0, 0.0], "(2, 7, 2, 3)": [53.0, 43.0, 44.0, 48.0, 50.0], "(2, 5, 2, 3)": [22.0, 18.0, 15.0, 13.0, 14.0], "(2, 3, 2, 1)": [11.0, 19.0, 11.0, 15.0, 13.0], "(2, 4, 2, 1)": [9.0, 1.0, 10.0, 11.0, 4.0], "(2, 7, 3, 3)": [1.0, 0.0, 1.0, 0.0, 2.0], "(2, 6, 3, 3)": [0.0, 0.0, 1.0, 1.0, 0.0], "(2, 3, 1, 1)": [0.0, 1.0, 1.0, 0.0, 0.0], "(2, 5, 3, 3)": [0.0, 1.0, 0.0, 0.0, 0.0], "(2, 2, 2, 3)": [0.0, 0.0, 1.0, 0.0, 0.0], "(3, 1, 2, 2)": [0.0, 1.0, 0.0, 0.0, 1.0], "(3, 2, 2, 2)": [1.0, 0.0, 0.0, 1.0, 0.0], "(3, 3, 2, 2)": [1.0, 1.0, 1.0, 1.0, 1.0], "(3, 5, 2, 2)": [1.0, 2.0, 2.0, 1.0, 2.0], "(3, 6, 2, 2)": [2.0, 2.0, 2.0, 2.0, 2.0], "(3, 7, 2, 2)": [2.0, 2.0, 3.0, 3.0, 1.0], "(3, 4, 2, 2)": [1.0, 0.0, 1.0, 2.0, 2.0], "(2, 5, 2, 1)": [1.0, 3.0, 2.0, 3.0, 3.0], "(1, 1, 2, 2)": [2.0, 1.0, 1.0, 1.0, 0.0], "(2, 1, 1, 1)": [0.0, 0.0, 0.0, 0.0, 1.0], "(2, 2, 1, 1)": [1.0, 0.0, 0.0, 1.0, 0.0]}}