{"q_values": {"(2, 7, 2, 2)": [-24.471773147583008, -21.198688507080078, -18.62155532836914, -15.672438621520996, -13.607354164123535], "(2, 6, 2, 2)": [-46.7918815612793, -42.60260772705078, -38.8377685546875, -35.30692672729492, -31.266212463378906], "(2, 5, 2, 2)": [-61.51810836791992, -58.46921157836914, -55.58646011352539, -51.9955940246582, -49.15721893310547], "(2, 2, 2, 2)": [-33.8083381652832, -37.397823333740234, -42.49751663208008, -45.28995895385742, -49.013545989990234], "(2, 1, 2, 2)": [-13.274518013000488, -16.082080841064453, -18.706254959106445, -22.48050880432129, -25.015520095825195], "(2, 3, 2, 2)": [-52.22696304321289, -54.794761657714844, -57.37269973754883, -59.609588623046875, -62.749595642089844], "(2, 4, 2, 2)": [-64.92733764648438, -64.95917510986328, -64.32167053222656, -61.94422912597656, -61.488372802734375], "(2, 6, 2, 3)": [-14.144633293151855, -10.585954666137695, -9.846415519714355, -8.274572372436523, -9.539258003234863], "(2, 1, 2, 1)": [-3.4991323947906494, -3.4199836254119873, -3.821216344833374, -3.3476555347442627, -3.9641940593719482], "(2, 2, 2, 1)": [-7.565600872039795, -8.030952453613281, -8.616613388061523, -12.331711769104004, -13.747082710266113], "(2, 4, 2, 3)": [-24.37688446044922, -39.046085357666016, -27.147960662841797, -19.523067474365234, -19.888385772705078], "(2, 3, 2, 3)": [-85.32161712646484, -24.052282333374023, -60.99817657470703, -24.192134857177734, 0.0], "(2, 7, 2, 3)": [-3.9431235790252686, -3.7890238761901855, -3.6708996295928955, -3.4066319465637207, -3.4712822437286377], "(2, 5, 2, 3)": [-29.18805694580078, -20.116329193115234, -14.784854888916016, -13.12020206451416, -14.420848846435547], "(2, 3, 2, 1)": [-11.65363597869873, -20.713794708251953, -14.874187469482422, -23.900623321533203, -27.586490631103516], "(2, 4, 2, 1)": [-24.120471954345703, -22.98288345336914, -24.373010635375977, -52.34693908691406, -37.94906234741211], "(2, 7, 3, 3)": [-3.3037941455841064, 0.0, -2.185631036758423, -4.407423973083496, -3.30029296875], "(2, 6, 3, 3)": [-10.993489265441895, 0.0, -13.054486274719238, -6.60183048248291, 0.0], "(2, 3, 1, 1)": [0.0, -15.290449142456055, -13.106099128723145, -24.176132202148438, 0.0], "(2, 5, 3, 3)": [-11.221538543701172, -13.343994140625, 0.0, 0.0, 0.0], "(2, 2, 2, 3)": [0.0, 0.0, -35.006771087646484, 0.0, 0.0], "(3, 1, 2, 2)": [0.0, -6.570622444152832, 0.0, 0.0, -4.380414962768555], "(3, 2, 2, 2)": [-10.951037406921387, 0.0, 0.0, -13.141244888305664, 0.0], "(3, 3, 2, 2)": [-18.67155647277832, -18.698951721191406, -19.711868286132812, -30.66291046142578, -26.282493591308594], "(3, 5, 2, 2)": [-43.804161071777344, -125.98385620117188, -129.27059936523438, -116.08103942871094, -125.98457336425781], "(3, 6, 2, 2)": [-86.22241973876953, -79.63697814941406, -97.50825500488281, -119.41178894042969, -69.41692352294922], "(3, 7, 2, 2)": [-93.11990356445312, -65.76220703125, -48.76409149169922, -67.20695495605469, -5.504899978637695], "(3, 4, 2, 2)": [-122.65166473388672, 0.0, -124.84187316894531, -143.51055908203125, -138.03433227539062], "(2, 5, 2, 1)": [-27.377378463745117, -39.45277404785156, -39.37638473510742, -73.23907470703125, -66.86556243896484], "(1, 1, 2, 2)": [-3.281289577484131, -4.360187530517578, -8.731657028198242, -9.45563793182373, -10.905084609985352], "(2, 1, 1, 1)": [0.0, 0.0, 0.0, 0.0, -2.182025909423828], "(2, 2, 1, 1)": [-4.364051818847656, 0.0, 0.0, -6.620786666870117, 0.0], "(2, 6, 2, 1)": [0.0, 0.0, 0.0, -34.97188949584961, 0.0], "(1, 1, 2, 1)": [0.0, 0.0, 0.0, 0.0, -4.435508728027344]}, "n_values": {"(2, 7, 2, 2)": [1190.0, 1294.0, 1319.0, 1399.0, 1768.0], "(2, 6, 2, 2)": [1137.0, 1197.0, 1254.0, 1306.0, 1610.0], "(2, 5, 2, 2)": [1056.0, 1112.0, 1139.0, 1172.0, 1384.0], "(2, 2, 2, 2)": [1455.0, 1240.0, 1154.0, 1121.0, 1100.0], "(2, 1, 2, 2)": [1674.0, 1358.0, 1250.0, 1190.0, 1181.0], "(2, 3, 2, 2)": [1196.0, 1062.0, 1031.0, 1019.0, 977.0], "(2, 4, 2, 2)": [994.0, 968.0, 998.0, 1008.0, 1140.0], "(2, 6, 2, 3)": [66.0, 57.0, 62.0, 84.0, 58.0], "(2, 1, 2, 1)": [67.0, 74.0, 76.0, 109.0, 72.0], "(2, 2, 2, 1)": [59.0, 43.0, 42.0, 36.0, 40.0], "(2, 4, 2, 3)": [8.0, 7.0, 6.0, 8.0, 4.0], "(2, 3, 2, 3)": [1.0, 1.0, 2.0, 3.0, 0.0], "(2, 7, 2, 3)": [103.0, 94.0, 88.0, 92.0, 122.0], "(2, 5, 2, 3)": [32.0, 24.0, 27.0, 33.0, 30.0], "(2, 3, 2, 1)": [16.0, 22.0, 19.0, 18.0, 21.0], "(2, 4, 2, 1)": [10.0, 2.0, 11.0, 12.0, 6.0], "(2, 7, 3, 3)": [2.0, 0.0, 1.0, 1.0, 2.0], "(2, 6, 3, 3)": [2.0, 0.0, 1.0, 1.0, 0.0], "(2, 3, 1, 1)": [0.0, 1.0, 1.0, 1.0, 0.0], "(2, 5, 3, 3)": [1.0, 1.0, 0.0, 0.0, 0.0], "(2, 2, 2, 3)": [0.0, 0.0, 1.0, 0.0, 0.0], "(3, 1, 2, 2)": [0.0, 1.0, 0.0, 0.0, 1.0], "(3, 2, 2, 2)": [1.0, 0.0, 0.0, 1.0, 0.0], "(3, 3, 2, 2)": [2.0, 2.0, 1.0, 1.0, 1.0], "(3, 5, 2, 2)": [1.0, 2.0, 2.0, 1.0, 2.0], "(3, 6, 2, 2)": [3.0, 3.0, 2.0, 2.0, 3.0], "(3, 7, 2, 2)": [2.0, 2.0, 4.0, 3.0, 2.0], "(3, 4, 2, 2)": [1.0, 0.0, 1.0, 2.0, 2.0], "(2, 5, 2, 1)": [4.0, 3.0, 3.0, 3.0, 4.0], "(1, 1, 2, 2)": [4.0, 2.0, 2.0, 3.0, 1.0], "(2, 1, 1, 1)": [0.0, 0.0, 0.0, 0.0, 1.0], "(2, 2, 1, 1)": [1.0, 0.0, 0.0, 1.0, 0.0], "(2, 6, 2, 1)": [0.0, 0.0, 0.0, 1.0, 0.0], "(1, 1, 2, 1)": [0.0, 0.0, 0.0, 0.0, 1.0]}}