{"q_values": {"(2, 7, 2, 2)": [-26.741151809692383, -23.192846298217773, -20.550556182861328, -17.02684211730957, -14.88759994506836], "(2, 6, 2, 2)": [-51.062217712402344, -45.64885330200195, -43.05287170410156, -38.49951934814453, -34.43011474609375], "(2, 5, 2, 2)": [-66.36649322509766, -62.45713806152344, -59.26283264160156, -56.72377014160156, -53.2420654296875], "(2, 2, 2, 2)": [-36.530792236328125, -40.04723358154297, -45.694007873535156, -48.29196548461914, -52.0450325012207], "(2, 1, 2, 2)": [-13.920248031616211, -17.44001007080078, -20.20490837097168, -24.2791748046875, -26.62894630432129], "(2, 3, 2, 2)": [-56.40983963012695, -58.656925201416016, -61.962100982666016, -64.57115936279297, -66.8481216430664], "(2, 4, 2, 2)": [-69.09300994873047, -68.39933013916016, -67.71842193603516, -66.45929718017578, -65.87625885009766], "(2, 6, 2, 3)": [-14.161652565002441, -11.263272285461426, -10.13524341583252, -8.090224266052246, -8.161947250366211], "(2, 1, 2, 1)": [-3.369086503982544, -3.3725318908691406, -3.852402448654175, -3.172356605529785, -3.8983147144317627], "(2, 2, 2, 1)": [-7.611506462097168, -8.19970703125, -8.607575416564941, -10.215458869934082, -14.932273864746094], "(2, 4, 2, 3)": [-25.797039031982422, -25.387670516967773, -29.056440353393555, -19.277210235595703, -21.281129837036133], "(2, 3, 2, 3)": [-85.32161712646484, -24.052282333374023, -60.99817657470703, -25.284725189208984, 0.0], "(2, 7, 2, 3)": [-4.165705680847168, -3.6028974056243896, -3.495344877243042, -3.4714229106903076, -3.3218820095062256], "(2, 5, 2, 3)": [-29.67448616027832, -21.113508224487305, -14.546459197998047, -12.708395004272461, -15.8902587890625], "(2, 3, 2, 1)": [-11.56104850769043, -21.56396484375, -14.662656784057617, -24.98675537109375, -29.611980438232422], "(2, 4, 2, 1)": [-23.870084762573242, -22.98288345336914, -23.058313369750977, -53.90370178222656, -39.85594177246094], "(2, 7, 3, 3)": [-2.2006101608276367, 0.0, -2.185631036758423, 0.0, -3.30029296875], "(2, 6, 3, 3)": [-8.79079532623291, 0.0, -13.054486274719238, -6.60183048248291, 0.0], "(2, 3, 1, 1)": [0.0, -15.290449142456055, -13.106099128723145, 0.0, 0.0], "(2, 5, 3, 3)": [0.0, -13.343994140625, 0.0, 0.0, 0.0], "(2, 2, 2, 3)": [0.0, 0.0, -35.006771087646484, 0.0, 0.0], "(3, 1, 2, 2)": [0.0, -6.570622444152832, 0.0, 0.0, -4.380414962768555], "(3, 2, 2, 2)": [-10.951037406921387, 0.0, 0.0, -13.141244888305664, 0.0], "(3, 3, 2, 2)": [-24.09228515625, -17.52165985107422, -19.711868286132812, -30.66291046142578, -26.282493591308594], "(3, 5, 2, 2)": [-43.804161071777344, -125.98385620117188, -129.27059936523438, -116.08103942871094, -125.98457336425781], "(3, 6, 2, 2)": [-121.60271453857422, -113.93338012695312, -97.50825500488281, -119.41178894042969, -97.49888610839844], "(3, 7, 2, 2)": [-93.11990356445312, -65.76220703125, -63.54623031616211, -67.20695495605469, -4.383301258087158], "(3, 4, 2, 2)": [-122.65166473388672, 0.0, -124.84187316894531, -143.51055908203125, -138.03433227539062], "(2, 5, 2, 1)": [-24.06974220275879, -39.45277404785156, -39.37638473510742, -73.23907470703125, -64.43590545654297], "(1, 1, 2, 2)": [-2.1821765899658203, -6.527242660522461, -4.377211570739746, -4.351495265960693, 0.0], "(2, 1, 1, 1)": [0.0, 0.0, 0.0, 0.0, -2.182025909423828], "(2, 2, 1, 1)": [-4.364051818847656, 0.0, 0.0, -6.620786666870117, 0.0]}, "n_values": {"(2, 7, 2, 2)": [756.0, 806.0, 829.0, 887.0, 1053.0], "(2, 6, 2, 2)": [730.0, 775.0, 793.0, 844.0, 976.0], "(2, 5, 2, 2)": [687.0, 737.0, 765.0, 761.0, 865.0], "(2, 2, 2, 2)": [908.0, 802.0, 736.0, 739.0, 730.0], "(2, 1, 2, 2)": [1008.0, 881.0, 786.0, 747.0, 750.0], "(2, 3, 2, 2)": [760.0, 702.0, 675.0, 675.0, 657.0], "(2, 4, 2, 2)": [678.0, 666.0, 692.0, 679.0, 757.0], "(2, 6, 2, 3)": [36.0, 36.0, 37.0, 44.0, 31.0], "(2, 1, 2, 1)": [42.0, 47.0, 48.0, 52.0, 40.0], "(2, 2, 2, 1)": [37.0, 26.0, 28.0, 23.0, 28.0], "(2, 4, 2, 3)": [5.0, 5.0, 5.0, 4.0, 3.0], "(2, 3, 2, 3)": [1.0, 1.0, 2.0, 2.0, 0.0], "(2, 7, 2, 3)": [59.0, 53.0, 49.0, 54.0, 63.0], "(2, 5, 2, 3)": [23.0, 19.0, 17.0, 15.0, 16.0], "(2, 3, 2, 1)": [11.0, 20.0, 13.0, 15.0, 16.0], "(2, 4, 2, 1)": [9.0, 2.0, 10.0, 11.0, 5.0], "(2, 7, 3, 3)": [1.0, 0.0, 1.0, 0.0, 2.0], "(2, 6, 3, 3)": [1.0, 0.0, 1.0, 1.0, 0.0], "(2, 3, 1, 1)": [0.0, 1.0, 1.0, 0.0, 0.0], "(2, 5, 3, 3)": [0.0, 1.0, 0.0, 0.0, 0.0], "(2, 2, 2, 3)": [0.0, 0.0, 1.0, 0.0, 0.0], "(3, 1, 2, 2)": [0.0, 1.0, 0.0, 0.0, 1.0], "(3, 2, 2, 2)": [1.0, 0.0, 0.0, 1.0, 0.0], "(3, 3, 2, 2)": [1.0, 1.0, 1.0, 1.0, 1.0], "(3, 5, 2, 2)": [1.0, 2.0, 2.0, 1.0, 2.0], "(3, 6, 2, 2)": [2.0, 2.0, 2.0, 2.0, 2.0], "(3, 7, 2, 2)": [2.0, 2.0, 3.0, 3.0, 1.0], "(3, 4, 2, 2)": [1.0, 0.0, 1.0, 2.0, 2.0], "(2, 5, 2, 1)": [2.0, 3.0, 3.0, 3.0, 3.0], "(1, 1, 2, 2)": [2.0, 1.0, 1.0, 1.0, 0.0], "(2, 1, 1, 1)": [0.0, 0.0, 0.0, 0.0, 1.0], "(2, 2, 1, 1)": [1.0, 0.0, 0.0, 1.0, 0.0]}}