{"q_values": {"(2, 7, 2, 2)": [-24.11527442932129, -21.02272605895996, -18.400951385498047, -15.520051956176758, -13.562616348266602], "(2, 6, 2, 2)": [-46.069236755371094, -42.0025749206543, -38.2481689453125, -34.7906379699707, -30.828426361083984], "(2, 5, 2, 2)": [-60.71195602416992, -57.866031646728516, -55.07270812988281, -51.65058898925781, -48.62884521484375], "(2, 2, 2, 2)": [-33.42915725708008, -37.122074127197266, -42.048709869384766, -44.746910095214844, -48.43909454345703], "(2, 1, 2, 2)": [-13.096108436584473, -15.820525169372559, -18.274267196655273, -22.08265495300293, -24.62490463256836], "(2, 3, 2, 2)": [-51.782073974609375, -54.21244430541992, -56.594703674316406, -59.001319885253906, -61.94404602050781], "(2, 4, 2, 2)": [-64.29364013671875, -64.1566390991211, -63.672245025634766, -61.36878967285156, -60.78343963623047], "(2, 6, 2, 3)": [-14.144633293151855, -10.546184539794922, -9.781580924987793, -8.216516494750977, -9.526798248291016], "(2, 1, 2, 1)": [-3.525676965713501, -3.383587598800659, -3.78420090675354, -3.3327155113220215, -3.952059745788574], "(2, 2, 2, 1)": [-7.582887649536133, -7.96904993057251, -8.616613388061523, -12.036171913146973, -13.747082710266113], "(2, 4, 2, 3)": [-24.37688446044922, -39.046085357666016, -27.147960662841797, -19.523067474365234, -19.888385772705078], "(2, 3, 2, 3)": [-85.32161712646484, -24.052282333374023, -60.99817657470703, -24.192134857177734, 0.0], "(2, 7, 2, 3)": [-3.8920745849609375, -3.7747061252593994, -3.6622023582458496, -3.4484333992004395, -3.453439235687256], "(2, 5, 2, 3)": [-28.70663070678711, -20.524885177612305, -14.822744369506836, -13.054399490356445, -14.10604190826416], "(2, 3, 2, 1)": [-11.65363597869873, -20.479154586791992, -14.874187469482422, -23.900623321533203, -27.586490631103516], "(2, 4, 2, 1)": [-24.120471954345703, -22.98288345336914, -24.373010635375977, -48.47975158691406, -37.94906234741211], "(2, 7, 3, 3)": [-3.3037941455841064, 0.0, -2.185631036758423, -4.407423973083496, -2.9373271465301514], "(2, 6, 3, 3)": [-10.993489265441895, 0.0, -13.054486274719238, -6.60183048248291, 0.0], "(2, 3, 1, 1)": [0.0, -15.290449142456055, -13.106099128723145, -24.176132202148438, 0.0], "(2, 5, 3, 3)": [-11.221538543701172, -13.343994140625, 0.0, 0.0, 0.0], "(2, 2, 2, 3)": [0.0, 0.0, -35.006771087646484, 0.0, 0.0], "(3, 1, 2, 2)": [0.0, -6.570622444152832, 0.0, 0.0, -4.380414962768555], "(3, 2, 2, 2)": [-10.951037406921387, 0.0, 0.0, -13.141244888305664, 0.0], "(3, 3, 2, 2)": [-18.67155647277832, -18.698951721191406, -19.711868286132812, -30.66291046142578, -26.282493591308594], "(3, 5, 2, 2)": [-43.804161071777344, -125.98385620117188, -129.27059936523438, -116.08103942871094, -125.98457336425781], "(3, 6, 2, 2)": [-86.22241973876953, -79.63697814941406, -97.50825500488281, -119.41178894042969, -69.41692352294922], "(3, 7, 2, 2)": [-93.11990356445312, -65.76220703125, -48.76409149169922, -67.20695495605469, -5.504899978637695], "(3, 4, 2, 2)": [-122.65166473388672, 0.0, -124.84187316894531, -143.51055908203125, -138.03433227539062], "(2, 5, 2, 1)": [-27.377378463745117, -39.45277404785156, -39.37638473510742, -73.23907470703125, -66.86556243896484], "(1, 1, 2, 2)": [-3.281289577484131, -4.360187530517578, -8.731657028198242, -9.45563793182373, -10.905084609985352], "(2, 1, 1, 1)": [0.0, 0.0, 0.0, 0.0, -2.182025909423828], "(2, 2, 1, 1)": [-4.364051818847656, 0.0, 0.0, -6.620786666870117, 0.0], "(2, 6, 2, 1)": [0.0, 0.0, 0.0, -34.97188949584961, 0.0], "(1, 1, 2, 1)": [0.0, 0.0, 0.0, 0.0, -4.435508728027344]}, "n_values": {"(2, 7, 2, 2)": [1274.0, 1379.0, 1413.0, 1499.0, 1898.0], "(2, 6, 2, 2)": [1206.0, 1269.0, 1328.0, 1383.0, 1718.0], "(2, 5, 2, 2)": [1120.0, 1175.0, 1197.0, 1232.0, 1477.0], "(2, 2, 2, 2)": [1542.0, 1297.0, 1209.0, 1177.0, 1162.0], "(2, 1, 2, 2)": [1789.0, 1428.0, 1330.0, 1257.0, 1248.0], "(2, 3, 2, 2)": [1268.0, 1116.0, 1097.0, 1073.0, 1031.0], "(2, 4, 2, 2)": [1033.0, 1015.0, 1044.0, 1048.0, 1198.0], "(2, 6, 2, 3)": [66.0, 62.0, 68.0, 87.0, 59.0], "(2, 1, 2, 1)": [69.0, 80.0, 82.0, 120.0, 75.0], "(2, 2, 2, 1)": [65.0, 45.0, 42.0, 42.0, 40.0], "(2, 4, 2, 3)": [8.0, 7.0, 6.0, 8.0, 4.0], "(2, 3, 2, 3)": [1.0, 1.0, 2.0, 3.0, 0.0], "(2, 7, 2, 3)": [110.0, 99.0, 93.0, 103.0, 129.0], "(2, 5, 2, 3)": [33.0, 28.0, 29.0, 34.0, 33.0], "(2, 3, 2, 1)": [16.0, 23.0, 19.0, 18.0, 21.0], "(2, 4, 2, 1)": [10.0, 2.0, 11.0, 14.0, 6.0], "(2, 7, 3, 3)": [2.0, 0.0, 1.0, 1.0, 3.0], "(2, 6, 3, 3)": [2.0, 0.0, 1.0, 1.0, 0.0], "(2, 3, 1, 1)": [0.0, 1.0, 1.0, 1.0, 0.0], "(2, 5, 3, 3)": [1.0, 1.0, 0.0, 0.0, 0.0], "(2, 2, 2, 3)": [0.0, 0.0, 1.0, 0.0, 0.0], "(3, 1, 2, 2)": [0.0, 1.0, 0.0, 0.0, 1.0], "(3, 2, 2, 2)": [1.0, 0.0, 0.0, 1.0, 0.0], "(3, 3, 2, 2)": [2.0, 2.0, 1.0, 1.0, 1.0], "(3, 5, 2, 2)": [1.0, 2.0, 2.0, 1.0, 2.0], "(3, 6, 2, 2)": [3.0, 3.0, 2.0, 2.0, 3.0], "(3, 7, 2, 2)": [2.0, 2.0, 4.0, 3.0, 2.0], "(3, 4, 2, 2)": [1.0, 0.0, 1.0, 2.0, 2.0], "(2, 5, 2, 1)": [4.0, 3.0, 3.0, 3.0, 4.0], "(1, 1, 2, 2)": [4.0, 2.0, 2.0, 3.0, 1.0], "(2, 1, 1, 1)": [0.0, 0.0, 0.0, 0.0, 1.0], "(2, 2, 1, 1)": [1.0, 0.0, 0.0, 1.0, 0.0], "(2, 6, 2, 1)": [0.0, 0.0, 0.0, 1.0, 0.0], "(1, 1, 2, 1)": [0.0, 0.0, 0.0, 0.0, 1.0]}}