{"q_values": {"(2, 7, 2, 2)": [-31.028181076049805, -25.74281883239746, -25.369421005249023, -19.45975112915039, -21.643590927124023], "(2, 6, 2, 2)": [-64.59235382080078, -54.24935531616211, -50.398231506347656, -47.75650405883789, -39.14415740966797], "(2, 5, 2, 2)": [-77.90418243408203, -77.37257385253906, -68.21949005126953, -71.2332763671875, -65.22694396972656], "(2, 2, 2, 2)": [-36.13085174560547, -43.32682418823242, -51.8692512512207, -58.29235076904297, -58.78174591064453], "(2, 1, 2, 2)": [-15.727593421936035, -20.578575134277344, -28.35718536376953, -28.62367057800293, -31.796281814575195], "(2, 3, 2, 2)": [-68.05699157714844, -72.45670318603516, -80.365478515625, -79.1513671875, -82.43062591552734], "(2, 4, 2, 2)": [-75.45443725585938, -78.99311065673828, -78.03315734863281, -76.95571899414062, -75.62335205078125], "(2, 6, 2, 3)": [-9.208354949951172, -9.35887336730957, -9.592519760131836, -7.301701545715332, -7.712121963500977], "(2, 1, 2, 1)": [-3.870236396789551, -2.9422123432159424, -2.9380083084106445, -5.8466315269470215, -3.3088276386260986], "(2, 2, 2, 1)": [-7.71580171585083, -8.796496391296387, -8.762470245361328, -6.631927490234375, -12.799644470214844], "(2, 4, 2, 3)": [-19.64600372314453, -21.907236099243164, 0.0, 0.0, -17.7919921875], "(2, 3, 2, 3)": [0.0, 0.0, -24.097959518432617, -20.0159912109375, 0.0], "(2, 7, 2, 3)": [-4.6922173500061035, -3.2861804962158203, -4.372705459594727, -4.418503761291504, -3.965606689453125], "(2, 5, 2, 3)": [-13.086508750915527, -15.349739074707031, 0.0, -12.06281852722168, -10.96560287475586], "(2, 3, 2, 1)": [-12.073705673217773, -71.88124084472656, -11.053213119506836, -30.666584014892578, -69.70301818847656], "(2, 4, 2, 1)": [-18.6094913482666, 0.0, -19.808574676513672, -43.55064392089844, -23.063003540039062], "(2, 7, 3, 3)": [-2.2006101608276367, 0.0, -2.185631036758423, 0.0, -4.401220321655273], "(2, 6, 3, 3)": [0.0, 0.0, 0.0, -6.60183048248291, 0.0], "(2, 3, 1, 1)": [0.0, -15.290449142456055, -13.106099128723145, 0.0, 0.0], "(2, 5, 3, 3)": [0.0, -13.343994140625, 0.0, 0.0, 0.0]}, "n_values": {"(2, 7, 2, 2)": [55.0, 55.0, 56.0, 62.0, 63.0], "(2, 6, 2, 2)": [51.0, 58.0, 65.0, 64.0, 76.0], "(2, 5, 2, 2)": [57.0, 56.0, 65.0, 58.0, 71.0], "(2, 2, 2, 2)": [73.0, 67.0, 57.0, 56.0, 62.0], "(2, 1, 2, 2)": [83.0, 80.0, 72.0, 69.0, 71.0], "(2, 3, 2, 2)": [70.0, 69.0, 66.0, 73.0, 69.0], "(2, 4, 2, 2)": [67.0, 56.0, 62.0, 64.0, 62.0], "(2, 6, 2, 3)": [5.0, 4.0, 5.0, 6.0, 2.0], "(2, 1, 2, 1)": [4.0, 3.0, 3.0, 3.0, 2.0], "(2, 2, 2, 1)": [4.0, 2.0, 3.0, 1.0, 7.0], "(2, 4, 2, 3)": [1.0, 1.0, 0.0, 0.0, 1.0], "(2, 3, 2, 3)": [0.0, 0.0, 1.0, 1.0, 0.0], "(2, 7, 2, 3)": [7.0, 8.0, 4.0, 2.0, 5.0], "(2, 5, 2, 3)": [1.0, 1.0, 0.0, 4.0, 2.0], "(2, 3, 2, 1)": [2.0, 1.0, 1.0, 3.0, 1.0], "(2, 4, 2, 1)": [2.0, 0.0, 2.0, 1.0, 2.0], "(2, 7, 3, 3)": [1.0, 0.0, 1.0, 0.0, 1.0], "(2, 6, 3, 3)": [0.0, 0.0, 0.0, 1.0, 0.0], "(2, 3, 1, 1)": [0.0, 1.0, 1.0, 0.0, 0.0], "(2, 5, 3, 3)": [0.0, 1.0, 0.0, 0.0, 0.0]}}