{"q_values": {"(2, 7, 2, 2)": [-27.475801467895508, -23.839139938354492, -21.04163360595703, -17.4146728515625, -15.525894165039062], "(2, 6, 2, 2)": [-51.60264587402344, -45.93052291870117, -43.494285583496094, -39.34763717651367, -34.82945251464844], "(2, 5, 2, 2)": [-66.4148941040039, -62.654380798339844, -59.35145950317383, -56.49799346923828, -53.61482238769531], "(2, 2, 2, 2)": [-36.881351470947266, -40.3380241394043, -46.06468963623047, -48.47248840332031, -52.14713668823242], "(2, 1, 2, 2)": [-13.913626670837402, -17.40227699279785, -20.507488250732422, -24.74134063720703, -27.162155151367188], "(2, 3, 2, 2)": [-57.156776428222656, -59.69739532470703, -62.50658416748047, -65.75149536132812, -67.81385040283203], "(2, 4, 2, 2)": [-69.14962768554688, -68.56974029541016, -68.00402069091797, -66.66773986816406, -66.16946411132812], "(2, 6, 2, 3)": [-14.544684410095215, -11.093914985656738, -10.485352516174316, -8.09957504272461, -7.957309722900391], "(2, 1, 2, 1)": [-3.3463783264160156, -3.3279547691345215, -3.9092602729797363, -3.2751243114471436, -3.7932980060577393], "(2, 2, 2, 1)": [-7.565001487731934, -8.335265159606934, -8.401697158813477, -10.280515670776367, -15.326397895812988], "(2, 4, 2, 3)": [-25.797039031982422, -25.387670516967773, -29.056440353393555, -20.6163272857666, -21.281129837036133], "(2, 3, 2, 3)": [-85.32161712646484, 0.0, -60.99817657470703, -25.284725189208984, 0.0], "(2, 7, 2, 3)": [-4.168424129486084, -3.6561198234558105, -3.5471608638763428, -3.546074628829956, -3.4271132946014404], "(2, 5, 2, 3)": [-30.219970703125, -21.440141677856445, -15.012712478637695, -13.333439826965332, -16.437898635864258], "(2, 3, 2, 1)": [-11.401761054992676, -22.1226749420166, -14.341474533081055, -25.98855209350586, -23.896366119384766], "(2, 4, 2, 1)": [-23.870084762573242, 0.0, -23.915210723876953, -53.90370178222656, -43.264095306396484], "(2, 7, 3, 3)": [-2.2006101608276367, 0.0, -2.185631036758423, 0.0, -3.30029296875], "(2, 6, 3, 3)": [0.0, 0.0, -13.054486274719238, -6.60183048248291, 0.0], "(2, 3, 1, 1)": [0.0, -15.290449142456055, -13.106099128723145, 0.0, 0.0], "(2, 5, 3, 3)": [0.0, -13.343994140625, 0.0, 0.0, 0.0], "(2, 2, 2, 3)": [0.0, 0.0, -35.006771087646484, 0.0, 0.0], "(3, 1, 2, 2)": [0.0, -6.570622444152832, 0.0, 0.0, -4.380414962768555], "(3, 2, 2, 2)": [-10.951037406921387, 0.0, 0.0, -13.141244888305664, 0.0], "(3, 3, 2, 2)": [-24.09228515625, -17.52165985107422, -19.711868286132812, -30.66291046142578, -26.282493591308594], "(3, 5, 2, 2)": [-43.804161071777344, -125.98385620117188, -129.27059936523438, -116.08103942871094, -125.98457336425781], "(3, 6, 2, 2)": [-121.60271453857422, -113.93338012695312, -97.50825500488281, -119.41178894042969, -97.49888610839844], "(3, 7, 2, 2)": [-93.11990356445312, -65.76220703125, -63.54623031616211, -67.20695495605469, -4.383301258087158], "(3, 4, 2, 2)": [-122.65166473388672, 0.0, -124.84187316894531, -143.51055908203125, -138.03433227539062], "(2, 5, 2, 1)": [0.0, -39.45277404785156, -45.92943572998047, -73.23907470703125, -64.43590545654297], "(1, 1, 2, 2)": [-2.1821765899658203, -6.527242660522461, -4.377211570739746, -4.351495265960693, 0.0], "(2, 1, 1, 1)": [0.0, 0.0, 0.0, 0.0, -2.182025909423828], "(2, 2, 1, 1)": [-4.364051818847656, 0.0, 0.0, -6.620786666870117, 0.0]}, "n_values": {"(2, 7, 2, 2)": [674.0, 718.0, 744.0, 791.0, 918.0], "(2, 6, 2, 2)": [647.0, 690.0, 702.0, 744.0, 857.0], "(2, 5, 2, 2)": [617.0, 654.0, 682.0, 681.0, 770.0], "(2, 2, 2, 2)": [814.0, 726.0, 664.0, 675.0, 667.0], "(2, 1, 2, 2)": [908.0, 794.0, 709.0, 670.0, 673.0], "(2, 3, 2, 2)": [688.0, 637.0, 615.0, 615.0, 597.0], "(2, 4, 2, 2)": [616.0, 595.0, 623.0, 619.0, 675.0], "(2, 6, 2, 3)": [34.0, 33.0, 28.0, 38.0, 26.0], "(2, 1, 2, 1)": [39.0, 43.0, 40.0, 45.0, 33.0], "(2, 2, 2, 1)": [32.0, 24.0, 24.0, 22.0, 26.0], "(2, 4, 2, 3)": [5.0, 5.0, 5.0, 3.0, 3.0], "(2, 3, 2, 3)": [1.0, 0.0, 2.0, 2.0, 0.0], "(2, 7, 2, 3)": [50.0, 42.0, 39.0, 46.0, 45.0], "(2, 5, 2, 3)": [22.0, 18.0, 14.0, 12.0, 14.0], "(2, 3, 2, 1)": [10.0, 19.0, 11.0, 14.0, 12.0], "(2, 4, 2, 1)": [9.0, 0.0, 9.0, 11.0, 4.0], "(2, 7, 3, 3)": [1.0, 0.0, 1.0, 0.0, 2.0], "(2, 6, 3, 3)": [0.0, 0.0, 1.0, 1.0, 0.0], "(2, 3, 1, 1)": [0.0, 1.0, 1.0, 0.0, 0.0], "(2, 5, 3, 3)": [0.0, 1.0, 0.0, 0.0, 0.0], "(2, 2, 2, 3)": [0.0, 0.0, 1.0, 0.0, 0.0], "(3, 1, 2, 2)": [0.0, 1.0, 0.0, 0.0, 1.0], "(3, 2, 2, 2)": [1.0, 0.0, 0.0, 1.0, 0.0], "(3, 3, 2, 2)": [1.0, 1.0, 1.0, 1.0, 1.0], "(3, 5, 2, 2)": [1.0, 2.0, 2.0, 1.0, 2.0], "(3, 6, 2, 2)": [2.0, 2.0, 2.0, 2.0, 2.0], "(3, 7, 2, 2)": [2.0, 2.0, 3.0, 3.0, 1.0], "(3, 4, 2, 2)": [1.0, 0.0, 1.0, 2.0, 2.0], "(2, 5, 2, 1)": [0.0, 3.0, 2.0, 3.0, 3.0], "(1, 1, 2, 2)": [2.0, 1.0, 1.0, 1.0, 0.0], "(2, 1, 1, 1)": [0.0, 0.0, 0.0, 0.0, 1.0], "(2, 2, 1, 1)": [1.0, 0.0, 0.0, 1.0, 0.0]}}