{"q_values": {"(2, 7, 2, 2)": [-25.759140014648438, -22.5673828125, -19.80596923828125, -16.51869010925293, -14.540365219116211], "(2, 6, 2, 2)": [-48.75461959838867, -43.93950271606445, -40.83391189575195, -36.974342346191406, -32.71918869018555], "(2, 5, 2, 2)": [-62.856197357177734, -59.645626068115234, -57.0772590637207, -53.611549377441406, -50.84566879272461], "(2, 2, 2, 2)": [-34.871761322021484, -38.90351867675781, -44.039852142333984, -46.6904182434082, -50.373321533203125], "(2, 1, 2, 2)": [-13.639147758483887, -16.748188018798828, -19.58223533630371, -23.44281578063965, -26.018598556518555], "(2, 3, 2, 2)": [-54.17970657348633, -56.717960357666016, -59.73439407348633, -62.2949104309082, -64.85665130615234], "(2, 4, 2, 2)": [-66.29141235351562, -65.72257232666016, -65.37046813964844, -63.73759841918945, -63.10268020629883], "(2, 6, 2, 3)": [-15.867430686950684, -11.064480781555176, -9.901100158691406, -7.972731113433838, -9.9072265625], "(2, 1, 2, 1)": [-3.467275857925415, -3.4102556705474854, -3.678697109222412, -3.2542998790740967, -3.9609100818634033], "(2, 2, 2, 1)": [-7.484435081481934, -8.149178504943848, -8.65145492553711, -10.374198913574219, -13.6261568069458], "(2, 4, 2, 3)": [-25.023866653442383, -25.387670516967773, -29.056440353393555, -19.458023071289062, -21.281129837036133], "(2, 3, 2, 3)": [-85.32161712646484, -24.052282333374023, -60.99817657470703, -25.284725189208984, 0.0], "(2, 7, 2, 3)": [-4.085015296936035, -3.778714895248413, -3.631176710128784, -3.556084156036377, -3.1912014484405518], "(2, 5, 2, 3)": [-29.901283264160156, -20.575387954711914, -14.644096374511719, -13.276787757873535, -15.593167304992676], "(2, 3, 2, 1)": [-11.904349327087402, -21.56396484375, -14.874187469482422, -24.67075538635254, -27.20016860961914], "(2, 4, 2, 1)": [-24.120471954345703, -22.98288345336914, -23.058313369750977, -52.34693908691406, -37.94906234741211], "(2, 7, 3, 3)": [-2.2006101608276367, 0.0, -2.185631036758423, -4.407423973083496, -3.30029296875], "(2, 6, 3, 3)": [-10.993489265441895, 0.0, -13.054486274719238, -6.60183048248291, 0.0], "(2, 3, 1, 1)": [0.0, -15.290449142456055, -13.106099128723145, -24.176132202148438, 0.0], "(2, 5, 3, 3)": [0.0, -13.343994140625, 0.0, 0.0, 0.0], "(2, 2, 2, 3)": [0.0, 0.0, -35.006771087646484, 0.0, 0.0], "(3, 1, 2, 2)": [0.0, -6.570622444152832, 0.0, 0.0, -4.380414962768555], "(3, 2, 2, 2)": [-10.951037406921387, 0.0, 0.0, -13.141244888305664, 0.0], "(3, 3, 2, 2)": [-24.09228515625, -17.52165985107422, -19.711868286132812, -30.66291046142578, -26.282493591308594], "(3, 5, 2, 2)": [-43.804161071777344, -125.98385620117188, -129.27059936523438, -116.08103942871094, -125.98457336425781], "(3, 6, 2, 2)": [-121.60271453857422, -113.93338012695312, -97.50825500488281, -119.41178894042969, -97.49888610839844], "(3, 7, 2, 2)": [-93.11990356445312, -65.76220703125, -63.54623031616211, -67.20695495605469, -4.383301258087158], "(3, 4, 2, 2)": [-122.65166473388672, 0.0, -124.84187316894531, -143.51055908203125, -138.03433227539062], "(2, 5, 2, 1)": [-27.377378463745117, -39.45277404785156, -39.37638473510742, -73.23907470703125, -66.86556243896484], "(1, 1, 2, 2)": [-3.635801315307617, -6.527242660522461, -8.731657028198242, -11.990324020385742, -10.905084609985352], "(2, 1, 1, 1)": [0.0, 0.0, 0.0, 0.0, -2.182025909423828], "(2, 2, 1, 1)": [-4.364051818847656, 0.0, 0.0, -6.620786666870117, 0.0], "(2, 6, 2, 1)": [0.0, 0.0, 0.0, -34.97188949584961, 0.0]}, "n_values": {"(2, 7, 2, 2)": [984.0, 1053.0, 1078.0, 1139.0, 1391.0], "(2, 6, 2, 2)": [940.0, 991.0, 1032.0, 1077.0, 1290.0], "(2, 5, 2, 2)": [870.0, 916.0, 948.0, 975.0, 1105.0], "(2, 2, 2, 2)": [1166.0, 1015.0, 935.0, 933.0, 912.0], "(2, 1, 2, 2)": [1319.0, 1119.0, 1015.0, 974.0, 964.0], "(2, 3, 2, 2)": [967.0, 877.0, 842.0, 832.0, 803.0], "(2, 4, 2, 2)": [838.0, 830.0, 856.0, 842.0, 944.0], "(2, 6, 2, 3)": [45.0, 44.0, 45.0, 59.0, 46.0], "(2, 1, 2, 1)": [51.0, 60.0, 61.0, 75.0, 51.0], "(2, 2, 2, 1)": [47.0, 31.0, 37.0, 29.0, 36.0], "(2, 4, 2, 3)": [7.0, 5.0, 5.0, 6.0, 3.0], "(2, 3, 2, 3)": [1.0, 1.0, 2.0, 2.0, 0.0], "(2, 7, 2, 3)": [79.0, 68.0, 69.0, 67.0, 87.0], "(2, 5, 2, 3)": [27.0, 21.0, 22.0, 21.0, 19.0], "(2, 3, 2, 1)": [14.0, 20.0, 19.0, 16.0, 20.0], "(2, 4, 2, 1)": [10.0, 2.0, 10.0, 12.0, 6.0], "(2, 7, 3, 3)": [1.0, 0.0, 1.0, 1.0, 2.0], "(2, 6, 3, 3)": [2.0, 0.0, 1.0, 1.0, 0.0], "(2, 3, 1, 1)": [0.0, 1.0, 1.0, 1.0, 0.0], "(2, 5, 3, 3)": [0.0, 1.0, 0.0, 0.0, 0.0], "(2, 2, 2, 3)": [0.0, 0.0, 1.0, 0.0, 0.0], "(3, 1, 2, 2)": [0.0, 1.0, 0.0, 0.0, 1.0], "(3, 2, 2, 2)": [1.0, 0.0, 0.0, 1.0, 0.0], "(3, 3, 2, 2)": [1.0, 1.0, 1.0, 1.0, 1.0], "(3, 5, 2, 2)": [1.0, 2.0, 2.0, 1.0, 2.0], "(3, 6, 2, 2)": [2.0, 2.0, 2.0, 2.0, 2.0], "(3, 7, 2, 2)": [2.0, 2.0, 3.0, 3.0, 1.0], "(3, 4, 2, 2)": [1.0, 0.0, 1.0, 2.0, 2.0], "(2, 5, 2, 1)": [4.0, 3.0, 3.0, 3.0, 4.0], "(1, 1, 2, 2)": [3.0, 1.0, 2.0, 2.0, 1.0], "(2, 1, 1, 1)": [0.0, 0.0, 0.0, 0.0, 1.0], "(2, 2, 1, 1)": [1.0, 0.0, 0.0, 1.0, 0.0], "(2, 6, 2, 1)": [0.0, 0.0, 0.0, 1.0, 0.0]}}