{"q_values": {"(2, 7, 2, 2)": [-25.86379051208496, -22.675418853759766, -20.052204132080078, -16.529726028442383, -14.478326797485352], "(2, 6, 2, 2)": [-49.37364196777344, -44.37908172607422, -41.55027770996094, -37.34721755981445, -33.22937774658203], "(2, 5, 2, 2)": [-63.6907958984375, -59.96930694580078, -57.61408996582031, -54.02041244506836, -51.46037292480469], "(2, 2, 2, 2)": [-35.03989028930664, -39.01626968383789, -44.30088806152344, -46.85536575317383, -50.759124755859375], "(2, 1, 2, 2)": [-13.65909194946289, -16.964933395385742, -19.70734405517578, -23.512428283691406, -25.95532989501953], "(2, 3, 2, 2)": [-54.600650787353516, -56.9226188659668, -60.11766815185547, -62.85109329223633, -65.0303726196289], "(2, 4, 2, 2)": [-66.71803283691406, -66.18443298339844, -65.77955627441406, -64.29535675048828, -63.52952194213867], "(2, 6, 2, 3)": [-15.829849243164062, -11.067805290222168, -9.9253568649292, -8.073622703552246, -10.135798454284668], "(2, 1, 2, 1)": [-3.429884195327759, -3.377032995223999, -3.744506359100342, -3.250155448913574, -3.988715887069702], "(2, 2, 2, 1)": [-7.496965408325195, -8.149178504943848, -8.647161483764648, -10.168307304382324, -13.6261568069458], "(2, 4, 2, 3)": [-24.81316375732422, -25.387670516967773, -29.056440353393555, -19.458023071289062, -21.281129837036133], "(2, 3, 2, 3)": [-85.32161712646484, -24.052282333374023, -60.99817657470703, -25.284725189208984, 0.0], "(2, 7, 2, 3)": [-4.123990535736084, -3.7697136402130127, -3.605445146560669, -3.5584094524383545, -3.251262903213501], "(2, 5, 2, 3)": [-29.931541442871094, -20.72607421875, -14.71476936340332, -13.276787757873535, -15.969740867614746], "(2, 3, 2, 1)": [-11.904349327087402, -21.56396484375, -14.172548294067383, -24.67075538635254, -27.827335357666016], "(2, 4, 2, 1)": [-23.870084762573242, -22.98288345336914, -23.058313369750977, -52.34693908691406, -39.85594177246094], "(2, 7, 3, 3)": [-2.2006101608276367, 0.0, -2.185631036758423, 0.0, -3.30029296875], "(2, 6, 3, 3)": [-10.993489265441895, 0.0, -13.054486274719238, -6.60183048248291, 0.0], "(2, 3, 1, 1)": [0.0, -15.290449142456055, -13.106099128723145, 0.0, 0.0], "(2, 5, 3, 3)": [0.0, -13.343994140625, 0.0, 0.0, 0.0], "(2, 2, 2, 3)": [0.0, 0.0, -35.006771087646484, 0.0, 0.0], "(3, 1, 2, 2)": [0.0, -6.570622444152832, 0.0, 0.0, -4.380414962768555], "(3, 2, 2, 2)": [-10.951037406921387, 0.0, 0.0, -13.141244888305664, 0.0], "(3, 3, 2, 2)": [-24.09228515625, -17.52165985107422, -19.711868286132812, -30.66291046142578, -26.282493591308594], "(3, 5, 2, 2)": [-43.804161071777344, -125.98385620117188, -129.27059936523438, -116.08103942871094, -125.98457336425781], "(3, 6, 2, 2)": [-121.60271453857422, -113.93338012695312, -97.50825500488281, -119.41178894042969, -97.49888610839844], "(3, 7, 2, 2)": [-93.11990356445312, -65.76220703125, -63.54623031616211, -67.20695495605469, -4.383301258087158], "(3, 4, 2, 2)": [-122.65166473388672, 0.0, -124.84187316894531, -143.51055908203125, -138.03433227539062], "(2, 5, 2, 1)": [-24.06974220275879, -39.45277404785156, -39.37638473510742, -73.23907470703125, -66.86556243896484], "(1, 1, 2, 2)": [-3.635801315307617, -6.527242660522461, -8.731657028198242, -11.990324020385742, -10.905084609985352], "(2, 1, 1, 1)": [0.0, 0.0, 0.0, 0.0, -2.182025909423828], "(2, 2, 1, 1)": [-4.364051818847656, 0.0, 0.0, -6.620786666870117, 0.0]}, "n_values": {"(2, 7, 2, 2)": [928.0, 990.0, 1010.0, 1078.0, 1296.0], "(2, 6, 2, 2)": [888.0, 941.0, 973.0, 1025.0, 1210.0], "(2, 5, 2, 2)": [830.0, 881.0, 908.0, 932.0, 1046.0], "(2, 2, 2, 2)": [1108.0, 967.0, 895.0, 888.0, 865.0], "(2, 1, 2, 2)": [1247.0, 1066.0, 957.0, 919.0, 918.0], "(2, 3, 2, 2)": [920.0, 841.0, 808.0, 798.0, 771.0], "(2, 4, 2, 2)": [799.0, 791.0, 816.0, 803.0, 902.0], "(2, 6, 2, 3)": [44.0, 43.0, 44.0, 55.0, 43.0], "(2, 1, 2, 1)": [49.0, 58.0, 57.0, 69.0, 49.0], "(2, 2, 2, 1)": [44.0, 31.0, 36.0, 27.0, 36.0], "(2, 4, 2, 3)": [6.0, 5.0, 5.0, 6.0, 3.0], "(2, 3, 2, 3)": [1.0, 1.0, 2.0, 2.0, 0.0], "(2, 7, 2, 3)": [74.0, 67.0, 64.0, 62.0, 82.0], "(2, 5, 2, 3)": [25.0, 20.0, 21.0, 21.0, 18.0], "(2, 3, 2, 1)": [14.0, 20.0, 15.0, 16.0, 19.0], "(2, 4, 2, 1)": [9.0, 2.0, 10.0, 12.0, 5.0], "(2, 7, 3, 3)": [1.0, 0.0, 1.0, 0.0, 2.0], "(2, 6, 3, 3)": [2.0, 0.0, 1.0, 1.0, 0.0], "(2, 3, 1, 1)": [0.0, 1.0, 1.0, 0.0, 0.0], "(2, 5, 3, 3)": [0.0, 1.0, 0.0, 0.0, 0.0], "(2, 2, 2, 3)": [0.0, 0.0, 1.0, 0.0, 0.0], "(3, 1, 2, 2)": [0.0, 1.0, 0.0, 0.0, 1.0], "(3, 2, 2, 2)": [1.0, 0.0, 0.0, 1.0, 0.0], "(3, 3, 2, 2)": [1.0, 1.0, 1.0, 1.0, 1.0], "(3, 5, 2, 2)": [1.0, 2.0, 2.0, 1.0, 2.0], "(3, 6, 2, 2)": [2.0, 2.0, 2.0, 2.0, 2.0], "(3, 7, 2, 2)": [2.0, 2.0, 3.0, 3.0, 1.0], "(3, 4, 2, 2)": [1.0, 0.0, 1.0, 2.0, 2.0], "(2, 5, 2, 1)": [2.0, 3.0, 3.0, 3.0, 4.0], "(1, 1, 2, 2)": [3.0, 1.0, 2.0, 2.0, 1.0], "(2, 1, 1, 1)": [0.0, 0.0, 0.0, 0.0, 1.0], "(2, 2, 1, 1)": [1.0, 0.0, 0.0, 1.0, 0.0]}}