{"q_values": {"(2, 7, 2, 2)": [-24.376157760620117, -21.16374969482422, -18.587858200073242, -15.684415817260742, -13.574453353881836], "(2, 6, 2, 2)": [-46.71516799926758, -42.42217254638672, -38.661537170410156, -35.1107177734375, -31.124393463134766], "(2, 5, 2, 2)": [-61.32322311401367, -58.223899841308594, -55.34434509277344, -51.88665771484375, -49.044456481933594], "(2, 2, 2, 2)": [-33.819950103759766, -37.320316314697266, -42.40829849243164, -45.134613037109375, -48.92265701293945], "(2, 1, 2, 2)": [-13.207181930541992, -16.009994506835938, -18.64731216430664, -22.31568717956543, -24.90825843811035], "(2, 3, 2, 2)": [-52.26454544067383, -54.62574768066406, -57.21439743041992, -59.478248596191406, -62.5706672668457], "(2, 4, 2, 2)": [-64.85049438476562, -64.72755432128906, -64.14643859863281, -61.695518493652344, -61.21587371826172], "(2, 6, 2, 3)": [-14.144633293151855, -10.585954666137695, -9.762225151062012, -8.228438377380371, -9.539258003234863], "(2, 1, 2, 1)": [-3.4991323947906494, -3.4035513401031494, -3.8284099102020264, -3.3268444538116455, -3.939755916595459], "(2, 2, 2, 1)": [-7.565600872039795, -7.99758243560791, -8.616613388061523, -12.32051944732666, -13.747082710266113], "(2, 4, 2, 3)": [-24.37688446044922, -39.046085357666016, -27.147960662841797, -19.523067474365234, -19.888385772705078], "(2, 3, 2, 3)": [-85.32161712646484, -24.052282333374023, -60.99817657470703, -24.192134857177734, 0.0], "(2, 7, 2, 3)": [-3.9194717407226562, -3.75600004196167, -3.6464521884918213, -3.39986515045166, -3.468672037124634], "(2, 5, 2, 3)": [-28.70663070678711, -20.888574600219727, -14.784854888916016, -13.054399490356445, -14.236509323120117], "(2, 3, 2, 1)": [-11.65363597869873, -20.713794708251953, -14.874187469482422, -23.900623321533203, -27.586490631103516], "(2, 4, 2, 1)": [-24.120471954345703, -22.98288345336914, -24.373010635375977, -50.49646759033203, -37.94906234741211], "(2, 7, 3, 3)": [-3.3037941455841064, 0.0, -2.185631036758423, -4.407423973083496, -3.30029296875], "(2, 6, 3, 3)": [-10.993489265441895, 0.0, -13.054486274719238, -6.60183048248291, 0.0], "(2, 3, 1, 1)": [0.0, -15.290449142456055, -13.106099128723145, -24.176132202148438, 0.0], "(2, 5, 3, 3)": [-11.221538543701172, -13.343994140625, 0.0, 0.0, 0.0], "(2, 2, 2, 3)": [0.0, 0.0, -35.006771087646484, 0.0, 0.0], "(3, 1, 2, 2)": [0.0, -6.570622444152832, 0.0, 0.0, -4.380414962768555], "(3, 2, 2, 2)": [-10.951037406921387, 0.0, 0.0, -13.141244888305664, 0.0], "(3, 3, 2, 2)": [-18.67155647277832, -18.698951721191406, -19.711868286132812, -30.66291046142578, -26.282493591308594], "(3, 5, 2, 2)": [-43.804161071777344, -125.98385620117188, -129.27059936523438, -116.08103942871094, -125.98457336425781], "(3, 6, 2, 2)": [-86.22241973876953, -79.63697814941406, -97.50825500488281, -119.41178894042969, -69.41692352294922], "(3, 7, 2, 2)": [-93.11990356445312, -65.76220703125, -48.76409149169922, -67.20695495605469, -5.504899978637695], "(3, 4, 2, 2)": [-122.65166473388672, 0.0, -124.84187316894531, -143.51055908203125, -138.03433227539062], "(2, 5, 2, 1)": [-27.377378463745117, -39.45277404785156, -39.37638473510742, -73.23907470703125, -66.86556243896484], "(1, 1, 2, 2)": [-3.281289577484131, -4.360187530517578, -8.731657028198242, -9.45563793182373, -10.905084609985352], "(2, 1, 1, 1)": [0.0, 0.0, 0.0, 0.0, -2.182025909423828], "(2, 2, 1, 1)": [-4.364051818847656, 0.0, 0.0, -6.620786666870117, 0.0], "(2, 6, 2, 1)": [0.0, 0.0, 0.0, -34.97188949584961, 0.0], "(1, 1, 2, 1)": [0.0, 0.0, 0.0, 0.0, -4.435508728027344]}, "n_values": {"(2, 7, 2, 2)": [1219.0, 1322.0, 1352.0, 1432.0, 1814.0], "(2, 6, 2, 2)": [1159.0, 1223.0, 1280.0, 1335.0, 1649.0], "(2, 5, 2, 2)": [1076.0, 1135.0, 1160.0, 1193.0, 1417.0], "(2, 2, 2, 2)": [1483.0, 1260.0, 1174.0, 1142.0, 1122.0], "(2, 1, 2, 2)": [1713.0, 1382.0, 1277.0, 1212.0, 1205.0], "(2, 3, 2, 2)": [1215.0, 1080.0, 1051.0, 1037.0, 993.0], "(2, 4, 2, 2)": [1005.0, 981.0, 1011.0, 1022.0, 1160.0], "(2, 6, 2, 3)": [66.0, 57.0, 65.0, 85.0, 58.0], "(2, 1, 2, 1)": [67.0, 75.0, 77.0, 111.0, 73.0], "(2, 2, 2, 1)": [59.0, 44.0, 42.0, 38.0, 40.0], "(2, 4, 2, 3)": [8.0, 7.0, 6.0, 8.0, 4.0], "(2, 3, 2, 3)": [1.0, 1.0, 2.0, 3.0, 0.0], "(2, 7, 2, 3)": [107.0, 96.0, 91.0, 98.0, 124.0], "(2, 5, 2, 3)": [33.0, 25.0, 27.0, 34.0, 31.0], "(2, 3, 2, 1)": [16.0, 22.0, 19.0, 18.0, 21.0], "(2, 4, 2, 1)": [10.0, 2.0, 11.0, 13.0, 6.0], "(2, 7, 3, 3)": [2.0, 0.0, 1.0, 1.0, 2.0], "(2, 6, 3, 3)": [2.0, 0.0, 1.0, 1.0, 0.0], "(2, 3, 1, 1)": [0.0, 1.0, 1.0, 1.0, 0.0], "(2, 5, 3, 3)": [1.0, 1.0, 0.0, 0.0, 0.0], "(2, 2, 2, 3)": [0.0, 0.0, 1.0, 0.0, 0.0], "(3, 1, 2, 2)": [0.0, 1.0, 0.0, 0.0, 1.0], "(3, 2, 2, 2)": [1.0, 0.0, 0.0, 1.0, 0.0], "(3, 3, 2, 2)": [2.0, 2.0, 1.0, 1.0, 1.0], "(3, 5, 2, 2)": [1.0, 2.0, 2.0, 1.0, 2.0], "(3, 6, 2, 2)": [3.0, 3.0, 2.0, 2.0, 3.0], "(3, 7, 2, 2)": [2.0, 2.0, 4.0, 3.0, 2.0], "(3, 4, 2, 2)": [1.0, 0.0, 1.0, 2.0, 2.0], "(2, 5, 2, 1)": [4.0, 3.0, 3.0, 3.0, 4.0], "(1, 1, 2, 2)": [4.0, 2.0, 2.0, 3.0, 1.0], "(2, 1, 1, 1)": [0.0, 0.0, 0.0, 0.0, 1.0], "(2, 2, 1, 1)": [1.0, 0.0, 0.0, 1.0, 0.0], "(2, 6, 2, 1)": [0.0, 0.0, 0.0, 1.0, 0.0], "(1, 1, 2, 1)": [0.0, 0.0, 0.0, 0.0, 1.0]}}