{"q_values": {"(2, 7, 2, 2)": [-30.02477264404297, -27.37054443359375, -24.425317764282227, -18.929035186767578, -18.209840774536133], "(2, 6, 2, 2)": [-53.79288864135742, -47.16757583618164, -44.48979568481445, -41.9243049621582, -37.24128341674805], "(2, 5, 2, 2)": [-70.30782318115234, -67.60694122314453, -62.27877426147461, -60.83137512207031, -56.173309326171875], "(2, 2, 2, 2)": [-40.04323959350586, -43.780635833740234, -51.083492279052734, -52.878299713134766, -56.587249755859375], "(2, 1, 2, 2)": [-15.213972091674805, -19.183027267456055, -22.661317825317383, -26.93355369567871, -30.891878128051758], "(2, 3, 2, 2)": [-62.57326889038086, -64.10037231445312, -69.0088119506836, -71.42945861816406, -74.37598419189453], "(2, 4, 2, 2)": [-74.33271026611328, -75.28590393066406, -73.7714614868164, -72.66429138183594, -70.67300415039062], "(2, 6, 2, 3)": [-11.567828178405762, -10.252224922180176, -9.564657211303711, -7.888459205627441, -7.910310745239258], "(2, 1, 2, 1)": [-3.3181779384613037, -3.377337694168091, -3.5092787742614746, -3.605555772781372, -3.8845982551574707], "(2, 2, 2, 1)": [-7.569397449493408, -8.29867935180664, -8.525060653686523, -10.716146469116211, -19.238489151000977], "(2, 4, 2, 3)": [-20.743595123291016, -25.174840927124023, -29.723724365234375, -23.142688751220703, -17.736160278320312], "(2, 3, 2, 3)": [-85.32161712646484, 0.0, -60.99817657470703, -20.0159912109375, 0.0], "(2, 7, 2, 3)": [-4.583310127258301, -3.3452227115631104, -3.6568474769592285, -4.1173200607299805, -3.4995291233062744], "(2, 5, 2, 3)": [-19.24660301208496, -21.110124588012695, -11.007225036621094, -12.577144622802734, -13.126282691955566], "(2, 3, 2, 1)": [-11.522944450378418, -42.24909591674805, -13.454827308654785, -24.91239356994629, -30.549768447875977], "(2, 4, 2, 1)": [-24.601112365722656, 0.0, -26.320331573486328, -91.63622283935547, -23.063003540039062], "(2, 7, 3, 3)": [-2.2006101608276367, 0.0, -2.185631036758423, 0.0, -4.401220321655273], "(2, 6, 3, 3)": [0.0, 0.0, -13.054486274719238, -6.60183048248291, 0.0], "(2, 3, 1, 1)": [0.0, -15.290449142456055, -13.106099128723145, 0.0, 0.0], "(2, 5, 3, 3)": [0.0, -13.343994140625, 0.0, 0.0, 0.0], "(2, 2, 2, 3)": [0.0, 0.0, -35.006771087646484, 0.0, 0.0], "(3, 1, 2, 2)": [0.0, -6.570622444152832, 0.0, 0.0, -4.380414962768555], "(3, 2, 2, 2)": [-10.951037406921387, 0.0, 0.0, -13.141244888305664, 0.0], "(3, 3, 2, 2)": [-24.09228515625, -17.52165985107422, -19.711868286132812, -30.66291046142578, -26.282493591308594], "(3, 5, 2, 2)": [-43.804161071777344, -125.98385620117188, -129.27059936523438, -116.08103942871094, -125.98457336425781], "(3, 6, 2, 2)": [-121.60271453857422, -113.93338012695312, -97.50825500488281, -119.41178894042969, -97.49888610839844], "(3, 7, 2, 2)": [-93.11990356445312, -65.76220703125, -63.54623031616211, -67.20695495605469, -4.383301258087158], "(3, 4, 2, 2)": [-122.65166473388672, 0.0, -124.84187316894531, -143.51055908203125, -138.03433227539062], "(2, 5, 2, 1)": [0.0, 0.0, 0.0, 0.0, -66.71324157714844], "(1, 1, 2, 2)": [-2.188605785369873, 0.0, -4.377211570739746, 0.0, 0.0]}, "n_values": {"(2, 7, 2, 2)": [289.0, 299.0, 317.0, 325.0, 374.0], "(2, 6, 2, 2)": [270.0, 294.0, 292.0, 308.0, 345.0], "(2, 5, 2, 2)": [265.0, 280.0, 309.0, 306.0, 327.0], "(2, 2, 2, 2)": [353.0, 342.0, 307.0, 319.0, 316.0], "(2, 1, 2, 2)": [399.0, 369.0, 333.0, 320.0, 309.0], "(2, 3, 2, 2)": [312.0, 299.0, 293.0, 295.0, 287.0], "(2, 4, 2, 2)": [299.0, 274.0, 288.0, 287.0, 302.0], "(2, 6, 2, 3)": [14.0, 12.0, 16.0, 22.0, 10.0], "(2, 1, 2, 1)": [18.0, 15.0, 17.0, 14.0, 13.0], "(2, 2, 2, 1)": [16.0, 13.0, 9.0, 9.0, 15.0], "(2, 4, 2, 3)": [2.0, 4.0, 4.0, 2.0, 2.0], "(2, 3, 2, 3)": [1.0, 0.0, 2.0, 1.0, 0.0], "(2, 7, 2, 3)": [22.0, 19.0, 21.0, 15.0, 17.0], "(2, 5, 2, 3)": [5.0, 8.0, 2.0, 8.0, 4.0], "(2, 3, 2, 1)": [4.0, 6.0, 7.0, 8.0, 6.0], "(2, 4, 2, 1)": [4.0, 0.0, 5.0, 2.0, 2.0], "(2, 7, 3, 3)": [1.0, 0.0, 1.0, 0.0, 1.0], "(2, 6, 3, 3)": [0.0, 0.0, 1.0, 1.0, 0.0], "(2, 3, 1, 1)": [0.0, 1.0, 1.0, 0.0, 0.0], "(2, 5, 3, 3)": [0.0, 1.0, 0.0, 0.0, 0.0], "(2, 2, 2, 3)": [0.0, 0.0, 1.0, 0.0, 0.0], "(3, 1, 2, 2)": [0.0, 1.0, 0.0, 0.0, 1.0], "(3, 2, 2, 2)": [1.0, 0.0, 0.0, 1.0, 0.0], "(3, 3, 2, 2)": [1.0, 1.0, 1.0, 1.0, 1.0], "(3, 5, 2, 2)": [1.0, 2.0, 2.0, 1.0, 2.0], "(3, 6, 2, 2)": [2.0, 2.0, 2.0, 2.0, 2.0], "(3, 7, 2, 2)": [2.0, 2.0, 3.0, 3.0, 1.0], "(3, 4, 2, 2)": [1.0, 0.0, 1.0, 2.0, 2.0], "(2, 5, 2, 1)": [0.0, 0.0, 0.0, 0.0, 2.0], "(1, 1, 2, 2)": [1.0, 0.0, 1.0, 0.0, 0.0]}}