{"q_values": {"(2, 7, 2, 2)": [-24.609848022460938, -21.3843994140625, -18.8043155670166, -15.891294479370117, -13.772016525268555], "(2, 6, 2, 2)": [-47.19082260131836, -42.92575454711914, -39.12174606323242, -35.68157958984375, -31.538249969482422], "(2, 5, 2, 2)": [-61.79318618774414, -58.64762496948242, -55.85244369506836, -52.34287643432617, -49.49274444580078], "(2, 2, 2, 2)": [-34.07102584838867, -37.65177917480469, -42.826637268066406, -45.558197021484375, -49.33451843261719], "(2, 1, 2, 2)": [-13.304177284240723, -16.181955337524414, -18.955575942993164, -22.65833854675293, -25.121509552001953], "(2, 3, 2, 2)": [-52.67778015136719, -55.34568786621094, -57.951786041259766, -60.092952728271484, -63.24101638793945], "(2, 4, 2, 2)": [-65.53816986083984, -65.1627197265625, -64.42477416992188, -62.18730163574219, -61.74478530883789], "(2, 6, 2, 3)": [-14.329991340637207, -10.759941101074219, -9.89827823638916, -8.135997772216797, -9.539258003234863], "(2, 1, 2, 1)": [-3.5101146697998047, -3.4066145420074463, -3.7182722091674805, -3.3888421058654785, -3.89137601852417], "(2, 2, 2, 1)": [-7.558951377868652, -8.159560203552246, -8.616613388061523, -12.331711769104004, -13.480159759521484], "(2, 4, 2, 3)": [-24.37688446044922, -34.2493896484375, -27.147960662841797, -19.507770538330078, -19.888385772705078], "(2, 3, 2, 3)": [-85.32161712646484, -24.052282333374023, -60.99817657470703, -24.192134857177734, 0.0], "(2, 7, 2, 3)": [-4.028744697570801, -3.8341691493988037, -3.6810810565948486, -3.423767566680908, -3.34710693359375], "(2, 5, 2, 3)": [-29.18805694580078, -20.116329193115234, -14.733826637268066, -13.1781587600708, -14.352606773376465], "(2, 3, 2, 1)": [-11.65363597869873, -20.713794708251953, -14.874187469482422, -24.39018440246582, -27.20016860961914], "(2, 4, 2, 1)": [-24.120471954345703, -22.98288345336914, -23.058313369750977, -52.34693908691406, -37.94906234741211], "(2, 7, 3, 3)": [-3.3037941455841064, 0.0, -2.185631036758423, -4.407423973083496, -3.30029296875], "(2, 6, 3, 3)": [-10.993489265441895, 0.0, -13.054486274719238, -6.60183048248291, 0.0], "(2, 3, 1, 1)": [0.0, -15.290449142456055, -13.106099128723145, -24.176132202148438, 0.0], "(2, 5, 3, 3)": [-11.221538543701172, -13.343994140625, 0.0, 0.0, 0.0], "(2, 2, 2, 3)": [0.0, 0.0, -35.006771087646484, 0.0, 0.0], "(3, 1, 2, 2)": [0.0, -6.570622444152832, 0.0, 0.0, -4.380414962768555], "(3, 2, 2, 2)": [-10.951037406921387, 0.0, 0.0, -13.141244888305664, 0.0], "(3, 3, 2, 2)": [-24.09228515625, -17.52165985107422, -19.711868286132812, -30.66291046142578, -26.282493591308594], "(3, 5, 2, 2)": [-43.804161071777344, -125.98385620117188, -129.27059936523438, -116.08103942871094, -125.98457336425781], "(3, 6, 2, 2)": [-86.22241973876953, -79.63697814941406, -97.50825500488281, -119.41178894042969, -69.41692352294922], "(3, 7, 2, 2)": [-93.11990356445312, -65.76220703125, -48.76409149169922, -67.20695495605469, -5.504899978637695], "(3, 4, 2, 2)": [-122.65166473388672, 0.0, -124.84187316894531, -143.51055908203125, -138.03433227539062], "(2, 5, 2, 1)": [-27.377378463745117, -39.45277404785156, -39.37638473510742, -73.23907470703125, -66.86556243896484], "(1, 1, 2, 2)": [-3.281289577484131, -4.360187530517578, -8.731657028198242, -9.45563793182373, -10.905084609985352], "(2, 1, 1, 1)": [0.0, 0.0, 0.0, 0.0, -2.182025909423828], "(2, 2, 1, 1)": [-4.364051818847656, 0.0, 0.0, -6.620786666870117, 0.0], "(2, 6, 2, 1)": [0.0, 0.0, 0.0, -34.97188949584961, 0.0], "(1, 1, 2, 1)": [0.0, 0.0, 0.0, 0.0, -4.435508728027344]}, "n_values": {"(2, 7, 2, 2)": [1155.0, 1250.0, 1272.0, 1342.0, 1690.0], "(2, 6, 2, 2)": [1089.0, 1148.0, 1200.0, 1250.0, 1530.0], "(2, 5, 2, 2)": [1008.0, 1063.0, 1087.0, 1118.0, 1315.0], "(2, 2, 2, 2)": [1382.0, 1191.0, 1102.0, 1083.0, 1054.0], "(2, 1, 2, 2)": [1591.0, 1305.0, 1195.0, 1140.0, 1130.0], "(2, 3, 2, 2)": [1145.0, 1017.0, 983.0, 976.0, 935.0], "(2, 4, 2, 2)": [946.0, 931.0, 964.0, 966.0, 1092.0], "(2, 6, 2, 3)": [63.0, 53.0, 61.0, 80.0, 58.0], "(2, 1, 2, 1)": [63.0, 73.0, 71.0, 96.0, 66.0], "(2, 2, 2, 1)": [57.0, 38.0, 42.0, 36.0, 39.0], "(2, 4, 2, 3)": [8.0, 6.0, 6.0, 7.0, 4.0], "(2, 3, 2, 3)": [1.0, 1.0, 2.0, 3.0, 0.0], "(2, 7, 2, 3)": [97.0, 86.0, 83.0, 87.0, 110.0], "(2, 5, 2, 3)": [32.0, 24.0, 25.0, 30.0, 28.0], "(2, 3, 2, 1)": [16.0, 22.0, 19.0, 17.0, 20.0], "(2, 4, 2, 1)": [10.0, 2.0, 10.0, 12.0, 6.0], "(2, 7, 3, 3)": [2.0, 0.0, 1.0, 1.0, 2.0], "(2, 6, 3, 3)": [2.0, 0.0, 1.0, 1.0, 0.0], "(2, 3, 1, 1)": [0.0, 1.0, 1.0, 1.0, 0.0], "(2, 5, 3, 3)": [1.0, 1.0, 0.0, 0.0, 0.0], "(2, 2, 2, 3)": [0.0, 0.0, 1.0, 0.0, 0.0], "(3, 1, 2, 2)": [0.0, 1.0, 0.0, 0.0, 1.0], "(3, 2, 2, 2)": [1.0, 0.0, 0.0, 1.0, 0.0], "(3, 3, 2, 2)": [1.0, 1.0, 1.0, 1.0, 1.0], "(3, 5, 2, 2)": [1.0, 2.0, 2.0, 1.0, 2.0], "(3, 6, 2, 2)": [3.0, 3.0, 2.0, 2.0, 3.0], "(3, 7, 2, 2)": [2.0, 2.0, 4.0, 3.0, 2.0], "(3, 4, 2, 2)": [1.0, 0.0, 1.0, 2.0, 2.0], "(2, 5, 2, 1)": [4.0, 3.0, 3.0, 3.0, 4.0], "(1, 1, 2, 2)": [4.0, 2.0, 2.0, 3.0, 1.0], "(2, 1, 1, 1)": [0.0, 0.0, 0.0, 0.0, 1.0], "(2, 2, 1, 1)": [1.0, 0.0, 0.0, 1.0, 0.0], "(2, 6, 2, 1)": [0.0, 0.0, 0.0, 1.0, 0.0], "(1, 1, 2, 1)": [0.0, 0.0, 0.0, 0.0, 1.0]}}