{"q_values": {"(2, 7, 2, 2)": [-27.553081512451172, -24.010828018188477, -21.069461822509766, -17.626983642578125, -15.637117385864258], "(2, 6, 2, 2)": [-51.316654205322266, -45.64143753051758, -43.300453186035156, -39.43233108520508, -34.7706413269043], "(2, 5, 2, 2)": [-66.35430908203125, -62.736488342285156, -59.715789794921875, -56.3759651184082, -53.524574279785156], "(2, 2, 2, 2)": [-36.61398696899414, -40.1966667175293, -45.8354606628418, -48.227081298828125, -51.77412796020508], "(2, 1, 2, 2)": [-13.788774490356445, -17.24063491821289, -20.379220962524414, -24.59922981262207, -27.081390380859375], "(2, 3, 2, 2)": [-57.35776138305664, -59.88008499145508, -62.73105239868164, -66.06563568115234, -67.83642578125], "(2, 4, 2, 2)": [-69.21717071533203, -68.58271026611328, -68.25059509277344, -66.8112564086914, -66.4562759399414], "(2, 6, 2, 3)": [-14.544684410095215, -10.885710716247559, -10.546703338623047, -8.122209548950195, -7.981762886047363], "(2, 1, 2, 1)": [-3.317963123321533, -3.247605085372925, -3.914707660675049, -3.3584887981414795, -3.7554702758789062], "(2, 2, 2, 1)": [-7.701959133148193, -8.318219184875488, -8.003584861755371, -10.280515670776367, -15.781778335571289], "(2, 4, 2, 3)": [-25.797039031982422, -25.174840927124023, -29.056440353393555, -20.6163272857666, -21.281129837036133], "(2, 3, 2, 3)": [-85.32161712646484, 0.0, -60.99817657470703, -25.284725189208984, 0.0], "(2, 7, 2, 3)": [-4.200571060180664, -3.5982754230499268, -3.560513734817505, -3.622025489807129, -3.4413912296295166], "(2, 5, 2, 3)": [-30.818655014038086, -21.440141677856445, -12.96062183380127, -13.343277931213379, -15.147236824035645], "(2, 3, 2, 1)": [-11.451391220092773, -22.864818572998047, -14.341474533081055, -25.98855209350586, -23.896366119384766], "(2, 4, 2, 1)": [-23.870084762573242, 0.0, -23.915210723876953, -55.59180450439453, -43.264095306396484], "(2, 7, 3, 3)": [-2.2006101608276367, 0.0, -2.185631036758423, 0.0, -3.30029296875], "(2, 6, 3, 3)": [0.0, 0.0, -13.054486274719238, -6.60183048248291, 0.0], "(2, 3, 1, 1)": [0.0, -15.290449142456055, -13.106099128723145, 0.0, 0.0], "(2, 5, 3, 3)": [0.0, -13.343994140625, 0.0, 0.0, 0.0], "(2, 2, 2, 3)": [0.0, 0.0, -35.006771087646484, 0.0, 0.0], "(3, 1, 2, 2)": [0.0, -6.570622444152832, 0.0, 0.0, -4.380414962768555], "(3, 2, 2, 2)": [-10.951037406921387, 0.0, 0.0, -13.141244888305664, 0.0], "(3, 3, 2, 2)": [-24.09228515625, -17.52165985107422, -19.711868286132812, -30.66291046142578, -26.282493591308594], "(3, 5, 2, 2)": [-43.804161071777344, -125.98385620117188, -129.27059936523438, -116.08103942871094, -125.98457336425781], "(3, 6, 2, 2)": [-121.60271453857422, -113.93338012695312, -97.50825500488281, -119.41178894042969, -97.49888610839844], "(3, 7, 2, 2)": [-93.11990356445312, -65.76220703125, -63.54623031616211, -67.20695495605469, -4.383301258087158], "(3, 4, 2, 2)": [-122.65166473388672, 0.0, -124.84187316894531, -143.51055908203125, -138.03433227539062], "(2, 5, 2, 1)": [0.0, -39.45277404785156, -45.92943572998047, -92.40048217773438, -64.43590545654297], "(1, 1, 2, 2)": [-2.1821765899658203, -6.527242660522461, -4.377211570739746, -4.351495265960693, 0.0], "(2, 1, 1, 1)": [0.0, 0.0, 0.0, 0.0, -2.182025909423828], "(2, 2, 1, 1)": [-4.364051818847656, 0.0, 0.0, -6.620786666870117, 0.0]}, "n_values": {"(2, 7, 2, 2)": [644.0, 694.0, 710.0, 756.0, 877.0], "(2, 6, 2, 2)": [621.0, 655.0, 664.0, 708.0, 816.0], "(2, 5, 2, 2)": [583.0, 619.0, 646.0, 649.0, 729.0], "(2, 2, 2, 2)": [779.0, 702.0, 633.0, 646.0, 641.0], "(2, 1, 2, 2)": [868.0, 764.0, 682.0, 640.0, 644.0], "(2, 3, 2, 2)": [655.0, 606.0, 585.0, 592.0, 571.0], "(2, 4, 2, 2)": [592.0, 569.0, 592.0, 588.0, 638.0], "(2, 6, 2, 3)": [34.0, 30.0, 27.0, 36.0, 24.0], "(2, 1, 2, 1)": [38.0, 40.0, 36.0, 38.0, 31.0], "(2, 2, 2, 1)": [30.0, 23.0, 20.0, 22.0, 24.0], "(2, 4, 2, 3)": [5.0, 4.0, 5.0, 3.0, 3.0], "(2, 3, 2, 3)": [1.0, 0.0, 2.0, 2.0, 0.0], "(2, 7, 2, 3)": [47.0, 39.0, 37.0, 42.0, 41.0], "(2, 5, 2, 3)": [21.0, 18.0, 12.0, 11.0, 12.0], "(2, 3, 2, 1)": [9.0, 18.0, 11.0, 14.0, 12.0], "(2, 4, 2, 1)": [9.0, 0.0, 9.0, 10.0, 4.0], "(2, 7, 3, 3)": [1.0, 0.0, 1.0, 0.0, 2.0], "(2, 6, 3, 3)": [0.0, 0.0, 1.0, 1.0, 0.0], "(2, 3, 1, 1)": [0.0, 1.0, 1.0, 0.0, 0.0], "(2, 5, 3, 3)": [0.0, 1.0, 0.0, 0.0, 0.0], "(2, 2, 2, 3)": [0.0, 0.0, 1.0, 0.0, 0.0], "(3, 1, 2, 2)": [0.0, 1.0, 0.0, 0.0, 1.0], "(3, 2, 2, 2)": [1.0, 0.0, 0.0, 1.0, 0.0], "(3, 3, 2, 2)": [1.0, 1.0, 1.0, 1.0, 1.0], "(3, 5, 2, 2)": [1.0, 2.0, 2.0, 1.0, 2.0], "(3, 6, 2, 2)": [2.0, 2.0, 2.0, 2.0, 2.0], "(3, 7, 2, 2)": [2.0, 2.0, 3.0, 3.0, 1.0], "(3, 4, 2, 2)": [1.0, 0.0, 1.0, 2.0, 2.0], "(2, 5, 2, 1)": [0.0, 3.0, 2.0, 2.0, 3.0], "(1, 1, 2, 2)": [2.0, 1.0, 1.0, 1.0, 0.0], "(2, 1, 1, 1)": [0.0, 0.0, 0.0, 0.0, 1.0], "(2, 2, 1, 1)": [1.0, 0.0, 0.0, 1.0, 0.0]}}