{"q_values": {"(2, 7, 2, 2)": [-29.956865310668945, -27.036802291870117, -24.09348487854004, -19.176767349243164, -17.86071014404297], "(2, 6, 2, 2)": [-52.82164001464844, -46.481781005859375, -44.16276931762695, -41.29165267944336, -36.58302688598633], "(2, 5, 2, 2)": [-69.37664031982422, -66.28955841064453, -61.879920959472656, -60.181053161621094, -55.15419006347656], "(2, 2, 2, 2)": [-38.85079574584961, -42.92924499511719, -49.42548751831055, -52.02702331542969, -55.874420166015625], "(2, 1, 2, 2)": [-14.835380554199219, -18.86385154724121, -22.138748168945312, -26.301416397094727, -30.50143814086914], "(2, 3, 2, 2)": [-61.99744415283203, -63.54441833496094, -67.99627685546875, -70.03251647949219, -73.67084503173828], "(2, 4, 2, 2)": [-74.35391998291016, -75.88475036621094, -73.6733627319336, -73.03583526611328, -70.31201934814453], "(2, 6, 2, 3)": [-11.567828178405762, -10.252224922180176, -9.517507553100586, -7.688574314117432, -7.877043724060059], "(2, 1, 2, 1)": [-3.207414388656616, -3.377337694168091, -3.5092787742614746, -3.657068967819214, -3.950349807739258], "(2, 2, 2, 1)": [-7.509202003479004, -8.29867935180664, -8.525060653686523, -11.176589012145996, -18.71875762939453], "(2, 4, 2, 3)": [-22.558622360229492, -25.174840927124023, -29.723724365234375, -23.142688751220703, -21.281129837036133], "(2, 3, 2, 3)": [-85.32161712646484, 0.0, -60.99817657470703, -25.284725189208984, 0.0], "(2, 7, 2, 3)": [-4.5760345458984375, -3.387512445449829, -3.530012607574463, -4.021380424499512, -3.478646993637085], "(2, 5, 2, 3)": [-19.30910301208496, -21.110124588012695, -11.007225036621094, -12.577144622802734, -12.035848617553711], "(2, 3, 2, 1)": [-10.96397590637207, -42.24909591674805, -14.09453296661377, -26.285724639892578, -30.549768447875977], "(2, 4, 2, 1)": [-22.571529388427734, 0.0, -24.479307174682617, -91.63622283935547, -23.063003540039062], "(2, 7, 3, 3)": [-2.2006101608276367, 0.0, -2.185631036758423, 0.0, -3.30029296875], "(2, 6, 3, 3)": [0.0, 0.0, -13.054486274719238, -6.60183048248291, 0.0], "(2, 3, 1, 1)": [0.0, -15.290449142456055, -13.106099128723145, 0.0, 0.0], "(2, 5, 3, 3)": [0.0, -13.343994140625, 0.0, 0.0, 0.0], "(2, 2, 2, 3)": [0.0, 0.0, -35.006771087646484, 0.0, 0.0], "(3, 1, 2, 2)": [0.0, -6.570622444152832, 0.0, 0.0, -4.380414962768555], "(3, 2, 2, 2)": [-10.951037406921387, 0.0, 0.0, -13.141244888305664, 0.0], "(3, 3, 2, 2)": [-24.09228515625, -17.52165985107422, -19.711868286132812, -30.66291046142578, -26.282493591308594], "(3, 5, 2, 2)": [-43.804161071777344, -125.98385620117188, -129.27059936523438, -116.08103942871094, -125.98457336425781], "(3, 6, 2, 2)": [-121.60271453857422, -113.93338012695312, -97.50825500488281, -119.41178894042969, -97.49888610839844], "(3, 7, 2, 2)": [-93.11990356445312, -65.76220703125, -63.54623031616211, -67.20695495605469, -4.383301258087158], "(3, 4, 2, 2)": [-122.65166473388672, 0.0, -124.84187316894531, -143.51055908203125, -138.03433227539062], "(2, 5, 2, 1)": [0.0, 0.0, 0.0, 0.0, -66.71324157714844], "(1, 1, 2, 2)": [-2.188605785369873, 0.0, -4.377211570739746, 0.0, 0.0], "(2, 1, 1, 1)": [0.0, 0.0, 0.0, 0.0, -2.182025909423828], "(2, 2, 1, 1)": [-4.364051818847656, 0.0, 0.0, 0.0, 0.0]}, "n_values": {"(2, 7, 2, 2)": [324.0, 335.0, 356.0, 365.0, 419.0], "(2, 6, 2, 2)": [302.0, 329.0, 326.0, 342.0, 389.0], "(2, 5, 2, 2)": [288.0, 303.0, 333.0, 330.0, 356.0], "(2, 2, 2, 2)": [387.0, 375.0, 338.0, 344.0, 339.0], "(2, 1, 2, 2)": [434.0, 403.0, 363.0, 350.0, 334.0], "(2, 3, 2, 2)": [335.0, 320.0, 316.0, 321.0, 305.0], "(2, 4, 2, 2)": [323.0, 294.0, 311.0, 307.0, 325.0], "(2, 6, 2, 3)": [14.0, 12.0, 17.0, 26.0, 12.0], "(2, 1, 2, 1)": [20.0, 15.0, 17.0, 15.0, 15.0], "(2, 2, 2, 1)": [17.0, 13.0, 9.0, 10.0, 16.0], "(2, 4, 2, 3)": [3.0, 4.0, 4.0, 2.0, 3.0], "(2, 3, 2, 3)": [1.0, 0.0, 2.0, 2.0, 0.0], "(2, 7, 2, 3)": [23.0, 22.0, 23.0, 17.0, 19.0], "(2, 5, 2, 3)": [6.0, 8.0, 2.0, 8.0, 6.0], "(2, 3, 2, 1)": [5.0, 6.0, 9.0, 10.0, 6.0], "(2, 4, 2, 1)": [6.0, 0.0, 6.0, 2.0, 2.0], "(2, 7, 3, 3)": [1.0, 0.0, 1.0, 0.0, 2.0], "(2, 6, 3, 3)": [0.0, 0.0, 1.0, 1.0, 0.0], "(2, 3, 1, 1)": [0.0, 1.0, 1.0, 0.0, 0.0], "(2, 5, 3, 3)": [0.0, 1.0, 0.0, 0.0, 0.0], "(2, 2, 2, 3)": [0.0, 0.0, 1.0, 0.0, 0.0], "(3, 1, 2, 2)": [0.0, 1.0, 0.0, 0.0, 1.0], "(3, 2, 2, 2)": [1.0, 0.0, 0.0, 1.0, 0.0], "(3, 3, 2, 2)": [1.0, 1.0, 1.0, 1.0, 1.0], "(3, 5, 2, 2)": [1.0, 2.0, 2.0, 1.0, 2.0], "(3, 6, 2, 2)": [2.0, 2.0, 2.0, 2.0, 2.0], "(3, 7, 2, 2)": [2.0, 2.0, 3.0, 3.0, 1.0], "(3, 4, 2, 2)": [1.0, 0.0, 1.0, 2.0, 2.0], "(2, 5, 2, 1)": [0.0, 0.0, 0.0, 0.0, 2.0], "(1, 1, 2, 2)": [1.0, 0.0, 1.0, 0.0, 0.0], "(2, 1, 1, 1)": [0.0, 0.0, 0.0, 0.0, 1.0], "(2, 2, 1, 1)": [1.0, 0.0, 0.0, 0.0, 0.0]}}