{"q_values": {"(2, 7, 2, 2)": [-26.43866539001465, -23.007686614990234, -20.274885177612305, -16.916704177856445, -14.7878999710083], "(2, 6, 2, 2)": [-50.783077239990234, -45.573604583740234, -42.77132034301758, -38.38543701171875, -34.07074737548828], "(2, 5, 2, 2)": [-66.03361511230469, -61.984928131103516, -59.037994384765625, -56.32994079589844, -52.96165466308594], "(2, 2, 2, 2)": [-36.18278884887695, -39.65932846069336, -45.370933532714844, -48.02449417114258, -51.839725494384766], "(2, 1, 2, 2)": [-13.714227676391602, -17.242704391479492, -19.998146057128906, -23.873456954956055, -26.30959701538086], "(2, 3, 2, 2)": [-56.2073974609375, -58.66484832763672, -62.03835678100586, -64.37905883789062, -66.74015045166016], "(2, 4, 2, 2)": [-68.96759796142578, -68.41136932373047, -67.4657211303711, -66.15061950683594, -65.54580688476562], "(2, 6, 2, 3)": [-14.018102645874023, -11.246892929077148, -10.010309219360352, -8.056049346923828, -8.161947250366211], "(2, 1, 2, 1)": [-3.369086503982544, -3.393406867980957, -3.818420171737671, -3.1536378860473633, -3.974665880203247], "(2, 2, 2, 1)": [-7.583882808685303, -8.19970703125, -8.612454414367676, -10.215458869934082, -14.932273864746094], "(2, 4, 2, 3)": [-25.797039031982422, -25.387670516967773, -29.056440353393555, -19.382787704467773, -21.281129837036133], "(2, 3, 2, 3)": [-85.32161712646484, -24.052282333374023, -60.99817657470703, -25.284725189208984, 0.0], "(2, 7, 2, 3)": [-4.075925827026367, -3.6167614459991455, -3.486677646636963, -3.5448291301727295, -3.3370604515075684], "(2, 5, 2, 3)": [-29.931541442871094, -21.113508224487305, -14.716352462768555, -12.708395004272461, -15.8902587890625], "(2, 3, 2, 1)": [-11.56104850769043, -21.56396484375, -14.662656784057617, -24.98675537109375, -29.611980438232422], "(2, 4, 2, 1)": [-23.870084762573242, -22.98288345336914, -23.058313369750977, -52.34693908691406, -39.85594177246094], "(2, 7, 3, 3)": [-2.2006101608276367, 0.0, -2.185631036758423, 0.0, -3.30029296875], "(2, 6, 3, 3)": [-8.79079532623291, 0.0, -13.054486274719238, -6.60183048248291, 0.0], "(2, 3, 1, 1)": [0.0, -15.290449142456055, -13.106099128723145, 0.0, 0.0], "(2, 5, 3, 3)": [0.0, -13.343994140625, 0.0, 0.0, 0.0], "(2, 2, 2, 3)": [0.0, 0.0, -35.006771087646484, 0.0, 0.0], "(3, 1, 2, 2)": [0.0, -6.570622444152832, 0.0, 0.0, -4.380414962768555], "(3, 2, 2, 2)": [-10.951037406921387, 0.0, 0.0, -13.141244888305664, 0.0], "(3, 3, 2, 2)": [-24.09228515625, -17.52165985107422, -19.711868286132812, -30.66291046142578, -26.282493591308594], "(3, 5, 2, 2)": [-43.804161071777344, -125.98385620117188, -129.27059936523438, -116.08103942871094, -125.98457336425781], "(3, 6, 2, 2)": [-121.60271453857422, -113.93338012695312, -97.50825500488281, -119.41178894042969, -97.49888610839844], "(3, 7, 2, 2)": [-93.11990356445312, -65.76220703125, -63.54623031616211, -67.20695495605469, -4.383301258087158], "(3, 4, 2, 2)": [-122.65166473388672, 0.0, -124.84187316894531, -143.51055908203125, -138.03433227539062], "(2, 5, 2, 1)": [-24.06974220275879, -39.45277404785156, -39.37638473510742, -73.23907470703125, -64.43590545654297], "(1, 1, 2, 2)": [-2.1821765899658203, -6.527242660522461, -4.377211570739746, -4.351495265960693, 0.0], "(2, 1, 1, 1)": [0.0, 0.0, 0.0, 0.0, -2.182025909423828], "(2, 2, 1, 1)": [-4.364051818847656, 0.0, 0.0, -6.620786666870117, 0.0]}, "n_values": {"(2, 7, 2, 2)": [789.0, 842.0, 864.0, 928.0, 1098.0], "(2, 6, 2, 2)": [754.0, 796.0, 820.0, 868.0, 1015.0], "(2, 5, 2, 2)": [708.0, 763.0, 786.0, 787.0, 891.0], "(2, 2, 2, 2)": [941.0, 829.0, 762.0, 763.0, 750.0], "(2, 1, 2, 2)": [1045.0, 907.0, 809.0, 775.0, 777.0], "(2, 3, 2, 2)": [783.0, 722.0, 695.0, 698.0, 677.0], "(2, 4, 2, 2)": [698.0, 679.0, 712.0, 701.0, 782.0], "(2, 6, 2, 3)": [37.0, 38.0, 39.0, 45.0, 31.0], "(2, 1, 2, 1)": [42.0, 48.0, 49.0, 53.0, 42.0], "(2, 2, 2, 1)": [38.0, 26.0, 29.0, 23.0, 28.0], "(2, 4, 2, 3)": [5.0, 5.0, 5.0, 5.0, 3.0], "(2, 3, 2, 3)": [1.0, 1.0, 2.0, 2.0, 0.0], "(2, 7, 2, 3)": [63.0, 54.0, 51.0, 56.0, 66.0], "(2, 5, 2, 3)": [25.0, 19.0, 18.0, 15.0, 16.0], "(2, 3, 2, 1)": [11.0, 20.0, 13.0, 15.0, 16.0], "(2, 4, 2, 1)": [9.0, 2.0, 10.0, 12.0, 5.0], "(2, 7, 3, 3)": [1.0, 0.0, 1.0, 0.0, 2.0], "(2, 6, 3, 3)": [1.0, 0.0, 1.0, 1.0, 0.0], "(2, 3, 1, 1)": [0.0, 1.0, 1.0, 0.0, 0.0], "(2, 5, 3, 3)": [0.0, 1.0, 0.0, 0.0, 0.0], "(2, 2, 2, 3)": [0.0, 0.0, 1.0, 0.0, 0.0], "(3, 1, 2, 2)": [0.0, 1.0, 0.0, 0.0, 1.0], "(3, 2, 2, 2)": [1.0, 0.0, 0.0, 1.0, 0.0], "(3, 3, 2, 2)": [1.0, 1.0, 1.0, 1.0, 1.0], "(3, 5, 2, 2)": [1.0, 2.0, 2.0, 1.0, 2.0], "(3, 6, 2, 2)": [2.0, 2.0, 2.0, 2.0, 2.0], "(3, 7, 2, 2)": [2.0, 2.0, 3.0, 3.0, 1.0], "(3, 4, 2, 2)": [1.0, 0.0, 1.0, 2.0, 2.0], "(2, 5, 2, 1)": [2.0, 3.0, 3.0, 3.0, 3.0], "(1, 1, 2, 2)": [2.0, 1.0, 1.0, 1.0, 0.0], "(2, 1, 1, 1)": [0.0, 0.0, 0.0, 0.0, 1.0], "(2, 2, 1, 1)": [1.0, 0.0, 0.0, 1.0, 0.0]}}