{"q_values": {"(2, 7, 2, 2)": [0.0, -10.915919303894043, -6.549551963806152, -8.732735633850098, 0.0], "(2, 6, 2, 2)": [0.0, -24.01502227783203, -13.099102973937988, -15.282286643981934, -19.64865493774414], "(2, 5, 2, 2)": [0.0, -32.74775695800781, -30.564573287963867, 0.0, -37.11412811279297]}, "n_values": {"(2, 7, 2, 2)": [0.0, 1.0, 1.0, 1.0, 0.0], "(2, 6, 2, 2)": [0.0, 1.0, 1.0, 1.0, 1.0], "(2, 5, 2, 2)": [0.0, 1.0, 1.0, 0.0, 1.0]}}