{"q_values": {"(2, 7, 2, 2)": [-27.764808654785156, -24.981430053710938, -22.089994430541992, -17.324522018432617, -16.15688705444336], "(2, 6, 2, 2)": [-51.63545608520508, -46.48127365112305, -43.27549743652344, -39.97739028930664, -35.757259368896484], "(2, 5, 2, 2)": [-67.50482177734375, -63.42422103881836, -60.436649322509766, -57.730384826660156, -53.70118713378906], "(2, 2, 2, 2)": [-37.06526565551758, -41.19389343261719, -46.836238861083984, -49.79757308959961, -53.99007797241211], "(2, 1, 2, 2)": [-13.985345840454102, -17.455900192260742, -20.59817886352539, -24.832265853881836, -27.80671501159668], "(2, 3, 2, 2)": [-58.54315185546875, -60.19644546508789, -63.49557113647461, -66.54534149169922, -69.43334197998047], "(2, 4, 2, 2)": [-71.1519775390625, -70.70105743408203, -69.20292663574219, -68.5355453491211, -67.01502990722656], "(2, 6, 2, 3)": [-12.424345970153809, -10.364814758300781, -10.856527328491211, -7.9310736656188965, -7.899897575378418], "(2, 1, 2, 1)": [-3.197240114212036, -3.2585158348083496, -3.812185287475586, -3.4377670288085938, -3.553601026535034], "(2, 2, 2, 1)": [-7.489887237548828, -8.405831336975098, -8.224324226379395, -10.716434478759766, -16.674640655517578], "(2, 4, 2, 3)": [-25.797039031982422, -25.174840927124023, -29.056440353393555, -23.142688751220703, -21.281129837036133], "(2, 3, 2, 3)": [-85.32161712646484, 0.0, -60.99817657470703, -25.284725189208984, 0.0], "(2, 7, 2, 3)": [-4.3858642578125, -3.3990464210510254, -3.5782206058502197, -3.758225440979004, -3.498781681060791], "(2, 5, 2, 3)": [-25.00786781311035, -24.079509735107422, -13.136702537536621, -12.889729499816895, -15.305736541748047], "(2, 3, 2, 1)": [-10.96397590637207, -31.49860382080078, -14.09453296661377, -25.49457550048828, -29.0142822265625], "(2, 4, 2, 1)": [-22.571529388427734, 0.0, -24.43964385986328, -59.0694465637207, -22.6822509765625], "(2, 7, 3, 3)": [-2.2006101608276367, 0.0, -2.185631036758423, 0.0, -3.30029296875], "(2, 6, 3, 3)": [0.0, 0.0, -13.054486274719238, -6.60183048248291, 0.0], "(2, 3, 1, 1)": [0.0, -15.290449142456055, -13.106099128723145, 0.0, 0.0], "(2, 5, 3, 3)": [0.0, -13.343994140625, 0.0, 0.0, 0.0], "(2, 2, 2, 3)": [0.0, 0.0, -35.006771087646484, 0.0, 0.0], "(3, 1, 2, 2)": [0.0, -6.570622444152832, 0.0, 0.0, -4.380414962768555], "(3, 2, 2, 2)": [-10.951037406921387, 0.0, 0.0, -13.141244888305664, 0.0], "(3, 3, 2, 2)": [-24.09228515625, -17.52165985107422, -19.711868286132812, -30.66291046142578, -26.282493591308594], "(3, 5, 2, 2)": [-43.804161071777344, -125.98385620117188, -129.27059936523438, -116.08103942871094, -125.98457336425781], "(3, 6, 2, 2)": [-121.60271453857422, -113.93338012695312, -97.50825500488281, -119.41178894042969, -97.49888610839844], "(3, 7, 2, 2)": [-93.11990356445312, -65.76220703125, -63.54623031616211, -67.20695495605469, -4.383301258087158], "(3, 4, 2, 2)": [-122.65166473388672, 0.0, -124.84187316894531, -143.51055908203125, -138.03433227539062], "(2, 5, 2, 1)": [0.0, -39.21472930908203, -45.92943572998047, -39.94660568237305, -64.43590545654297], "(1, 1, 2, 2)": [-2.188605785369873, 0.0, -4.377211570739746, 0.0, 0.0], "(2, 1, 1, 1)": [0.0, 0.0, 0.0, 0.0, -2.182025909423828], "(2, 2, 1, 1)": [-4.364051818847656, 0.0, 0.0, 0.0, 0.0]}, "n_values": {"(2, 7, 2, 2)": [478.0, 499.0, 516.0, 552.0, 635.0], "(2, 6, 2, 2)": [450.0, 472.0, 482.0, 511.0, 584.0], "(2, 5, 2, 2)": [416.0, 443.0, 471.0, 472.0, 524.0], "(2, 2, 2, 2)": [564.0, 524.0, 479.0, 477.0, 476.0], "(2, 1, 2, 2)": [633.0, 563.0, 501.0, 473.0, 467.0], "(2, 3, 2, 2)": [490.0, 466.0, 454.0, 459.0, 438.0], "(2, 4, 2, 2)": [445.0, 424.0, 445.0, 446.0, 475.0], "(2, 6, 2, 3)": [28.0, 18.0, 24.0, 33.0, 17.0], "(2, 1, 2, 1)": [27.0, 25.0, 26.0, 32.0, 21.0], "(2, 2, 2, 1)": [20.0, 17.0, 16.0, 17.0, 21.0], "(2, 4, 2, 3)": [5.0, 4.0, 5.0, 2.0, 3.0], "(2, 3, 2, 3)": [1.0, 0.0, 2.0, 2.0, 0.0], "(2, 7, 2, 3)": [34.0, 31.0, 27.0, 27.0, 29.0], "(2, 5, 2, 3)": [11.0, 12.0, 8.0, 9.0, 10.0], "(2, 3, 2, 1)": [5.0, 10.0, 9.0, 11.0, 7.0], "(2, 4, 2, 1)": [6.0, 0.0, 7.0, 6.0, 3.0], "(2, 7, 3, 3)": [1.0, 0.0, 1.0, 0.0, 2.0], "(2, 6, 3, 3)": [0.0, 0.0, 1.0, 1.0, 0.0], "(2, 3, 1, 1)": [0.0, 1.0, 1.0, 0.0, 0.0], "(2, 5, 3, 3)": [0.0, 1.0, 0.0, 0.0, 0.0], "(2, 2, 2, 3)": [0.0, 0.0, 1.0, 0.0, 0.0], "(3, 1, 2, 2)": [0.0, 1.0, 0.0, 0.0, 1.0], "(3, 2, 2, 2)": [1.0, 0.0, 0.0, 1.0, 0.0], "(3, 3, 2, 2)": [1.0, 1.0, 1.0, 1.0, 1.0], "(3, 5, 2, 2)": [1.0, 2.0, 2.0, 1.0, 2.0], "(3, 6, 2, 2)": [2.0, 2.0, 2.0, 2.0, 2.0], "(3, 7, 2, 2)": [2.0, 2.0, 3.0, 3.0, 1.0], "(3, 4, 2, 2)": [1.0, 0.0, 1.0, 2.0, 2.0], "(2, 5, 2, 1)": [0.0, 1.0, 2.0, 1.0, 3.0], "(1, 1, 2, 2)": [1.0, 0.0, 1.0, 0.0, 0.0], "(2, 1, 1, 1)": [0.0, 0.0, 0.0, 0.0, 1.0], "(2, 2, 1, 1)": [1.0, 0.0, 0.0, 0.0, 0.0]}}