{"q_values": {"(2, 7, 2, 2)": [-24.573320388793945, -21.282421112060547, -18.69626235961914, -15.785149574279785, -13.70632266998291], "(2, 6, 2, 2)": [-46.93955612182617, -42.710174560546875, -38.8725471496582, -35.425899505615234, -31.365642547607422], "(2, 5, 2, 2)": [-61.587825775146484, -58.58799743652344, -55.68170166015625, -52.1764030456543, -49.26881408691406], "(2, 2, 2, 2)": [-34.041168212890625, -37.56003952026367, -42.733577728271484, -45.43477249145508, -49.329917907714844], "(2, 1, 2, 2)": [-13.227195739746094, -16.016998291015625, -18.758028030395508, -22.536012649536133, -25.07282066345215], "(2, 3, 2, 2)": [-52.62982940673828, -55.223785400390625, -57.77279281616211, -59.97570037841797, -63.04304504394531], "(2, 4, 2, 2)": [-65.1688461303711, -65.02633666992188, -64.21792602539062, -61.90707015991211, -61.61268997192383], "(2, 6, 2, 3)": [-14.277674674987793, -10.683113098144531, -9.89827823638916, -8.145100593566895, -9.539258003234863], "(2, 1, 2, 1)": [-3.4847118854522705, -3.4066145420074463, -3.745737314224243, -3.3835604190826416, -3.9457309246063232], "(2, 2, 2, 1)": [-7.580933094024658, -8.101631164550781, -8.616613388061523, -12.331711769104004, -13.747082710266113], "(2, 4, 2, 3)": [-24.37688446044922, -34.2493896484375, -27.147960662841797, -19.507770538330078, -19.888385772705078], "(2, 3, 2, 3)": [-85.32161712646484, -24.052282333374023, -60.99817657470703, -24.192134857177734, 0.0], "(2, 7, 2, 3)": [-3.995373487472534, -3.7790637016296387, -3.679982900619507, -3.446619987487793, -3.3847832679748535], "(2, 5, 2, 3)": [-29.18805694580078, -20.116329193115234, -14.733826637268066, -13.112953186035156, -14.352606773376465], "(2, 3, 2, 1)": [-11.65363597869873, -20.713794708251953, -14.874187469482422, -24.39018440246582, -27.20016860961914], "(2, 4, 2, 1)": [-24.120471954345703, -22.98288345336914, -23.058313369750977, -52.34693908691406, -37.94906234741211], "(2, 7, 3, 3)": [-3.3037941455841064, 0.0, -2.185631036758423, -4.407423973083496, -3.30029296875], "(2, 6, 3, 3)": [-10.993489265441895, 0.0, -13.054486274719238, -6.60183048248291, 0.0], "(2, 3, 1, 1)": [0.0, -15.290449142456055, -13.106099128723145, -24.176132202148438, 0.0], "(2, 5, 3, 3)": [-11.221538543701172, -13.343994140625, 0.0, 0.0, 0.0], "(2, 2, 2, 3)": [0.0, 0.0, -35.006771087646484, 0.0, 0.0], "(3, 1, 2, 2)": [0.0, -6.570622444152832, 0.0, 0.0, -4.380414962768555], "(3, 2, 2, 2)": [-10.951037406921387, 0.0, 0.0, -13.141244888305664, 0.0], "(3, 3, 2, 2)": [-18.67155647277832, -18.698951721191406, -19.711868286132812, -30.66291046142578, -26.282493591308594], "(3, 5, 2, 2)": [-43.804161071777344, -125.98385620117188, -129.27059936523438, -116.08103942871094, -125.98457336425781], "(3, 6, 2, 2)": [-86.22241973876953, -79.63697814941406, -97.50825500488281, -119.41178894042969, -69.41692352294922], "(3, 7, 2, 2)": [-93.11990356445312, -65.76220703125, -48.76409149169922, -67.20695495605469, -5.504899978637695], "(3, 4, 2, 2)": [-122.65166473388672, 0.0, -124.84187316894531, -143.51055908203125, -138.03433227539062], "(2, 5, 2, 1)": [-27.377378463745117, -39.45277404785156, -39.37638473510742, -73.23907470703125, -66.86556243896484], "(1, 1, 2, 2)": [-3.281289577484131, -4.360187530517578, -8.731657028198242, -9.45563793182373, -10.905084609985352], "(2, 1, 1, 1)": [0.0, 0.0, 0.0, 0.0, -2.182025909423828], "(2, 2, 1, 1)": [-4.364051818847656, 0.0, 0.0, -6.620786666870117, 0.0], "(2, 6, 2, 1)": [0.0, 0.0, 0.0, -34.97188949584961, 0.0], "(1, 1, 2, 1)": [0.0, 0.0, 0.0, 0.0, -4.435508728027344]}, "n_values": {"(2, 7, 2, 2)": [1172.0, 1274.0, 1297.0, 1370.0, 1734.0], "(2, 6, 2, 2)": [1112.0, 1171.0, 1228.0, 1278.0, 1570.0], "(2, 5, 2, 2)": [1031.0, 1086.0, 1113.0, 1142.0, 1346.0], "(2, 2, 2, 2)": [1418.0, 1214.0, 1128.0, 1101.0, 1073.0], "(2, 1, 2, 2)": [1633.0, 1331.0, 1221.0, 1163.0, 1155.0], "(2, 3, 2, 2)": [1171.0, 1038.0, 1007.0, 997.0, 956.0], "(2, 4, 2, 2)": [969.0, 949.0, 981.0, 988.0, 1114.0], "(2, 6, 2, 3)": [64.0, 54.0, 61.0, 81.0, 58.0], "(2, 1, 2, 1)": [66.0, 73.0, 74.0, 102.0, 69.0], "(2, 2, 2, 1)": [58.0, 41.0, 42.0, 36.0, 40.0], "(2, 4, 2, 3)": [8.0, 6.0, 6.0, 7.0, 4.0], "(2, 3, 2, 3)": [1.0, 1.0, 2.0, 3.0, 0.0], "(2, 7, 2, 3)": [100.0, 89.0, 86.0, 89.0, 114.0], "(2, 5, 2, 3)": [32.0, 24.0, 25.0, 32.0, 28.0], "(2, 3, 2, 1)": [16.0, 22.0, 19.0, 17.0, 20.0], "(2, 4, 2, 1)": [10.0, 2.0, 10.0, 12.0, 6.0], "(2, 7, 3, 3)": [2.0, 0.0, 1.0, 1.0, 2.0], "(2, 6, 3, 3)": [2.0, 0.0, 1.0, 1.0, 0.0], "(2, 3, 1, 1)": [0.0, 1.0, 1.0, 1.0, 0.0], "(2, 5, 3, 3)": [1.0, 1.0, 0.0, 0.0, 0.0], "(2, 2, 2, 3)": [0.0, 0.0, 1.0, 0.0, 0.0], "(3, 1, 2, 2)": [0.0, 1.0, 0.0, 0.0, 1.0], "(3, 2, 2, 2)": [1.0, 0.0, 0.0, 1.0, 0.0], "(3, 3, 2, 2)": [2.0, 2.0, 1.0, 1.0, 1.0], "(3, 5, 2, 2)": [1.0, 2.0, 2.0, 1.0, 2.0], "(3, 6, 2, 2)": [3.0, 3.0, 2.0, 2.0, 3.0], "(3, 7, 2, 2)": [2.0, 2.0, 4.0, 3.0, 2.0], "(3, 4, 2, 2)": [1.0, 0.0, 1.0, 2.0, 2.0], "(2, 5, 2, 1)": [4.0, 3.0, 3.0, 3.0, 4.0], "(1, 1, 2, 2)": [4.0, 2.0, 2.0, 3.0, 1.0], "(2, 1, 1, 1)": [0.0, 0.0, 0.0, 0.0, 1.0], "(2, 2, 1, 1)": [1.0, 0.0, 0.0, 1.0, 0.0], "(2, 6, 2, 1)": [0.0, 0.0, 0.0, 1.0, 0.0], "(1, 1, 2, 1)": [0.0, 0.0, 0.0, 0.0, 1.0]}}