{"q_values": {"(2, 7, 2, 2)": [-25.528215408325195, -22.311511993408203, -19.571399688720703, -16.399763107299805, -14.362274169921875], "(2, 6, 2, 2)": [-48.50535202026367, -43.618431091308594, -40.4145622253418, -36.721229553222656, -32.44517135620117], "(2, 5, 2, 2)": [-62.599090576171875, -59.37062072753906, -56.710166931152344, -53.357059478759766, -50.67198944091797], "(2, 2, 2, 2)": [-34.742576599121094, -38.821598052978516, -43.683475494384766, -46.45515441894531, -50.12208938598633], "(2, 1, 2, 2)": [-13.519495010375977, -16.645736694335938, -19.426780700683594, -23.287500381469727, -25.882593154907227], "(2, 3, 2, 2)": [-53.896236419677734, -56.462074279785156, -59.418758392333984, -61.779693603515625, -64.56295013427734], "(2, 4, 2, 2)": [-66.16014099121094, -65.64009857177734, -65.2882080078125, -63.36557388305664, -62.85472106933594], "(2, 6, 2, 3)": [-15.867430686950684, -11.064480781555176, -9.925634384155273, -8.037068367004395, -9.819294929504395], "(2, 1, 2, 1)": [-3.5035362243652344, -3.406869411468506, -3.655230760574341, -3.2981109619140625, -3.9609100818634033], "(2, 2, 2, 1)": [-7.484435081481934, -8.241982460021973, -8.65145492553711, -10.345809936523438, -13.6261568069458], "(2, 4, 2, 3)": [-25.023866653442383, -25.387670516967773, -29.056440353393555, -19.458023071289062, -21.281129837036133], "(2, 3, 2, 3)": [-85.32161712646484, -24.052282333374023, -60.99817657470703, -25.284725189208984, 0.0], "(2, 7, 2, 3)": [-4.061526775360107, -3.760638475418091, -3.653372287750244, -3.5428686141967773, -3.1961629390716553], "(2, 5, 2, 3)": [-29.497695922851562, -20.575387954711914, -15.053000450134277, -13.276787757873535, -15.364380836486816], "(2, 3, 2, 1)": [-11.904349327087402, -21.56396484375, -14.874187469482422, -24.67075538635254, -27.20016860961914], "(2, 4, 2, 1)": [-24.120471954345703, -22.98288345336914, -23.058313369750977, -52.34693908691406, -37.94906234741211], "(2, 7, 3, 3)": [-3.3037941455841064, 0.0, -2.185631036758423, -4.407423973083496, -3.30029296875], "(2, 6, 3, 3)": [-10.993489265441895, 0.0, -13.054486274719238, -6.60183048248291, 0.0], "(2, 3, 1, 1)": [0.0, -15.290449142456055, -13.106099128723145, -24.176132202148438, 0.0], "(2, 5, 3, 3)": [0.0, -13.343994140625, 0.0, 0.0, 0.0], "(2, 2, 2, 3)": [0.0, 0.0, -35.006771087646484, 0.0, 0.0], "(3, 1, 2, 2)": [0.0, -6.570622444152832, 0.0, 0.0, -4.380414962768555], "(3, 2, 2, 2)": [-10.951037406921387, 0.0, 0.0, -13.141244888305664, 0.0], "(3, 3, 2, 2)": [-24.09228515625, -17.52165985107422, -19.711868286132812, -30.66291046142578, -26.282493591308594], "(3, 5, 2, 2)": [-43.804161071777344, -125.98385620117188, -129.27059936523438, -116.08103942871094, -125.98457336425781], "(3, 6, 2, 2)": [-121.60271453857422, -113.93338012695312, -97.50825500488281, -119.41178894042969, -97.49888610839844], "(3, 7, 2, 2)": [-93.11990356445312, -65.76220703125, -63.54623031616211, -67.20695495605469, -4.383301258087158], "(3, 4, 2, 2)": [-122.65166473388672, 0.0, -124.84187316894531, -143.51055908203125, -138.03433227539062], "(2, 5, 2, 1)": [-27.377378463745117, -39.45277404785156, -39.37638473510742, -73.23907470703125, -66.86556243896484], "(1, 1, 2, 2)": [-3.281289577484131, -6.527242660522461, -8.731657028198242, -11.990324020385742, -10.905084609985352], "(2, 1, 1, 1)": [0.0, 0.0, 0.0, 0.0, -2.182025909423828], "(2, 2, 1, 1)": [-4.364051818847656, 0.0, 0.0, -6.620786666870117, 0.0], "(2, 6, 2, 1)": [0.0, 0.0, 0.0, -34.97188949584961, 0.0], "(1, 1, 2, 1)": [0.0, 0.0, 0.0, 0.0, -4.435508728027344]}, "n_values": {"(2, 7, 2, 2)": [1006.0, 1083.0, 1106.0, 1169.0, 1439.0], "(2, 6, 2, 2)": [964.0, 1020.0, 1061.0, 1099.0, 1329.0], "(2, 5, 2, 2)": [891.0, 938.0, 970.0, 992.0, 1133.0], "(2, 2, 2, 2)": [1195.0, 1036.0, 963.0, 954.0, 931.0], "(2, 1, 2, 2)": [1359.0, 1146.0, 1047.0, 993.0, 988.0], "(2, 3, 2, 2)": [990.0, 897.0, 861.0, 853.0, 822.0], "(2, 4, 2, 2)": [855.0, 847.0, 873.0, 863.0, 969.0], "(2, 6, 2, 3)": [45.0, 44.0, 46.0, 61.0, 48.0], "(2, 1, 2, 1)": [53.0, 62.0, 62.0, 76.0, 51.0], "(2, 2, 2, 1)": [47.0, 32.0, 37.0, 31.0, 36.0], "(2, 4, 2, 3)": [7.0, 5.0, 5.0, 6.0, 3.0], "(2, 3, 2, 3)": [1.0, 1.0, 2.0, 2.0, 0.0], "(2, 7, 2, 3)": [80.0, 73.0, 71.0, 71.0, 91.0], "(2, 5, 2, 3)": [29.0, 21.0, 23.0, 21.0, 20.0], "(2, 3, 2, 1)": [14.0, 20.0, 19.0, 16.0, 20.0], "(2, 4, 2, 1)": [10.0, 2.0, 10.0, 12.0, 6.0], "(2, 7, 3, 3)": [2.0, 0.0, 1.0, 1.0, 2.0], "(2, 6, 3, 3)": [2.0, 0.0, 1.0, 1.0, 0.0], "(2, 3, 1, 1)": [0.0, 1.0, 1.0, 1.0, 0.0], "(2, 5, 3, 3)": [0.0, 1.0, 0.0, 0.0, 0.0], "(2, 2, 2, 3)": [0.0, 0.0, 1.0, 0.0, 0.0], "(3, 1, 2, 2)": [0.0, 1.0, 0.0, 0.0, 1.0], "(3, 2, 2, 2)": [1.0, 0.0, 0.0, 1.0, 0.0], "(3, 3, 2, 2)": [1.0, 1.0, 1.0, 1.0, 1.0], "(3, 5, 2, 2)": [1.0, 2.0, 2.0, 1.0, 2.0], "(3, 6, 2, 2)": [2.0, 2.0, 2.0, 2.0, 2.0], "(3, 7, 2, 2)": [2.0, 2.0, 3.0, 3.0, 1.0], "(3, 4, 2, 2)": [1.0, 0.0, 1.0, 2.0, 2.0], "(2, 5, 2, 1)": [4.0, 3.0, 3.0, 3.0, 4.0], "(1, 1, 2, 2)": [4.0, 1.0, 2.0, 2.0, 1.0], "(2, 1, 1, 1)": [0.0, 0.0, 0.0, 0.0, 1.0], "(2, 2, 1, 1)": [1.0, 0.0, 0.0, 1.0, 0.0], "(2, 6, 2, 1)": [0.0, 0.0, 0.0, 1.0, 0.0], "(1, 1, 2, 1)": [0.0, 0.0, 0.0, 0.0, 1.0]}}