{"q_values": {"(2, 7, 2, 2)": [-25.93353271484375, -22.6287899017334, -20.05830955505371, -16.692155838012695, -14.604911804199219], "(2, 6, 2, 2)": [-50.21760177612305, -44.99812316894531, -42.14236831665039, -37.91651153564453, -33.680694580078125], "(2, 5, 2, 2)": [-65.25357818603516, -61.332210540771484, -58.64236831665039, -55.511383056640625, -52.481468200683594], "(2, 2, 2, 2)": [-35.75624465942383, -39.23311233520508, -44.8236198425293, -47.461875915527344, -51.309940338134766], "(2, 1, 2, 2)": [-13.542245864868164, -16.886579513549805, -19.63633918762207, -23.511205673217773, -25.799955368041992], "(2, 3, 2, 2)": [-55.666107177734375, -58.134063720703125, -61.43986129760742, -64.05551147460938, -65.95318603515625], "(2, 4, 2, 2)": [-68.43772888183594, -67.73395538330078, -66.82648468017578, -65.67507934570312, -64.8297119140625], "(2, 6, 2, 3)": [-13.997173309326172, -11.128705024719238, -9.950826644897461, -8.105725288391113, -8.009395599365234], "(2, 1, 2, 1)": [-3.4174935817718506, -3.4102470874786377, -3.754485845565796, -3.242427349090576, -4.011341571807861], "(2, 2, 2, 1)": [-7.613190174102783, -8.218975067138672, -8.625484466552734, -10.155990600585938, -14.265738487243652], "(2, 4, 2, 3)": [-25.797039031982422, -25.387670516967773, -29.056440353393555, -19.458023071289062, -21.281129837036133], "(2, 3, 2, 3)": [-85.32161712646484, -24.052282333374023, -60.99817657470703, -25.284725189208984, 0.0], "(2, 7, 2, 3)": [-4.035196781158447, -3.731909990310669, -3.5149574279785156, -3.5441505908966064, -3.2888712882995605], "(2, 5, 2, 3)": [-29.931541442871094, -21.113508224487305, -14.71476936340332, -12.772356986999512, -15.969740867614746], "(2, 3, 2, 1)": [-11.56104850769043, -21.56396484375, -14.662656784057617, -24.98675537109375, -28.901912689208984], "(2, 4, 2, 1)": [-23.870084762573242, -22.98288345336914, -23.058313369750977, -52.34693908691406, -39.85594177246094], "(2, 7, 3, 3)": [-2.2006101608276367, 0.0, -2.185631036758423, 0.0, -3.30029296875], "(2, 6, 3, 3)": [-10.993489265441895, 0.0, -13.054486274719238, -6.60183048248291, 0.0], "(2, 3, 1, 1)": [0.0, -15.290449142456055, -13.106099128723145, 0.0, 0.0], "(2, 5, 3, 3)": [0.0, -13.343994140625, 0.0, 0.0, 0.0], "(2, 2, 2, 3)": [0.0, 0.0, -35.006771087646484, 0.0, 0.0], "(3, 1, 2, 2)": [0.0, -6.570622444152832, 0.0, 0.0, -4.380414962768555], "(3, 2, 2, 2)": [-10.951037406921387, 0.0, 0.0, -13.141244888305664, 0.0], "(3, 3, 2, 2)": [-24.09228515625, -17.52165985107422, -19.711868286132812, -30.66291046142578, -26.282493591308594], "(3, 5, 2, 2)": [-43.804161071777344, -125.98385620117188, -129.27059936523438, -116.08103942871094, -125.98457336425781], "(3, 6, 2, 2)": [-121.60271453857422, -113.93338012695312, -97.50825500488281, -119.41178894042969, -97.49888610839844], "(3, 7, 2, 2)": [-93.11990356445312, -65.76220703125, -63.54623031616211, -67.20695495605469, -4.383301258087158], "(3, 4, 2, 2)": [-122.65166473388672, 0.0, -124.84187316894531, -143.51055908203125, -138.03433227539062], "(2, 5, 2, 1)": [-24.06974220275879, -39.45277404785156, -39.37638473510742, -73.23907470703125, -64.43590545654297], "(1, 1, 2, 2)": [-2.1821765899658203, -6.527242660522461, -4.377211570739746, -4.351495265960693, 0.0], "(2, 1, 1, 1)": [0.0, 0.0, 0.0, 0.0, -2.182025909423828], "(2, 2, 1, 1)": [-4.364051818847656, 0.0, 0.0, -6.620786666870117, 0.0]}, "n_values": {"(2, 7, 2, 2)": [846.0, 901.0, 917.0, 993.0, 1176.0], "(2, 6, 2, 2)": [806.0, 852.0, 885.0, 929.0, 1090.0], "(2, 5, 2, 2)": [752.0, 806.0, 828.0, 839.0, 949.0], "(2, 2, 2, 2)": [1013.0, 889.0, 820.0, 818.0, 795.0], "(2, 1, 2, 2)": [1125.0, 972.0, 865.0, 832.0, 834.0], "(2, 3, 2, 2)": [839.0, 767.0, 740.0, 737.0, 716.0], "(2, 4, 2, 2)": [727.0, 716.0, 746.0, 734.0, 819.0], "(2, 6, 2, 3)": [38.0, 40.0, 41.0, 48.0, 36.0], "(2, 1, 2, 1)": [44.0, 51.0, 51.0, 59.0, 46.0], "(2, 2, 2, 1)": [39.0, 27.0, 31.0, 24.0, 31.0], "(2, 4, 2, 3)": [5.0, 5.0, 5.0, 6.0, 3.0], "(2, 3, 2, 3)": [1.0, 1.0, 2.0, 2.0, 0.0], "(2, 7, 2, 3)": [68.0, 60.0, 55.0, 61.0, 71.0], "(2, 5, 2, 3)": [25.0, 19.0, 21.0, 17.0, 18.0], "(2, 3, 2, 1)": [11.0, 20.0, 13.0, 15.0, 17.0], "(2, 4, 2, 1)": [9.0, 2.0, 10.0, 12.0, 5.0], "(2, 7, 3, 3)": [1.0, 0.0, 1.0, 0.0, 2.0], "(2, 6, 3, 3)": [2.0, 0.0, 1.0, 1.0, 0.0], "(2, 3, 1, 1)": [0.0, 1.0, 1.0, 0.0, 0.0], "(2, 5, 3, 3)": [0.0, 1.0, 0.0, 0.0, 0.0], "(2, 2, 2, 3)": [0.0, 0.0, 1.0, 0.0, 0.0], "(3, 1, 2, 2)": [0.0, 1.0, 0.0, 0.0, 1.0], "(3, 2, 2, 2)": [1.0, 0.0, 0.0, 1.0, 0.0], "(3, 3, 2, 2)": [1.0, 1.0, 1.0, 1.0, 1.0], "(3, 5, 2, 2)": [1.0, 2.0, 2.0, 1.0, 2.0], "(3, 6, 2, 2)": [2.0, 2.0, 2.0, 2.0, 2.0], "(3, 7, 2, 2)": [2.0, 2.0, 3.0, 3.0, 1.0], "(3, 4, 2, 2)": [1.0, 0.0, 1.0, 2.0, 2.0], "(2, 5, 2, 1)": [2.0, 3.0, 3.0, 3.0, 3.0], "(1, 1, 2, 2)": [2.0, 1.0, 1.0, 1.0, 0.0], "(2, 1, 1, 1)": [0.0, 0.0, 0.0, 0.0, 1.0], "(2, 2, 1, 1)": [1.0, 0.0, 0.0, 1.0, 0.0]}}