{"q_values": {"(2, 7, 2, 2)": [-23.847179412841797, -20.87561798095703, -18.258901596069336, -15.394662857055664, -13.529291152954102], "(2, 6, 2, 2)": [-45.67366409301758, -41.738277435302734, -37.89904022216797, -34.57923126220703, -30.64818000793457], "(2, 5, 2, 2)": [-60.37053298950195, -57.44137954711914, -54.55385208129883, -51.21562957763672, -48.16899490356445], "(2, 2, 2, 2)": [-33.307411193847656, -36.931312561035156, -41.764610290527344, -44.58192443847656, -48.19590759277344], "(2, 1, 2, 2)": [-13.042330741882324, -15.770268440246582, -18.298534393310547, -21.948200225830078, -24.616634368896484], "(2, 3, 2, 2)": [-51.57305145263672, -53.94049072265625, -56.4036865234375, -58.87736511230469, -61.73294448852539], "(2, 4, 2, 2)": [-63.90298080444336, -63.7571907043457, -63.30376052856445, -61.02665328979492, -60.230072021484375], "(2, 6, 2, 3)": [-14.05041790008545, -10.5266752243042, -9.833905220031738, -8.119115829467773, -9.41186809539795], "(2, 1, 2, 1)": [-3.57365083694458, -3.3818769454956055, -3.754042387008667, -3.2962136268615723, -3.9289143085479736], "(2, 2, 2, 1)": [-7.5876617431640625, -7.96904993057251, -8.616613388061523, -11.908683776855469, -13.73145580291748], "(2, 4, 2, 3)": [-30.889862060546875, -39.046085357666016, -27.147960662841797, -19.523067474365234, -19.888385772705078], "(2, 3, 2, 3)": [-85.32161712646484, -24.052282333374023, -60.99817657470703, -24.192134857177734, 0.0], "(2, 7, 2, 3)": [-3.9035165309906006, -3.7543437480926514, -3.625213146209717, -3.45379900932312, -3.4167630672454834], "(2, 5, 2, 3)": [-28.068328857421875, -20.524885177612305, -14.77041244506836, -12.939594268798828, -14.274867057800293], "(2, 3, 2, 1)": [-11.609747886657715, -20.479154586791992, -14.689298629760742, -23.101961135864258, -27.586490631103516], "(2, 4, 2, 1)": [-23.11761474609375, -22.98288345336914, -24.373010635375977, -48.47975158691406, -37.94906234741211], "(2, 7, 3, 3)": [-3.3037941455841064, 0.0, -2.185631036758423, -4.407423973083496, -2.9373271465301514], "(2, 6, 3, 3)": [-10.993489265441895, 0.0, -13.054486274719238, -6.60183048248291, 0.0], "(2, 3, 1, 1)": [0.0, -15.290449142456055, -13.106099128723145, -24.176132202148438, 0.0], "(2, 5, 3, 3)": [-11.221538543701172, -13.343994140625, 0.0, 0.0, 0.0], "(2, 2, 2, 3)": [0.0, -89.54580688476562, -35.006771087646484, 0.0, 0.0], "(3, 1, 2, 2)": [0.0, -6.570622444152832, 0.0, 0.0, -4.380414962768555], "(3, 2, 2, 2)": [-10.951037406921387, 0.0, 0.0, -13.141244888305664, 0.0], "(3, 3, 2, 2)": [-18.67155647277832, -18.698951721191406, -19.711868286132812, -30.66291046142578, -26.282493591308594], "(3, 5, 2, 2)": [-43.804161071777344, -125.98385620117188, -129.27059936523438, -116.08103942871094, -125.98457336425781], "(3, 6, 2, 2)": [-86.22241973876953, -79.63697814941406, -97.50825500488281, -119.41178894042969, -69.41692352294922], "(3, 7, 2, 2)": [-93.11990356445312, -65.76220703125, -48.76409149169922, -67.20695495605469, -5.504899978637695], "(3, 4, 2, 2)": [-122.65166473388672, 0.0, -124.84187316894531, -143.51055908203125, -138.03433227539062], "(2, 5, 2, 1)": [-27.377378463745117, -39.45277404785156, -39.37638473510742, -73.23907470703125, -66.86556243896484], "(1, 1, 2, 2)": [-3.281289577484131, -4.360187530517578, -8.731657028198242, -9.45563793182373, -10.905084609985352], "(2, 1, 1, 1)": [0.0, 0.0, 0.0, 0.0, -2.182025909423828], "(2, 2, 1, 1)": [-4.364051818847656, 0.0, 0.0, -6.620786666870117, 0.0], "(2, 6, 2, 1)": [0.0, 0.0, 0.0, -34.97188949584961, 0.0], "(1, 1, 2, 1)": [0.0, 0.0, 0.0, 0.0, -4.435508728027344]}, "n_values": {"(2, 7, 2, 2)": [1335.0, 1452.0, 1481.0, 1566.0, 2001.0], "(2, 6, 2, 2)": [1263.0, 1321.0, 1389.0, 1445.0, 1801.0], "(2, 5, 2, 2)": [1157.0, 1217.0, 1241.0, 1277.0, 1542.0], "(2, 2, 2, 2)": [1592.0, 1339.0, 1250.0, 1212.0, 1201.0], "(2, 1, 2, 2)": [1851.0, 1473.0, 1372.0, 1296.0, 1283.0], "(2, 3, 2, 2)": [1305.0, 1147.0, 1130.0, 1098.0, 1060.0], "(2, 4, 2, 2)": [1060.0, 1047.0, 1076.0, 1078.0, 1236.0], "(2, 6, 2, 3)": [68.0, 64.0, 71.0, 94.0, 63.0], "(2, 1, 2, 1)": [73.0, 82.0, 85.0, 124.0, 76.0], "(2, 2, 2, 1)": [67.0, 45.0, 42.0, 43.0, 41.0], "(2, 4, 2, 3)": [9.0, 7.0, 6.0, 8.0, 4.0], "(2, 3, 2, 3)": [1.0, 1.0, 2.0, 3.0, 0.0], "(2, 7, 2, 3)": [117.0, 106.0, 97.0, 115.0, 142.0], "(2, 5, 2, 3)": [35.0, 28.0, 30.0, 36.0, 36.0], "(2, 3, 2, 1)": [17.0, 23.0, 20.0, 19.0, 21.0], "(2, 4, 2, 1)": [11.0, 2.0, 11.0, 14.0, 6.0], "(2, 7, 3, 3)": [2.0, 0.0, 1.0, 1.0, 3.0], "(2, 6, 3, 3)": [2.0, 0.0, 1.0, 1.0, 0.0], "(2, 3, 1, 1)": [0.0, 1.0, 1.0, 1.0, 0.0], "(2, 5, 3, 3)": [1.0, 1.0, 0.0, 0.0, 0.0], "(2, 2, 2, 3)": [0.0, 1.0, 1.0, 0.0, 0.0], "(3, 1, 2, 2)": [0.0, 1.0, 0.0, 0.0, 1.0], "(3, 2, 2, 2)": [1.0, 0.0, 0.0, 1.0, 0.0], "(3, 3, 2, 2)": [2.0, 2.0, 1.0, 1.0, 1.0], "(3, 5, 2, 2)": [1.0, 2.0, 2.0, 1.0, 2.0], "(3, 6, 2, 2)": [3.0, 3.0, 2.0, 2.0, 3.0], "(3, 7, 2, 2)": [2.0, 2.0, 4.0, 3.0, 2.0], "(3, 4, 2, 2)": [1.0, 0.0, 1.0, 2.0, 2.0], "(2, 5, 2, 1)": [4.0, 3.0, 3.0, 3.0, 4.0], "(1, 1, 2, 2)": [4.0, 2.0, 2.0, 3.0, 1.0], "(2, 1, 1, 1)": [0.0, 0.0, 0.0, 0.0, 1.0], "(2, 2, 1, 1)": [1.0, 0.0, 0.0, 1.0, 0.0], "(2, 6, 2, 1)": [0.0, 0.0, 0.0, 1.0, 0.0], "(1, 1, 2, 1)": [0.0, 0.0, 0.0, 0.0, 1.0]}}