{"q_values": {"(2, 7, 2, 2)": [-27.380464553833008, -24.03224754333496, -21.3713321685791, -17.365110397338867, -15.62039566040039], "(2, 6, 2, 2)": [-51.193424224853516, -45.63022994995117, -43.27938461303711, -39.918922424316406, -34.82415008544922], "(2, 5, 2, 2)": [-66.50404357910156, -62.95973587036133, -59.40676498413086, -56.761993408203125, -54.074241638183594], "(2, 2, 2, 2)": [-36.451812744140625, -40.45126724243164, -46.013946533203125, -48.644840240478516, -52.08647537231445], "(2, 1, 2, 2)": [-13.833423614501953, -17.632591247558594, -20.542131423950195, -24.860048294067383, -27.731977462768555], "(2, 3, 2, 2)": [-58.058555603027344, -60.029884338378906, -63.12082290649414, -66.00869750976562, -68.73204803466797], "(2, 4, 2, 2)": [-69.87384033203125, -69.27835845947266, -67.92913818359375, -66.75572204589844, -65.99932861328125], "(2, 6, 2, 3)": [-12.491905212402344, -10.117144584655762, -10.856527328491211, -8.042781829833984, -7.970650672912598], "(2, 1, 2, 1)": [-3.285883665084839, -3.19553804397583, -3.938399314880371, -3.365013599395752, -3.7767677307128906], "(2, 2, 2, 1)": [-7.609572410583496, -8.271760940551758, -8.041651725769043, -10.425555229187012, -15.989890098571777], "(2, 4, 2, 3)": [-25.797039031982422, -25.174840927124023, -29.056440353393555, -20.6163272857666, -21.281129837036133], "(2, 3, 2, 3)": [-85.32161712646484, 0.0, -60.99817657470703, -25.284725189208984, 0.0], "(2, 7, 2, 3)": [-4.279461860656738, -3.5232818126678467, -3.704456090927124, -3.719757318496704, -3.3083431720733643], "(2, 5, 2, 3)": [-33.300201416015625, -23.07073974609375, -13.144876480102539, -13.343277931213379, -15.305736541748047], "(2, 3, 2, 1)": [-10.971870422363281, -27.102296829223633, -14.09453296661377, -25.98855209350586, -26.972633361816406], "(2, 4, 2, 1)": [-24.361919403076172, 0.0, -24.68956756591797, -55.53163146972656, -22.6822509765625], "(2, 7, 3, 3)": [-2.2006101608276367, 0.0, -2.185631036758423, 0.0, -3.30029296875], "(2, 6, 3, 3)": [0.0, 0.0, -13.054486274719238, -6.60183048248291, 0.0], "(2, 3, 1, 1)": [0.0, -15.290449142456055, -13.106099128723145, 0.0, 0.0], "(2, 5, 3, 3)": [0.0, -13.343994140625, 0.0, 0.0, 0.0], "(2, 2, 2, 3)": [0.0, 0.0, -35.006771087646484, 0.0, 0.0], "(3, 1, 2, 2)": [0.0, -6.570622444152832, 0.0, 0.0, -4.380414962768555], "(3, 2, 2, 2)": [-10.951037406921387, 0.0, 0.0, -13.141244888305664, 0.0], "(3, 3, 2, 2)": [-24.09228515625, -17.52165985107422, -19.711868286132812, -30.66291046142578, -26.282493591308594], "(3, 5, 2, 2)": [-43.804161071777344, -125.98385620117188, -129.27059936523438, -116.08103942871094, -125.98457336425781], "(3, 6, 2, 2)": [-121.60271453857422, -113.93338012695312, -97.50825500488281, -119.41178894042969, -97.49888610839844], "(3, 7, 2, 2)": [-93.11990356445312, -65.76220703125, -63.54623031616211, -67.20695495605469, -4.383301258087158], "(3, 4, 2, 2)": [-122.65166473388672, 0.0, -124.84187316894531, -143.51055908203125, -138.03433227539062], "(2, 5, 2, 1)": [0.0, -46.021427154541016, -45.92943572998047, -39.94660568237305, -64.43590545654297], "(1, 1, 2, 2)": [-2.188605785369873, 0.0, -4.377211570739746, 0.0, 0.0], "(2, 1, 1, 1)": [0.0, 0.0, 0.0, 0.0, -2.182025909423828], "(2, 2, 1, 1)": [-4.364051818847656, 0.0, 0.0, -6.620786666870117, 0.0]}, "n_values": {"(2, 7, 2, 2)": [559.0, 595.0, 610.0, 650.0, 752.0], "(2, 6, 2, 2)": [537.0, 566.0, 578.0, 605.0, 703.0], "(2, 5, 2, 2)": [503.0, 534.0, 568.0, 568.0, 636.0], "(2, 2, 2, 2)": [675.0, 615.0, 556.0, 562.0, 564.0], "(2, 1, 2, 2)": [747.0, 664.0, 600.0, 562.0, 557.0], "(2, 3, 2, 2)": [577.0, 542.0, 526.0, 534.0, 510.0], "(2, 4, 2, 2)": [515.0, 494.0, 524.0, 519.0, 560.0], "(2, 6, 2, 3)": [31.0, 23.0, 24.0, 35.0, 21.0], "(2, 1, 2, 1)": [33.0, 31.0, 33.0, 34.0, 25.0], "(2, 2, 2, 1)": [24.0, 21.0, 18.0, 20.0, 23.0], "(2, 4, 2, 3)": [5.0, 4.0, 5.0, 3.0, 3.0], "(2, 3, 2, 3)": [1.0, 0.0, 2.0, 2.0, 0.0], "(2, 7, 2, 3)": [41.0, 33.0, 32.0, 35.0, 34.0], "(2, 5, 2, 3)": [17.0, 15.0, 10.0, 11.0, 10.0], "(2, 3, 2, 1)": [7.0, 13.0, 9.0, 14.0, 9.0], "(2, 4, 2, 1)": [8.0, 0.0, 8.0, 8.0, 3.0], "(2, 7, 3, 3)": [1.0, 0.0, 1.0, 0.0, 2.0], "(2, 6, 3, 3)": [0.0, 0.0, 1.0, 1.0, 0.0], "(2, 3, 1, 1)": [0.0, 1.0, 1.0, 0.0, 0.0], "(2, 5, 3, 3)": [0.0, 1.0, 0.0, 0.0, 0.0], "(2, 2, 2, 3)": [0.0, 0.0, 1.0, 0.0, 0.0], "(3, 1, 2, 2)": [0.0, 1.0, 0.0, 0.0, 1.0], "(3, 2, 2, 2)": [1.0, 0.0, 0.0, 1.0, 0.0], "(3, 3, 2, 2)": [1.0, 1.0, 1.0, 1.0, 1.0], "(3, 5, 2, 2)": [1.0, 2.0, 2.0, 1.0, 2.0], "(3, 6, 2, 2)": [2.0, 2.0, 2.0, 2.0, 2.0], "(3, 7, 2, 2)": [2.0, 2.0, 3.0, 3.0, 1.0], "(3, 4, 2, 2)": [1.0, 0.0, 1.0, 2.0, 2.0], "(2, 5, 2, 1)": [0.0, 2.0, 2.0, 1.0, 3.0], "(1, 1, 2, 2)": [1.0, 0.0, 1.0, 0.0, 0.0], "(2, 1, 1, 1)": [0.0, 0.0, 0.0, 0.0, 1.0], "(2, 2, 1, 1)": [1.0, 0.0, 0.0, 1.0, 0.0]}}