{"q_values": {"(2, 7, 2, 2)": [-25.851335525512695, -22.58533477783203, -19.878482818603516, -16.588623046875, -14.560432434082031], "(2, 6, 2, 2)": [-49.133880615234375, -44.277557373046875, -41.11294174194336, -37.08761978149414, -32.941871643066406], "(2, 5, 2, 2)": [-63.483055114746094, -59.81047821044922, -57.42298889160156, -53.93561935424805, -51.269248962402344], "(2, 2, 2, 2)": [-34.86643600463867, -38.89570617675781, -44.13387680053711, -46.68230438232422, -50.58896255493164], "(2, 1, 2, 2)": [-13.698180198669434, -16.89291000366211, -19.721176147460938, -23.520366668701172, -26.087995529174805], "(2, 3, 2, 2)": [-54.34313201904297, -56.69203186035156, -59.970298767089844, -62.55499267578125, -64.88157653808594], "(2, 4, 2, 2)": [-66.46668243408203, -65.80252075195312, -65.48683166503906, -63.9711799621582, -63.31735610961914], "(2, 6, 2, 3)": [-15.867430686950684, -11.064480781555176, -9.9253568649292, -8.047359466552734, -10.05672550201416], "(2, 1, 2, 1)": [-3.4483132362365723, -3.4102556705474854, -3.717803478240967, -3.2830686569213867, -3.9609100818634033], "(2, 2, 2, 1)": [-7.503159523010254, -8.149178504943848, -8.65145492553711, -10.374198913574219, -13.6261568069458], "(2, 4, 2, 3)": [-24.81316375732422, -25.387670516967773, -29.056440353393555, -19.458023071289062, -21.281129837036133], "(2, 3, 2, 3)": [-85.32161712646484, -24.052282333374023, -60.99817657470703, -25.284725189208984, 0.0], "(2, 7, 2, 3)": [-4.105687618255615, -3.7697136402130127, -3.5969865322113037, -3.563511848449707, -3.202587842941284], "(2, 5, 2, 3)": [-30.371347427368164, -20.575387954711914, -14.644096374511719, -13.276787757873535, -15.969740867614746], "(2, 3, 2, 1)": [-11.904349327087402, -21.56396484375, -14.61079216003418, -24.67075538635254, -27.20016860961914], "(2, 4, 2, 1)": [-24.120471954345703, -22.98288345336914, -23.058313369750977, -52.34693908691406, -39.85594177246094], "(2, 7, 3, 3)": [-2.2006101608276367, 0.0, -2.185631036758423, 0.0, -3.30029296875], "(2, 6, 3, 3)": [-10.993489265441895, 0.0, -13.054486274719238, -6.60183048248291, 0.0], "(2, 3, 1, 1)": [0.0, -15.290449142456055, -13.106099128723145, -24.176132202148438, 0.0], "(2, 5, 3, 3)": [0.0, -13.343994140625, 0.0, 0.0, 0.0], "(2, 2, 2, 3)": [0.0, 0.0, -35.006771087646484, 0.0, 0.0], "(3, 1, 2, 2)": [0.0, -6.570622444152832, 0.0, 0.0, -4.380414962768555], "(3, 2, 2, 2)": [-10.951037406921387, 0.0, 0.0, -13.141244888305664, 0.0], "(3, 3, 2, 2)": [-24.09228515625, -17.52165985107422, -19.711868286132812, -30.66291046142578, -26.282493591308594], "(3, 5, 2, 2)": [-43.804161071777344, -125.98385620117188, -129.27059936523438, -116.08103942871094, -125.98457336425781], "(3, 6, 2, 2)": [-121.60271453857422, -113.93338012695312, -97.50825500488281, -119.41178894042969, -97.49888610839844], "(3, 7, 2, 2)": [-93.11990356445312, -65.76220703125, -63.54623031616211, -67.20695495605469, -4.383301258087158], "(3, 4, 2, 2)": [-122.65166473388672, 0.0, -124.84187316894531, -143.51055908203125, -138.03433227539062], "(2, 5, 2, 1)": [-26.303035736083984, -39.45277404785156, -39.37638473510742, -73.23907470703125, -66.86556243896484], "(1, 1, 2, 2)": [-3.635801315307617, -6.527242660522461, -8.731657028198242, -11.990324020385742, -10.905084609985352], "(2, 1, 1, 1)": [0.0, 0.0, 0.0, 0.0, -2.182025909423828], "(2, 2, 1, 1)": [-4.364051818847656, 0.0, 0.0, -6.620786666870117, 0.0]}, "n_values": {"(2, 7, 2, 2)": [954.0, 1023.0, 1045.0, 1109.0, 1341.0], "(2, 6, 2, 2)": [913.0, 966.0, 1001.0, 1055.0, 1250.0], "(2, 5, 2, 2)": [847.0, 898.0, 924.0, 952.0, 1072.0], "(2, 2, 2, 2)": [1133.0, 988.0, 910.0, 909.0, 885.0], "(2, 1, 2, 2)": [1286.0, 1090.0, 986.0, 947.0, 942.0], "(2, 3, 2, 2)": [941.0, 857.0, 822.0, 813.0, 785.0], "(2, 4, 2, 2)": [820.0, 811.0, 837.0, 822.0, 925.0], "(2, 6, 2, 3)": [45.0, 44.0, 44.0, 56.0, 44.0], "(2, 1, 2, 1)": [50.0, 60.0, 58.0, 73.0, 51.0], "(2, 2, 2, 1)": [46.0, 31.0, 37.0, 29.0, 36.0], "(2, 4, 2, 3)": [6.0, 5.0, 5.0, 6.0, 3.0], "(2, 3, 2, 3)": [1.0, 1.0, 2.0, 2.0, 0.0], "(2, 7, 2, 3)": [77.0, 67.0, 66.0, 65.0, 86.0], "(2, 5, 2, 3)": [26.0, 21.0, 22.0, 21.0, 18.0], "(2, 3, 2, 1)": [14.0, 20.0, 18.0, 16.0, 20.0], "(2, 4, 2, 1)": [10.0, 2.0, 10.0, 12.0, 5.0], "(2, 7, 3, 3)": [1.0, 0.0, 1.0, 0.0, 2.0], "(2, 6, 3, 3)": [2.0, 0.0, 1.0, 1.0, 0.0], "(2, 3, 1, 1)": [0.0, 1.0, 1.0, 1.0, 0.0], "(2, 5, 3, 3)": [0.0, 1.0, 0.0, 0.0, 0.0], "(2, 2, 2, 3)": [0.0, 0.0, 1.0, 0.0, 0.0], "(3, 1, 2, 2)": [0.0, 1.0, 0.0, 0.0, 1.0], "(3, 2, 2, 2)": [1.0, 0.0, 0.0, 1.0, 0.0], "(3, 3, 2, 2)": [1.0, 1.0, 1.0, 1.0, 1.0], "(3, 5, 2, 2)": [1.0, 2.0, 2.0, 1.0, 2.0], "(3, 6, 2, 2)": [2.0, 2.0, 2.0, 2.0, 2.0], "(3, 7, 2, 2)": [2.0, 2.0, 3.0, 3.0, 1.0], "(3, 4, 2, 2)": [1.0, 0.0, 1.0, 2.0, 2.0], "(2, 5, 2, 1)": [3.0, 3.0, 3.0, 3.0, 4.0], "(1, 1, 2, 2)": [3.0, 1.0, 2.0, 2.0, 1.0], "(2, 1, 1, 1)": [0.0, 0.0, 0.0, 0.0, 1.0], "(2, 2, 1, 1)": [1.0, 0.0, 0.0, 1.0, 0.0]}}