{"q_values": {"(2, 7, 2, 2)": [-23.947864532470703, -20.94116973876953, -18.271018981933594, -15.428213119506836, -13.534674644470215], "(2, 6, 2, 2)": [-45.8721809387207, -41.92619705200195, -38.042701721191406, -34.73653030395508, -30.760068893432617], "(2, 5, 2, 2)": [-60.59092712402344, -57.7634391784668, -54.884395599365234, -51.4976921081543, -48.439422607421875], "(2, 2, 2, 2)": [-33.430503845214844, -37.020729064941406, -41.91907501220703, -44.75632095336914, -48.42323303222656], "(2, 1, 2, 2)": [-13.12136173248291, -15.858466148376465, -18.365942001342773, -22.075407028198242, -24.69519805908203], "(2, 3, 2, 2)": [-51.7186279296875, -54.10525131225586, -56.576805114746094, -58.94010925292969, -61.89332962036133], "(2, 4, 2, 2)": [-64.13030242919922, -64.04379272460938, -63.62151336669922, -61.29094314575195, -60.52909851074219], "(2, 6, 2, 3)": [-14.144633293151855, -10.517487525939941, -9.816617965698242, -8.18069076538086, -9.50405502319336], "(2, 1, 2, 1)": [-3.562662124633789, -3.368833303451538, -3.765308380126953, -3.3052687644958496, -3.9289143085479736], "(2, 2, 2, 1)": [-7.603466987609863, -7.96904993057251, -8.616613388061523, -11.908683776855469, -13.747082710266113], "(2, 4, 2, 3)": [-30.889862060546875, -39.046085357666016, -27.147960662841797, -19.523067474365234, -19.888385772705078], "(2, 3, 2, 3)": [-85.32161712646484, -24.052282333374023, -60.99817657470703, -24.192134857177734, 0.0], "(2, 7, 2, 3)": [-3.8712496757507324, -3.7504866123199463, -3.6315650939941406, -3.4324145317077637, -3.4564006328582764], "(2, 5, 2, 3)": [-28.068328857421875, -20.524885177612305, -14.822744369506836, -13.055913925170898, -14.365991592407227], "(2, 3, 2, 1)": [-11.65363597869873, -20.479154586791992, -14.689298629760742, -23.900623321533203, -27.586490631103516], "(2, 4, 2, 1)": [-24.120471954345703, -22.98288345336914, -24.373010635375977, -48.47975158691406, -37.94906234741211], "(2, 7, 3, 3)": [-3.3037941455841064, 0.0, -2.185631036758423, -4.407423973083496, -2.9373271465301514], "(2, 6, 3, 3)": [-10.993489265441895, 0.0, -13.054486274719238, -6.60183048248291, 0.0], "(2, 3, 1, 1)": [0.0, -15.290449142456055, -13.106099128723145, -24.176132202148438, 0.0], "(2, 5, 3, 3)": [-11.221538543701172, -13.343994140625, 0.0, 0.0, 0.0], "(2, 2, 2, 3)": [0.0, -89.54580688476562, -35.006771087646484, 0.0, 0.0], "(3, 1, 2, 2)": [0.0, -6.570622444152832, 0.0, 0.0, -4.380414962768555], "(3, 2, 2, 2)": [-10.951037406921387, 0.0, 0.0, -13.141244888305664, 0.0], "(3, 3, 2, 2)": [-18.67155647277832, -18.698951721191406, -19.711868286132812, -30.66291046142578, -26.282493591308594], "(3, 5, 2, 2)": [-43.804161071777344, -125.98385620117188, -129.27059936523438, -116.08103942871094, -125.98457336425781], "(3, 6, 2, 2)": [-86.22241973876953, -79.63697814941406, -97.50825500488281, -119.41178894042969, -69.41692352294922], "(3, 7, 2, 2)": [-93.11990356445312, -65.76220703125, -48.76409149169922, -67.20695495605469, -5.504899978637695], "(3, 4, 2, 2)": [-122.65166473388672, 0.0, -124.84187316894531, -143.51055908203125, -138.03433227539062], "(2, 5, 2, 1)": [-27.377378463745117, -39.45277404785156, -39.37638473510742, -73.23907470703125, -66.86556243896484], "(1, 1, 2, 2)": [-3.281289577484131, -4.360187530517578, -8.731657028198242, -9.45563793182373, -10.905084609985352], "(2, 1, 1, 1)": [0.0, 0.0, 0.0, 0.0, -2.182025909423828], "(2, 2, 1, 1)": [-4.364051818847656, 0.0, 0.0, -6.620786666870117, 0.0], "(2, 6, 2, 1)": [0.0, 0.0, 0.0, -34.97188949584961, 0.0], "(1, 1, 2, 1)": [0.0, 0.0, 0.0, 0.0, -4.435508728027344]}, "n_values": {"(2, 7, 2, 2)": [1304.0, 1413.0, 1447.0, 1534.0, 1949.0], "(2, 6, 2, 2)": [1237.0, 1297.0, 1360.0, 1416.0, 1762.0], "(2, 5, 2, 2)": [1133.0, 1191.0, 1210.0, 1253.0, 1504.0], "(2, 2, 2, 2)": [1567.0, 1319.0, 1232.0, 1196.0, 1182.0], "(2, 1, 2, 2)": [1821.0, 1451.0, 1352.0, 1277.0, 1267.0], "(2, 3, 2, 2)": [1285.0, 1132.0, 1112.0, 1086.0, 1045.0], "(2, 4, 2, 2)": [1044.0, 1028.0, 1057.0, 1059.0, 1212.0], "(2, 6, 2, 3)": [66.0, 63.0, 70.0, 89.0, 61.0], "(2, 1, 2, 1)": [72.0, 81.0, 83.0, 123.0, 76.0], "(2, 2, 2, 1)": [66.0, 45.0, 42.0, 43.0, 40.0], "(2, 4, 2, 3)": [9.0, 7.0, 6.0, 8.0, 4.0], "(2, 3, 2, 3)": [1.0, 1.0, 2.0, 3.0, 0.0], "(2, 7, 2, 3)": [114.0, 102.0, 95.0, 108.0, 134.0], "(2, 5, 2, 3)": [35.0, 28.0, 29.0, 35.0, 35.0], "(2, 3, 2, 1)": [16.0, 23.0, 20.0, 18.0, 21.0], "(2, 4, 2, 1)": [10.0, 2.0, 11.0, 14.0, 6.0], "(2, 7, 3, 3)": [2.0, 0.0, 1.0, 1.0, 3.0], "(2, 6, 3, 3)": [2.0, 0.0, 1.0, 1.0, 0.0], "(2, 3, 1, 1)": [0.0, 1.0, 1.0, 1.0, 0.0], "(2, 5, 3, 3)": [1.0, 1.0, 0.0, 0.0, 0.0], "(2, 2, 2, 3)": [0.0, 1.0, 1.0, 0.0, 0.0], "(3, 1, 2, 2)": [0.0, 1.0, 0.0, 0.0, 1.0], "(3, 2, 2, 2)": [1.0, 0.0, 0.0, 1.0, 0.0], "(3, 3, 2, 2)": [2.0, 2.0, 1.0, 1.0, 1.0], "(3, 5, 2, 2)": [1.0, 2.0, 2.0, 1.0, 2.0], "(3, 6, 2, 2)": [3.0, 3.0, 2.0, 2.0, 3.0], "(3, 7, 2, 2)": [2.0, 2.0, 4.0, 3.0, 2.0], "(3, 4, 2, 2)": [1.0, 0.0, 1.0, 2.0, 2.0], "(2, 5, 2, 1)": [4.0, 3.0, 3.0, 3.0, 4.0], "(1, 1, 2, 2)": [4.0, 2.0, 2.0, 3.0, 1.0], "(2, 1, 1, 1)": [0.0, 0.0, 0.0, 0.0, 1.0], "(2, 2, 1, 1)": [1.0, 0.0, 0.0, 1.0, 0.0], "(2, 6, 2, 1)": [0.0, 0.0, 0.0, 1.0, 0.0], "(1, 1, 2, 1)": [0.0, 0.0, 0.0, 0.0, 1.0]}}