{"q_values": {"(2, 7, 2, 2)": [-29.634374618530273, -26.906620025634766, -24.177324295043945, -18.315208435058594, -18.277902603149414], "(2, 6, 2, 2)": [-53.30318832397461, -47.69179153442383, -44.353328704833984, -41.884765625, -37.606510162353516], "(2, 5, 2, 2)": [-71.35154724121094, -67.45311737060547, -61.51990509033203, -60.635833740234375, -56.34148025512695], "(2, 2, 2, 2)": [-39.907997131347656, -44.525142669677734, -51.65840148925781, -53.433204650878906, -57.34824752807617], "(2, 1, 2, 2)": [-15.05645751953125, -19.230274200439453, -23.095989227294922, -27.65532684326172, -30.90976905822754], "(2, 3, 2, 2)": [-63.897666931152344, -65.8601303100586, -70.78015899658203, -72.63264465332031, -75.70209503173828], "(2, 4, 2, 2)": [-75.05531311035156, -76.2317886352539, -74.27932739257812, -74.02129364013672, -71.54801177978516], "(2, 6, 2, 3)": [-11.567828178405762, -10.382667541503906, -9.37171459197998, -7.8078389167785645, -7.964995384216309], "(2, 1, 2, 1)": [-3.3827836513519287, -3.2210097312927246, -3.228698968887329, -3.605555772781372, -3.989349126815796], "(2, 2, 2, 1)": [-7.290073394775391, -8.29867935180664, -8.76782512664795, -10.671639442443848, -19.98617172241211], "(2, 4, 2, 3)": [-20.743595123291016, -26.29655647277832, -33.0290412902832, -23.142688751220703, -17.736160278320312], "(2, 3, 2, 3)": [-85.32161712646484, 0.0, -24.097959518432617, -20.0159912109375, 0.0], "(2, 7, 2, 3)": [-4.5935540199279785, -3.4221184253692627, -3.5357131958007812, -4.4126787185668945, -3.6158998012542725], "(2, 5, 2, 3)": [-19.24660301208496, -22.543292999267578, -11.007225036621094, -12.498531341552734, -13.126282691955566], "(2, 3, 2, 1)": [-10.957084655761719, -56.206539154052734, -13.847397804260254, -24.91239356994629, -31.422788619995117], "(2, 4, 2, 1)": [-24.601112365722656, 0.0, -26.320331573486328, -91.63622283935547, -23.063003540039062], "(2, 7, 3, 3)": [-2.2006101608276367, 0.0, -2.185631036758423, 0.0, -4.401220321655273], "(2, 6, 3, 3)": [0.0, 0.0, -13.054486274719238, -6.60183048248291, 0.0], "(2, 3, 1, 1)": [0.0, -15.290449142456055, -13.106099128723145, 0.0, 0.0], "(2, 5, 3, 3)": [0.0, -13.343994140625, 0.0, 0.0, 0.0], "(2, 2, 2, 3)": [0.0, 0.0, -35.006771087646484, 0.0, 0.0], "(3, 1, 2, 2)": [0.0, -6.570622444152832, 0.0, 0.0, -4.380414962768555], "(3, 2, 2, 2)": [-10.951037406921387, 0.0, 0.0, -13.141244888305664, 0.0], "(3, 3, 2, 2)": [-24.09228515625, -17.52165985107422, -19.711868286132812, -30.66291046142578, -26.282493591308594], "(3, 5, 2, 2)": [-43.804161071777344, -125.98385620117188, -129.27059936523438, -116.08103942871094, -125.98457336425781], "(3, 6, 2, 2)": [-121.60271453857422, -113.93338012695312, -97.50825500488281, -119.41178894042969, -97.49888610839844], "(3, 7, 2, 2)": [-93.11990356445312, -127.11573028564453, -94.21717834472656, -97.5039291381836, -4.383301258087158], "(3, 4, 2, 2)": [-122.65166473388672, 0.0, -124.84187316894531, -143.51055908203125, -138.03433227539062], "(2, 5, 2, 1)": [0.0, 0.0, 0.0, 0.0, -66.71324157714844]}, "n_values": {"(2, 7, 2, 2)": [264.0, 273.0, 290.0, 298.0, 337.0], "(2, 6, 2, 2)": [241.0, 263.0, 260.0, 277.0, 307.0], "(2, 5, 2, 2)": [239.0, 254.0, 282.0, 279.0, 298.0], "(2, 2, 2, 2)": [315.0, 309.0, 274.0, 286.0, 282.0], "(2, 1, 2, 2)": [359.0, 339.0, 296.0, 293.0, 279.0], "(2, 3, 2, 2)": [279.0, 269.0, 266.0, 269.0, 261.0], "(2, 4, 2, 2)": [267.0, 249.0, 258.0, 258.0, 273.0], "(2, 6, 2, 3)": [14.0, 11.0, 14.0, 18.0, 8.0], "(2, 1, 2, 1)": [17.0, 13.0, 13.0, 14.0, 11.0], "(2, 2, 2, 1)": [13.0, 13.0, 7.0, 8.0, 14.0], "(2, 4, 2, 3)": [2.0, 3.0, 3.0, 2.0, 2.0], "(2, 3, 2, 3)": [1.0, 0.0, 1.0, 1.0, 0.0], "(2, 7, 2, 3)": [21.0, 16.0, 18.0, 12.0, 14.0], "(2, 5, 2, 3)": [5.0, 7.0, 2.0, 7.0, 4.0], "(2, 3, 2, 1)": [3.0, 4.0, 6.0, 8.0, 5.0], "(2, 4, 2, 1)": [4.0, 0.0, 5.0, 2.0, 2.0], "(2, 7, 3, 3)": [1.0, 0.0, 1.0, 0.0, 1.0], "(2, 6, 3, 3)": [0.0, 0.0, 1.0, 1.0, 0.0], "(2, 3, 1, 1)": [0.0, 1.0, 1.0, 0.0, 0.0], "(2, 5, 3, 3)": [0.0, 1.0, 0.0, 0.0, 0.0], "(2, 2, 2, 3)": [0.0, 0.0, 1.0, 0.0, 0.0], "(3, 1, 2, 2)": [0.0, 1.0, 0.0, 0.0, 1.0], "(3, 2, 2, 2)": [1.0, 0.0, 0.0, 1.0, 0.0], "(3, 3, 2, 2)": [1.0, 1.0, 1.0, 1.0, 1.0], "(3, 5, 2, 2)": [1.0, 2.0, 2.0, 1.0, 2.0], "(3, 6, 2, 2)": [2.0, 2.0, 2.0, 2.0, 2.0], "(3, 7, 2, 2)": [2.0, 1.0, 2.0, 2.0, 1.0], "(3, 4, 2, 2)": [1.0, 0.0, 1.0, 2.0, 2.0], "(2, 5, 2, 1)": [0.0, 0.0, 0.0, 0.0, 2.0]}}