{"q_values": {"(2, 5, 2, 2)": [0.9969821572303772, 0.994231641292572, 0.9919973015785217, 0.992755115032196, 0.9935154914855957], "(2, 6, 2, 2)": [0.9488060474395752, 0.945796012878418, 0.9439361095428467, 0.9438772797584534, 0.9405738711357117], "(2, 7, 2, 2)": [0.399930864572525, 0.6650242805480957, 0.7340065836906433, 0.3883576989173889, 0.500945508480072], "(2, 3, 2, 2)": [0.9906516671180725, 0.9934880137443542, 0.993899941444397, 0.9955756664276123, 0.997079610824585], "(2, 1, 2, 2)": [0.3158501982688904, 0.4549568295478821, 0.5687398910522461, 0.5154870748519897, 0.7317582964897156], "(2, 2, 2, 2)": [0.9482048749923706, 0.9442296624183655, 0.9529590010643005, 0.951360285282135, 0.9553428292274475], "(2, 4, 2, 2)": [1.0081630945205688, 1.008396863937378, 1.0083893537521362, 1.0081709623336792, 1.0083134174346924], "(3, 7, 2, 2)": [0.07621163874864578, 0.2111794650554657, -0.05886659398674965, 0.014363106340169907, 0.14529241621494293], "(3, 6, 2, 2)": [0.2252081036567688, 0.20647522807121277, 0.10971610248088837, 0.24685877561569214, 0.15593090653419495], "(1, 1, 2, 2)": [0.058547452092170715, 0.0373772531747818, 0.07322878390550613, 0.1452224850654602, 0.045803800225257874], "(1, 6, 2, 2)": [0.08198769390583038, 0.05611802637577057, 0.10441114753484726, 0.15411260724067688, 0.10719315707683563], "(1, 7, 2, 2)": [-0.016858268529176712, 0.0, -0.06508652865886688, 0.01071741059422493, -0.04018286615610123], "(1, 2, 2, 2)": [0.08152638375759125, 0.05401935055851936, 0.08124813437461853, 0.053005389869213104, 0.07968992739915848], "(3, 5, 2, 2)": [0.23575496673583984, 0.2811242640018463, 0.16530361771583557, 0.1126537024974823, 0.05766289308667183], "(3, 4, 2, 2)": [0.14124730229377747, 0.11497651040554047, 0.21606118977069855, 0.05896016210317612, 0.08756924420595169], "(1, 4, 2, 2)": [0.1916959434747696, 0.14141090214252472, 0.26231110095977783, 0.192511186003685, 0.14130441844463348], "(1, 3, 2, 2)": [0.16476090252399445, 0.16447915136814117, 0.21355128288269043, 0.1401412934064865, 0.25820091366767883], "(3, 2, 2, 2)": [0.20023958384990692, 0.15437425673007965, 0.027845440432429314, 0.13154703378677368, 0.1066678911447525], "(3, 3, 2, 2)": [0.13839688897132874, 0.2132948637008667, 0.1631128191947937, 0.057116128504276276, 0.1397298127412796], "(3, 1, 2, 2)": [-0.015785425901412964, -0.008685287088155746, 0.12154501676559448, 0.12600015103816986, 0.16836196184158325], "(1, 5, 2, 2)": [0.2136535346508026, 0.16558967530727386, 0.2588546574115753, 0.0857570469379425, 0.13899941742420197]}}