{"q_values": {"(2, 5, 2, 2)": [0.9902161359786987, 0.9949505925178528, 0.9929138422012329, 0.9923639297485352, 0.9897453188896179], "(2, 6, 2, 2)": [0.949066162109375, 0.9443055987358093, 0.9415213465690613, 0.9454310536384583, 0.9399119019508362], "(2, 7, 2, 2)": [0.45317625999450684, 0.6670881509780884, 0.4167287349700928, 0.4879058599472046, 0.40859732031822205], "(2, 3, 2, 2)": [0.9920411705970764, 0.992024302482605, 0.9939844608306885, 0.995431661605835, 0.9959267377853394], "(2, 1, 2, 2)": [0.3206172585487366, 0.25725996494293213, 0.5936861038208008, 0.5503087639808655, 0.6498941779136658], "(2, 2, 2, 2)": [0.9465983510017395, 0.945763349533081, 0.9488945603370667, 0.9463464617729187, 0.9490674734115601], "(2, 4, 2, 2)": [1.0079975128173828, 1.0083731412887573, 1.0081160068511963, 1.0083372592926025, 1.0084502696990967], "(3, 7, 2, 2)": [0.0, 0.0, -0.016427744179964066, 0.0, 0.0]}}