{"q_values": {"(2, 5, 2, 2)": [0.9934542775154114, 0.9933454394340515, 0.9932342171669006, 0.9906042814254761, 0.9917466640472412], "(2, 6, 2, 2)": [0.952812135219574, 0.9518072009086609, 0.9506012797355652, 0.9490337371826172, 0.9412940740585327], "(2, 7, 2, 2)": [0.5861958265304565, 0.6392884254455566, 0.7012755274772644, 0.4008999168872833, 0.4575495719909668], "(2, 3, 2, 2)": [0.9914448261260986, 0.9928504228591919, 0.9941375255584717, 0.9929531216621399, 0.9962707161903381], "(2, 1, 2, 2)": [0.34373778104782104, 0.5423611402511597, 0.5935031175613403, 0.43666455149650574, 0.5475188493728638], "(2, 2, 2, 2)": [0.9368787407875061, 0.9463406801223755, 0.9488915801048279, 0.9462881088256836, 0.9496517777442932], "(2, 4, 2, 2)": [1.008291482925415, 1.0087026357650757, 1.0088307857513428, 1.0083116292953491, 1.0080145597457886], "(3, 7, 2, 2)": [0.19044147431850433, 0.2783357799053192, 0.006278287619352341, -0.001511257141828537, 0.09064345061779022], "(3, 6, 2, 2)": [0.4644467532634735, 0.2707459032535553, 0.3500078022480011, 0.5424538850784302, 0.3452643156051636], "(1, 1, 2, 2)": [0.17400097846984863, 0.10425472259521484, 0.1955854296684265, 0.06985419243574142, 0.15156051516532898], "(1, 6, 2, 2)": [0.1556878536939621, 0.15823136270046234, 0.15348826348781586, 0.30391326546669006, 0.15670831501483917], "(1, 7, 2, 2)": [0.10831935703754425, 0.016964346170425415, 0.06462793052196503, 0.11057563126087189, -0.1419651210308075], "(1, 2, 2, 2)": [0.28622230887413025, 0.3056294918060303, 0.2899240553379059, 0.13081063330173492, 0.2674664556980133], "(3, 5, 2, 2)": [0.4485372304916382, 0.48190784454345703, 0.4660203158855438, 0.3401820957660675, 0.3426080048084259], "(3, 4, 2, 2)": [0.26293420791625977, 0.24020659923553467, 0.4220561385154724, 0.14129523932933807, 0.21672841906547546], "(1, 4, 2, 2)": [0.3473328948020935, 0.30657511949539185, 0.3861527740955353, 0.3478547930717468, 0.3272077143192291], "(1, 3, 2, 2)": [0.3220336437225342, 0.23636972904205322, 0.3026527464389801, 0.19019971787929535, 0.415980726480484], "(3, 2, 2, 2)": [0.2632819414138794, 0.20144937932491302, 0.17821170389652252, 0.17919990420341492, 0.1798992156982422], "(3, 3, 2, 2)": [0.2583158612251282, 0.3793444037437439, 0.25687897205352783, 0.36069270968437195, 0.23638856410980225], "(3, 1, 2, 2)": [-0.09148652851581573, 0.017151260748505592, 0.18704664707183838, 0.09857707470655441, 0.1890271008014679], "(1, 5, 2, 2)": [0.2586040496826172, 0.2359059751033783, 0.36117061972618103, 0.0857570469379425, 0.23562517762184143]}}