{"q_values": {"(2, 5, 2, 2)": [0.9952989816665649, 0.9955609440803528, 0.9938740730285645, 0.9939987063407898, 0.9913188815116882], "(2, 6, 2, 2)": [0.9526234269142151, 0.9506956934928894, 0.9459542632102966, 0.9420778155326843, 0.9447364211082458], "(2, 7, 2, 2)": [0.7972015738487244, 0.43885716795921326, 0.4387947916984558, 0.1807541847229004, 0.4285748302936554], "(2, 3, 2, 2)": [0.9927270412445068, 0.994238555431366, 0.9937681555747986, 0.9952313899993896, 0.9973401427268982], "(2, 1, 2, 2)": [0.6476039886474609, 0.473339319229126, 0.6147801876068115, 0.7597812414169312, 0.6914766430854797], "(2, 2, 2, 2)": [0.9435311555862427, 0.9410974979400635, 0.9459434747695923, 0.948843240737915, 0.9439644813537598], "(2, 4, 2, 2)": [1.0082049369812012, 1.0086101293563843, 1.008296012878418, 1.008543848991394, 1.0083681344985962], "(3, 7, 2, 2)": [0.3352607488632202, 0.4892793893814087, 0.1379515826702118, 0.2481239140033722, 0.34909772872924805], "(3, 6, 2, 2)": [0.5071779489517212, 0.38100680708885193, 0.4304403066635132, 0.6069150567054749, 0.4314541220664978], "(1, 1, 2, 2)": [0.1840561330318451, 0.15779586136341095, 0.3958696126937866, 0.20301781594753265, 0.21707414090633392], "(1, 6, 2, 2)": [0.43432748317718506, 0.3288283944129944, 0.41198039054870605, 0.5514122843742371, 0.36181381344795227], "(1, 7, 2, 2)": [0.12597714364528656, 0.0031123291701078415, 0.02288147620856762, 0.16754019260406494, -0.11366619914770126], "(1, 2, 2, 2)": [0.3624492287635803, 0.4589228332042694, 0.6152623295783997, 0.2867186367511749, 0.3600248694419861], "(3, 5, 2, 2)": [0.4485372304916382, 0.48190784454345703, 0.4660203158855438, 0.3401820957660675, 0.3797248601913452], "(3, 4, 2, 2)": [0.26293420791625977, 0.24020659923553467, 0.4220561385154724, 0.14129523932933807, 0.21672841906547546], "(1, 4, 2, 2)": [0.5480417013168335, 0.45713895559310913, 0.44006451964378357, 0.48929932713508606, 0.4045473635196686], "(1, 3, 2, 2)": [0.44882023334503174, 0.3016907572746277, 0.38154980540275574, 0.23679287731647491, 0.5676566958427429], "(3, 2, 2, 2)": [0.43753981590270996, 0.359424352645874, 0.24384155869483948, 0.3063620328903198, 0.32908299565315247], "(3, 3, 2, 2)": [0.3604809045791626, 0.44827917218208313, 0.3959699869155884, 0.39725497364997864, 0.2810862362384796], "(3, 1, 2, 2)": [-0.09627359360456467, -0.002070242539048195, 0.2816777527332306, 0.20842885971069336, 0.24502655863761902], "(1, 5, 2, 2)": [0.4348525106906891, 0.39785128831863403, 0.5259009599685669, 0.2140149027109146, 0.39802971482276917]}}