{"q_values": {"(2, 5, 2, 2)": [0.9975400567054749, 0.9976434707641602, 0.9965443015098572, 0.9949707388877869, 0.9950714111328125], "(2, 6, 2, 2)": [0.9484054446220398, 0.9473459124565125, 0.9506425857543945, 0.9462127089500427, 0.9392598271369934], "(2, 7, 2, 2)": [0.6615034937858582, 0.6847632527351379, 0.6881664991378784, 0.46808648109436035, 0.5250952243804932], "(2, 3, 2, 2)": [0.9922236800193787, 0.992948055267334, 0.9955562353134155, 0.9964571595191956, 0.9956194162368774], "(2, 1, 2, 2)": [0.4510234594345093, 0.5937216877937317, 0.33033454418182373, 0.23074044287204742, 0.4396275281906128], "(2, 2, 2, 2)": [0.9447016716003418, 0.9474518299102783, 0.9496492147445679, 0.9542360901832581, 0.9530580639839172], "(2, 4, 2, 2)": [1.008217453956604, 1.0082881450653076, 1.0083751678466797, 1.0089465379714966, 1.0080811977386475], "(3, 7, 2, 2)": [0.2591981887817383, 0.5109312534332275, 0.24006758630275726, 0.15839716792106628, 0.287175714969635], "(3, 6, 2, 2)": [0.5821157097816467, 0.39653411507606506, 0.48862531781196594, 0.7120362520217896, 0.502507209777832], "(1, 1, 2, 2)": [0.29766228795051575, 0.15779586136341095, 0.34865841269493103, 0.24017368257045746, 0.11329764127731323], "(1, 6, 2, 2)": [0.5401533842086792, 0.44371601939201355, 0.4884283244609833, 0.6685186624526978, 0.49617207050323486], "(1, 7, 2, 2)": [0.3498069643974304, 0.10156051814556122, 0.19048629701137543, -0.011774279177188873, 6.05657696723938e-05], "(1, 2, 2, 2)": [0.3624492287635803, 0.4589228332042694, 0.6152623295783997, 0.3053737282752991, 0.3949713408946991], "(3, 5, 2, 2)": [0.6574907302856445, 0.6691649556159973, 0.6148970127105713, 0.4809644818305969, 0.5673471093177795], "(3, 4, 2, 2)": [0.440471351146698, 0.4233924448490143, 0.6973249912261963, 0.3481258153915405, 0.4901663661003113], "(1, 4, 2, 2)": [0.7490769028663635, 0.6248835325241089, 0.6008999347686768, 0.657943606376648, 0.5882745385169983], "(1, 3, 2, 2)": [0.6172688603401184, 0.5818475484848022, 0.5279727578163147, 0.5000609755516052, 0.823908269405365], "(3, 2, 2, 2)": [0.5444267988204956, 0.42639756202697754, 0.3040194511413574, 0.4110316038131714, 0.39728692173957825], "(3, 3, 2, 2)": [0.41508063673973083, 0.6647288799285889, 0.5511156320571899, 0.6019649505615234, 0.3990394175052643], "(3, 1, 2, 2)": [-0.1594277024269104, 0.007021700963377953, 0.22880679368972778, 0.24607382714748383, 0.2557374835014343], "(1, 5, 2, 2)": [0.5534244179725647, 0.4494200050830841, 0.6133073568344116, 0.30360355973243713, 0.4956739544868469], "(2, 6, 2, 3)": [0.0, 0.0, 0.0, 0.0, 0.026336852461099625], "(2, 7, 2, 3)": [0.0, 0.0, 0.0, 0.0, -0.06528599560260773]}}