{"q_values": {"(2, 5, 2, 2)": [0.997044026851654, 0.9951270818710327, 0.9934485554695129, 0.9930505156517029, 0.9929995536804199], "(2, 6, 2, 2)": [0.9469256401062012, 0.9490031599998474, 0.9473364353179932, 0.9475330710411072, 0.9375572800636292], "(2, 7, 2, 2)": [0.5855639576911926, 0.5526503324508667, 0.3215583264827728, 0.4936772882938385, 0.3182077705860138], "(2, 3, 2, 2)": [0.9915982484817505, 0.9897809028625488, 0.9925952553749084, 0.9935051202774048, 0.9930026531219482], "(2, 1, 2, 2)": [0.3942630887031555, 0.35788822174072266, 0.44119706749916077, 0.5790349841117859, 0.4267894923686981], "(2, 2, 2, 2)": [0.940498948097229, 0.9450826644897461, 0.9430086016654968, 0.9504651427268982, 0.9540191888809204], "(2, 4, 2, 2)": [1.008743166923523, 1.008498191833496, 1.008360505104065, 1.0081186294555664, 1.0086331367492676], "(3, 7, 2, 2)": [0.049951836466789246, 0.050937093794345856, -0.056096747517585754, 0.026073992252349854, 0.049307502806186676], "(3, 6, 2, 2)": [0.0, 0.0, 0.0, 0.02727573737502098, 0.0], "(1, 1, 2, 2)": [0.10152416676282883, 0.0522431880235672, 0.09759310632944107, 0.07621297985315323, 0.09777837246656418]}}