{"q_values": {"(2, 5, 2, 2)": [0.995661199092865, 0.9944784045219421, 0.9929035902023315, 0.9920592904090881, 0.9924744963645935], "(2, 6, 2, 2)": [0.9522507190704346, 0.9542967081069946, 0.9482674598693848, 0.9506337642669678, 0.9444060325622559], "(2, 7, 2, 2)": [0.6192230582237244, 0.5448192954063416, 0.4174313545227051, 0.5235567688941956, 0.18663042783737183], "(2, 3, 2, 2)": [0.9891467094421387, 0.9914761781692505, 0.9927814602851868, 0.9914713501930237, 0.9927904605865479], "(2, 1, 2, 2)": [0.29650095105171204, 0.501978874206543, 0.34437647461891174, 0.48777255415916443, 0.6756277084350586], "(2, 2, 2, 2)": [0.9447788000106812, 0.9451897740364075, 0.945257842540741, 0.9451055526733398, 0.949600875377655], "(2, 4, 2, 2)": [1.0085257291793823, 1.00846529006958, 1.0081366300582886, 1.008137583732605, 1.0082755088806152], "(3, 7, 2, 2)": [0.049951836466789246, 0.050937093794345856, -0.056096747517585754, 0.026073992252349854, 0.049307502806186676], "(3, 6, 2, 2)": [0.0, 0.0, 0.0, 0.02727573737502098, 0.0], "(1, 1, 2, 2)": [0.10152416676282883, 0.0522431880235672, 0.09759310632944107, 0.07621297985315323, 0.09777837246656418], "(1, 6, 2, 2)": [0.02851627767086029, 0.028095792979002, 0.02825343981385231, 0.10583911836147308, 0.0], "(1, 7, 2, 2)": [-0.016858268529176712, 0.0, 0.0, 0.026213960722088814, 0.0]}}