{"q_values": {"(2, 5, 2, 2)": [0.9950894713401794, 0.9913971424102783, 0.9907895922660828, 0.9910096526145935, 0.990776777267456], "(2, 6, 2, 2)": [0.9523059129714966, 0.9545830488204956, 0.9479678869247437, 0.952215850353241, 0.9413354992866516], "(2, 7, 2, 2)": [0.7010068297386169, 0.7888268828392029, 0.49775806069374084, 0.35772356390953064, 0.3921518623828888], "(2, 3, 2, 2)": [0.9903663992881775, 0.9896161556243896, 0.9933250546455383, 0.993326723575592, 0.9937299489974976], "(2, 1, 2, 2)": [0.0690450370311737, 0.4522222876548767, 0.3942195177078247, 0.606245756149292, 0.5788657665252686], "(2, 2, 2, 2)": [0.946334958076477, 0.948130190372467, 0.9480122327804565, 0.9529467821121216, 0.9503763318061829], "(2, 4, 2, 2)": [1.008055329322815, 1.0080947875976562, 1.0080924034118652, 1.0080145597457886, 1.008555293083191], "(3, 7, 2, 2)": [0.2591981887817383, 0.5109312534332275, 0.24006758630275726, 0.15839716792106628, 0.287175714969635], "(3, 6, 2, 2)": [0.5821157097816467, 0.39653411507606506, 0.48862531781196594, 0.7120362520217896, 0.502507209777832], "(1, 1, 2, 2)": [0.29766228795051575, 0.15779586136341095, 0.34865841269493103, 0.24017368257045746, 0.11329764127731323], "(1, 6, 2, 2)": [0.44833600521087646, 0.3468928337097168, 0.45941027998924255, 0.5850756168365479, 0.4107813239097595], "(1, 7, 2, 2)": [0.26735273003578186, 0.07675105333328247, 0.02791542559862137, 0.028893454000353813, -0.05560613423585892], "(1, 2, 2, 2)": [0.3624492287635803, 0.4589228332042694, 0.6152623295783997, 0.3053737282752991, 0.3949713408946991], "(3, 5, 2, 2)": [0.6574907302856445, 0.6691649556159973, 0.6148970127105713, 0.4809644818305969, 0.5673471093177795], "(3, 4, 2, 2)": [0.38650190830230713, 0.32770079374313354, 0.5746247172355652, 0.3068743646144867, 0.44085603952407837], "(1, 4, 2, 2)": [0.7411321997642517, 0.6009377241134644, 0.6008999347686768, 0.6360915303230286, 0.5342149138450623], "(1, 3, 2, 2)": [0.5803200006484985, 0.5687898397445679, 0.5132553577423096, 0.4519139528274536, 0.8066372275352478], "(3, 2, 2, 2)": [0.5078645944595337, 0.42639756202697754, 0.3040194511413574, 0.3436583876609802, 0.3809219300746918], "(3, 3, 2, 2)": [0.41508063673973083, 0.6445897221565247, 0.5246797800064087, 0.5898495316505432, 0.3618415296077728], "(3, 1, 2, 2)": [-0.18997684121131897, 0.007021700963377953, 0.18818841874599457, 0.24607382714748383, 0.3152601718902588], "(1, 5, 2, 2)": [0.48175960779190063, 0.4324021339416504, 0.6019243597984314, 0.30360355973243713, 0.43238580226898193], "(2, 6, 2, 3)": [0.0, 0.0, 0.0, 0.0, 0.026336852461099625], "(2, 7, 2, 3)": [0.0, 0.0, 0.0, 0.0, -0.06528599560260773]}}