{"q_values": {"(2, 5, 2, 2)": [0.9956110715866089, 0.9946076273918152, 0.9942218065261841, 0.9920699000358582, 0.9902971982955933], "(2, 6, 2, 2)": [0.947196364402771, 0.9474610090255737, 0.9455268383026123, 0.9455368518829346, 0.9416818022727966], "(2, 7, 2, 2)": [0.5556951761245728, 0.31783542037010193, 0.4261460304260254, 0.47952285408973694, 0.5910307765007019], "(2, 3, 2, 2)": [0.991064727306366, 0.9938226342201233, 0.9946578741073608, 0.9948409795761108, 0.9955352544784546], "(2, 1, 2, 2)": [0.26916635036468506, 0.39266034960746765, 0.4095143973827362, 0.6945065259933472, 0.5749881863594055], "(2, 2, 2, 2)": [0.9450733661651611, 0.9426283836364746, 0.9438540935516357, 0.9507502317428589, 0.9566007256507874], "(2, 4, 2, 2)": [1.008609414100647, 1.0082733631134033, 1.008320927619934, 1.0087192058563232, 1.0084141492843628], "(3, 7, 2, 2)": [0.1705082803964615, 0.22138990461826324, 0.045698389410972595, -0.027538415044546127, 0.11671165376901627], "(3, 6, 2, 2)": [0.401585191488266, 0.24927914142608643, 0.2910500764846802, 0.5044143199920654, 0.30658265948295593], "(1, 1, 2, 2)": [0.17400097846984863, 0.13341596722602844, 0.17481744289398193, 0.13984733819961548, 0.15156051516532898], "(1, 6, 2, 2)": [0.10601813346147537, 0.05611802637577057, 0.10441114753484726, 0.17700444161891937, 0.10719315707683563], "(1, 7, 2, 2)": [0.03412114828824997, -0.0650579184293747, -0.06508652865886688, 0.01071741059422493, -0.04018286615610123], "(1, 2, 2, 2)": [0.24522098898887634, 0.2671182453632355, 0.2690730690956116, 0.13081063330173492, 0.2674664556980133], "(3, 5, 2, 2)": [0.43246057629585266, 0.41561776399612427, 0.3806813061237335, 0.3401820957660675, 0.28132298588752747], "(3, 4, 2, 2)": [0.1921555995941162, 0.21679510176181793, 0.36671802401542664, 0.14129523932933807, 0.19237962365150452], "(1, 4, 2, 2)": [0.28473013639450073, 0.2402377873659134, 0.3861527740955353, 0.28536203503608704, 0.3062855303287506], "(1, 3, 2, 2)": [0.25799989700317383, 0.23636972904205322, 0.23666349053382874, 0.16530229151248932, 0.34169211983680725], "(3, 2, 2, 2)": [0.24356675148010254, 0.1784805804491043, 0.07989250123500824, 0.15609316527843475, 0.15591759979724884], "(3, 3, 2, 2)": [0.13839688897132874, 0.23606254160404205, 0.1879698932170868, 0.11134686321020126, 0.1648857444524765], "(3, 1, 2, 2)": [-0.05452682450413704, -0.008685287088155746, 0.14320379495620728, 0.14891782402992249, 0.1890271008014679], "(1, 5, 2, 2)": [0.2136535346508026, 0.18905602395534515, 0.2588546574115753, 0.0857570469379425, 0.16402722895145416]}}