{"q_values": {"(2, 5, 2, 2)": [0.9967226386070251, 0.9969828724861145, 0.9969372749328613, 0.9944343566894531, 0.9919639229774475], "(2, 6, 2, 2)": [0.9492701888084412, 0.9501020312309265, 0.9486516118049622, 0.9472396373748779, 0.94521564245224], "(2, 7, 2, 2)": [0.638599157333374, 0.6324764490127563, 0.45664528012275696, 0.5610845685005188, 0.1404028683900833], "(2, 3, 2, 2)": [0.9916854500770569, 0.9929487705230713, 0.9942787289619446, 0.9972717761993408, 0.9948596358299255], "(2, 1, 2, 2)": [0.4870668649673462, 0.36187025904655457, 0.06553108245134354, 0.41388800740242004, 0.5962647795677185], "(2, 2, 2, 2)": [0.9386847019195557, 0.9470516443252563, 0.9489899277687073, 0.9473944902420044, 0.9470996856689453], "(2, 4, 2, 2)": [1.00825834274292, 1.0082718133926392, 1.008211374282837, 1.0082283020019531, 1.0083783864974976], "(3, 7, 2, 2)": [0.1705082803964615, 0.2009410560131073, 0.045698389410972595, -0.027538415044546127, 0.16706688702106476], "(3, 6, 2, 2)": [0.401585191488266, 0.24927914142608643, 0.2910500764846802, 0.4912398159503937, 0.2880335748195648], "(1, 1, 2, 2)": [0.17400097846984863, 0.13341596722602844, 0.15457794070243835, 0.1175328940153122, 0.20437943935394287], "(1, 6, 2, 2)": [0.08198769390583038, 0.05611802637577057, 0.10441114753484726, 0.15411260724067688, 0.10719315707683563], "(1, 7, 2, 2)": [-0.016858268529176712, 0.0, -0.06508652865886688, 0.01071741059422493, -0.04018286615610123], "(1, 2, 2, 2)": [0.15519024431705475, 0.24544773995876312, 0.1572684943675995, 0.1050213947892189, 0.2674664556980133], "(3, 5, 2, 2)": [0.43246057629585266, 0.41561776399612427, 0.3806813061237335, 0.3401820957660675, 0.28132298588752747], "(3, 4, 2, 2)": [0.1921555995941162, 0.21679510176181793, 0.36671802401542664, 0.14129523932933807, 0.19237962365150452], "(1, 4, 2, 2)": [0.1916959434747696, 0.16723094880580902, 0.3062743544578552, 0.192511186003685, 0.14130441844463348], "(1, 3, 2, 2)": [0.25799989700317383, 0.23636972904205322, 0.23666349053382874, 0.16530229151248932, 0.34169211983680725], "(3, 2, 2, 2)": [0.24356675148010254, 0.1784805804491043, 0.07989250123500824, 0.15609316527843475, 0.15591759979724884], "(3, 3, 2, 2)": [0.13839688897132874, 0.23606254160404205, 0.1879698932170868, 0.11134686321020126, 0.1648857444524765], "(3, 1, 2, 2)": [-0.05452682450413704, -0.008685287088155746, 0.14320379495620728, 0.14891782402992249, 0.1890271008014679], "(1, 5, 2, 2)": [0.2136535346508026, 0.16558967530727386, 0.2588546574115753, 0.0857570469379425, 0.13899941742420197]}}