{"q_values": {"(2, 5, 2, 2)": [0.9949918985366821, 0.9949095845222473, 0.9933233261108398, 0.993621826171875, 0.9924142956733704], "(2, 6, 2, 2)": [0.9528387188911438, 0.9525080323219299, 0.9496532678604126, 0.9466432332992554, 0.9458494782447815], "(2, 7, 2, 2)": [0.5359090566635132, 0.650057315826416, 0.4441263675689697, 0.37895438075065613, 0.2179856300354004], "(2, 3, 2, 2)": [0.9931398630142212, 0.993526041507721, 0.9911229014396667, 0.9940207004547119, 0.9962844848632812], "(2, 1, 2, 2)": [0.2805091440677643, 0.6350845098495483, 0.5503100752830505, 0.2755613923072815, 0.6243872046470642], "(2, 2, 2, 2)": [0.9436399340629578, 0.941486120223999, 0.9479730129241943, 0.9511949419975281, 0.9539096355438232], "(2, 4, 2, 2)": [1.0084025859832764, 1.0081318616867065, 1.0083588361740112, 1.0080878734588623, 1.0078825950622559], "(3, 7, 2, 2)": [0.11495396494865417, 0.4299198389053345, 0.24006758630275726, 0.1075831800699234, 0.35256534814834595], "(3, 6, 2, 2)": [0.6150439381599426, 0.4299752116203308, 0.5436391234397888, 0.7579605579376221, 0.5542308688163757], "(1, 1, 2, 2)": [0.28505343198776245, 0.22105517983436584, 0.3091470003128052, 0.39146360754966736, 0.13646455109119415], "(1, 6, 2, 2)": [0.6280611157417297, 0.5123963356018066, 0.5769500732421875, 0.7407462000846863, 0.5361008644104004], "(1, 7, 2, 2)": [0.2948904037475586, 0.20835718512535095, 0.21853461861610413, -0.003425218164920807, 0.1204574778676033], "(1, 2, 2, 2)": [0.4105987250804901, 0.5406807065010071, 0.6730864644050598, 0.3943881094455719, 0.45950421690940857], "(3, 5, 2, 2)": [0.7148877382278442, 0.6887335181236267, 0.6377652287483215, 0.5116241574287415, 0.5803700089454651], "(3, 4, 2, 2)": [0.47389575839042664, 0.4743405282497406, 0.7325972318649292, 0.38686129450798035, 0.5056359767913818], "(1, 4, 2, 2)": [0.8383524417877197, 0.7573574781417847, 0.7073597311973572, 0.7334089875221252, 0.6582636833190918], "(1, 3, 2, 2)": [0.7065789699554443, 0.6599097847938538, 0.5690786242485046, 0.5293987989425659, 0.8798750042915344], "(3, 2, 2, 2)": [0.6391188502311707, 0.4708663821220398, 0.3588763475418091, 0.44195428490638733, 0.48629605770111084], "(3, 3, 2, 2)": [0.4810747504234314, 0.7631481289863586, 0.6243650913238525, 0.6669721007347107, 0.465513676404953], "(3, 1, 2, 2)": [-0.0793827548623085, 0.1049332395195961, 0.12665784358978271, 0.30065906047821045, 0.37318044900894165], "(1, 5, 2, 2)": [0.659602701663971, 0.6037036180496216, 0.8036667704582214, 0.484657347202301, 0.6028403639793396], "(2, 6, 2, 3)": [0.0, 0.0, 0.0, 0.0, 0.026336852461099625], "(2, 7, 2, 3)": [0.0, 0.0, 0.0, 0.0, -0.06528599560260773]}}