{"q_values": {"(2, 5, 2, 2)": [0.997291624546051, 0.9966142773628235, 0.9941217303276062, 0.9950995445251465, 0.9925349950790405], "(2, 6, 2, 2)": [0.9467921257019043, 0.948204517364502, 0.9466173648834229, 0.9464251399040222, 0.9410359263420105], "(2, 7, 2, 2)": [0.7185624837875366, 0.6928637027740479, 0.6525630950927734, 0.5354687571525574, 0.10143938660621643], "(2, 3, 2, 2)": [0.9912388920783997, 0.9907374978065491, 0.9932696223258972, 0.995448648929596, 0.9953108429908752], "(2, 1, 2, 2)": [0.1410282999277115, 0.4698689579963684, 0.329659104347229, 0.5769743323326111, 0.7190377116203308], "(2, 2, 2, 2)": [0.9453535676002502, 0.9404346942901611, 0.9511507749557495, 0.9469449520111084, 0.9527526497840881], "(2, 4, 2, 2)": [1.0082941055297852, 1.00826096534729, 1.0086021423339844, 1.0086359977722168, 1.0082603693008423], "(3, 7, 2, 2)": [0.1705082803964615, 0.259426474571228, -0.020832069218158722, -0.001511257141828537, 0.11671165376901627], "(3, 6, 2, 2)": [0.401585191488266, 0.24927914142608643, 0.2910500764846802, 0.5044143199920654, 0.30658265948295593], "(1, 1, 2, 2)": [0.17400097846984863, 0.1544523388147354, 0.1955854296684265, 0.06985419243574142, 0.15156051516532898], "(1, 6, 2, 2)": [0.1556878536939621, 0.15823136270046234, 0.15348826348781586, 0.30391326546669006, 0.15670831501483917], "(1, 7, 2, 2)": [0.10831935703754425, 0.016964346170425415, 0.06462793052196503, 0.11057563126087189, -0.1419651210308075], "(1, 2, 2, 2)": [0.28622230887413025, 0.3056294918060303, 0.2899240553379059, 0.13081063330173492, 0.2674664556980133], "(3, 5, 2, 2)": [0.43246057629585266, 0.41561776399612427, 0.3806813061237335, 0.3401820957660675, 0.28132298588752747], "(3, 4, 2, 2)": [0.1921555995941162, 0.21679510176181793, 0.36671802401542664, 0.14129523932933807, 0.19237962365150452], "(1, 4, 2, 2)": [0.3473328948020935, 0.30657511949539185, 0.3861527740955353, 0.3478547930717468, 0.3272077143192291], "(1, 3, 2, 2)": [0.3220336437225342, 0.23636972904205322, 0.3026527464389801, 0.19019971787929535, 0.415980726480484], "(3, 2, 2, 2)": [0.24356675148010254, 0.1784805804491043, 0.07989250123500824, 0.15609316527843475, 0.15591759979724884], "(3, 3, 2, 2)": [0.13839688897132874, 0.23606254160404205, 0.1879698932170868, 0.11134686321020126, 0.1648857444524765], "(3, 1, 2, 2)": [-0.05452682450413704, -0.008685287088155746, 0.14320379495620728, 0.14891782402992249, 0.1890271008014679], "(1, 5, 2, 2)": [0.2586040496826172, 0.2359059751033783, 0.36117061972618103, 0.0857570469379425, 0.23562517762184143]}}