{"q_values": {"(2, 5, 2, 2)": [0.9959021806716919, 0.9955809712409973, 0.9923003911972046, 0.9913129806518555, 0.9919154644012451], "(2, 6, 2, 2)": [0.9557142853736877, 0.9512394070625305, 0.9501979947090149, 0.9463364481925964, 0.9430063366889954], "(2, 7, 2, 2)": [0.5029965043067932, 0.4586213529109955, 0.5764850974082947, 0.44698530435562134, 0.3206309676170349], "(2, 3, 2, 2)": [0.9924616813659668, 0.9931343793869019, 0.9935227036476135, 0.9925541281700134, 0.9960564970970154], "(2, 1, 2, 2)": [0.3372803330421448, 0.39497390389442444, 0.48856544494628906, 0.6169856786727905, 0.6747941970825195], "(2, 2, 2, 2)": [0.9463886618614197, 0.9386286735534668, 0.9472856521606445, 0.9483900666236877, 0.9510912299156189], "(2, 4, 2, 2)": [1.008196234703064, 1.0085506439208984, 1.0086759328842163, 1.0081641674041748, 1.008470892906189], "(3, 7, 2, 2)": [0.049951836466789246, 0.050937093794345856, -0.056096747517585754, 0.026073992252349854, 0.049307502806186676], "(3, 6, 2, 2)": [0.0, 0.0, 0.0, 0.02727573737502098, 0.0], "(1, 1, 2, 2)": [0.034574441611766815, 0.08302998542785645, 0.07322878390550613, 0.09947338700294495, 0.18540923297405243], "(1, 6, 2, 2)": [0.02851627767086029, 0.028095792979002, 0.02825343981385231, 0.10583911836147308, 0.0], "(1, 7, 2, 2)": [-0.016858268529176712, 0.0, 0.0, 0.026213960722088814, 0.0], "(1, 2, 2, 2)": [0.08152638375759125, 0.0, 0.05434411019086838, 0.053005389869213104, 0.05390468239784241], "(3, 5, 2, 2)": [0.029934020712971687, 0.08680791407823563, 0.029856719076633453, 0.02984280325472355, 0.0], "(3, 4, 2, 2)": [0.029993390664458275, 0.0, 0.05920632183551788, 0.029926102608442307, 0.0]}}