{"q_values": {"(2, 5, 2, 2)": [0.9941567182540894, 0.9914377331733704, 0.9926018118858337, 0.9930508732795715, 0.9929656386375427], "(2, 6, 2, 2)": [0.9488934278488159, 0.9479972124099731, 0.9424875378608704, 0.9518990516662598, 0.9384228587150574], "(2, 7, 2, 2)": [0.4907720386981964, 0.7126228213310242, 0.47583746910095215, 0.45521068572998047, 0.5570141077041626], "(2, 3, 2, 2)": [0.9928675293922424, 0.9906153082847595, 0.9936829209327698, 0.9937191605567932, 0.9950562715530396], "(2, 1, 2, 2)": [0.3354651927947998, 0.5499984622001648, 0.6156452894210815, 0.4371768832206726, 0.5649044513702393], "(2, 2, 2, 2)": [0.9505411982536316, 0.9465376138687134, 0.9491482973098755, 0.9539960026741028, 0.9505866765975952], "(2, 4, 2, 2)": [1.0083489418029785, 1.0081650018692017, 1.008166790008545, 1.0085008144378662, 1.0084048509597778], "(3, 7, 2, 2)": [0.07621163874864578, 0.2111794650554657, -0.05886659398674965, 0.014363106340169907, 0.14529241621494293], "(3, 6, 2, 2)": [0.2252081036567688, 0.20647522807121277, 0.10971610248088837, 0.24685877561569214, 0.15593090653419495], "(1, 1, 2, 2)": [0.058547452092170715, 0.0373772531747818, 0.07322878390550613, 0.1452224850654602, 0.045803800225257874], "(1, 6, 2, 2)": [0.08198769390583038, 0.05611802637577057, 0.10441114753484726, 0.15411260724067688, 0.10719315707683563], "(1, 7, 2, 2)": [-0.016858268529176712, 0.0, -0.06508652865886688, 0.01071741059422493, -0.04018286615610123], "(1, 2, 2, 2)": [0.08152638375759125, 0.05401935055851936, 0.08124813437461853, 0.053005389869213104, 0.07968992739915848], "(3, 5, 2, 2)": [0.23575496673583984, 0.2811242640018463, 0.16530361771583557, 0.1126537024974823, 0.05766289308667183], "(3, 4, 2, 2)": [0.14124730229377747, 0.11497651040554047, 0.21606118977069855, 0.05896016210317612, 0.08756924420595169], "(1, 4, 2, 2)": [0.1916959434747696, 0.14141090214252472, 0.26231110095977783, 0.192511186003685, 0.14130441844463348], "(1, 3, 2, 2)": [0.16476090252399445, 0.16447915136814117, 0.21355128288269043, 0.1401412934064865, 0.25820091366767883], "(3, 2, 2, 2)": [0.20023958384990692, 0.15437425673007965, 0.027845440432429314, 0.13154703378677368, 0.1066678911447525], "(3, 3, 2, 2)": [0.13839688897132874, 0.2132948637008667, 0.1631128191947937, 0.057116128504276276, 0.1397298127412796], "(3, 1, 2, 2)": [-0.015785425901412964, -0.008685287088155746, 0.12154501676559448, 0.12600015103816986, 0.16836196184158325], "(1, 5, 2, 2)": [0.2136535346508026, 0.16558967530727386, 0.2588546574115753, 0.0857570469379425, 0.13899941742420197]}}