{"q_values": {"(2, 5, 2, 2)": [0.9968602657318115, 0.9945023655891418, 0.9937103390693665, 0.9903268218040466, 0.9924938082695007], "(2, 6, 2, 2)": [0.9500553607940674, 0.9486610293388367, 0.9433947205543518, 0.9473510980606079, 0.9387558698654175], "(2, 7, 2, 2)": [0.6220706701278687, 0.49430015683174133, 0.2850877642631531, 0.5647993087768555, 0.28216418623924255], "(2, 3, 2, 2)": [0.9920536279678345, 0.995355486869812, 0.9943509697914124, 0.9947959780693054, 0.996241569519043], "(2, 1, 2, 2)": [0.24525734782218933, 0.5864480137825012, 0.5474143028259277, 0.7345028519630432, 0.6553395986557007], "(2, 2, 2, 2)": [0.9418359398841858, 0.9438607096672058, 0.9457224607467651, 0.9472373127937317, 0.9492167830467224], "(2, 4, 2, 2)": [1.0083063840866089, 1.0083835124969482, 1.0085736513137817, 1.0082745552062988, 1.0078991651535034], "(3, 7, 2, 2)": [0.049951836466789246, 0.050937093794345856, -0.056096747517585754, 0.026073992252349854, 0.049307502806186676], "(3, 6, 2, 2)": [0.0, 0.0, 0.0, 0.02727573737502098, 0.0], "(1, 1, 2, 2)": [0.07870452105998993, 0.03369847685098648, 0.07322878390550613, 0.07621297985315323, 0.16451574862003326], "(1, 6, 2, 2)": [0.02851627767086029, 0.028095792979002, 0.02825343981385231, 0.10583911836147308, 0.0], "(1, 7, 2, 2)": [-0.016858268529176712, 0.0, 0.0, 0.026213960722088814, 0.0], "(1, 2, 2, 2)": [0.08152638375759125, 0.0, 0.02794836275279522, 0.053005389869213104, 0.027209844440221786], "(3, 5, 2, 2)": [0.029934020712971687, 0.08680791407823563, 0.029856719076633453, 0.02984280325472355, 0.0], "(3, 4, 2, 2)": [0.029993390664458275, 0.0, 0.05920632183551788, 0.029926102608442307, 0.0]}}