{"q_values": {"(2, 5, 2, 2)": [0.9950113892555237, 0.9947611689567566, 0.993191123008728, 0.9939782023429871, 0.9912304878234863], "(2, 6, 2, 2)": [0.9505898356437683, 0.952721118927002, 0.9513454437255859, 0.9450539946556091, 0.9426380395889282], "(2, 7, 2, 2)": [0.6696809530258179, 0.6066519021987915, 0.32550930976867676, 0.40617719292640686, 0.5260713696479797], "(2, 3, 2, 2)": [0.9898131489753723, 0.9910224080085754, 0.9913572669029236, 0.9944593906402588, 0.9966738224029541], "(2, 1, 2, 2)": [0.3658411502838135, 0.31111016869544983, 0.28794020414352417, 0.5773770809173584, 0.7092840075492859], "(2, 2, 2, 2)": [0.9434052109718323, 0.9468023777008057, 0.9471502900123596, 0.9437287449836731, 0.9459021687507629], "(2, 4, 2, 2)": [1.0080610513687134, 1.0080245733261108, 1.0078610181808472, 1.00835382938385, 1.0082396268844604], "(3, 7, 2, 2)": [0.14600662887096405, 0.19187939167022705, -0.013920679688453674, 0.014363106340169907, 0.14529241621494293], "(3, 6, 2, 2)": [0.15655672550201416, 0.08246763050556183, 0.028908805921673775, 0.05485808849334717, 0.08190792798995972], "(1, 1, 2, 2)": [0.058547452092170715, 0.0373772531747818, 0.07322878390550613, 0.1452224850654602, 0.11477035284042358], "(1, 6, 2, 2)": [0.02851627767086029, 0.028095792979002, 0.02825343981385231, 0.10583911836147308, 0.0], "(1, 7, 2, 2)": [-0.016858268529176712, 0.0, 0.0, 0.026213960722088814, 0.0], "(1, 2, 2, 2)": [0.08152638375759125, 0.05401935055851936, 0.08124813437461853, 0.053005389869213104, 0.07968992739915848], "(3, 5, 2, 2)": [0.1636815369129181, 0.21468012034893036, 0.11343435943126678, 0.08604336529970169, 0.0293536689132452], "(3, 4, 2, 2)": [0.11465570330619812, 0.030266400426626205, 0.05920632183551788, 0.029926102608442307, 0.05932373180985451], "(1, 4, 2, 2)": [0.14087322354316711, 0.02998695708811283, 0.029976142570376396, 0.0, 0.02996770665049553], "(1, 3, 2, 2)": [0.11301451921463013, 0.1389533132314682, 0.0863509401679039, 0.11372001469135284, 0.13814595341682434], "(3, 2, 2, 2)": [0.028055669739842415, 0.05467629432678223, 0.0, 0.027879003435373306, 0.027524184435606003], "(3, 3, 2, 2)": [0.05797243118286133, 0.0583057701587677, 0.11218865215778351, 0.0, 0.058342330157756805], "(3, 1, 2, 2)": [0.051231153309345245, 0.0, 0.02497480995953083, 0.026081455871462822, 0.02686898037791252]}}