{"q_values": {"(2, 5, 2, 2)": [0.99916672706604, 0.9959402084350586, 0.9947696924209595, 0.9933353066444397, 0.9927809834480286], "(2, 6, 2, 2)": [0.9507611989974976, 0.9484901428222656, 0.9463732242584229, 0.9438093304634094, 0.9419130086898804], "(2, 7, 2, 2)": [0.6510696411132812, 0.6492227911949158, 0.6840605139732361, 0.5435742735862732, 0.6416093707084656], "(2, 3, 2, 2)": [0.988118588924408, 0.9928097724914551, 0.9919220805168152, 0.9927812218666077, 0.9942764043807983], "(2, 1, 2, 2)": [0.14677780866622925, 0.22889819741249084, 0.6744705438613892, 0.7521084547042847, 0.5373483896255493], "(2, 2, 2, 2)": [0.9393380284309387, 0.9421326518058777, 0.9520734548568726, 0.9458855986595154, 0.9557061791419983], "(2, 4, 2, 2)": [1.0087382793426514, 1.0089166164398193, 1.0086835622787476, 1.0087155103683472, 1.0085322856903076], "(3, 7, 2, 2)": [0.14600662887096405, 0.19187939167022705, 0.053385280072689056, -0.011118710041046143, 0.09900743514299393], "(3, 6, 2, 2)": [0.15655672550201416, 0.08246763050556183, 0.028908805921673775, 0.05485808849334717, 0.08190792798995972], "(1, 1, 2, 2)": [0.058547452092170715, 0.0373772531747818, 0.07322878390550613, 0.1452224850654602, 0.11477035284042358], "(1, 6, 2, 2)": [0.02851627767086029, 0.028095792979002, 0.02825343981385231, 0.10583911836147308, 0.0], "(1, 7, 2, 2)": [-0.016858268529176712, 0.0, 0.0, 0.026213960722088814, 0.0], "(1, 2, 2, 2)": [0.08152638375759125, 0.05401935055851936, 0.08124813437461853, 0.053005389869213104, 0.07968992739915848], "(3, 5, 2, 2)": [0.1636815369129181, 0.21468012034893036, 0.11343435943126678, 0.08604336529970169, 0.0293536689132452], "(3, 4, 2, 2)": [0.11465570330619812, 0.030266400426626205, 0.05920632183551788, 0.029926102608442307, 0.05932373180985451], "(1, 4, 2, 2)": [0.14087322354316711, 0.02998695708811283, 0.029976142570376396, 0.0, 0.02996770665049553], "(1, 3, 2, 2)": [0.11301451921463013, 0.1389533132314682, 0.0863509401679039, 0.11372001469135284, 0.13814595341682434], "(3, 2, 2, 2)": [0.028055669739842415, 0.05467629432678223, 0.0, 0.027879003435373306, 0.027524184435606003], "(3, 3, 2, 2)": [0.05797243118286133, 0.0583057701587677, 0.11218865215778351, 0.0, 0.058342330157756805], "(3, 1, 2, 2)": [0.051231153309345245, 0.0, 0.02497480995953083, 0.026081455871462822, 0.02686898037791252]}}