{"q_values": {"(2, 5, 2, 2)": [0.9931464195251465, 0.9900250434875488, 0.9889715909957886, 0.9888458847999573, 0.9871677756309509], "(2, 6, 2, 2)": [0.9446293115615845, 0.944034218788147, 0.9438750147819519, 0.9392440319061279, 0.938424289226532], "(2, 7, 2, 2)": [0.6322088241577148, 0.42660120129585266, 0.27369385957717896, 0.45015597343444824, 0.396011620759964], "(2, 3, 2, 2)": [0.9868091940879822, 0.9891627430915833, 0.9901480078697205, 0.9905573129653931, 0.9951890707015991], "(2, 1, 2, 2)": [0.2218286395072937, 0.5208857655525208, 0.5660590529441833, 0.5037178993225098, 0.6573112607002258], "(2, 2, 2, 2)": [0.9328337907791138, 0.9350265860557556, 0.9437078833580017, 0.9410448670387268, 0.947199821472168], "(2, 4, 2, 2)": [1.002427577972412, 1.0057122707366943, 1.0025936365127563, 1.0069373846054077, 1.0026109218597412], "(3, 7, 2, 2)": [0.0, 0.0, -0.016427744179964066, 0.0, 0.0]}}