{"q_values": {"(2, 5, 2, 2)": [0.9947447180747986, 0.994766891002655, 0.9926536083221436, 0.9892241954803467, 0.9932895302772522], "(2, 6, 2, 2)": [0.9505473375320435, 0.9502201080322266, 0.9501307606697083, 0.945966362953186, 0.9450945854187012], "(2, 7, 2, 2)": [0.8148496747016907, 0.7051100730895996, 0.5098807215690613, 0.48104774951934814, 0.40898650884628296], "(2, 3, 2, 2)": [0.9926638603210449, 0.9952743053436279, 0.9969238638877869, 0.9954847693443298, 0.9954213500022888], "(2, 1, 2, 2)": [0.403774619102478, 0.36522191762924194, 0.44590798020362854, 0.6642442345619202, 0.6024620532989502], "(2, 2, 2, 2)": [0.9439737200737, 0.9467445015907288, 0.9453316330909729, 0.954302966594696, 0.9576510787010193], "(2, 4, 2, 2)": [1.0085699558258057, 1.00857675075531, 1.0084242820739746, 1.008384346961975, 1.0084125995635986], "(3, 7, 2, 2)": [0.19044147431850433, 0.2783357799053192, 0.006278287619352341, -0.001511257141828537, 0.09064345061779022], "(3, 6, 2, 2)": [0.4644467532634735, 0.2707459032535553, 0.3500078022480011, 0.5424538850784302, 0.3452643156051636], "(1, 1, 2, 2)": [0.17400097846984863, 0.10425472259521484, 0.1955854296684265, 0.06985419243574142, 0.15156051516532898], "(1, 6, 2, 2)": [0.22466138005256653, 0.2040369212627411, 0.24399490654468536, 0.3937091827392578, 0.17969948053359985], "(1, 7, 2, 2)": [0.13188421726226807, 0.04227202758193016, 0.06462793052196503, 0.13245365023612976, -0.17346496880054474], "(1, 2, 2, 2)": [0.28622230887413025, 0.3056294918060303, 0.2899240553379059, 0.13081063330173492, 0.2674664556980133], "(3, 5, 2, 2)": [0.4485372304916382, 0.48190784454345703, 0.4660203158855438, 0.3401820957660675, 0.3426080048084259], "(3, 4, 2, 2)": [0.26293420791625977, 0.24020659923553467, 0.4220561385154724, 0.14129523932933807, 0.21672841906547546], "(1, 4, 2, 2)": [0.3473328948020935, 0.30657511949539185, 0.3861527740955353, 0.3478547930717468, 0.3272077143192291], "(1, 3, 2, 2)": [0.3220336437225342, 0.23636972904205322, 0.3026527464389801, 0.19019971787929535, 0.415980726480484], "(3, 2, 2, 2)": [0.2838744521141052, 0.22310827672481537, 0.19973281025886536, 0.17919990420341492, 0.1798992156982422], "(3, 3, 2, 2)": [0.30108723044395447, 0.41545671224594116, 0.34106385707855225, 0.36069270968437195, 0.25919604301452637], "(3, 1, 2, 2)": [-0.09148652851581573, 0.017151260748505592, 0.18704664707183838, 0.09857707470655441, 0.1890271008014679], "(1, 5, 2, 2)": [0.2586040496826172, 0.2580314874649048, 0.37941089272499084, 0.0857570469379425, 0.25788313150405884]}}