{"q_values": {"(2, 5, 2, 2)": [0.9952789545059204, 0.9940014481544495, 0.9927858710289001, 0.9897720813751221, 0.9891584515571594], "(2, 6, 2, 2)": [0.9483168125152588, 0.9442473649978638, 0.942870557308197, 0.9430285692214966, 0.9413532614707947], "(2, 7, 2, 2)": [0.5246110558509827, 0.5738196969032288, 0.3510623276233673, 0.4534405469894409, 0.11032881587743759], "(2, 3, 2, 2)": [0.9919323921203613, 0.9943869113922119, 0.9964970946311951, 0.9949336051940918, 0.9981393814086914], "(2, 1, 2, 2)": [0.5763395428657532, 0.3767435848712921, 0.5494816899299622, 0.42668774724006653, 0.5977024435997009], "(2, 2, 2, 2)": [0.9448428750038147, 0.9463251829147339, 0.948809802532196, 0.9477757811546326, 0.9497842788696289], "(2, 4, 2, 2)": [1.0087060928344727, 1.0087894201278687, 1.0083959102630615, 1.008294701576233, 1.0084002017974854], "(3, 7, 2, 2)": [0.049951836466789246, 0.050937093794345856, -0.056096747517585754, 0.026073992252349854, 0.049307502806186676], "(3, 6, 2, 2)": [0.0, 0.0, 0.0, 0.02727573737502098, 0.0], "(1, 1, 2, 2)": [0.10152416676282883, 0.0522431880235672, 0.09759310632944107, 0.07621297985315323, 0.09777837246656418]}}