{"q_values": {"(2, 5, 2, 2)": [0.9945241808891296, 0.9933694005012512, 0.9921435117721558, 0.9913215041160583, 0.9926024675369263], "(2, 6, 2, 2)": [0.953239381313324, 0.9464216828346252, 0.9482476115226746, 0.9448269605636597, 0.9411006569862366], "(2, 7, 2, 2)": [0.6286223530769348, 0.3145799934864044, 0.7198533415794373, 0.3089440166950226, 0.3087172508239746], "(2, 3, 2, 2)": [0.9919079542160034, 0.9937055706977844, 0.9971190690994263, 0.9950379133224487, 0.9967212677001953], "(2, 1, 2, 2)": [0.16841833293437958, 0.47585755586624146, 0.4570644795894623, 0.5126991271972656, 0.6282479763031006], "(2, 2, 2, 2)": [0.9456198215484619, 0.9458934664726257, 0.9481515288352966, 0.9538853764533997, 0.9510440826416016], "(2, 4, 2, 2)": [1.0081110000610352, 1.007888674736023, 1.0084537267684937, 1.0082975625991821, 1.0082648992538452], "(3, 7, 2, 2)": [0.049951836466789246, 0.050937093794345856, -0.056096747517585754, 0.026073992252349854, 0.049307502806186676], "(3, 6, 2, 2)": [0.0, 0.0, 0.0, 0.02727573737502098, 0.0], "(1, 1, 2, 2)": [0.034574441611766815, 0.08302998542785645, 0.07322878390550613, 0.09947338700294495, 0.18540923297405243], "(1, 6, 2, 2)": [0.02851627767086029, 0.028095792979002, 0.02825343981385231, 0.10583911836147308, 0.0], "(1, 7, 2, 2)": [-0.016858268529176712, 0.0, 0.0, 0.026213960722088814, 0.0], "(1, 2, 2, 2)": [0.08152638375759125, 0.0, 0.05434411019086838, 0.053005389869213104, 0.05390468239784241], "(3, 5, 2, 2)": [0.029934020712971687, 0.08680791407823563, 0.029856719076633453, 0.02984280325472355, 0.0], "(3, 4, 2, 2)": [0.029993390664458275, 0.0, 0.05920632183551788, 0.029926102608442307, 0.0]}}