{"q_values": {"(2, 5, 2, 2)": [0.9942552447319031, 0.9937754273414612, 0.9937528371810913, 0.9916715621948242, 0.9899587631225586], "(2, 6, 2, 2)": [0.9469839334487915, 0.9496904015541077, 0.9486269950866699, 0.94587641954422, 0.9438758492469788], "(2, 7, 2, 2)": [0.7967665791511536, 0.5814824104309082, 0.5495122075080872, 0.5404029488563538, 0.5456613898277283], "(2, 3, 2, 2)": [0.992802083492279, 0.9927982091903687, 0.9937502145767212, 0.9930295348167419, 0.995285153388977], "(2, 1, 2, 2)": [0.45302531123161316, 0.6966784596443176, 0.46382850408554077, 0.48814818263053894, 0.6736141443252563], "(2, 2, 2, 2)": [0.9428496956825256, 0.9386403560638428, 0.946817934513092, 0.948645830154419, 0.9528502225875854], "(2, 4, 2, 2)": [1.0084965229034424, 1.0080316066741943, 1.0081840753555298, 1.0081090927124023, 1.008649230003357], "(3, 7, 2, 2)": [0.2591981887817383, 0.5109312534332275, 0.24006758630275726, 0.15839716792106628, 0.287175714969635], "(3, 6, 2, 2)": [0.5821157097816467, 0.39653411507606506, 0.48862531781196594, 0.7120362520217896, 0.502507209777832], "(1, 1, 2, 2)": [0.28505343198776245, 0.17955975234508514, 0.29059189558029175, 0.3095950186252594, 0.08954178541898727], "(1, 6, 2, 2)": [0.6280611157417297, 0.5123963356018066, 0.5769500732421875, 0.729625940322876, 0.5361008644104004], "(1, 7, 2, 2)": [0.2933685779571533, 0.1677926778793335, 0.24950683116912842, -0.003425218164920807, 0.07493410259485245], "(1, 2, 2, 2)": [0.39527878165245056, 0.5016379952430725, 0.654608964920044, 0.36013689637184143, 0.41169583797454834], "(3, 5, 2, 2)": [0.6968654990196228, 0.6790675520896912, 0.6377652287483215, 0.49656444787979126, 0.5803700089454651], "(3, 4, 2, 2)": [0.440471351146698, 0.457859605550766, 0.7241185903549194, 0.3678196966648102, 0.5056359767913818], "(1, 4, 2, 2)": [0.7984448075294495, 0.6886541843414307, 0.668658971786499, 0.6980456709861755, 0.6248906850814819], "(1, 3, 2, 2)": [0.679006040096283, 0.5937846899032593, 0.5279727578163147, 0.5293987989425659, 0.8432039022445679], "(3, 2, 2, 2)": [0.5987631678581238, 0.456030935049057, 0.34051045775413513, 0.42600321769714355, 0.42918679118156433], "(3, 3, 2, 2)": [0.44936373829841614, 0.7179120779037476, 0.5892326831817627, 0.625083327293396, 0.41645440459251404], "(3, 1, 2, 2)": [-0.12879866361618042, 0.057704586535692215, 0.054313838481903076, 0.24607382714748383, 0.3247951567173004], "(1, 5, 2, 2)": [0.5788911581039429, 0.512200653553009, 0.7427287697792053, 0.41923248767852783, 0.5655267834663391], "(2, 6, 2, 3)": [0.0, 0.0, 0.0, 0.0, 0.026336852461099625], "(2, 7, 2, 3)": [0.0, 0.0, 0.0, 0.0, -0.06528599560260773]}}