{"q_values": {"(2, 5, 2, 2)": [0.9943228960037231, 0.9944441914558411, 0.9931163191795349, 0.9930254817008972, 0.9904903173446655], "(2, 6, 2, 2)": [0.9507887959480286, 0.9485052824020386, 0.9478653073310852, 0.9469599723815918, 0.9446290135383606], "(2, 7, 2, 2)": [0.5988768935203552, 0.7135193347930908, 0.49973195791244507, 0.4312993586063385, 0.22960403561592102], "(2, 3, 2, 2)": [0.9920243620872498, 0.9934521317481995, 0.99529629945755, 0.9955202341079712, 0.9954304099082947], "(2, 1, 2, 2)": [0.16702988743782043, 0.5686758756637573, 0.49417057633399963, 0.5668566823005676, 0.6627048254013062], "(2, 2, 2, 2)": [0.948038637638092, 0.9445695877075195, 0.948811948299408, 0.9475452303886414, 0.9554391503334045], "(2, 4, 2, 2)": [1.0080143213272095, 1.0082063674926758, 1.0082396268844604, 1.008189082145691, 1.0085102319717407], "(3, 7, 2, 2)": [0.1859816312789917, 0.5109312534332275, 0.24006758630275726, 0.15839716792106628, 0.30386045575141907], "(3, 6, 2, 2)": [0.5821157097816467, 0.39653411507606506, 0.48862531781196594, 0.7120362520217896, 0.502507209777832], "(1, 1, 2, 2)": [0.28505343198776245, 0.17955975234508514, 0.29059189558029175, 0.3095950186252594, 0.08954178541898727], "(1, 6, 2, 2)": [0.6280611157417297, 0.5123963356018066, 0.5769500732421875, 0.7407462000846863, 0.5361008644104004], "(1, 7, 2, 2)": [0.2948904037475586, 0.20835718512535095, 0.21853461861610413, -0.003425218164920807, 0.1204574778676033], "(1, 2, 2, 2)": [0.39527878165245056, 0.5289868712425232, 0.6730864644050598, 0.3780820369720459, 0.45950421690940857], "(3, 5, 2, 2)": [0.7148877382278442, 0.6887335181236267, 0.6377652287483215, 0.5116241574287415, 0.5803700089454651], "(3, 4, 2, 2)": [0.47389575839042664, 0.4743405282497406, 0.7325972318649292, 0.38686129450798035, 0.5056359767913818], "(1, 4, 2, 2)": [0.8383524417877197, 0.7573574781417847, 0.7073597311973572, 0.7334089875221252, 0.6582636833190918], "(1, 3, 2, 2)": [0.7065789699554443, 0.6599097847938538, 0.5690786242485046, 0.5293987989425659, 0.8798750042915344], "(3, 2, 2, 2)": [0.6087510585784912, 0.456030935049057, 0.3588763475418091, 0.42600321769714355, 0.44349318742752075], "(3, 3, 2, 2)": [0.4652957618236542, 0.7411894202232361, 0.6015639901161194, 0.6573001742362976, 0.41645440459251404], "(3, 1, 2, 2)": [-0.07026797533035278, 0.057704586535692215, 0.054313838481903076, 0.24607382714748383, 0.3247951567173004], "(1, 5, 2, 2)": [0.659602701663971, 0.6037036180496216, 0.8036667704582214, 0.484657347202301, 0.6028403639793396], "(2, 6, 2, 3)": [0.0, 0.0, 0.0, 0.0, 0.026336852461099625], "(2, 7, 2, 3)": [0.0, 0.0, 0.0, 0.0, -0.06528599560260773]}}