{"q_values": {"(2, 5, 2, 2)": [0.9967489838600159, 0.9957442879676819, 0.9924024343490601, 0.9919355511665344, 0.9934918284416199], "(2, 6, 2, 2)": [0.9526062607765198, 0.9515158534049988, 0.9511171579360962, 0.9466450214385986, 0.9424903988838196], "(2, 7, 2, 2)": [0.6358084678649902, 0.5206424593925476, 0.497448205947876, 0.3047185242176056, 0.4072522222995758], "(2, 3, 2, 2)": [0.9914271831512451, 0.9921091198921204, 0.9951586127281189, 0.9938707947731018, 0.9960788488388062], "(2, 1, 2, 2)": [0.40615376830101013, 0.5201490521430969, 0.49066728353500366, 0.6980052590370178, 0.5670844912528992], "(2, 2, 2, 2)": [0.9422253966331482, 0.945215106010437, 0.9421742558479309, 0.9470808506011963, 0.9479796886444092], "(2, 4, 2, 2)": [1.008229374885559, 1.0084706544876099, 1.0084283351898193, 1.0085182189941406, 1.0081666707992554], "(3, 7, 2, 2)": [0.10063911974430084, 0.17850254476070404, 0.045698389410972595, -0.027538415044546127, 0.16706688702106476], "(3, 6, 2, 2)": [0.34749481081962585, 0.22909322381019592, 0.18166446685791016, 0.44727829098701477, 0.2470981329679489], "(1, 1, 2, 2)": [0.15303650498390198, 0.11027258634567261, 0.22664180397987366, 0.1175328940153122, 0.20437943935394287], "(1, 6, 2, 2)": [0.08198769390583038, 0.05611802637577057, 0.10441114753484726, 0.15411260724067688, 0.10719315707683563], "(1, 7, 2, 2)": [-0.016858268529176712, 0.0, -0.06508652865886688, 0.01071741059422493, -0.04018286615610123], "(1, 2, 2, 2)": [0.1309584230184555, 0.20254479348659515, 0.1572684943675995, 0.07975685596466064, 0.2674664556980133], "(3, 5, 2, 2)": [0.3610023856163025, 0.39761096239089966, 0.3021896183490753, 0.3203929662704468, 0.21310240030288696], "(3, 4, 2, 2)": [0.14124730229377747, 0.19246669113636017, 0.2846735119819641, 0.14129523932933807, 0.19237962365150452], "(1, 4, 2, 2)": [0.1916959434747696, 0.16723094880580902, 0.3062743544578552, 0.192511186003685, 0.14130441844463348], "(1, 3, 2, 2)": [0.25799989700317383, 0.23636972904205322, 0.23666349053382874, 0.16530229151248932, 0.3224491775035858], "(3, 2, 2, 2)": [0.20023958384990692, 0.15437425673007965, 0.027845440432429314, 0.13154703378677368, 0.1066678911447525], "(3, 3, 2, 2)": [0.13839688897132874, 0.2132948637008667, 0.1631128191947937, 0.057116128504276276, 0.1397298127412796], "(3, 1, 2, 2)": [-0.015785425901412964, -0.008685287088155746, 0.12154501676559448, 0.12600015103816986, 0.16836196184158325], "(1, 5, 2, 2)": [0.2136535346508026, 0.16558967530727386, 0.2588546574115753, 0.0857570469379425, 0.13899941742420197]}}