{"q_values": {"(2, 5, 2, 2)": [0.9977155923843384, 0.9941596984863281, 0.9958345890045166, 0.9927215576171875, 0.9916723966598511], "(2, 6, 2, 2)": [0.9502307176589966, 0.9448255300521851, 0.9482934474945068, 0.9474138617515564, 0.9412952661514282], "(2, 7, 2, 2)": [0.5052701830863953, 0.3657415509223938, 0.4765007495880127, 0.3693237006664276, 0.4201585054397583], "(2, 3, 2, 2)": [0.991432249546051, 0.9921742081642151, 0.9922172427177429, 0.9972823262214661, 0.9970499277114868], "(2, 1, 2, 2)": [0.33166414499282837, 0.46255597472190857, 0.3930407166481018, 0.5178551077842712, 0.3288811147212982], "(2, 2, 2, 2)": [0.9386337399482727, 0.9433600306510925, 0.9415377974510193, 0.9446582198143005, 0.9462714791297913], "(2, 4, 2, 2)": [1.0083402395248413, 1.0084292888641357, 1.0085138082504272, 1.008021593093872, 1.0082497596740723], "(3, 7, 2, 2)": [0.2591981887817383, 0.49985194206237793, 0.18192006647586823, 0.2106529325246811, 0.3635484278202057], "(3, 6, 2, 2)": [0.5455718636512756, 0.38100680708885193, 0.4609111547470093, 0.635974645614624, 0.45994833111763], "(1, 1, 2, 2)": [0.28033703565597534, 0.15779586136341095, 0.34865841269493103, 0.2218657284975052, 0.18431881070137024], "(1, 6, 2, 2)": [0.43432748317718506, 0.3288283944129944, 0.45941027998924255, 0.5850756168365479, 0.4107813239097595], "(1, 7, 2, 2)": [0.16944493353366852, 0.028774959966540337, 0.07227717339992523, 0.047200605273246765, -0.11366619914770126], "(1, 2, 2, 2)": [0.3624492287635803, 0.4589228332042694, 0.6152623295783997, 0.3053737282752991, 0.3949713408946991], "(3, 5, 2, 2)": [0.6367291808128357, 0.6384416222572327, 0.567000687122345, 0.44860440492630005, 0.5131614804267883], "(3, 4, 2, 2)": [0.38650190830230713, 0.32770079374313354, 0.54765784740448, 0.26303738355636597, 0.44085603952407837], "(1, 4, 2, 2)": [0.7411321997642517, 0.6009377241134644, 0.6008999347686768, 0.6009573936462402, 0.5342149138450623], "(1, 3, 2, 2)": [0.49706098437309265, 0.4989245533943176, 0.4344468116760254, 0.40042418241500854, 0.7474527955055237], "(3, 2, 2, 2)": [0.4661954343318939, 0.3937515616416931, 0.2642153799533844, 0.3436583876609802, 0.34635689854621887], "(3, 3, 2, 2)": [0.3971486985683441, 0.4949261546134949, 0.464294970035553, 0.4142194092273712, 0.30179595947265625], "(3, 1, 2, 2)": [-0.12819427251815796, -0.002070242539048195, 0.24276182055473328, 0.22787043452262878, 0.24502655863761902], "(1, 5, 2, 2)": [0.48175960779190063, 0.4324021339416504, 0.5908967852592468, 0.30360355973243713, 0.4153861105442047]}}