{"q_values": {"(2, 5, 2, 2)": [0.9959141612052917, 0.9923586845397949, 0.9931603670120239, 0.9940492510795593, 0.9927470684051514], "(2, 6, 2, 2)": [0.9505406022071838, 0.9462140202522278, 0.948559045791626, 0.9465272426605225, 0.9448166489601135], "(2, 7, 2, 2)": [0.6022638082504272, 0.6211158633232117, 0.6054590940475464, 0.35910093784332275, 0.3685375452041626], "(2, 3, 2, 2)": [0.9929842948913574, 0.9943759441375732, 0.9931343197822571, 0.9954809546470642, 0.9955401420593262], "(2, 1, 2, 2)": [0.1334671825170517, 0.518181324005127, 0.3807147145271301, 0.66777104139328, 0.5390052199363708], "(2, 2, 2, 2)": [0.9413695931434631, 0.9438440203666687, 0.9479588866233826, 0.9495930671691895, 0.9510639309883118], "(2, 4, 2, 2)": [1.008652925491333, 1.008320927619934, 1.008338212966919, 1.0085444450378418, 1.0084024667739868], "(3, 7, 2, 2)": [0.11960714310407639, 0.29549893736839294, 0.006278287619352341, -0.001511257141828537, 0.09064345061779022], "(3, 6, 2, 2)": [0.4644467532634735, 0.2707459032535553, 0.3500078022480011, 0.5526826977729797, 0.3452643156051636], "(1, 1, 2, 2)": [0.10368230193853378, 0.17154774069786072, 0.3404737412929535, 0.16264916956424713, 0.24939113855361938], "(1, 6, 2, 2)": [0.24685826897621155, 0.2040369212627411, 0.3041762113571167, 0.4254150986671448, 0.2026260942220688], "(1, 7, 2, 2)": [0.17450106143951416, 0.04227202758193016, -0.002742953598499298, 0.14540159702301025, -0.14328226447105408], "(1, 2, 2, 2)": [0.32569459080696106, 0.4119598865509033, 0.5524807572364807, 0.2867186367511749, 0.3430367112159729], "(3, 5, 2, 2)": [0.4485372304916382, 0.48190784454345703, 0.4660203158855438, 0.3401820957660675, 0.3426080048084259], "(3, 4, 2, 2)": [0.26293420791625977, 0.24020659923553467, 0.4220561385154724, 0.14129523932933807, 0.21672841906547546], "(1, 4, 2, 2)": [0.4731411337852478, 0.4228092133998871, 0.404691219329834, 0.44007444381713867, 0.3861705958843231], "(1, 3, 2, 2)": [0.4150387942790985, 0.28100156784057617, 0.38154980540275574, 0.2138935625553131, 0.5409243702888489], "(3, 2, 2, 2)": [0.37559089064598083, 0.267334908246994, 0.22278828918933868, 0.24663899838924408, 0.2904311418533325], "(3, 3, 2, 2)": [0.3411182761192322, 0.41545671224594116, 0.37813466787338257, 0.39725497364997864, 0.25919604301452637], "(3, 1, 2, 2)": [-0.09148652851581573, -0.04874922335147858, 0.18704664707183838, 0.12133101373910904, 0.1890271008014679], "(1, 5, 2, 2)": [0.3436336815357208, 0.34160545468330383, 0.45047321915626526, 0.16514013707637787, 0.3015829920768738]}}