{"q_values": {"(2, 5, 2, 2)": [0.9972100853919983, 0.9957754015922546, 0.9961123466491699, 0.9964230060577393, 0.9940432906150818], "(2, 6, 2, 2)": [0.9545247554779053, 0.9493423700332642, 0.9478804469108582, 0.9484953880310059, 0.9479800462722778], "(2, 7, 2, 2)": [0.7230960726737976, 0.5384300351142883, 0.5312203764915466, 0.6260083317756653, 0.41505366563796997], "(2, 3, 2, 2)": [0.9917001128196716, 0.9924252033233643, 0.9956303238868713, 0.9945427775382996, 0.99622642993927], "(2, 1, 2, 2)": [0.4165084958076477, 0.5624875426292419, 0.6203499436378479, 0.7199216485023499, 0.7586259245872498], "(2, 2, 2, 2)": [0.945422887802124, 0.9465227127075195, 0.9453698992729187, 0.9526327848434448, 0.9486148357391357], "(2, 4, 2, 2)": [1.0084753036499023, 1.0084166526794434, 1.0079444646835327, 1.0085949897766113, 1.0080835819244385], "(3, 7, 2, 2)": [0.2591981887817383, 0.5109312534332275, 0.24006758630275726, 0.15839716792106628, 0.287175714969635], "(3, 6, 2, 2)": [0.5821157097816467, 0.39653411507606506, 0.48862531781196594, 0.7120362520217896, 0.502507209777832], "(1, 1, 2, 2)": [0.28033703565597534, 0.15779586136341095, 0.34865841269493103, 0.2218657284975052, 0.18431881070137024], "(1, 6, 2, 2)": [0.44833600521087646, 0.3468928337097168, 0.45941027998924255, 0.5850756168365479, 0.4107813239097595], "(1, 7, 2, 2)": [0.26735273003578186, 0.07675105333328247, 0.02791542559862137, 0.028893454000353813, -0.05560613423585892], "(1, 2, 2, 2)": [0.3624492287635803, 0.4589228332042694, 0.6152623295783997, 0.3053737282752991, 0.3949713408946991], "(3, 5, 2, 2)": [0.6574907302856445, 0.6691649556159973, 0.6148970127105713, 0.4809644818305969, 0.5673471093177795], "(3, 4, 2, 2)": [0.38650190830230713, 0.32770079374313354, 0.5746247172355652, 0.3068743646144867, 0.44085603952407837], "(1, 4, 2, 2)": [0.7411321997642517, 0.6009377241134644, 0.6008999347686768, 0.6360915303230286, 0.5342149138450623], "(1, 3, 2, 2)": [0.5803200006484985, 0.5687898397445679, 0.5132553577423096, 0.4519139528274536, 0.8066372275352478], "(3, 2, 2, 2)": [0.5078645944595337, 0.42639756202697754, 0.3040194511413574, 0.3436583876609802, 0.3809219300746918], "(3, 3, 2, 2)": [0.41508063673973083, 0.6445897221565247, 0.5246797800064087, 0.5898495316505432, 0.3618415296077728], "(3, 1, 2, 2)": [-0.18997684121131897, 0.007021700963377953, 0.18818841874599457, 0.24607382714748383, 0.3152601718902588], "(1, 5, 2, 2)": [0.48175960779190063, 0.4324021339416504, 0.6019243597984314, 0.30360355973243713, 0.43238580226898193]}}