{"q_values": {"(2, 5, 2, 2)": [0.9954842925071716, 0.9931361079216003, 0.9934396743774414, 0.9921087026596069, 0.9903870820999146], "(2, 6, 2, 2)": [0.9506707191467285, 0.9439826011657715, 0.9494467377662659, 0.9477373361587524, 0.9452869296073914], "(2, 7, 2, 2)": [0.6605430841445923, 0.5455470085144043, 0.5461096167564392, 0.4351675808429718, 0.30385398864746094], "(2, 3, 2, 2)": [0.9909232258796692, 0.9922905564308167, 0.9941743016242981, 0.9944252967834473, 0.9935924410820007], "(2, 1, 2, 2)": [0.3890232741832733, 0.5473674535751343, 0.41896021366119385, 0.3591674864292145, 0.6421440839767456], "(2, 2, 2, 2)": [0.9504340887069702, 0.9470129609107971, 0.9477661848068237, 0.9487365484237671, 0.9542421698570251], "(2, 4, 2, 2)": [1.0080578327178955, 1.0085574388504028, 1.0084611177444458, 1.0083496570587158, 1.0085186958312988], "(3, 7, 2, 2)": [0.2591981887817383, 0.5109312534332275, 0.24006758630275726, 0.15839716792106628, 0.287175714969635], "(3, 6, 2, 2)": [0.5821157097816467, 0.39653411507606506, 0.48862531781196594, 0.7120362520217896, 0.502507209777832], "(1, 1, 2, 2)": [0.3313409984111786, 0.15779586136341095, 0.2729085087776184, 0.24017368257045746, 0.13594788312911987], "(1, 6, 2, 2)": [0.5401533842086792, 0.4716392755508423, 0.4884283244609833, 0.6768462657928467, 0.5101782083511353], "(1, 7, 2, 2)": [0.27399593591690063, 0.10156051814556122, 0.19048629701137543, 0.014062762260437012, 0.026531614363193512], "(1, 2, 2, 2)": [0.37956398725509644, 0.4883301556110382, 0.6361364722251892, 0.342805415391922, 0.41169583797454834], "(3, 5, 2, 2)": [0.6574907302856445, 0.6691649556159973, 0.6148970127105713, 0.4809644818305969, 0.5673471093177795], "(3, 4, 2, 2)": [0.440471351146698, 0.4233924448490143, 0.6973249912261963, 0.3481258153915405, 0.4901663661003113], "(1, 4, 2, 2)": [0.7490769028663635, 0.6248835325241089, 0.6008999347686768, 0.657943606376648, 0.5882745385169983], "(1, 3, 2, 2)": [0.648832380771637, 0.5937846899032593, 0.5279727578163147, 0.5000609755516052, 0.823908269405365], "(3, 2, 2, 2)": [0.5444267988204956, 0.42639756202697754, 0.3040194511413574, 0.4110316038131714, 0.39728692173957825], "(3, 3, 2, 2)": [0.41508063673973083, 0.6647288799285889, 0.5511156320571899, 0.6019649505615234, 0.3990394175052643], "(3, 1, 2, 2)": [-0.1594277024269104, 0.007021700963377953, 0.22880679368972778, 0.24607382714748383, 0.2557374835014343], "(1, 5, 2, 2)": [0.5534244179725647, 0.4814602732658386, 0.6855273842811584, 0.382986843585968, 0.4956739544868469], "(2, 6, 2, 3)": [0.0, 0.0, 0.0, 0.0, 0.026336852461099625], "(2, 7, 2, 3)": [0.0, 0.0, 0.0, 0.0, -0.06528599560260773]}}