{"q_values": {"(2, 5, 2, 2)": [0.9963914752006531, 0.9908944964408875, 0.9937062859535217, 0.9914699792861938, 0.9896044135093689], "(2, 6, 2, 2)": [0.9530208706855774, 0.9496978521347046, 0.9473205804824829, 0.9512494802474976, 0.9435209631919861], "(2, 7, 2, 2)": [0.5859655141830444, 0.28278955817222595, 0.3619120717048645, 0.3832353949546814, 0.5326972007751465], "(2, 3, 2, 2)": [0.987976610660553, 0.9930595755577087, 0.9943768978118896, 0.9933361411094666, 0.9947498440742493], "(2, 1, 2, 2)": [0.49046429991722107, 0.46341055631637573, 0.3444175720214844, 0.5255187153816223, 0.6133935451507568], "(2, 2, 2, 2)": [0.94211345911026, 0.9421407580375671, 0.9470029473304749, 0.9469447135925293, 0.9487248659133911], "(2, 4, 2, 2)": [1.0085468292236328, 1.008241057395935, 1.0083589553833008, 1.0079572200775146, 1.0080437660217285], "(3, 7, 2, 2)": [0.14600662887096405, 0.19187939167022705, -0.07897700369358063, 0.014363106340169907, 0.14529241621494293], "(3, 6, 2, 2)": [0.2252081036567688, 0.20647522807121277, 0.10971610248088837, 0.2041546255350113, 0.10832536220550537], "(1, 1, 2, 2)": [0.058547452092170715, 0.0373772531747818, 0.07322878390550613, 0.1452224850654602, 0.11477035284042358], "(1, 6, 2, 2)": [0.02851627767086029, 0.028095792979002, 0.02825343981385231, 0.10583911836147308, 0.0], "(1, 7, 2, 2)": [-0.016858268529176712, 0.0, 0.0, 0.026213960722088814, 0.0], "(1, 2, 2, 2)": [0.08152638375759125, 0.05401935055851936, 0.08124813437461853, 0.053005389869213104, 0.07968992739915848], "(3, 5, 2, 2)": [0.23575496673583984, 0.2811242640018463, 0.16530361771583557, 0.1126537024974823, 0.05766289308667183], "(3, 4, 2, 2)": [0.11465570330619812, 0.059392768889665604, 0.1146090105175972, 0.05896016210317612, 0.05932373180985451], "(1, 4, 2, 2)": [0.14087322354316711, 0.02998695708811283, 0.029976142570376396, 0.0, 0.02996770665049553], "(1, 3, 2, 2)": [0.11301451921463013, 0.1389533132314682, 0.0863509401679039, 0.11372001469135284, 0.13814595341682434], "(3, 2, 2, 2)": [0.17770090699195862, 0.10587187856435776, 0.027845440432429314, 0.13154703378677368, 0.1066678911447525], "(3, 3, 2, 2)": [0.11245901882648468, 0.16462311148643494, 0.1382957398891449, 0.057116128504276276, 0.1134820431470871], "(3, 1, 2, 2)": [-0.015785425901412964, -0.008685287088155746, 0.12154501676559448, 0.12600015103816986, 0.16836196184158325]}}