{"q_values": {"(2, 5, 2, 2)": [0.993463397026062, 0.9903965592384338, 0.9923375248908997, 0.9916862845420837, 0.9905633330345154], "(2, 6, 2, 2)": [0.9491559863090515, 0.9474949836730957, 0.9482736587524414, 0.9467232823371887, 0.9435771703720093], "(2, 7, 2, 2)": [0.560889720916748, 0.3985947370529175, 0.6121704578399658, 0.35209769010543823, 0.347320020198822], "(2, 3, 2, 2)": [0.9926568269729614, 0.988551676273346, 0.9932008981704712, 0.9951509237289429, 0.9967184066772461], "(2, 1, 2, 2)": [0.3788522183895111, 0.3967941701412201, 0.5868256092071533, 0.555860161781311, 0.6116792559623718], "(2, 2, 2, 2)": [0.9418905377388, 0.9418373703956604, 0.9412315487861633, 0.9439916610717773, 0.9522159099578857], "(2, 4, 2, 2)": [1.0084874629974365, 1.0084354877471924, 1.0083701610565186, 1.0085259675979614, 1.0082731246948242], "(3, 7, 2, 2)": [0.14600662887096405, 0.19187939167022705, 0.053385280072689056, 0.1252375692129135, 0.09900743514299393], "(3, 6, 2, 2)": [0.028183789923787117, 0.027289211750030518, 0.0, 0.02727573737502098, 0.0], "(1, 1, 2, 2)": [0.034574441611766815, 0.08302998542785645, 0.07322878390550613, 0.09947338700294495, 0.18540923297405243], "(1, 6, 2, 2)": [0.02851627767086029, 0.028095792979002, 0.02825343981385231, 0.10583911836147308, 0.0], "(1, 7, 2, 2)": [-0.016858268529176712, 0.0, 0.0, 0.026213960722088814, 0.0], "(1, 2, 2, 2)": [0.08152638375759125, 0.0, 0.05434411019086838, 0.053005389869213104, 0.05390468239784241], "(3, 5, 2, 2)": [0.029934020712971687, 0.08680791407823563, 0.029856719076633453, 0.02984280325472355, 0.0], "(3, 4, 2, 2)": [0.029993390664458275, 0.0, 0.05920632183551788, 0.029926102608442307, 0.0]}}