{"q_values": {"(2, 5, 2, 2)": [0.9362229704856873, 0.930354118347168, 0.9378664493560791, 0.9461434483528137, 0.9477989673614502], "(2, 6, 2, 2)": [0.8960252404212952, 0.9081825613975525, 0.9003453254699707, 0.8950268626213074, 0.8906169533729553], "(2, 7, 2, 2)": [0.545363187789917, 0.06027938425540924, 0.20138907432556152, 0.2506929039955139, 0.15890131890773773], "(2, 3, 2, 2)": [0.943989098072052, 0.9405273199081421, 0.9545676112174988, 0.9537807106971741, 0.966839611530304], "(2, 1, 2, 2)": [-0.005250826478004456, 0.4246866703033447, 0.6079034805297852, 0.4635712802410126, 0.6742233633995056], "(2, 2, 2, 2)": [0.8245717287063599, 0.8373807072639465, 0.8619544506072998, 0.8339702486991882, 0.8760976195335388], "(2, 4, 2, 2)": [0.9524611234664917, 0.9550214409828186, 0.962431788444519, 0.964726448059082, 0.9587152600288391]}}