{"q_values": {"(2, 5, 2, 2)": [0.9942134022712708, 0.9911835789680481, 0.989924967288971, 0.9898930788040161, 0.9909497499465942], "(2, 6, 2, 2)": [0.9569501876831055, 0.9477865099906921, 0.9490993022918701, 0.9446684718132019, 0.9456976056098938], "(2, 7, 2, 2)": [0.6309624314308167, 0.5419558882713318, 0.36691734194755554, 0.32577183842658997, 0.5082612037658691], "(2, 3, 2, 2)": [0.9912987947463989, 0.9933737516403198, 0.9941587448120117, 0.991849422454834, 0.9948562383651733], "(2, 1, 2, 2)": [0.47118380665779114, 0.38666778802871704, 0.5753064155578613, 0.5747060775756836, 0.28862956166267395], "(2, 2, 2, 2)": [0.9468669295310974, 0.9507452249526978, 0.9462578296661377, 0.948971688747406, 0.951626718044281], "(2, 4, 2, 2)": [1.007784128189087, 1.0086314678192139, 1.0086866617202759, 1.0086208581924438, 1.0081815719604492], "(3, 7, 2, 2)": [0.18608641624450684, 0.22043471038341522, 0.1291147917509079, 0.12169282138347626, 0.15827032923698425], "(3, 6, 2, 2)": [0.47865065932273865, 0.32861486077308655, 0.4003692865371704, 0.5634262561798096, 0.380405992269516], "(1, 1, 2, 2)": [0.1264760047197342, 0.12037383764982224, 0.3566336929798126, 0.16264916956424713, 0.28600212931632996], "(1, 6, 2, 2)": [0.28884586691856384, 0.2040369212627411, 0.3230922818183899, 0.44128552079200745, 0.264901727437973], "(1, 7, 2, 2)": [0.17450106143951416, -0.024879824370145798, -0.002742953598499298, 0.14540159702301025, -0.11366619914770126], "(1, 2, 2, 2)": [0.32569459080696106, 0.4119598865509033, 0.5630228519439697, 0.2867186367511749, 0.3430367112159729], "(3, 5, 2, 2)": [0.4485372304916382, 0.48190784454345703, 0.4660203158855438, 0.3401820957660675, 0.3613605499267578], "(3, 4, 2, 2)": [0.26293420791625977, 0.24020659923553467, 0.4220561385154724, 0.14129523932933807, 0.21672841906547546], "(1, 4, 2, 2)": [0.4890698194503784, 0.44023454189300537, 0.4226064682006836, 0.4733738303184509, 0.4045473635196686], "(1, 3, 2, 2)": [0.4150387942790985, 0.28100156784057617, 0.38154980540275574, 0.2138935625553131, 0.5409243702888489], "(3, 2, 2, 2)": [0.4227774143218994, 0.2872704267501831, 0.22278828918933868, 0.24663899838924408, 0.2904311418533325], "(3, 3, 2, 2)": [0.3411182761192322, 0.41545671224594116, 0.37813466787338257, 0.39725497364997864, 0.25919604301452637], "(3, 1, 2, 2)": [-0.09148652851581573, -0.0861649215221405, 0.18704664707183838, 0.12133101373910904, 0.1890271008014679], "(1, 5, 2, 2)": [0.38211461901664734, 0.3795129060745239, 0.4964779317378998, 0.16514013707637787, 0.3418561816215515]}}