{"q_values": {"(2, 5, 2, 2)": [0.9943038821220398, 0.9947497248649597, 0.9949665069580078, 0.9915109276771545, 0.9916344881057739], "(2, 6, 2, 2)": [0.9505878686904907, 0.9484891891479492, 0.9508806467056274, 0.949936032295227, 0.9398343563079834], "(2, 7, 2, 2)": [0.5050124526023865, 0.6289480328559875, 0.6345134377479553, 0.3930323123931885, 0.4221659302711487], "(2, 3, 2, 2)": [0.9952889084815979, 0.9930744171142578, 0.9952393174171448, 0.9944888949394226, 0.9987117648124695], "(2, 1, 2, 2)": [0.4687446355819702, 0.46107926964759827, 0.3392041027545929, 0.41967064142227173, 0.4750261902809143], "(2, 2, 2, 2)": [0.9424880146980286, 0.9426913261413574, 0.9483417868614197, 0.9475910663604736, 0.950455904006958], "(2, 4, 2, 2)": [1.0084965229034424, 1.0081050395965576, 1.0086748600006104, 1.0087352991104126, 1.008617639541626], "(3, 7, 2, 2)": [0.2591981887817383, 0.4892793893814087, 0.1379515826702118, 0.2666882276535034, 0.3635484278202057], "(3, 6, 2, 2)": [0.5455718636512756, 0.38100680708885193, 0.44663551449775696, 0.6180418729782104, 0.44621211290359497], "(1, 1, 2, 2)": [0.24421103298664093, 0.15779586136341095, 0.3328918218612671, 0.2218657284975052, 0.25714462995529175], "(1, 6, 2, 2)": [0.43432748317718506, 0.3288283944129944, 0.42795053124427795, 0.5514122843742371, 0.3937751054763794], "(1, 7, 2, 2)": [0.12597714364528656, 0.0031123291701078415, 0.02288147620856762, 0.1157328337430954, -0.11366619914770126], "(1, 2, 2, 2)": [0.3624492287635803, 0.4589228332042694, 0.6152623295783997, 0.3053737282752991, 0.3949713408946991], "(3, 5, 2, 2)": [0.6024283170700073, 0.627082884311676, 0.567000687122345, 0.44860440492630005, 0.4982067048549652], "(3, 4, 2, 2)": [0.3478688895702362, 0.30682218074798584, 0.5335440039634705, 0.26303738355636597, 0.44085603952407837], "(1, 4, 2, 2)": [0.6125858426094055, 0.48931771516799927, 0.45702630281448364, 0.5343784689903259, 0.456689715385437], "(1, 3, 2, 2)": [0.44882023334503174, 0.4342314302921295, 0.39935606718063354, 0.3025537431240082, 0.668335497379303], "(3, 2, 2, 2)": [0.4661954343318939, 0.3937515616416931, 0.2642153799533844, 0.3436583876609802, 0.34635689854621887], "(3, 3, 2, 2)": [0.3787998855113983, 0.48004454374313354, 0.464294970035553, 0.39725497364997864, 0.30179595947265625], "(3, 1, 2, 2)": [-0.12819427251815796, -0.002070242539048195, 0.24276182055473328, 0.22787043452262878, 0.24502655863761902], "(1, 5, 2, 2)": [0.45061755180358887, 0.39785128831863403, 0.5530857443809509, 0.26028114557266235, 0.39802971482276917]}}