{"q_values": {"(2, 5, 2, 2)": [0.9969167709350586, 0.9957237243652344, 0.9933653473854065, 0.9936922192573547, 0.9915306568145752], "(2, 6, 2, 2)": [0.9561201333999634, 0.9526889324188232, 0.9481828808784485, 0.9456171989440918, 0.946578860282898], "(2, 7, 2, 2)": [0.7176113128662109, 0.43039748072624207, 0.36725032329559326, 0.3233470618724823, 0.23703533411026], "(2, 3, 2, 2)": [0.9894859194755554, 0.9949080348014832, 0.9946847558021545, 0.9948371052742004, 0.9991661310195923], "(2, 1, 2, 2)": [0.4502408802509308, 0.6477282047271729, 0.469084233045578, 0.37804725766181946, 0.727306604385376], "(2, 2, 2, 2)": [0.944692850112915, 0.9458461403846741, 0.946546733379364, 0.9474661350250244, 0.9517349004745483], "(2, 4, 2, 2)": [1.008378505706787, 1.0084174871444702, 1.0084195137023926, 1.0082693099975586, 1.0082604885101318], "(3, 7, 2, 2)": [0.07621163874864578, 0.2111794650554657, -0.05886659398674965, 0.014363106340169907, 0.14529241621494293], "(3, 6, 2, 2)": [0.2252081036567688, 0.20647522807121277, 0.10971610248088837, 0.24685877561569214, 0.15593090653419495], "(1, 1, 2, 2)": [0.058547452092170715, 0.0373772531747818, 0.07322878390550613, 0.1452224850654602, 0.11477035284042358], "(1, 6, 2, 2)": [0.02851627767086029, 0.028095792979002, 0.02825343981385231, 0.10583911836147308, 0.0], "(1, 7, 2, 2)": [-0.016858268529176712, 0.0, 0.0, 0.026213960722088814, 0.0], "(1, 2, 2, 2)": [0.08152638375759125, 0.05401935055851936, 0.08124813437461853, 0.053005389869213104, 0.07968992739915848], "(3, 5, 2, 2)": [0.23575496673583984, 0.2811242640018463, 0.16530361771583557, 0.1126537024974823, 0.05766289308667183], "(3, 4, 2, 2)": [0.14124730229377747, 0.11497651040554047, 0.21606118977069855, 0.05896016210317612, 0.08756924420595169], "(1, 4, 2, 2)": [0.14087322354316711, 0.02998695708811283, 0.029976142570376396, 0.0, 0.02996770665049553], "(1, 3, 2, 2)": [0.11301451921463013, 0.1389533132314682, 0.0863509401679039, 0.11372001469135284, 0.13814595341682434], "(3, 2, 2, 2)": [0.20023958384990692, 0.15437425673007965, 0.027845440432429314, 0.13154703378677368, 0.1066678911447525], "(3, 3, 2, 2)": [0.13839688897132874, 0.2132948637008667, 0.1631128191947937, 0.057116128504276276, 0.1397298127412796], "(3, 1, 2, 2)": [-0.015785425901412964, -0.008685287088155746, 0.12154501676559448, 0.12600015103816986, 0.16836196184158325]}}