{"q_values": {"(2, 5, 2, 2)": [0.9940083622932434, 0.9939257502555847, 0.9941939115524292, 0.9933295845985413, 0.9884738922119141], "(2, 6, 2, 2)": [0.9532951712608337, 0.9475589990615845, 0.9531331658363342, 0.9444199204444885, 0.9441471695899963], "(2, 7, 2, 2)": [0.7478389143943787, 0.6164098978042603, 0.5105577707290649, 0.4873758554458618, 0.4928528964519501], "(2, 3, 2, 2)": [0.992985725402832, 0.9924119710922241, 0.9932950139045715, 0.9953480958938599, 0.9955984354019165], "(2, 1, 2, 2)": [0.2863105237483978, 0.32854047417640686, 0.48016592860221863, 0.5502382516860962, 0.5904331803321838], "(2, 2, 2, 2)": [0.9434638619422913, 0.947949230670929, 0.9490246772766113, 0.9484108686447144, 0.9580333828926086], "(2, 4, 2, 2)": [1.0084519386291504, 1.0088207721710205, 1.0088860988616943, 1.0083158016204834, 1.0083332061767578], "(3, 7, 2, 2)": [0.14600662887096405, 0.19187939167022705, 0.053385280072689056, 0.1252375692129135, 0.09900743514299393], "(3, 6, 2, 2)": [0.028183789923787117, 0.027289211750030518, 0.0, 0.02727573737502098, 0.0], "(1, 1, 2, 2)": [0.058547452092170715, 0.0373772531747818, 0.07322878390550613, 0.1452224850654602, 0.18540923297405243], "(1, 6, 2, 2)": [0.02851627767086029, 0.028095792979002, 0.02825343981385231, 0.10583911836147308, 0.0], "(1, 7, 2, 2)": [-0.016858268529176712, 0.0, 0.0, 0.026213960722088814, 0.0], "(1, 2, 2, 2)": [0.08152638375759125, 0.05401935055851936, 0.08124813437461853, 0.053005389869213104, 0.07968992739915848], "(3, 5, 2, 2)": [0.029934020712971687, 0.08680791407823563, 0.029856719076633453, 0.02984280325472355, 0.0], "(3, 4, 2, 2)": [0.029993390664458275, 0.0, 0.05920632183551788, 0.029926102608442307, 0.0], "(1, 4, 2, 2)": [0.14087322354316711, 0.02998695708811283, 0.029976142570376396, 0.0, 0.02996770665049553], "(1, 3, 2, 2)": [0.11301451921463013, 0.1389533132314682, 0.0863509401679039, 0.11372001469135284, 0.13814595341682434]}}