{"q_values": {"(2, 5, 2, 2)": [0.994238018989563, 0.9954299330711365, 0.9926945567131042, 0.9903848171234131, 0.9903286099433899], "(2, 6, 2, 2)": [0.9433916211128235, 0.9483217000961304, 0.9464551210403442, 0.9479497075080872, 0.9402199387550354], "(2, 7, 2, 2)": [0.17891418933868408, 0.5555561184883118, 0.4712919592857361, 0.6342249512672424, 0.10522949695587158], "(2, 3, 2, 2)": [0.9928444027900696, 0.9912177324295044, 0.991483211517334, 0.9956663250923157, 0.9941892027854919], "(2, 1, 2, 2)": [0.6020789742469788, 0.36187148094177246, 0.4404926300048828, 0.6508734822273254, 0.7305917143821716], "(2, 2, 2, 2)": [0.946240246295929, 0.9408862590789795, 0.95237797498703, 0.9504103660583496, 0.9513257145881653], "(2, 4, 2, 2)": [1.0086671113967896, 1.0083513259887695, 1.0087816715240479, 1.008683204650879, 1.0082966089248657], "(3, 7, 2, 2)": [0.3352607488632202, 0.4892793893814087, 0.1379515826702118, 0.2481239140033722, 0.34909772872924805], "(3, 6, 2, 2)": [0.5071779489517212, 0.38100680708885193, 0.4304403066635132, 0.6069150567054749, 0.4314541220664978], "(1, 1, 2, 2)": [0.11936221271753311, 0.13633789122104645, 0.3873650133609772, 0.18311887979507446, 0.23212751746177673], "(1, 6, 2, 2)": [0.43432748317718506, 0.3288283944129944, 0.41198039054870605, 0.5514122843742371, 0.36181381344795227], "(1, 7, 2, 2)": [0.12597714364528656, 0.0031123291701078415, 0.02288147620856762, 0.16754019260406494, -0.11366619914770126], "(1, 2, 2, 2)": [0.32569459080696106, 0.4438391923904419, 0.595304548740387, 0.2867186367511749, 0.3600248694419861], "(3, 5, 2, 2)": [0.4485372304916382, 0.48190784454345703, 0.4660203158855438, 0.3401820957660675, 0.3797248601913452], "(3, 4, 2, 2)": [0.26293420791625977, 0.24020659923553467, 0.4220561385154724, 0.14129523932933807, 0.21672841906547546], "(1, 4, 2, 2)": [0.5480417013168335, 0.45713895559310913, 0.44006451964378357, 0.48929932713508606, 0.4045473635196686], "(1, 3, 2, 2)": [0.44882023334503174, 0.3016907572746277, 0.38154980540275574, 0.23679287731647491, 0.5676566958427429], "(3, 2, 2, 2)": [0.4227774143218994, 0.32483547925949097, 0.24384155869483948, 0.3063620328903198, 0.32908299565315247], "(3, 3, 2, 2)": [0.3604809045791626, 0.44827917218208313, 0.3959699869155884, 0.39725497364997864, 0.2810862362384796], "(3, 1, 2, 2)": [-0.12538500130176544, -0.028790784999728203, 0.2816777527332306, 0.1878366321325302, 0.28465941548347473], "(1, 5, 2, 2)": [0.4348525106906891, 0.39785128831863403, 0.5259009599685669, 0.2140149027109146, 0.39802971482276917]}}