{"q_values": {"(2, 5, 2, 2)": [0.9937301278114319, 0.9948121905326843, 0.9932345747947693, 0.9934830665588379, 0.9899608492851257], "(2, 6, 2, 2)": [0.9529639482498169, 0.9466177821159363, 0.9456491470336914, 0.9486567378044128, 0.941282331943512], "(2, 7, 2, 2)": [0.32643502950668335, 0.5901867151260376, 0.42597922682762146, 0.5548108220100403, 0.24686962366104126], "(2, 3, 2, 2)": [0.9911335110664368, 0.9920957088470459, 0.9944468140602112, 0.9924989938735962, 0.9953973293304443], "(2, 1, 2, 2)": [0.05838077515363693, 0.4220944046974182, 0.43668919801712036, 0.5373465418815613, 0.6146299242973328], "(2, 2, 2, 2)": [0.9464532136917114, 0.9460765719413757, 0.9492811560630798, 0.9487045407295227, 0.9486506581306458], "(2, 4, 2, 2)": [1.0087419748306274, 1.0080902576446533, 1.0087884664535522, 1.007749080657959, 1.0084736347198486], "(3, 7, 2, 2)": [0.1705082803964615, 0.2009410560131073, 0.045698389410972595, -0.027538415044546127, 0.16706688702106476], "(3, 6, 2, 2)": [0.401585191488266, 0.24927914142608643, 0.2910500764846802, 0.4912398159503937, 0.2880335748195648], "(1, 1, 2, 2)": [0.17400097846984863, 0.13341596722602844, 0.15457794070243835, 0.1175328940153122, 0.20437943935394287], "(1, 6, 2, 2)": [0.08198769390583038, 0.05611802637577057, 0.10441114753484726, 0.15411260724067688, 0.10719315707683563], "(1, 7, 2, 2)": [-0.016858268529176712, 0.0, -0.06508652865886688, 0.01071741059422493, -0.04018286615610123], "(1, 2, 2, 2)": [0.15519024431705475, 0.24544773995876312, 0.1572684943675995, 0.1050213947892189, 0.2674664556980133], "(3, 5, 2, 2)": [0.43246057629585266, 0.41561776399612427, 0.3806813061237335, 0.3401820957660675, 0.28132298588752747], "(3, 4, 2, 2)": [0.1921555995941162, 0.21679510176181793, 0.36671802401542664, 0.14129523932933807, 0.19237962365150452], "(1, 4, 2, 2)": [0.1916959434747696, 0.16723094880580902, 0.3062743544578552, 0.192511186003685, 0.14130441844463348], "(1, 3, 2, 2)": [0.25799989700317383, 0.23636972904205322, 0.23666349053382874, 0.16530229151248932, 0.34169211983680725], "(3, 2, 2, 2)": [0.24356675148010254, 0.1784805804491043, 0.07989250123500824, 0.15609316527843475, 0.15591759979724884], "(3, 3, 2, 2)": [0.13839688897132874, 0.23606254160404205, 0.1879698932170868, 0.11134686321020126, 0.1648857444524765], "(3, 1, 2, 2)": [-0.05452682450413704, -0.008685287088155746, 0.14320379495620728, 0.14891782402992249, 0.1890271008014679], "(1, 5, 2, 2)": [0.2136535346508026, 0.16558967530727386, 0.2588546574115753, 0.0857570469379425, 0.13899941742420197]}}