{"q_values": {"(2, 5, 2, 2)": [0.0, 0.029575228691101074, 0.05744098871946335, 0.0, 0.08609068393707275], "(2, 6, 2, 2)": [0.0, 0.08224698901176453, 0.02699180692434311, 0.027440393343567848, 0.028120167553424835], "(2, 7, 2, 2)": [0.0, 0.02662307769060135, -0.0405135378241539, 0.050621628761291504, 0.0], "(2, 3, 2, 2)": [0.0, 0.0, 0.0, 0.0, 0.0]}}