{"q_values": {"(2, 5, 2, 2)": [0.9972065687179565, 0.9949632883071899, 0.996217668056488, 0.9964566826820374, 0.9925121665000916], "(2, 6, 2, 2)": [0.9505196809768677, 0.9482510685920715, 0.946308970451355, 0.9436307549476624, 0.9386039972305298], "(2, 7, 2, 2)": [0.739256739616394, 0.6727036833763123, 0.5195769667625427, 0.5533181428909302, 0.24274933338165283], "(2, 3, 2, 2)": [0.990195631980896, 0.9921697378158569, 0.9931021332740784, 0.9932279586791992, 0.9963341355323792], "(2, 1, 2, 2)": [0.5238664746284485, 0.546454131603241, 0.4297062158584595, 0.4325803518295288, 0.6493750810623169], "(2, 2, 2, 2)": [0.9437939524650574, 0.9420498609542847, 0.9452284574508667, 0.9490408301353455, 0.9537358283996582], "(2, 4, 2, 2)": [1.0084203481674194, 1.0086164474487305, 1.0084104537963867, 1.0084203481674194, 1.0081342458724976], "(3, 7, 2, 2)": [0.07621163874864578, 0.2111794650554657, -0.05886659398674965, 0.014363106340169907, 0.14529241621494293], "(3, 6, 2, 2)": [0.2252081036567688, 0.20647522807121277, 0.10971610248088837, 0.24685877561569214, 0.15593090653419495], "(1, 1, 2, 2)": [0.058547452092170715, 0.0373772531747818, 0.07322878390550613, 0.1452224850654602, 0.045803800225257874], "(1, 6, 2, 2)": [0.055065400898456573, 0.05611802637577057, 0.05419870838522911, 0.15411260724067688, 0.08152758330106735], "(1, 7, 2, 2)": [-0.016858268529176712, 0.0, -0.06508652865886688, 0.01071741059422493, 0.0], "(1, 2, 2, 2)": [0.08152638375759125, 0.05401935055851936, 0.08124813437461853, 0.053005389869213104, 0.07968992739915848], "(3, 5, 2, 2)": [0.23575496673583984, 0.2811242640018463, 0.16530361771583557, 0.1126537024974823, 0.05766289308667183], "(3, 4, 2, 2)": [0.14124730229377747, 0.11497651040554047, 0.21606118977069855, 0.05896016210317612, 0.08756924420595169], "(1, 4, 2, 2)": [0.1916959434747696, 0.11479160189628601, 0.16666150093078613, 0.11508012562990189, 0.11471958458423615], "(1, 3, 2, 2)": [0.16476090252399445, 0.16447915136814117, 0.21355128288269043, 0.1401412934064865, 0.25820091366767883], "(3, 2, 2, 2)": [0.20023958384990692, 0.15437425673007965, 0.027845440432429314, 0.13154703378677368, 0.1066678911447525], "(3, 3, 2, 2)": [0.13839688897132874, 0.2132948637008667, 0.1631128191947937, 0.057116128504276276, 0.1397298127412796], "(3, 1, 2, 2)": [-0.015785425901412964, -0.008685287088155746, 0.12154501676559448, 0.12600015103816986, 0.16836196184158325], "(1, 5, 2, 2)": [0.2136535346508026, 0.16558967530727386, 0.1896500289440155, 0.0857570469379425, 0.11300691217184067]}}