{"q_values": {"(2, 5, 2, 2)": [0.993697464466095, 0.9935295581817627, 0.9938414096832275, 0.9931677579879761, 0.9904186725616455], "(2, 6, 2, 2)": [0.9436911940574646, 0.9424953460693359, 0.9438754320144653, 0.9423691630363464, 0.9405980706214905], "(2, 7, 2, 2)": [0.5171883702278137, 0.5252360105514526, 0.5311631560325623, 0.40288257598876953, 0.6456280946731567], "(2, 3, 2, 2)": [0.9906661510467529, 0.9921590685844421, 0.9949246048927307, 0.9945938587188721, 0.9965463876724243], "(2, 1, 2, 2)": [0.49541470408439636, 0.299091100692749, 0.5109535455703735, 0.5333396196365356, 0.5522677898406982], "(2, 2, 2, 2)": [0.9429994225502014, 0.9478306770324707, 0.9498257040977478, 0.9509779214859009, 0.9573761224746704], "(2, 4, 2, 2)": [1.0082839727401733, 1.008133888244629, 1.008249282836914, 1.0086098909378052, 1.0081950426101685], "(3, 7, 2, 2)": [0.2591981887817383, 0.49985194206237793, 0.18192006647586823, 0.2106529325246811, 0.3635484278202057], "(3, 6, 2, 2)": [0.5455718636512756, 0.38100680708885193, 0.4609111547470093, 0.635974645614624, 0.45994833111763], "(1, 1, 2, 2)": [0.28033703565597534, 0.15779586136341095, 0.34865841269493103, 0.2218657284975052, 0.18431881070137024], "(1, 6, 2, 2)": [0.43432748317718506, 0.3288283944129944, 0.45941027998924255, 0.5850756168365479, 0.4107813239097595], "(1, 7, 2, 2)": [0.16944493353366852, 0.028774959966540337, 0.07227717339992523, 0.047200605273246765, -0.11366619914770126], "(1, 2, 2, 2)": [0.3624492287635803, 0.4589228332042694, 0.6152623295783997, 0.3053737282752991, 0.3949713408946991], "(3, 5, 2, 2)": [0.6024283170700073, 0.627082884311676, 0.567000687122345, 0.44860440492630005, 0.4982067048549652], "(3, 4, 2, 2)": [0.38650190830230713, 0.32770079374313354, 0.54765784740448, 0.26303738355636597, 0.44085603952407837], "(1, 4, 2, 2)": [0.7411321997642517, 0.6009377241134644, 0.6008999347686768, 0.6009573936462402, 0.5342149138450623], "(1, 3, 2, 2)": [0.49706098437309265, 0.4989245533943176, 0.4344468116760254, 0.40042418241500854, 0.7474527955055237], "(3, 2, 2, 2)": [0.4661954343318939, 0.3937515616416931, 0.2642153799533844, 0.3436583876609802, 0.34635689854621887], "(3, 3, 2, 2)": [0.3971486985683441, 0.4949261546134949, 0.464294970035553, 0.4142194092273712, 0.30179595947265625], "(3, 1, 2, 2)": [-0.12819427251815796, -0.002070242539048195, 0.24276182055473328, 0.22787043452262878, 0.24502655863761902], "(1, 5, 2, 2)": [0.48175960779190063, 0.4324021339416504, 0.5908967852592468, 0.30360355973243713, 0.4153861105442047]}}