{"q_values": {"(2, 5, 2, 2)": [0.9976838827133179, 0.9933428168296814, 0.9932140111923218, 0.9926726222038269, 0.9915103912353516], "(2, 6, 2, 2)": [0.9568406343460083, 0.9477558135986328, 0.9491758346557617, 0.945209801197052, 0.9449078440666199], "(2, 7, 2, 2)": [0.5822999477386475, 0.5588288307189941, 0.454064279794693, 0.5993967652320862, 0.361762136220932], "(2, 3, 2, 2)": [0.9934278130531311, 0.9919179081916809, 0.9919047951698303, 0.9965149760246277, 0.9956121444702148], "(2, 1, 2, 2)": [0.5257498025894165, 0.29144230484962463, 0.5614998936653137, 0.6796468496322632, 0.5607007741928101], "(2, 2, 2, 2)": [0.9445546269416809, 0.9469892382621765, 0.9462534785270691, 0.9455925822257996, 0.9480692148208618], "(2, 4, 2, 2)": [1.0084084272384644, 1.0086982250213623, 1.0085769891738892, 1.0082467794418335, 1.0085457563400269], "(3, 7, 2, 2)": [0.1705082803964615, 0.2009410560131073, 0.045698389410972595, -0.027538415044546127, 0.16706688702106476], "(3, 6, 2, 2)": [0.3656720817089081, 0.24927914142608643, 0.2910500764846802, 0.4912398159503937, 0.2880335748195648], "(1, 1, 2, 2)": [0.17400097846984863, 0.13341596722602844, 0.15457794070243835, 0.1175328940153122, 0.20437943935394287], "(1, 6, 2, 2)": [0.08198769390583038, 0.05611802637577057, 0.10441114753484726, 0.15411260724067688, 0.10719315707683563], "(1, 7, 2, 2)": [-0.016858268529176712, 0.0, -0.06508652865886688, 0.01071741059422493, -0.04018286615610123], "(1, 2, 2, 2)": [0.15519024431705475, 0.24544773995876312, 0.1572684943675995, 0.1050213947892189, 0.2674664556980133], "(3, 5, 2, 2)": [0.3981649875640869, 0.39761096239089966, 0.3806813061237335, 0.3203929662704468, 0.28132298588752747], "(3, 4, 2, 2)": [0.1921555995941162, 0.21679510176181793, 0.36671802401542664, 0.14129523932933807, 0.19237962365150452], "(1, 4, 2, 2)": [0.1916959434747696, 0.16723094880580902, 0.3062743544578552, 0.192511186003685, 0.14130441844463348], "(1, 3, 2, 2)": [0.25799989700317383, 0.23636972904205322, 0.23666349053382874, 0.16530229151248932, 0.34169211983680725], "(3, 2, 2, 2)": [0.24356675148010254, 0.1784805804491043, 0.07989250123500824, 0.15609316527843475, 0.15591759979724884], "(3, 3, 2, 2)": [0.13839688897132874, 0.23606254160404205, 0.1879698932170868, 0.11134686321020126, 0.1648857444524765], "(3, 1, 2, 2)": [-0.05452682450413704, -0.008685287088155746, 0.14320379495620728, 0.14891782402992249, 0.1890271008014679], "(1, 5, 2, 2)": [0.2136535346508026, 0.16558967530727386, 0.2588546574115753, 0.0857570469379425, 0.13899941742420197]}}