{"q_values": {"(2, 5, 2, 2)": [0.9930675029754639, 0.9937820434570312, 0.9925116896629333, 0.9914239645004272, 0.991446852684021], "(2, 6, 2, 2)": [0.952670156955719, 0.9571666121482849, 0.9522830843925476, 0.9536209106445312, 0.9461250305175781], "(2, 7, 2, 2)": [0.584213137626648, 0.34491342306137085, 0.2755725681781769, 0.5809627771377563, 0.39245855808258057], "(2, 3, 2, 2)": [0.9906266331672668, 0.9938890933990479, 0.9945568442344666, 0.9960396885871887, 0.995155394077301], "(2, 1, 2, 2)": [0.5897303819656372, 0.40149831771850586, 0.43072566390037537, 0.5422598123550415, 0.4959038496017456], "(2, 2, 2, 2)": [0.9415395855903625, 0.9384036064147949, 0.9462600946426392, 0.9478639364242554, 0.9501418471336365], "(2, 4, 2, 2)": [1.008180856704712, 1.0084338188171387, 1.008427381515503, 1.008453607559204, 1.008191704750061], "(3, 7, 2, 2)": [0.2591981887817383, 0.4892793893814087, 0.1379515826702118, 0.2666882276535034, 0.3635484278202057], "(3, 6, 2, 2)": [0.5187990665435791, 0.38100680708885193, 0.4304403066635132, 0.6069150567054749, 0.44621211290359497], "(1, 1, 2, 2)": [0.24421103298664093, 0.15779586136341095, 0.3328918218612671, 0.2218657284975052, 0.25714462995529175], "(1, 6, 2, 2)": [0.43432748317718506, 0.3288283944129944, 0.41198039054870605, 0.5514122843742371, 0.36181381344795227], "(1, 7, 2, 2)": [0.12597714364528656, 0.0031123291701078415, 0.02288147620856762, 0.16754019260406494, -0.11366619914770126], "(1, 2, 2, 2)": [0.3624492287635803, 0.4589228332042694, 0.6152623295783997, 0.3053737282752991, 0.37701964378356934], "(3, 5, 2, 2)": [0.5395928025245667, 0.5540940165519714, 0.4971372187137604, 0.39740437269210815, 0.4504196047782898], "(3, 4, 2, 2)": [0.2850185036659241, 0.2853563725948334, 0.48874473571777344, 0.21646997332572937, 0.2632490396499634], "(1, 4, 2, 2)": [0.5480417013168335, 0.45713895559310913, 0.44006451964378357, 0.48929932713508606, 0.4045473635196686], "(1, 3, 2, 2)": [0.44882023334503174, 0.3016907572746277, 0.38154980540275574, 0.23679287731647491, 0.5676566958427429], "(3, 2, 2, 2)": [0.4661954343318939, 0.3767971396446228, 0.24384155869483948, 0.3246699869632721, 0.32908299565315247], "(3, 3, 2, 2)": [0.3604809045791626, 0.4642994999885559, 0.4138621687889099, 0.39725497364997864, 0.30179595947265625], "(3, 1, 2, 2)": [-0.15860122442245483, -0.002070242539048195, 0.2816777527332306, 0.22787043452262878, 0.24502655863761902], "(1, 5, 2, 2)": [0.4348525106906891, 0.39785128831863403, 0.5259009599685669, 0.2140149027109146, 0.39802971482276917]}}