{"q_values": {"(2, 5, 2, 2)": [0.9945569038391113, 0.9945049285888672, 0.9935085773468018, 0.9915491938591003, 0.9888597130775452], "(2, 6, 2, 2)": [0.9453284740447998, 0.9464796781539917, 0.9435620307922363, 0.9460379481315613, 0.9401525855064392], "(2, 7, 2, 2)": [0.5459367632865906, 0.4808404743671417, 0.4535987973213196, 0.6256172060966492, 0.27393200993537903], "(2, 3, 2, 2)": [0.9892525672912598, 0.9923833012580872, 0.9925767183303833, 0.9922962188720703, 0.9935624599456787], "(2, 1, 2, 2)": [0.48370546102523804, 0.5379703044891357, 0.34684839844703674, 0.668463945388794, 0.47995099425315857], "(2, 2, 2, 2)": [0.9462825059890747, 0.9441075921058655, 0.9494194388389587, 0.9505466818809509, 0.9495649933815002], "(2, 4, 2, 2)": [1.0080357789993286, 1.0083402395248413, 1.0084812641143799, 1.0082883834838867, 1.008048176765442], "(3, 7, 2, 2)": [0.0, 0.0, -0.016427744179964066, 0.0, 0.0]}}