{"q_values": {"(2, 5, 2, 2)": [0.9976300597190857, 0.9962050318717957, 0.9955872297286987, 0.9917329549789429, 0.9918946623802185], "(2, 6, 2, 2)": [0.9479933977127075, 0.9502941966056824, 0.9438920021057129, 0.9454548954963684, 0.9359121322631836], "(2, 7, 2, 2)": [0.5061478018760681, 0.5539024472236633, 0.45790156722068787, 0.42029404640197754, 0.3753453493118286], "(2, 3, 2, 2)": [0.9902432560920715, 0.9936580657958984, 0.9914612174034119, 0.9944528937339783, 0.992800235748291], "(2, 1, 2, 2)": [0.15129956603050232, 0.5037925243377686, 0.5035610795021057, 0.39765965938568115, 0.42182019352912903], "(2, 2, 2, 2)": [0.9403757452964783, 0.9457885026931763, 0.9438338279724121, 0.9498660564422607, 0.9484582543373108], "(2, 4, 2, 2)": [1.0081194639205933, 1.0081751346588135, 1.008531928062439, 1.0085068941116333, 1.0080413818359375], "(3, 7, 2, 2)": [0.1705082803964615, 0.2009410560131073, 0.045698389410972595, -0.027538415044546127, 0.16706688702106476], "(3, 6, 2, 2)": [0.401585191488266, 0.24927914142608643, 0.2910500764846802, 0.4912398159503937, 0.2880335748195648], "(1, 1, 2, 2)": [0.17400097846984863, 0.13341596722602844, 0.15457794070243835, 0.1175328940153122, 0.20437943935394287], "(1, 6, 2, 2)": [0.10601813346147537, 0.05611802637577057, 0.10441114753484726, 0.17700444161891937, 0.10719315707683563], "(1, 7, 2, 2)": [0.03412114828824997, -0.0650579184293747, -0.06508652865886688, 0.01071741059422493, -0.04018286615610123], "(1, 2, 2, 2)": [0.15519024431705475, 0.24544773995876312, 0.1572684943675995, 0.1050213947892189, 0.2674664556980133], "(3, 5, 2, 2)": [0.43246057629585266, 0.41561776399612427, 0.3806813061237335, 0.3401820957660675, 0.28132298588752747], "(3, 4, 2, 2)": [0.1921555995941162, 0.21679510176181793, 0.36671802401542664, 0.14129523932933807, 0.19237962365150452], "(1, 4, 2, 2)": [0.28473013639450073, 0.2402377873659134, 0.3861527740955353, 0.28536203503608704, 0.3062855303287506], "(1, 3, 2, 2)": [0.25799989700317383, 0.23636972904205322, 0.23666349053382874, 0.16530229151248932, 0.34169211983680725], "(3, 2, 2, 2)": [0.24356675148010254, 0.1784805804491043, 0.07989250123500824, 0.15609316527843475, 0.15591759979724884], "(3, 3, 2, 2)": [0.13839688897132874, 0.23606254160404205, 0.1879698932170868, 0.11134686321020126, 0.1648857444524765], "(3, 1, 2, 2)": [-0.05452682450413704, -0.008685287088155746, 0.14320379495620728, 0.14891782402992249, 0.1890271008014679], "(1, 5, 2, 2)": [0.2136535346508026, 0.18905602395534515, 0.2588546574115753, 0.0857570469379425, 0.16402722895145416]}}