{"q_values": {"(2, 5, 2, 2)": [0.9983048439025879, 0.9944436550140381, 0.991519570350647, 0.9910761117935181, 0.9941896796226501], "(2, 6, 2, 2)": [0.9492378234863281, 0.9535444974899292, 0.9458999633789062, 0.9497199058532715, 0.9427398443222046], "(2, 7, 2, 2)": [0.3880949318408966, 0.4028470814228058, 0.3702417016029358, 0.43008217215538025, 0.39667680859565735], "(2, 3, 2, 2)": [0.9920464158058167, 0.9915658831596375, 0.9924672245979309, 0.9942453503608704, 0.9968600869178772], "(2, 1, 2, 2)": [0.505724310874939, 0.3681008219718933, 0.6223702430725098, 0.3437873125076294, 0.22176778316497803], "(2, 2, 2, 2)": [0.9411801099777222, 0.9417295455932617, 0.9467387795448303, 0.9465426206588745, 0.9501720070838928], "(2, 4, 2, 2)": [1.0076904296875, 1.008854866027832, 1.0085670948028564, 1.0082731246948242, 1.0083630084991455], "(3, 7, 2, 2)": [0.14600662887096405, 0.19187939167022705, -0.08749344944953918, 0.014363106340169907, 0.14529241621494293], "(3, 6, 2, 2)": [0.2252081036567688, 0.20647522807121277, 0.10971610248088837, 0.2251972109079361, 0.10832536220550537], "(1, 1, 2, 2)": [0.058547452092170715, 0.0373772531747818, 0.07322878390550613, 0.1452224850654602, 0.11477035284042358], "(1, 6, 2, 2)": [0.02851627767086029, 0.028095792979002, 0.02825343981385231, 0.10583911836147308, 0.0], "(1, 7, 2, 2)": [-0.016858268529176712, 0.0, 0.0, 0.026213960722088814, 0.0], "(1, 2, 2, 2)": [0.08152638375759125, 0.05401935055851936, 0.08124813437461853, 0.053005389869213104, 0.07968992739915848], "(3, 5, 2, 2)": [0.23575496673583984, 0.2811242640018463, 0.16530361771583557, 0.1126537024974823, 0.05766289308667183], "(3, 4, 2, 2)": [0.11465570330619812, 0.059392768889665604, 0.1146090105175972, 0.05896016210317612, 0.05932373180985451], "(1, 4, 2, 2)": [0.14087322354316711, 0.02998695708811283, 0.029976142570376396, 0.0, 0.02996770665049553], "(1, 3, 2, 2)": [0.11301451921463013, 0.1389533132314682, 0.0863509401679039, 0.11372001469135284, 0.13814595341682434], "(3, 2, 2, 2)": [0.17770090699195862, 0.10587187856435776, 0.027845440432429314, 0.13154703378677368, 0.1066678911447525], "(3, 3, 2, 2)": [0.11245901882648468, 0.16462311148643494, 0.1382957398891449, 0.057116128504276276, 0.1134820431470871], "(3, 1, 2, 2)": [-0.015785425901412964, -0.008685287088155746, 0.12154501676559448, 0.12600015103816986, 0.16836196184158325]}}