{"q_values": {"(2, 5, 2, 2)": [0.9967392086982727, 0.9918381571769714, 0.9953820705413818, 0.9917730689048767, 0.9910604953765869], "(2, 6, 2, 2)": [0.9549065828323364, 0.9521421790122986, 0.9505941271781921, 0.948089599609375, 0.9485834240913391], "(2, 7, 2, 2)": [0.6433441042900085, 0.5262097716331482, 0.2818096876144409, 0.4130213260650635, 0.34748804569244385], "(2, 3, 2, 2)": [0.9921449422836304, 0.9917842149734497, 0.9923879504203796, 0.9937739372253418, 0.9926815032958984], "(2, 1, 2, 2)": [0.3148109018802643, 0.3960758447647095, 0.19689129292964935, 0.6026431322097778, 0.6281013488769531], "(2, 2, 2, 2)": [0.9432185888290405, 0.9463348388671875, 0.9458436965942383, 0.9495038986206055, 0.946769654750824], "(2, 4, 2, 2)": [1.0084682703018188, 1.0082883834838867, 1.0081161260604858, 1.0083037614822388, 1.0085872411727905], "(3, 7, 2, 2)": [0.049951836466789246, 0.050937093794345856, -0.056096747517585754, 0.026073992252349854, 0.049307502806186676], "(3, 6, 2, 2)": [0.0, 0.0, 0.0, 0.02727573737502098, 0.0], "(1, 1, 2, 2)": [0.034574441611766815, 0.08302998542785645, 0.07322878390550613, 0.09947338700294495, 0.18540923297405243], "(1, 6, 2, 2)": [0.02851627767086029, 0.028095792979002, 0.02825343981385231, 0.10583911836147308, 0.0], "(1, 7, 2, 2)": [-0.016858268529176712, 0.0, 0.0, 0.026213960722088814, 0.0], "(1, 2, 2, 2)": [0.08152638375759125, 0.0, 0.05434411019086838, 0.053005389869213104, 0.05390468239784241], "(3, 5, 2, 2)": [0.029934020712971687, 0.08680791407823563, 0.029856719076633453, 0.02984280325472355, 0.0], "(3, 4, 2, 2)": [0.029993390664458275, 0.0, 0.05920632183551788, 0.029926102608442307, 0.0]}}