{"q_values": {"(2, 5, 2, 2)": [0.9954529404640198, 0.9943901896476746, 0.9927765727043152, 0.9917860627174377, 0.9935848712921143], "(2, 6, 2, 2)": [0.9559434056282043, 0.9504426717758179, 0.9488799571990967, 0.9464861154556274, 0.9461220502853394], "(2, 7, 2, 2)": [0.5119883418083191, 0.7064847946166992, 0.47700220346450806, 0.5203076601028442, 0.4842931628227234], "(2, 3, 2, 2)": [0.9902801513671875, 0.9950628280639648, 0.9945692420005798, 0.9956018328666687, 0.9967436790466309], "(2, 1, 2, 2)": [0.17124412953853607, 0.514812707901001, 0.44799861311912537, 0.6513976454734802, 0.7306735515594482], "(2, 2, 2, 2)": [0.9460259675979614, 0.9445929527282715, 0.9502291679382324, 0.9499367475509644, 0.9461060762405396], "(2, 4, 2, 2)": [1.0076940059661865, 1.0082930326461792, 1.0086052417755127, 1.0083847045898438, 1.0085058212280273], "(3, 7, 2, 2)": [0.049951836466789246, 0.050937093794345856, -0.056096747517585754, 0.026073992252349854, 0.049307502806186676], "(3, 6, 2, 2)": [0.0, 0.0, 0.0, 0.02727573737502098, 0.0], "(1, 1, 2, 2)": [0.07870452105998993, 0.03369847685098648, 0.07322878390550613, 0.07621297985315323, 0.16451574862003326], "(1, 6, 2, 2)": [0.02851627767086029, 0.028095792979002, 0.02825343981385231, 0.10583911836147308, 0.0], "(1, 7, 2, 2)": [-0.016858268529176712, 0.0, 0.0, 0.026213960722088814, 0.0], "(1, 2, 2, 2)": [0.08152638375759125, 0.0, 0.02794836275279522, 0.053005389869213104, 0.027209844440221786]}}