{"q_values": {"(2, 5, 2, 2)": [0.993100106716156, 0.9943773746490479, 0.9927353262901306, 0.993439257144928, 0.9900756478309631], "(2, 6, 2, 2)": [0.9518002867698669, 0.947356104850769, 0.9542293548583984, 0.9448169469833374, 0.9477395415306091], "(2, 7, 2, 2)": [0.516736626625061, 0.6255293488502502, 0.42563730478286743, 0.46874168515205383, 0.1979530155658722], "(2, 3, 2, 2)": [0.993024468421936, 0.9919223189353943, 0.9949398636817932, 0.9958739280700684, 0.9940445423126221], "(2, 1, 2, 2)": [0.44434836506843567, 0.7291749119758606, 0.5922329425811768, 0.46210792660713196, 0.6459577083587646], "(2, 2, 2, 2)": [0.9484511613845825, 0.9462677836418152, 0.9451543092727661, 0.9520237445831299, 0.9547940492630005], "(2, 4, 2, 2)": [1.0079376697540283, 1.0084164142608643, 1.008339285850525, 1.0087552070617676, 1.0080541372299194], "(3, 7, 2, 2)": [0.3352607488632202, 0.4892793893814087, 0.1379515826702118, 0.2481239140033722, 0.34909772872924805], "(3, 6, 2, 2)": [0.5071779489517212, 0.38100680708885193, 0.4304403066635132, 0.6069150567054749, 0.4314541220664978], "(1, 1, 2, 2)": [0.1264760047197342, 0.12037383764982224, 0.3566336929798126, 0.16264916956424713, 0.28600212931632996], "(1, 6, 2, 2)": [0.28884586691856384, 0.2040369212627411, 0.3230922818183899, 0.44128552079200745, 0.264901727437973], "(1, 7, 2, 2)": [0.17450106143951416, -0.024879824370145798, -0.002742953598499298, 0.14540159702301025, -0.11366619914770126], "(1, 2, 2, 2)": [0.32569459080696106, 0.4119598865509033, 0.5630228519439697, 0.2867186367511749, 0.3430367112159729], "(3, 5, 2, 2)": [0.4485372304916382, 0.48190784454345703, 0.4660203158855438, 0.3401820957660675, 0.3797248601913452], "(3, 4, 2, 2)": [0.26293420791625977, 0.24020659923553467, 0.4220561385154724, 0.14129523932933807, 0.21672841906547546], "(1, 4, 2, 2)": [0.4890698194503784, 0.44023454189300537, 0.4226064682006836, 0.4733738303184509, 0.4045473635196686], "(1, 3, 2, 2)": [0.4150387942790985, 0.28100156784057617, 0.38154980540275574, 0.2138935625553131, 0.5409243702888489], "(3, 2, 2, 2)": [0.4227774143218994, 0.2872704267501831, 0.22278828918933868, 0.24663899838924408, 0.2904311418533325], "(3, 3, 2, 2)": [0.3411182761192322, 0.41545671224594116, 0.37813466787338257, 0.39725497364997864, 0.25919604301452637], "(3, 1, 2, 2)": [-0.09148652851581573, -0.0861649215221405, 0.18704664707183838, 0.12133101373910904, 0.1890271008014679], "(1, 5, 2, 2)": [0.38211461901664734, 0.3795129060745239, 0.4964779317378998, 0.16514013707637787, 0.3418561816215515]}}