{"q_values": {"(2, 7, 2, 2)": [-2.8298122882843018, -2.7832486629486084, -2.821319818496704, -2.7886388301849365, -2.8072898387908936], "(2, 6, 2, 2)": [-2.918337106704712, -2.918102741241455, -2.919600486755371, -2.9169254302978516, -2.917827844619751], "(2, 5, 2, 2)": [-2.920855760574341, -2.920344352722168, -2.9206457138061523, -2.9212145805358887, -2.920332670211792], "(2, 2, 2, 2)": [-2.918109655380249, -2.9174411296844482, -2.9180266857147217, -2.917886257171631, -2.9191250801086426], "(2, 1, 2, 2)": [-2.8078863620758057, -2.8308002948760986, -2.8446080684661865, -2.8310439586639404, -2.8376224040985107], "(2, 3, 2, 2)": [-2.919682741165161, -2.919558525085449, -2.9199888706207275, -2.9193811416625977, -2.920508623123169], "(2, 4, 2, 2)": [-2.9221441745758057, -2.9223484992980957, -2.9223568439483643, -2.9218902587890625, -2.922013759613037], "(2, 6, 2, 3)": [-2.9147422313690186, -2.918593645095825, -2.897829294204712, -2.9072840213775635, -2.9162919521331787], "(2, 1, 2, 1)": [-2.4289119243621826, -2.566378593444824, -2.3370161056518555, -2.5784037113189697, -2.740010976791382], "(2, 2, 2, 1)": [-2.9086287021636963, -2.911653757095337, -2.914804458618164, -2.8879470825195312, -2.911684036254883], "(2, 4, 2, 3)": [-2.910507917404175, -2.911956310272217, -2.935703754425049, -2.9051101207733154, -2.9631240367889404], "(2, 3, 2, 3)": [-2.9242451190948486, 0.0, -2.920964241027832, -2.9341859817504883, -2.9632935523986816], "(2, 7, 2, 3)": [-2.4549241065979004, -2.54001522064209, -2.580249309539795, -2.5334243774414062, -2.6381916999816895], "(2, 5, 2, 3)": [-2.9178855419158936, -2.9119536876678467, -2.905336856842041, -2.922433614730835, -2.941408634185791], "(2, 3, 2, 1)": [-2.943758249282837, -2.9303359985351562, -2.924987316131592, -2.938218116760254, -2.9209985733032227], "(1, 1, 2, 2)": [0.0, 0.0, 0.0, -2.203484535217285, 0.0], "(2, 4, 2, 1)": [-2.9170119762420654, -2.93009877204895, -2.909644603729248, -2.9753928184509277, -2.9107165336608887], "(2, 1, 1, 1)": [0.0, -2.7624711990356445, -2.2099769115448, -2.765397071838379, 0.0], "(2, 5, 3, 3)": [0.0, -2.9604110717773438, 0.0, 0.0, -2.9625813961029053], "(2, 5, 2, 1)": [0.0, 0.0, -2.9023098945617676, 0.0, -2.9178805351257324], "(3, 7, 2, 2)": [-2.9124040603637695, -2.1978588104248047, -2.917635440826416, -2.9176998138427734, -2.9304757118225098], "(3, 6, 2, 2)": [-2.918074131011963, -2.93047833442688, -2.93047833442688, -2.9180784225463867, -2.93047833442688], "(2, 6, 2, 1)": [0.0, -2.9173026084899902, 0.0, 0.0, 0.0], "(2, 7, 3, 3)": [0.0, 0.0, -2.2019121646881104, 0.0, 0.0]}, "n_values": {"(2, 7, 2, 2)": [139.0, 154.0, 154.0, 158.0, 177.0], "(2, 6, 2, 2)": [137.0, 143.0, 147.0, 158.0, 170.0], "(2, 5, 2, 2)": [137.0, 136.0, 142.0, 149.0, 175.0], "(2, 2, 2, 2)": [179.0, 166.0, 155.0, 140.0, 156.0], "(2, 1, 2, 2)": [211.0, 189.0, 184.0, 174.0, 158.0], "(2, 3, 2, 2)": [167.0, 159.0, 157.0, 171.0, 158.0], "(2, 4, 2, 2)": [153.0, 143.0, 150.0, 158.0, 152.0], "(2, 6, 2, 3)": [9.0, 4.0, 8.0, 13.0, 9.0], "(2, 1, 2, 1)": [8.0, 5.0, 12.0, 5.0, 4.0], "(2, 2, 2, 1)": [5.0, 6.0, 6.0, 3.0, 5.0], "(2, 4, 2, 3)": [1.0, 4.0, 1.0, 1.0, 1.0], "(2, 3, 2, 3)": [1.0, 0.0, 1.0, 2.0, 1.0], "(2, 7, 2, 3)": [13.0, 10.0, 12.0, 11.0, 10.0], "(2, 5, 2, 3)": [7.0, 5.0, 2.0, 5.0, 3.0], "(2, 3, 2, 1)": [1.0, 2.0, 4.0, 2.0, 3.0], "(1, 1, 2, 2)": [0.0, 0.0, 0.0, 1.0, 0.0], "(2, 4, 2, 1)": [2.0, 1.0, 2.0, 1.0, 3.0], "(2, 1, 1, 1)": [0.0, 1.0, 1.0, 1.0, 0.0], "(2, 5, 3, 3)": [0.0, 1.0, 0.0, 0.0, 1.0], "(2, 5, 2, 1)": [0.0, 0.0, 1.0, 0.0, 2.0], "(3, 7, 2, 2)": [2.0, 1.0, 2.0, 2.0, 1.0], "(3, 6, 2, 2)": [2.0, 1.0, 1.0, 2.0, 1.0], "(2, 6, 2, 1)": [0.0, 1.0, 0.0, 0.0, 0.0], "(2, 7, 3, 3)": [0.0, 0.0, 1.0, 0.0, 0.0]}}