{"q_values": {"(2, 7, 2, 2)": [-2.8440587520599365, -2.8029870986938477, -2.797706127166748, -2.798579692840576, -2.8165528774261475], "(2, 6, 2, 2)": [-2.917665481567383, -2.917689323425293, -2.9176106452941895, -2.916311740875244, -2.9163854122161865], "(2, 5, 2, 2)": [-2.919182538986206, -2.9197564125061035, -2.91955304145813, -2.919708728790283, -2.9193155765533447], "(2, 2, 2, 2)": [-2.917414903640747, -2.917001247406006, -2.9170594215393066, -2.9177422523498535, -2.917604446411133], "(2, 1, 2, 2)": [-2.8176467418670654, -2.814701795578003, -2.8432185649871826, -2.810516595840454, -2.834517002105713], "(2, 3, 2, 2)": [-2.919830322265625, -2.919065475463867, -2.9188942909240723, -2.9186794757843018, -2.9194347858428955], "(2, 4, 2, 2)": [-2.920379638671875, -2.9205446243286133, -2.920454263687134, -2.919748306274414, -2.920111894607544], "(2, 6, 2, 3)": [-2.9113118648529053, -2.9133214950561523, -2.8946874141693115, -2.9031436443328857, -2.9090335369110107], "(2, 1, 2, 1)": [-2.4096250534057617, -2.5492615699768066, -2.5151829719543457, -2.532297372817993, -2.625610828399658], "(2, 2, 2, 1)": [-2.893357515335083, -2.9090912342071533, -2.9191741943359375, -2.9155771732330322, -2.909731149673462], "(2, 4, 2, 3)": [-2.9280638694763184, -2.9164183139801025, -2.9201860427856445, -2.9245052337646484, -2.9372260570526123], "(2, 3, 2, 3)": [-2.9242451190948486, -2.9050216674804688, -2.9203758239746094, -2.929051399230957, -2.9632935523986816], "(2, 7, 2, 3)": [-2.4813995361328125, -2.531815528869629, -2.5514862537384033, -2.603318214416504, -2.5386173725128174], "(2, 5, 2, 3)": [-2.917581558227539, -2.914501667022705, -2.919114589691162, -2.9262678623199463, -2.927591562271118], "(2, 3, 2, 1)": [-2.929734706878662, -2.9225051403045654, -2.921555519104004, -2.9220094680786133, -2.9199609756469727], "(1, 1, 2, 2)": [0.0, -2.8634419441223145, 0.0, -2.192577362060547, -2.7270874977111816], "(2, 4, 2, 1)": [-2.9189634323120117, -2.9185800552368164, -2.9163553714752197, -2.930924892425537, -2.921924591064453], "(2, 1, 1, 1)": [-2.180999279022217, -2.7624711990356445, -2.2099769115448, -2.765397071838379, 0.0], "(2, 5, 3, 3)": [0.0, -2.9604110717773438, 0.0, 0.0, -2.9625813961029053], "(2, 5, 2, 1)": [-2.9054479598999023, -2.9029409885406494, -2.9023098945617676, -2.920603036880493, -2.9178805351257324], "(3, 7, 2, 2)": [-2.9157307147979736, -2.530806541442871, -2.6723928451538086, -2.9176998138427734, -2.914161205291748], "(3, 6, 2, 2)": [-2.922865152359009, -2.9285967350006104, -2.9285967350006104, -2.9228672981262207, -2.9285967350006104], "(2, 6, 2, 1)": [0.0, -2.9173026084899902, 0.0, 0.0, 0.0], "(2, 7, 3, 3)": [0.0, 0.0, -2.2019121646881104, 0.0, 0.0], "(3, 3, 2, 2)": [0.0, -2.9235663414001465, -2.9235663414001465, -2.915475845336914, -2.9235663414001465], "(3, 4, 2, 2)": [-2.915475845336914, -2.915475845336914, -2.9235663414001465, -2.9235663414001465, -2.9235663414001465], "(3, 1, 2, 2)": [0.0, -2.8778858184814453, -2.9235663414001465, -2.9235663414001465, -2.9235663414001465], "(3, 2, 2, 2)": [-2.9235663414001465, -2.9235663414001465, -2.9235663414001465, -2.9235663414001465, -2.9235663414001465], "(3, 5, 2, 2)": [-2.9235663414001465, -2.9235663414001465, 0.0, -2.9235663414001465, -2.9235663414001465], "(2, 2, 1, 1)": [-2.8625617027282715, 0.0, -2.7262492179870605, -2.905679225921631, 0.0], "(2, 3, 1, 1)": [0.0, -2.905679225921631, 0.0, 0.0, 0.0], "(2, 6, 1, 1)": [0.0, 0.0, 0.0, -2.919544219970703, 0.0], "(1, 4, 2, 2)": [0.0, 0.0, 0.0, -2.9531712532043457, -2.953171968460083], "(1, 3, 2, 2)": [0.0, 0.0, -2.953171968460083, 0.0, -2.953171730041504], "(1, 2, 2, 2)": [-2.9081830978393555, 0.0, 0.0, 0.0, -2.9087157249450684], "(2, 4, 1, 1)": [0.0, 0.0, 0.0, -2.9051592350006104, 0.0]}, "n_values": {"(2, 7, 2, 2)": [501.0, 546.0, 550.0, 584.0, 599.0], "(2, 6, 2, 2)": [498.0, 482.0, 526.0, 563.0, 593.0], "(2, 5, 2, 2)": [475.0, 449.0, 477.0, 499.0, 564.0], "(2, 2, 2, 2)": [553.0, 539.0, 495.0, 449.0, 477.0], "(2, 1, 2, 2)": [641.0, 559.0, 551.0, 524.0, 497.0], "(2, 3, 2, 2)": [496.0, 477.0, 471.0, 485.0, 458.0], "(2, 4, 2, 2)": [473.0, 475.0, 464.0, 496.0, 485.0], "(2, 6, 2, 3)": [29.0, 23.0, 24.0, 25.0, 19.0], "(2, 1, 2, 1)": [20.0, 15.0, 27.0, 20.0, 15.0], "(2, 2, 2, 1)": [17.0, 15.0, 15.0, 17.0, 15.0], "(2, 4, 2, 3)": [2.0, 10.0, 5.0, 7.0, 3.0], "(2, 3, 2, 3)": [1.0, 1.0, 5.0, 3.0, 1.0], "(2, 7, 2, 3)": [39.0, 29.0, 32.0, 27.0, 24.0], "(2, 5, 2, 3)": [11.0, 14.0, 12.0, 9.0, 8.0], "(2, 3, 2, 1)": [10.0, 12.0, 9.0, 9.0, 9.0], "(1, 1, 2, 2)": [0.0, 1.0, 0.0, 2.0, 1.0], "(2, 4, 2, 1)": [8.0, 5.0, 7.0, 3.0, 7.0], "(2, 1, 1, 1)": [1.0, 1.0, 1.0, 1.0, 0.0], "(2, 5, 3, 3)": [0.0, 1.0, 0.0, 0.0, 1.0], "(2, 5, 2, 1)": [2.0, 1.0, 1.0, 4.0, 2.0], "(3, 7, 2, 2)": [4.0, 2.0, 3.0, 2.0, 2.0], "(3, 6, 2, 2)": [4.0, 3.0, 3.0, 4.0, 3.0], "(2, 6, 2, 1)": [0.0, 1.0, 0.0, 0.0, 0.0], "(2, 7, 3, 3)": [0.0, 0.0, 1.0, 0.0, 0.0], "(3, 3, 2, 2)": [0.0, 1.0, 1.0, 2.0, 1.0], "(3, 4, 2, 2)": [2.0, 2.0, 1.0, 1.0, 1.0], "(3, 1, 2, 2)": [0.0, 1.0, 1.0, 1.0, 1.0], "(3, 2, 2, 2)": [1.0, 1.0, 1.0, 1.0, 1.0], "(3, 5, 2, 2)": [1.0, 1.0, 0.0, 1.0, 1.0], "(2, 2, 1, 1)": [1.0, 0.0, 1.0, 1.0, 0.0], "(2, 3, 1, 1)": [0.0, 1.0, 0.0, 0.0, 0.0], "(2, 6, 1, 1)": [0.0, 0.0, 0.0, 1.0, 0.0], "(1, 4, 2, 2)": [0.0, 0.0, 0.0, 1.0, 1.0], "(1, 3, 2, 2)": [0.0, 0.0, 1.0, 0.0, 1.0], "(1, 2, 2, 2)": [1.0, 0.0, 0.0, 0.0, 1.0], "(2, 4, 1, 1)": [0.0, 0.0, 0.0, 1.0, 0.0]}}