{"q_values": {"(2, 7, 2, 2)": [-2.844122886657715, -2.8096930980682373, -2.810572624206543, -2.805279016494751, -2.8134748935699463], "(2, 6, 2, 2)": [-2.9175896644592285, -2.9177768230438232, -2.9180140495300293, -2.916754961013794, -2.9167487621307373], "(2, 5, 2, 2)": [-2.9197089672088623, -2.9200141429901123, -2.9199352264404297, -2.9200453758239746, -2.919757843017578], "(2, 2, 2, 2)": [-2.9184281826019287, -2.9179306030273438, -2.917879819869995, -2.918520212173462, -2.9186320304870605], "(2, 1, 2, 2)": [-2.815335273742676, -2.8152689933776855, -2.83808970451355, -2.8151655197143555, -2.8353092670440674], "(2, 3, 2, 2)": [-2.9206786155700684, -2.919790267944336, -2.9199466705322266, -2.9195141792297363, -2.920057535171509], "(2, 4, 2, 2)": [-2.920771598815918, -2.9209508895874023, -2.9207353591918945, -2.9202497005462646, -2.9205880165100098], "(2, 6, 2, 3)": [-2.913320541381836, -2.9122493267059326, -2.8968582153320312, -2.9066848754882812, -2.912712812423706], "(2, 1, 2, 1)": [-2.3971033096313477, -2.6026625633239746, -2.4742982387542725, -2.509077310562134, -2.5605390071868896], "(2, 2, 2, 1)": [-2.8982810974121094, -2.9031527042388916, -2.9222702980041504, -2.9109456539154053, -2.9070188999176025], "(2, 4, 2, 3)": [-2.924433946609497, -2.9165420532226562, -2.923172950744629, -2.9246108531951904, -2.9315004348754883], "(2, 3, 2, 3)": [-2.9424171447753906, -2.9153599739074707, -2.9214603900909424, -2.926082134246826, -2.9632935523986816], "(2, 7, 2, 3)": [-2.478405714035034, -2.555983304977417, -2.5552570819854736, -2.5908658504486084, -2.5180153846740723], "(2, 5, 2, 3)": [-2.917590618133545, -2.9162209033966064, -2.9224393367767334, -2.9328579902648926, -2.931345224380493], "(2, 3, 2, 1)": [-2.9275591373443604, -2.923733711242676, -2.9238054752349854, -2.9264893531799316, -2.923398017883301], "(1, 1, 2, 2)": [-2.4578394889831543, -2.883300304412842, 0.0, -2.415248155593872, -2.7270874977111816], "(2, 4, 2, 1)": [-2.921318292617798, -2.9185800552368164, -2.9146955013275146, -2.929218292236328, -2.9215168952941895], "(2, 1, 1, 1)": [-2.180999279022217, -2.7624711990356445, -2.2099769115448, -2.765397071838379, 0.0], "(2, 5, 3, 3)": [0.0, -2.9604110717773438, 0.0, 0.0, -2.9625813961029053], "(2, 5, 2, 1)": [-2.9054479598999023, -2.9029409885406494, -2.9023098945617676, -2.922107696533203, -2.9178805351257324], "(3, 7, 2, 2)": [-2.9157307147979736, -2.6555912494659424, -2.7608633041381836, -2.735130786895752, -2.697916030883789], "(3, 6, 2, 2)": [-2.921175956726074, -2.926208019256592, -2.924241542816162, -2.9192769527435303, -2.9242770671844482], "(2, 6, 2, 1)": [0.0, -2.9173026084899902, 0.0, 0.0, 0.0], "(2, 7, 3, 3)": [0.0, 0.0, -2.2019121646881104, 0.0, 0.0], "(3, 3, 2, 2)": [-2.9315378665924072, -2.934363842010498, -2.9275522232055664, -2.9208297729492188, -2.9275522232055664], "(3, 4, 2, 2)": [-2.9208297729492188, -2.9208297729492188, -2.9275522232055664, -2.9275522232055664, -2.9275522232055664], "(3, 1, 2, 2)": [-2.9136714935302734, -2.69144606590271, -2.9124977588653564, -2.5662198066711426, -2.8666934967041016], "(3, 2, 2, 2)": [-2.932927131652832, -2.9235663414001465, -2.93340802192688, -2.9235663414001465, -2.9340057373046875], "(3, 5, 2, 2)": [-2.9275522232055664, -2.9275522232055664, -2.9315378665924072, -2.924715518951416, -2.9275522232055664], "(2, 2, 1, 1)": [-2.8625617027282715, 0.0, -2.7262492179870605, -2.905679225921631, 0.0], "(2, 3, 1, 1)": [0.0, -2.905679225921631, 0.0, 0.0, 0.0], "(2, 6, 1, 1)": [0.0, 0.0, 0.0, -2.919544219970703, 0.0], "(1, 4, 2, 2)": [0.0, 0.0, 0.0, -2.9531712532043457, -2.953171968460083], "(1, 3, 2, 2)": [-2.9035799503326416, -2.905996322631836, -2.92958402633667, -2.905996322631836, -2.92958402633667], "(1, 2, 2, 2)": [-2.902278423309326, -2.905996322631836, -2.905996322631836, -2.905996322631836, -2.907356023788452], "(2, 4, 1, 1)": [0.0, 0.0, 0.0, -2.9051592350006104, 0.0], "(1, 5, 2, 2)": [-2.928175210952759, 0.0, -2.928164005279541, -2.928175210952759, -2.928175210952759], "(1, 7, 2, 2)": [-2.88242244720459, 0.0, 0.0, -2.745164394378662, 0.0], "(1, 6, 2, 2)": [0.0, 0.0, -2.9253158569335938, -2.9279966354370117, -2.9167370796203613], "(3, 2, 2, 1)": [0.0, 0.0, 0.0, 0.0, -2.9286751747131348], "(1, 1, 2, 1)": [0.0, 0.0, -2.7224996089935303, 0.0, 0.0], "(1, 2, 2, 1)": [-2.8586246967315674, 0.0, 0.0, 0.0, 0.0]}, "n_values": {"(2, 7, 2, 2)": [643.0, 693.0, 720.0, 772.0, 775.0], "(2, 6, 2, 2)": [629.0, 630.0, 678.0, 735.0, 763.0], "(2, 5, 2, 2)": [646.0, 616.0, 645.0, 669.0, 737.0], "(2, 2, 2, 2)": [747.0, 730.0, 665.0, 614.0, 630.0], "(2, 1, 2, 2)": [831.0, 741.0, 720.0, 713.0, 647.0], "(2, 3, 2, 2)": [663.0, 641.0, 628.0, 664.0, 616.0], "(2, 4, 2, 2)": [644.0, 633.0, 618.0, 665.0, 656.0], "(2, 6, 2, 3)": [33.0, 27.0, 31.0, 31.0, 22.0], "(2, 1, 2, 1)": [33.0, 27.0, 39.0, 33.0, 28.0], "(2, 2, 2, 1)": [27.0, 24.0, 19.0, 20.0, 26.0], "(2, 4, 2, 3)": [3.0, 17.0, 7.0, 8.0, 6.0], "(2, 3, 2, 3)": [2.0, 4.0, 7.0, 4.0, 1.0], "(2, 7, 2, 3)": [46.0, 36.0, 42.0, 35.0, 38.0], "(2, 5, 2, 3)": [16.0, 19.0, 13.0, 12.0, 13.0], "(2, 3, 2, 1)": [11.0, 17.0, 12.0, 12.0, 13.0], "(1, 1, 2, 2)": [2.0, 2.0, 0.0, 3.0, 1.0], "(2, 4, 2, 1)": [10.0, 5.0, 10.0, 4.0, 9.0], "(2, 1, 1, 1)": [1.0, 1.0, 1.0, 1.0, 0.0], "(2, 5, 3, 3)": [0.0, 1.0, 0.0, 0.0, 1.0], "(2, 5, 2, 1)": [2.0, 1.0, 1.0, 5.0, 2.0], "(3, 7, 2, 2)": [4.0, 3.0, 5.0, 4.0, 5.0], "(3, 6, 2, 2)": [6.0, 4.0, 5.0, 6.0, 5.0], "(2, 6, 2, 1)": [0.0, 1.0, 0.0, 0.0, 0.0], "(2, 7, 3, 3)": [0.0, 0.0, 1.0, 0.0, 0.0], "(3, 3, 2, 2)": [1.0, 2.0, 2.0, 3.0, 2.0], "(3, 4, 2, 2)": [3.0, 3.0, 2.0, 2.0, 2.0], "(3, 1, 2, 2)": [2.0, 4.0, 3.0, 2.0, 3.0], "(3, 2, 2, 2)": [2.0, 1.0, 3.0, 1.0, 2.0], "(3, 5, 2, 2)": [2.0, 2.0, 1.0, 3.0, 2.0], "(2, 2, 1, 1)": [1.0, 0.0, 1.0, 1.0, 0.0], "(2, 3, 1, 1)": [0.0, 1.0, 0.0, 0.0, 0.0], "(2, 6, 1, 1)": [0.0, 0.0, 0.0, 1.0, 0.0], "(1, 4, 2, 2)": [0.0, 0.0, 0.0, 1.0, 1.0], "(1, 3, 2, 2)": [2.0, 1.0, 2.0, 1.0, 2.0], "(1, 2, 2, 2)": [3.0, 1.0, 1.0, 1.0, 2.0], "(2, 4, 1, 1)": [0.0, 0.0, 0.0, 1.0, 0.0], "(1, 7, 2, 2)": [1.0, 0.0, 0.0, 1.0, 0.0], "(1, 6, 2, 2)": [0.0, 0.0, 1.0, 1.0, 1.0], "(1, 5, 2, 2)": [1.0, 0.0, 1.0, 1.0, 1.0], "(3, 2, 2, 1)": [0.0, 0.0, 0.0, 0.0, 1.0], "(1, 1, 2, 1)": [0.0, 0.0, 1.0, 0.0, 0.0], "(1, 2, 2, 1)": [1.0, 0.0, 0.0, 0.0, 0.0]}}