{"q_values": {"(2, 7, 2, 2)": [-2.833127737045288, -2.8139326572418213, -2.8045499324798584, -2.8042666912078857, -2.804523229598999], "(2, 6, 2, 2)": [-2.9191553592681885, -2.9190239906311035, -2.919048547744751, -2.918327569961548, -2.9182891845703125], "(2, 5, 2, 2)": [-2.9210102558135986, -2.920996904373169, -2.920924663543701, -2.9213454723358154, -2.921189785003662], "(2, 2, 2, 2)": [-2.9185986518859863, -2.918384552001953, -2.918419122695923, -2.918971300125122, -2.91922926902771], "(2, 1, 2, 2)": [-2.8109450340270996, -2.816221237182617, -2.824530839920044, -2.81988525390625, -2.823453187942505], "(2, 3, 2, 2)": [-2.9217662811279297, -2.9212663173675537, -2.921374559402466, -2.9210119247436523, -2.921109199523926], "(2, 4, 2, 2)": [-2.9218883514404297, -2.9217722415924072, -2.9217748641967773, -2.921565055847168, -2.9215855598449707], "(2, 6, 2, 3)": [-2.9131901264190674, -2.912853717803955, -2.9045250415802, -2.909048318862915, -2.9085452556610107], "(2, 1, 2, 1)": [-2.4442644119262695, -2.525198459625244, -2.494594097137451, -2.492692470550537, -2.533034324645996], "(2, 2, 2, 1)": [-2.897813320159912, -2.9033474922180176, -2.9069724082946777, -2.909609079360962, -2.9095616340637207], "(2, 4, 2, 3)": [-2.9176855087280273, -2.916102886199951, -2.9245920181274414, -2.9232935905456543, -2.924947738647461], "(2, 3, 2, 3)": [-2.926220417022705, -2.9207139015197754, -2.9214603900909424, -2.926082134246826, -2.9403858184814453], "(2, 7, 2, 3)": [-2.5231244564056396, -2.5226454734802246, -2.545719861984253, -2.5142369270324707, -2.5321383476257324], "(2, 5, 2, 3)": [-2.9189581871032715, -2.9196276664733887, -2.923187017440796, -2.9314699172973633, -2.9304137229919434], "(2, 3, 2, 1)": [-2.929342746734619, -2.92451810836792, -2.9268105030059814, -2.9240777492523193, -2.9268133640289307], "(1, 1, 2, 2)": [-2.5517075061798096, -2.883300304412842, -2.896270513534546, -2.415248155593872, -2.8489677906036377], "(2, 4, 2, 1)": [-2.9243955612182617, -2.9238247871398926, -2.9180119037628174, -2.9253790378570557, -2.92112398147583], "(2, 1, 1, 1)": [-2.180999279022217, -2.7624711990356445, -2.1983280181884766, -2.473656415939331, -2.7802441120147705], "(2, 5, 3, 3)": [0.0, -2.9604110717773438, 0.0, 0.0, -2.9625813961029053], "(2, 5, 2, 1)": [-2.906925916671753, -2.9166812896728516, -2.9079113006591797, -2.923814058303833, -2.9230923652648926], "(3, 7, 2, 2)": [-2.91494083404541, -2.762845516204834, -2.7995686531066895, -2.7929768562316895, -2.600565195083618], "(3, 6, 2, 2)": [-2.9220166206359863, -2.9230217933654785, -2.9257278442382812, -2.92006778717041, -2.923309326171875], "(2, 6, 2, 1)": [0.0, -2.9173026084899902, 0.0, 0.0, 0.0], "(2, 7, 3, 3)": [0.0, 0.0, -2.2019121646881104, 0.0, -2.2071280479431152], "(3, 3, 2, 2)": [-2.9316818714141846, -2.9335179328918457, -2.9289767742156982, -2.9235787391662598, -2.9289767742156982], "(3, 4, 2, 2)": [-2.9208297729492188, -2.9208297729492188, -2.9275522232055664, -2.9275522232055664, -2.9275522232055664], "(3, 1, 2, 2)": [-2.9084980487823486, -2.7287185192108154, -2.915200710296631, -2.701117515563965, -2.8666934967041016], "(3, 2, 2, 2)": [-2.932321548461914, -2.926264524459839, -2.9329676628112793, -2.9219698905944824, -2.9340057373046875], "(3, 5, 2, 2)": [-2.9273886680603027, -2.9275522232055664, -2.9315378665924072, -2.925302028656006, -2.9273886680603027], "(2, 2, 1, 1)": [-2.8625617027282715, -2.8637642860412598, -2.7262492179870605, -2.905679225921631, 0.0], "(2, 3, 1, 1)": [-2.8978567123413086, -2.905679225921631, 0.0, 0.0, 0.0], "(2, 6, 1, 1)": [0.0, 0.0, 0.0, -2.919544219970703, 0.0], "(1, 4, 2, 2)": [-2.9284183979034424, -2.954882860183716, -2.954882860183716, -2.93666934967041, -2.9540274143218994], "(1, 3, 2, 2)": [-2.9030380249023438, -2.903975009918213, -2.9203739166259766, -2.905996322631836, -2.9203739166259766], "(1, 2, 2, 2)": [-2.9021973609924316, -2.903975009918213, -2.903975009918213, -2.9104855060577393, -2.9100513458251953], "(2, 4, 1, 1)": [-2.9063799381256104, 0.0, 0.0, -2.9051592350006104, 0.0], "(1, 5, 2, 2)": [-2.9415290355682373, 0.0, -2.941523551940918, -2.9415290355682373, -2.928175210952759], "(1, 7, 2, 2)": [-2.9036030769348145, -2.913403034210205, -2.9326560497283936, -2.6287171840667725, -2.8475098609924316], "(1, 6, 2, 2)": [-2.9548802375793457, -2.954871654510498, -2.9253158569335938, -2.941349506378174, -2.9354493618011475], "(3, 2, 2, 1)": [0.0, 0.0, 0.0, 0.0, -2.9286751747131348], "(1, 1, 2, 1)": [0.0, 0.0, -2.7224996089935303, 0.0, 0.0], "(1, 2, 2, 1)": [-2.8586246967315674, 0.0, 0.0, 0.0, 0.0], "(2, 4, 3, 3)": [-2.9138283729553223, 0.0, 0.0, 0.0, 0.0], "(2, 6, 3, 3)": [0.0, -2.880803108215332, 0.0, 0.0, 0.0]}, "n_values": {"(2, 7, 2, 2)": [1277.0, 1349.0, 1466.0, 1681.0, 1593.0], "(2, 6, 2, 2)": [1235.0, 1283.0, 1353.0, 1568.0, 1549.0], "(2, 5, 2, 2)": [1302.0, 1268.0, 1377.0, 1344.0, 1451.0], "(2, 2, 2, 2)": [1368.0, 1333.0, 1299.0, 1169.0, 1151.0], "(2, 1, 2, 2)": [1613.0, 1365.0, 1306.0, 1255.0, 1178.0], "(2, 3, 2, 2)": [1257.0, 1222.0, 1208.0, 1310.0, 1198.0], "(2, 4, 2, 2)": [1267.0, 1246.0, 1242.0, 1382.0, 1318.0], "(2, 6, 2, 3)": [57.0, 49.0, 62.0, 55.0, 45.0], "(2, 1, 2, 1)": [73.0, 55.0, 67.0, 53.0, 52.0], "(2, 2, 2, 1)": [47.0, 36.0, 31.0, 32.0, 40.0], "(2, 4, 2, 3)": [6.0, 26.0, 12.0, 14.0, 10.0], "(2, 3, 2, 3)": [6.0, 7.0, 7.0, 4.0, 2.0], "(2, 7, 2, 3)": [102.0, 70.0, 79.0, 78.0, 78.0], "(2, 5, 2, 3)": [30.0, 43.0, 23.0, 27.0, 24.0], "(2, 3, 2, 1)": [21.0, 28.0, 24.0, 23.0, 26.0], "(1, 1, 2, 2)": [5.0, 2.0, 3.0, 3.0, 3.0], "(2, 4, 2, 1)": [14.0, 9.0, 14.0, 6.0, 13.0], "(2, 1, 1, 1)": [1.0, 1.0, 3.0, 2.0, 1.0], "(2, 5, 3, 3)": [0.0, 1.0, 0.0, 0.0, 1.0], "(2, 5, 2, 1)": [4.0, 2.0, 3.0, 7.0, 5.0], "(3, 7, 2, 2)": [6.0, 5.0, 7.0, 7.0, 8.0], "(3, 6, 2, 2)": [7.0, 6.0, 7.0, 9.0, 8.0], "(2, 6, 2, 1)": [0.0, 1.0, 0.0, 0.0, 0.0], "(2, 7, 3, 3)": [0.0, 0.0, 1.0, 0.0, 1.0], "(3, 3, 2, 2)": [2.0, 3.0, 3.0, 4.0, 3.0], "(3, 4, 2, 2)": [3.0, 3.0, 2.0, 2.0, 2.0], "(3, 1, 2, 2)": [4.0, 5.0, 4.0, 4.0, 3.0], "(3, 2, 2, 2)": [3.0, 2.0, 4.0, 2.0, 2.0], "(3, 5, 2, 2)": [3.0, 2.0, 1.0, 4.0, 3.0], "(2, 2, 1, 1)": [1.0, 1.0, 1.0, 1.0, 0.0], "(2, 3, 1, 1)": [1.0, 1.0, 0.0, 0.0, 0.0], "(2, 6, 1, 1)": [0.0, 0.0, 0.0, 1.0, 0.0], "(1, 4, 2, 2)": [2.0, 1.0, 1.0, 3.0, 2.0], "(1, 3, 2, 2)": [3.0, 2.0, 3.0, 1.0, 3.0], "(1, 2, 2, 2)": [4.0, 2.0, 2.0, 3.0, 4.0], "(2, 4, 1, 1)": [1.0, 0.0, 0.0, 1.0, 0.0], "(1, 7, 2, 2)": [2.0, 1.0, 2.0, 3.0, 2.0], "(1, 6, 2, 2)": [1.0, 1.0, 1.0, 2.0, 2.0], "(1, 5, 2, 2)": [2.0, 0.0, 2.0, 2.0, 1.0], "(3, 2, 2, 1)": [0.0, 0.0, 0.0, 0.0, 1.0], "(1, 1, 2, 1)": [0.0, 0.0, 1.0, 0.0, 0.0], "(1, 2, 2, 1)": [1.0, 0.0, 0.0, 0.0, 0.0], "(2, 4, 3, 3)": [1.0, 0.0, 0.0, 0.0, 0.0], "(2, 6, 3, 3)": [0.0, 1.0, 0.0, 0.0, 0.0]}}