{"q_values": {"(2, 7, 2, 2)": [-2.843930959701538, -2.8127760887145996, -2.8120038509368896, -2.802978754043579, -2.814176082611084], "(2, 6, 2, 2)": [-2.917907476425171, -2.918139696121216, -2.918151617050171, -2.9169886112213135, -2.9171156883239746], "(2, 5, 2, 2)": [-2.919921875, -2.920022487640381, -2.9200327396392822, -2.920016288757324, -2.919938802719116], "(2, 2, 2, 2)": [-2.9184181690216064, -2.9177746772766113, -2.9175662994384766, -2.918505907058716, -2.918519973754883], "(2, 1, 2, 2)": [-2.8157670497894287, -2.8156676292419434, -2.8386781215667725, -2.8159706592559814, -2.83894681930542], "(2, 3, 2, 2)": [-2.9206128120422363, -2.919692277908325, -2.9198906421661377, -2.919398307800293, -2.9198827743530273], "(2, 4, 2, 2)": [-2.9208037853240967, -2.9209372997283936, -2.9206295013427734, -2.920276403427124, -2.9204559326171875], "(2, 6, 2, 3)": [-2.912341356277466, -2.9122493267059326, -2.8955256938934326, -2.905988931655884, -2.9099395275115967], "(2, 1, 2, 1)": [-2.4148242473602295, -2.5812127590179443, -2.487962484359741, -2.506091833114624, -2.5334503650665283], "(2, 2, 2, 1)": [-2.899219512939453, -2.903398036956787, -2.9199395179748535, -2.9068336486816406, -2.906907320022583], "(2, 4, 2, 3)": [-2.924433946609497, -2.916024923324585, -2.9223859310150146, -2.9246108531951904, -2.9315004348754883], "(2, 3, 2, 3)": [-2.9424171447753906, -2.915783643722534, -2.9214603900909424, -2.926082134246826, -2.9403858184814453], "(2, 7, 2, 3)": [-2.492889165878296, -2.5379364490509033, -2.5670700073242188, -2.595381259918213, -2.5132179260253906], "(2, 5, 2, 3)": [-2.9178779125213623, -2.9174587726593018, -2.92091703414917, -2.9330577850341797, -2.9297518730163574], "(2, 3, 2, 1)": [-2.9304873943328857, -2.924452543258667, -2.9248557090759277, -2.9264893531799316, -2.926502227783203], "(1, 1, 2, 2)": [-2.5454204082489014, -2.883300304412842, -2.890618324279785, -2.415248155593872, -2.813103675842285], "(2, 4, 2, 1)": [-2.921318292617798, -2.9246225357055664, -2.9149396419525146, -2.929218292236328, -2.920860767364502], "(2, 1, 1, 1)": [-2.180999279022217, -2.7624711990356445, -2.1990232467651367, -2.765397071838379, -2.7802441120147705], "(2, 5, 3, 3)": [0.0, -2.9604110717773438, 0.0, 0.0, -2.9625813961029053], "(2, 5, 2, 1)": [-2.9054479598999023, -2.9029409885406494, -2.9023098945617676, -2.922107696533203, -2.9164907932281494], "(3, 7, 2, 2)": [-2.9157307147979736, -2.7206003665924072, -2.7608633041381836, -2.7698354721069336, -2.6155014038085938], "(3, 6, 2, 2)": [-2.9220166206359863, -2.9263787269592285, -2.9247114658355713, -2.9203875064849854, -2.924740791320801], "(2, 6, 2, 1)": [0.0, -2.9173026084899902, 0.0, 0.0, 0.0], "(2, 7, 3, 3)": [0.0, 0.0, -2.2019121646881104, 0.0, 0.0], "(3, 3, 2, 2)": [-2.9315378665924072, -2.934363842010498, -2.9275522232055664, -2.9208297729492188, -2.9275522232055664], "(3, 4, 2, 2)": [-2.9208297729492188, -2.9208297729492188, -2.9275522232055664, -2.9275522232055664, -2.9275522232055664], "(3, 1, 2, 2)": [-2.9136714935302734, -2.69144606590271, -2.9124977588653564, -2.5662198066711426, -2.8666934967041016], "(3, 2, 2, 2)": [-2.932927131652832, -2.9235663414001465, -2.93340802192688, -2.9235663414001465, -2.9340057373046875], "(3, 5, 2, 2)": [-2.9273886680603027, -2.9275522232055664, -2.9315378665924072, -2.925302028656006, -2.9273886680603027], "(2, 2, 1, 1)": [-2.8625617027282715, 0.0, -2.7262492179870605, -2.905679225921631, 0.0], "(2, 3, 1, 1)": [0.0, -2.905679225921631, 0.0, 0.0, 0.0], "(2, 6, 1, 1)": [0.0, 0.0, 0.0, -2.919544219970703, 0.0], "(1, 4, 2, 2)": [-2.901953935623169, 0.0, 0.0, -2.927562713623047, -2.953171968460083], "(1, 3, 2, 2)": [-2.9030380249023438, -2.903975009918213, -2.9203739166259766, -2.905996322631836, -2.9203739166259766], "(1, 2, 2, 2)": [-2.9021973609924316, -2.903975009918213, -2.903975009918213, -2.903975009918213, -2.905555248260498], "(2, 4, 1, 1)": [0.0, 0.0, 0.0, -2.9051592350006104, 0.0], "(1, 5, 2, 2)": [-2.928175210952759, 0.0, -2.928164005279541, -2.928175210952759, -2.928175210952759], "(1, 7, 2, 2)": [-2.9036030769348145, -2.913403034210205, -2.9219717979431152, -2.8349947929382324, -2.9248170852661133], "(1, 6, 2, 2)": [0.0, 0.0, -2.9253158569335938, -2.9279966354370117, -2.9167370796203613], "(3, 2, 2, 1)": [0.0, 0.0, 0.0, 0.0, -2.9286751747131348], "(1, 1, 2, 1)": [0.0, 0.0, -2.7224996089935303, 0.0, 0.0], "(1, 2, 2, 1)": [-2.8586246967315674, 0.0, 0.0, 0.0, 0.0]}, "n_values": {"(2, 7, 2, 2)": [744.0, 794.0, 838.0, 903.0, 899.0], "(2, 6, 2, 2)": [731.0, 736.0, 792.0, 856.0, 882.0], "(2, 5, 2, 2)": [748.0, 717.0, 736.0, 768.0, 832.0], "(2, 2, 2, 2)": [852.0, 819.0, 767.0, 706.0, 705.0], "(2, 1, 2, 2)": [941.0, 835.0, 814.0, 798.0, 726.0], "(2, 3, 2, 2)": [748.0, 730.0, 709.0, 756.0, 700.0], "(2, 4, 2, 2)": [739.0, 731.0, 717.0, 775.0, 758.0], "(2, 6, 2, 3)": [36.0, 27.0, 35.0, 34.0, 25.0], "(2, 1, 2, 1)": [38.0, 32.0, 43.0, 35.0, 32.0], "(2, 2, 2, 1)": [32.0, 26.0, 23.0, 24.0, 27.0], "(2, 4, 2, 3)": [3.0, 18.0, 10.0, 8.0, 6.0], "(2, 3, 2, 3)": [2.0, 5.0, 7.0, 4.0, 2.0], "(2, 7, 2, 3)": [51.0, 41.0, 47.0, 36.0, 42.0], "(2, 5, 2, 3)": [19.0, 24.0, 15.0, 13.0, 14.0], "(2, 3, 2, 1)": [12.0, 19.0, 13.0, 12.0, 17.0], "(1, 1, 2, 2)": [3.0, 2.0, 1.0, 3.0, 2.0], "(2, 4, 2, 1)": [10.0, 6.0, 11.0, 4.0, 10.0], "(2, 1, 1, 1)": [1.0, 1.0, 2.0, 1.0, 1.0], "(2, 5, 3, 3)": [0.0, 1.0, 0.0, 0.0, 1.0], "(2, 5, 2, 1)": [2.0, 1.0, 1.0, 5.0, 3.0], "(3, 7, 2, 2)": [4.0, 4.0, 5.0, 6.0, 6.0], "(3, 6, 2, 2)": [7.0, 5.0, 6.0, 7.0, 6.0], "(2, 6, 2, 1)": [0.0, 1.0, 0.0, 0.0, 0.0], "(2, 7, 3, 3)": [0.0, 0.0, 1.0, 0.0, 0.0], "(3, 3, 2, 2)": [1.0, 2.0, 2.0, 3.0, 2.0], "(3, 4, 2, 2)": [3.0, 3.0, 2.0, 2.0, 2.0], "(3, 1, 2, 2)": [2.0, 4.0, 3.0, 2.0, 3.0], "(3, 2, 2, 2)": [2.0, 1.0, 3.0, 1.0, 2.0], "(3, 5, 2, 2)": [3.0, 2.0, 1.0, 4.0, 3.0], "(2, 2, 1, 1)": [1.0, 0.0, 1.0, 1.0, 0.0], "(2, 3, 1, 1)": [0.0, 1.0, 0.0, 0.0, 0.0], "(2, 6, 1, 1)": [0.0, 0.0, 0.0, 1.0, 0.0], "(1, 4, 2, 2)": [1.0, 0.0, 0.0, 2.0, 1.0], "(1, 3, 2, 2)": [3.0, 2.0, 3.0, 1.0, 3.0], "(1, 2, 2, 2)": [4.0, 2.0, 2.0, 2.0, 3.0], "(2, 4, 1, 1)": [0.0, 0.0, 0.0, 1.0, 0.0], "(1, 7, 2, 2)": [2.0, 1.0, 1.0, 2.0, 1.0], "(1, 6, 2, 2)": [0.0, 0.0, 1.0, 1.0, 1.0], "(1, 5, 2, 2)": [1.0, 0.0, 1.0, 1.0, 1.0], "(3, 2, 2, 1)": [0.0, 0.0, 0.0, 0.0, 1.0], "(1, 1, 2, 1)": [0.0, 0.0, 1.0, 0.0, 0.0], "(1, 2, 2, 1)": [1.0, 0.0, 0.0, 0.0, 0.0]}}