{"q_values": {"(2, 7, 2, 2)": [-2.8307600021362305, -2.8138277530670166, -2.802225112915039, -2.8018863201141357, -2.8025176525115967], "(2, 6, 2, 2)": [-2.919142246246338, -2.919025421142578, -2.9190800189971924, -2.918278455734253, -2.918299436569214], "(2, 5, 2, 2)": [-2.9210407733917236, -2.920990467071533, -2.920973300933838, -2.9213168621063232, -2.921118974685669], "(2, 2, 2, 2)": [-2.918640375137329, -2.9186160564422607, -2.9186317920684814, -2.9190797805786133, -2.919436454772949], "(2, 1, 2, 2)": [-2.8129842281341553, -2.816074848175049, -2.8235299587249756, -2.819064140319824, -2.8231866359710693], "(2, 3, 2, 2)": [-2.9218289852142334, -2.921316385269165, -2.921504497528076, -2.9210398197174072, -2.921205759048462], "(2, 4, 2, 2)": [-2.921881675720215, -2.921804189682007, -2.9218244552612305, -2.9215705394744873, -2.921593189239502], "(2, 6, 2, 3)": [-2.9119889736175537, -2.913468360900879, -2.904158353805542, -2.908377170562744, -2.907083034515381], "(2, 1, 2, 1)": [-2.435791015625, -2.522794723510742, -2.497653007507324, -2.492692470550537, -2.5349109172821045], "(2, 2, 2, 1)": [-2.8946146965026855, -2.9033474922180176, -2.9079930782318115, -2.9092907905578613, -2.90964412689209], "(2, 4, 2, 3)": [-2.9176855087280273, -2.916102886199951, -2.9245920181274414, -2.9220473766326904, -2.9259860515594482], "(2, 3, 2, 3)": [-2.926220417022705, -2.9207139015197754, -2.9214603900909424, -2.926082134246826, -2.9403858184814453], "(2, 7, 2, 3)": [-2.5298917293548584, -2.5375092029571533, -2.538339376449585, -2.5082345008850098, -2.524113893508911], "(2, 5, 2, 3)": [-2.919287919998169, -2.9192612171173096, -2.921776056289673, -2.930898904800415, -2.9293479919433594], "(2, 3, 2, 1)": [-2.929342746734619, -2.92451810836792, -2.9268105030059814, -2.9244446754455566, -2.9266533851623535], "(1, 1, 2, 2)": [-2.5517075061798096, -2.883300304412842, -2.896270513534546, -2.415248155593872, -2.8489677906036377], "(2, 4, 2, 1)": [-2.9243955612182617, -2.9238247871398926, -2.9183106422424316, -2.9253790378570557, -2.92112398147583], "(2, 1, 1, 1)": [-2.180999279022217, -2.7624711990356445, -2.1983280181884766, -2.473656415939331, -2.7802441120147705], "(2, 5, 3, 3)": [0.0, -2.9604110717773438, 0.0, 0.0, -2.9625813961029053], "(2, 5, 2, 1)": [-2.906925916671753, -2.9166812896728516, -2.9079113006591797, -2.923814058303833, -2.9230923652648926], "(3, 7, 2, 2)": [-2.91494083404541, -2.762845516204834, -2.7995686531066895, -2.7929768562316895, -2.600565195083618], "(3, 6, 2, 2)": [-2.9220166206359863, -2.9230217933654785, -2.9257278442382812, -2.92006778717041, -2.923309326171875], "(2, 6, 2, 1)": [0.0, -2.9173026084899902, 0.0, 0.0, 0.0], "(2, 7, 3, 3)": [0.0, 0.0, -2.1941394805908203, 0.0, -2.2071280479431152], "(3, 3, 2, 2)": [-2.9316818714141846, -2.9335179328918457, -2.9289767742156982, -2.9235787391662598, -2.9289767742156982], "(3, 4, 2, 2)": [-2.9208297729492188, -2.9208297729492188, -2.9275522232055664, -2.9275522232055664, -2.9275522232055664], "(3, 1, 2, 2)": [-2.9084980487823486, -2.7287185192108154, -2.915200710296631, -2.701117515563965, -2.8666934967041016], "(3, 2, 2, 2)": [-2.932321548461914, -2.926264524459839, -2.9329676628112793, -2.9219698905944824, -2.9340057373046875], "(3, 5, 2, 2)": [-2.9273886680603027, -2.9275522232055664, -2.9315378665924072, -2.925302028656006, -2.9273886680603027], "(2, 2, 1, 1)": [-2.8625617027282715, -2.8637642860412598, -2.7262492179870605, -2.905679225921631, 0.0], "(2, 3, 1, 1)": [-2.8978567123413086, -2.905679225921631, 0.0, 0.0, 0.0], "(2, 6, 1, 1)": [0.0, 0.0, 0.0, -2.919544219970703, 0.0], "(1, 4, 2, 2)": [-2.9284183979034424, -2.94140887260437, -2.94140887260437, -2.93666934967041, -2.9453299045562744], "(1, 3, 2, 2)": [-2.9030380249023438, -2.903975009918213, -2.9203739166259766, -2.905996322631836, -2.9203739166259766], "(1, 2, 2, 2)": [-2.9021973609924316, -2.903975009918213, -2.903975009918213, -2.9104855060577393, -2.9100513458251953], "(2, 4, 1, 1)": [-2.9063799381256104, 0.0, 0.0, -2.9051592350006104, 0.0], "(1, 5, 2, 2)": [-2.936997652053833, -2.9279348850250244, -2.9369940757751465, -2.936997652053833, -2.9280550479888916], "(1, 7, 2, 2)": [-2.9036030769348145, -2.913403034210205, -2.9326560497283936, -2.692084312438965, -2.8475098609924316], "(1, 6, 2, 2)": [-2.941401958465576, -2.9414029121398926, -2.926624059677124, -2.93306565284729, -2.932929754257202], "(3, 2, 2, 1)": [0.0, 0.0, 0.0, 0.0, -2.9286751747131348], "(1, 1, 2, 1)": [0.0, 0.0, -2.7224996089935303, 0.0, 0.0], "(1, 2, 2, 1)": [-2.8586246967315674, 0.0, 0.0, 0.0, 0.0], "(2, 4, 3, 3)": [-2.9138283729553223, 0.0, 0.0, 0.0, 0.0], "(2, 6, 3, 3)": [0.0, -2.880803108215332, 0.0, 0.0, 0.0]}, "n_values": {"(2, 7, 2, 2)": [1338.0, 1407.0, 1535.0, 1743.0, 1679.0], "(2, 6, 2, 2)": [1287.0, 1338.0, 1410.0, 1632.0, 1639.0], "(2, 5, 2, 2)": [1350.0, 1318.0, 1445.0, 1398.0, 1513.0], "(2, 2, 2, 2)": [1423.0, 1388.0, 1351.0, 1211.0, 1198.0], "(2, 1, 2, 2)": [1683.0, 1417.0, 1361.0, 1299.0, 1217.0], "(2, 3, 2, 2)": [1308.0, 1269.0, 1259.0, 1369.0, 1248.0], "(2, 4, 2, 2)": [1319.0, 1300.0, 1298.0, 1447.0, 1381.0], "(2, 6, 2, 3)": [62.0, 52.0, 65.0, 58.0, 48.0], "(2, 1, 2, 1)": [78.0, 57.0, 71.0, 53.0, 55.0], "(2, 2, 2, 1)": [50.0, 36.0, 33.0, 33.0, 42.0], "(2, 4, 2, 3)": [6.0, 26.0, 12.0, 15.0, 11.0], "(2, 3, 2, 3)": [6.0, 7.0, 7.0, 4.0, 2.0], "(2, 7, 2, 3)": [106.0, 77.0, 84.0, 83.0, 80.0], "(2, 5, 2, 3)": [34.0, 46.0, 28.0, 31.0, 25.0], "(2, 3, 2, 1)": [21.0, 28.0, 24.0, 24.0, 27.0], "(1, 1, 2, 2)": [5.0, 2.0, 3.0, 3.0, 3.0], "(2, 4, 2, 1)": [14.0, 9.0, 15.0, 6.0, 13.0], "(2, 1, 1, 1)": [1.0, 1.0, 3.0, 2.0, 1.0], "(2, 5, 3, 3)": [0.0, 1.0, 0.0, 0.0, 1.0], "(2, 5, 2, 1)": [4.0, 2.0, 3.0, 7.0, 5.0], "(3, 7, 2, 2)": [6.0, 5.0, 7.0, 7.0, 8.0], "(3, 6, 2, 2)": [7.0, 6.0, 7.0, 9.0, 8.0], "(2, 6, 2, 1)": [0.0, 1.0, 0.0, 0.0, 0.0], "(2, 7, 3, 3)": [0.0, 0.0, 2.0, 0.0, 1.0], "(3, 3, 2, 2)": [2.0, 3.0, 3.0, 4.0, 3.0], "(3, 4, 2, 2)": [3.0, 3.0, 2.0, 2.0, 2.0], "(3, 1, 2, 2)": [4.0, 5.0, 4.0, 4.0, 3.0], "(3, 2, 2, 2)": [3.0, 2.0, 4.0, 2.0, 2.0], "(3, 5, 2, 2)": [3.0, 2.0, 1.0, 4.0, 3.0], "(2, 2, 1, 1)": [1.0, 1.0, 1.0, 1.0, 0.0], "(2, 3, 1, 1)": [1.0, 1.0, 0.0, 0.0, 0.0], "(2, 6, 1, 1)": [0.0, 0.0, 0.0, 1.0, 0.0], "(1, 4, 2, 2)": [2.0, 2.0, 2.0, 3.0, 3.0], "(1, 3, 2, 2)": [3.0, 2.0, 3.0, 1.0, 3.0], "(1, 2, 2, 2)": [4.0, 2.0, 2.0, 3.0, 4.0], "(2, 4, 1, 1)": [1.0, 0.0, 0.0, 1.0, 0.0], "(1, 7, 2, 2)": [2.0, 1.0, 2.0, 4.0, 2.0], "(1, 6, 2, 2)": [2.0, 2.0, 2.0, 3.0, 3.0], "(1, 5, 2, 2)": [3.0, 1.0, 3.0, 3.0, 2.0], "(3, 2, 2, 1)": [0.0, 0.0, 0.0, 0.0, 1.0], "(1, 1, 2, 1)": [0.0, 0.0, 1.0, 0.0, 0.0], "(1, 2, 2, 1)": [1.0, 0.0, 0.0, 0.0, 0.0], "(2, 4, 3, 3)": [1.0, 0.0, 0.0, 0.0, 0.0], "(2, 6, 3, 3)": [0.0, 1.0, 0.0, 0.0, 0.0]}}