{"q_values": {"(2, 7, 2, 2)": [-2.835813283920288, -2.8162543773651123, -2.8098349571228027, -2.804600477218628, -2.8124866485595703], "(2, 6, 2, 2)": [-2.918605089187622, -2.9184343814849854, -2.91849422454834, -2.9175429344177246, -2.917776584625244], "(2, 5, 2, 2)": [-2.9203248023986816, -2.9203736782073975, -2.9201877117156982, -2.9205963611602783, -2.920419931411743], "(2, 2, 2, 2)": [-2.918564558029175, -2.91823410987854, -2.918109655380249, -2.918832778930664, -2.9190101623535156], "(2, 1, 2, 2)": [-2.813185453414917, -2.8143436908721924, -2.8308603763580322, -2.819711923599243, -2.8297414779663086], "(2, 3, 2, 2)": [-2.921112537384033, -2.9204535484313965, -2.920623779296875, -2.9202096462249756, -2.920274019241333], "(2, 4, 2, 2)": [-2.9211978912353516, -2.9211246967315674, -2.9210364818573, -2.920764923095703, -2.9208457469940186], "(2, 6, 2, 3)": [-2.9127724170684814, -2.912032127380371, -2.90130615234375, -2.9074981212615967, -2.90702223777771], "(2, 1, 2, 1)": [-2.4193496704101562, -2.5480728149414062, -2.5026893615722656, -2.501601219177246, -2.5467710494995117], "(2, 2, 2, 1)": [-2.896435022354126, -2.9050989151000977, -2.909524440765381, -2.9077205657958984, -2.9068849086761475], "(2, 4, 2, 3)": [-2.9200658798217773, -2.916433334350586, -2.9219937324523926, -2.9200122356414795, -2.9315004348754883], "(2, 3, 2, 3)": [-2.9292283058166504, -2.915783643722534, -2.9214603900909424, -2.926082134246826, -2.9403858184814453], "(2, 7, 2, 3)": [-2.496985673904419, -2.5368733406066895, -2.5435194969177246, -2.544538736343384, -2.5050265789031982], "(2, 5, 2, 3)": [-2.9184136390686035, -2.9165077209472656, -2.920305013656616, -2.9311623573303223, -2.931056499481201], "(2, 3, 2, 1)": [-2.9279050827026367, -2.9231185913085938, -2.925377607345581, -2.9218883514404297, -2.9269752502441406], "(1, 1, 2, 2)": [-2.6399083137512207, -2.883300304412842, -2.901374578475952, -2.415248155593872, -2.8489677906036377], "(2, 4, 2, 1)": [-2.9213435649871826, -2.9238831996917725, -2.9165289402008057, -2.9253790378570557, -2.9207403659820557], "(2, 1, 1, 1)": [-2.180999279022217, -2.7624711990356445, -2.1990232467651367, -2.473656415939331, -2.7802441120147705], "(2, 5, 3, 3)": [0.0, -2.9604110717773438, 0.0, 0.0, -2.9625813961029053], "(2, 5, 2, 1)": [-2.906925916671753, -2.9029409885406494, -2.9024834632873535, -2.922107696533203, -2.9230923652648926], "(3, 7, 2, 2)": [-2.91494083404541, -2.762845516204834, -2.7995686531066895, -2.7929768562316895, -2.600565195083618], "(3, 6, 2, 2)": [-2.9220166206359863, -2.9230217933654785, -2.9257278442382812, -2.92006778717041, -2.923309326171875], "(2, 6, 2, 1)": [0.0, -2.9173026084899902, 0.0, 0.0, 0.0], "(2, 7, 3, 3)": [0.0, 0.0, -2.2019121646881104, 0.0, -2.2071280479431152], "(3, 3, 2, 2)": [-2.9316818714141846, -2.9335179328918457, -2.9289767742156982, -2.9235787391662598, -2.9289767742156982], "(3, 4, 2, 2)": [-2.9208297729492188, -2.9208297729492188, -2.9275522232055664, -2.9275522232055664, -2.9275522232055664], "(3, 1, 2, 2)": [-2.9084980487823486, -2.7287185192108154, -2.915200710296631, -2.701117515563965, -2.8666934967041016], "(3, 2, 2, 2)": [-2.932321548461914, -2.926264524459839, -2.9329676628112793, -2.9219698905944824, -2.9340057373046875], "(3, 5, 2, 2)": [-2.9273886680603027, -2.9275522232055664, -2.9315378665924072, -2.925302028656006, -2.9273886680603027], "(2, 2, 1, 1)": [-2.8625617027282715, -2.8637642860412598, -2.7262492179870605, -2.905679225921631, 0.0], "(2, 3, 1, 1)": [-2.8978567123413086, -2.905679225921631, 0.0, 0.0, 0.0], "(2, 6, 1, 1)": [0.0, 0.0, 0.0, -2.919544219970703, 0.0], "(1, 4, 2, 2)": [-2.9284183979034424, -2.954882860183716, -2.954882860183716, -2.93666934967041, -2.9540274143218994], "(1, 3, 2, 2)": [-2.9030380249023438, -2.903975009918213, -2.9203739166259766, -2.905996322631836, -2.9203739166259766], "(1, 2, 2, 2)": [-2.9021973609924316, -2.903975009918213, -2.903975009918213, -2.9104855060577393, -2.9100513458251953], "(2, 4, 1, 1)": [-2.9063799381256104, 0.0, 0.0, -2.9051592350006104, 0.0], "(1, 5, 2, 2)": [-2.9415290355682373, 0.0, -2.941523551940918, -2.9415290355682373, -2.928175210952759], "(1, 7, 2, 2)": [-2.9036030769348145, -2.913403034210205, -2.9326560497283936, -2.6287171840667725, -2.8475098609924316], "(1, 6, 2, 2)": [-2.9548802375793457, -2.954871654510498, -2.9253158569335938, -2.941349506378174, -2.9354493618011475], "(3, 2, 2, 1)": [0.0, 0.0, 0.0, 0.0, -2.9286751747131348], "(1, 1, 2, 1)": [0.0, 0.0, -2.7224996089935303, 0.0, 0.0], "(1, 2, 2, 1)": [-2.8586246967315674, 0.0, 0.0, 0.0, 0.0], "(2, 4, 3, 3)": [-2.9138283729553223, 0.0, 0.0, 0.0, 0.0]}, "n_values": {"(2, 7, 2, 2)": [1014.0, 1075.0, 1170.0, 1291.0, 1240.0], "(2, 6, 2, 2)": [981.0, 1021.0, 1076.0, 1205.0, 1223.0], "(2, 5, 2, 2)": [1032.0, 1002.0, 1051.0, 1059.0, 1147.0], "(2, 2, 2, 2)": [1112.0, 1071.0, 1046.0, 945.0, 925.0], "(2, 1, 2, 2)": [1278.0, 1114.0, 1057.0, 1032.0, 961.0], "(2, 3, 2, 2)": [993.0, 960.0, 958.0, 1019.0, 940.0], "(2, 4, 2, 2)": [1003.0, 991.0, 981.0, 1067.0, 1048.0], "(2, 6, 2, 3)": [48.0, 40.0, 50.0, 48.0, 40.0], "(2, 1, 2, 1)": [53.0, 43.0, 54.0, 40.0, 43.0], "(2, 2, 2, 1)": [37.0, 29.0, 27.0, 26.0, 33.0], "(2, 4, 2, 3)": [4.0, 21.0, 11.0, 11.0, 6.0], "(2, 3, 2, 3)": [4.0, 5.0, 7.0, 4.0, 2.0], "(2, 7, 2, 3)": [77.0, 57.0, 62.0, 59.0, 58.0], "(2, 5, 2, 3)": [24.0, 30.0, 20.0, 21.0, 20.0], "(2, 3, 2, 1)": [17.0, 23.0, 18.0, 17.0, 21.0], "(1, 1, 2, 2)": [4.0, 2.0, 2.0, 3.0, 3.0], "(2, 4, 2, 1)": [12.0, 7.0, 12.0, 6.0, 12.0], "(2, 1, 1, 1)": [1.0, 1.0, 2.0, 2.0, 1.0], "(2, 5, 3, 3)": [0.0, 1.0, 0.0, 0.0, 1.0], "(2, 5, 2, 1)": [4.0, 1.0, 2.0, 5.0, 5.0], "(3, 7, 2, 2)": [6.0, 5.0, 7.0, 7.0, 8.0], "(3, 6, 2, 2)": [7.0, 6.0, 7.0, 9.0, 8.0], "(2, 6, 2, 1)": [0.0, 1.0, 0.0, 0.0, 0.0], "(2, 7, 3, 3)": [0.0, 0.0, 1.0, 0.0, 1.0], "(3, 3, 2, 2)": [2.0, 3.0, 3.0, 4.0, 3.0], "(3, 4, 2, 2)": [3.0, 3.0, 2.0, 2.0, 2.0], "(3, 1, 2, 2)": [4.0, 5.0, 4.0, 4.0, 3.0], "(3, 2, 2, 2)": [3.0, 2.0, 4.0, 2.0, 2.0], "(3, 5, 2, 2)": [3.0, 2.0, 1.0, 4.0, 3.0], "(2, 2, 1, 1)": [1.0, 1.0, 1.0, 1.0, 0.0], "(2, 3, 1, 1)": [1.0, 1.0, 0.0, 0.0, 0.0], "(2, 6, 1, 1)": [0.0, 0.0, 0.0, 1.0, 0.0], "(1, 4, 2, 2)": [2.0, 1.0, 1.0, 3.0, 2.0], "(1, 3, 2, 2)": [3.0, 2.0, 3.0, 1.0, 3.0], "(1, 2, 2, 2)": [4.0, 2.0, 2.0, 3.0, 4.0], "(2, 4, 1, 1)": [1.0, 0.0, 0.0, 1.0, 0.0], "(1, 7, 2, 2)": [2.0, 1.0, 2.0, 3.0, 2.0], "(1, 6, 2, 2)": [1.0, 1.0, 1.0, 2.0, 2.0], "(1, 5, 2, 2)": [2.0, 0.0, 2.0, 2.0, 1.0], "(3, 2, 2, 1)": [0.0, 0.0, 0.0, 0.0, 1.0], "(1, 1, 2, 1)": [0.0, 0.0, 1.0, 0.0, 0.0], "(1, 2, 2, 1)": [1.0, 0.0, 0.0, 0.0, 0.0], "(2, 4, 3, 3)": [1.0, 0.0, 0.0, 0.0, 0.0]}}