{"q_values": {"(2, 7, 2, 2)": [-2.8464205265045166, -2.7991671562194824, -2.7979419231414795, -2.7997140884399414, -2.817490577697754], "(2, 6, 2, 2)": [-2.917731761932373, -2.9176878929138184, -2.9176454544067383, -2.9163014888763428, -2.916437864303589], "(2, 5, 2, 2)": [-2.9192562103271484, -2.9198131561279297, -2.9196319580078125, -2.919787645339966, -2.919466257095337], "(2, 2, 2, 2)": [-2.917543411254883, -2.917185068130493, -2.917116403579712, -2.9178824424743652, -2.9177088737487793], "(2, 1, 2, 2)": [-2.8185572624206543, -2.8139138221740723, -2.842059373855591, -2.806450366973877, -2.8312604427337646], "(2, 3, 2, 2)": [-2.9198436737060547, -2.91910982131958, -2.9190239906311035, -2.9187750816345215, -2.9194936752319336], "(2, 4, 2, 2)": [-2.9204771518707275, -2.9207308292388916, -2.9208080768585205, -2.9198873043060303, -2.9203009605407715], "(2, 6, 2, 3)": [-2.910937786102295, -2.9116222858428955, -2.897373914718628, -2.9031248092651367, -2.9090335369110107], "(2, 1, 2, 1)": [-2.4096250534057617, -2.5727829933166504, -2.516714572906494, -2.532297372817993, -2.6052989959716797], "(2, 2, 2, 1)": [-2.893357515335083, -2.9065535068511963, -2.9191741943359375, -2.9167072772979736, -2.909731149673462], "(2, 4, 2, 3)": [-2.9280638694763184, -2.914031744003296, -2.919766902923584, -2.9252352714538574, -2.9372260570526123], "(2, 3, 2, 3)": [-2.9242451190948486, -2.9050216674804688, -2.9203758239746094, -2.929051399230957, -2.9632935523986816], "(2, 7, 2, 3)": [-2.475277900695801, -2.531815528869629, -2.563387155532837, -2.5927536487579346, -2.5302810668945312], "(2, 5, 2, 3)": [-2.9171576499938965, -2.9131553173065186, -2.9162521362304688, -2.9285123348236084, -2.927591562271118], "(2, 3, 2, 1)": [-2.9306581020355225, -2.9228873252868652, -2.9249048233032227, -2.9245009422302246, -2.9192821979522705], "(1, 1, 2, 2)": [0.0, -2.8634419441223145, 0.0, -2.192577362060547, -2.7270874977111816], "(2, 4, 2, 1)": [-2.914710760116577, -2.9176650047302246, -2.9164466857910156, -2.9449169635772705, -2.9180421829223633], "(2, 1, 1, 1)": [0.0, -2.7624711990356445, -2.2099769115448, -2.765397071838379, 0.0], "(2, 5, 3, 3)": [0.0, -2.9604110717773438, 0.0, 0.0, -2.9625813961029053], "(2, 5, 2, 1)": [0.0, 0.0, -2.9023098945617676, -2.920603036880493, -2.9178805351257324], "(3, 7, 2, 2)": [-2.9157307147979736, -2.530806541442871, -2.6723928451538086, -2.9176998138427734, -2.914161205291748], "(3, 6, 2, 2)": [-2.922865152359009, -2.9285967350006104, -2.9285967350006104, -2.9228672981262207, -2.9285967350006104], "(2, 6, 2, 1)": [0.0, -2.9173026084899902, 0.0, 0.0, 0.0], "(2, 7, 3, 3)": [0.0, 0.0, -2.2019121646881104, 0.0, 0.0], "(3, 3, 2, 2)": [0.0, -2.9235663414001465, -2.9235663414001465, -2.915475845336914, -2.9235663414001465], "(3, 4, 2, 2)": [-2.915475845336914, -2.915475845336914, -2.9235663414001465, -2.9235663414001465, -2.9235663414001465], "(3, 1, 2, 2)": [0.0, -2.8778858184814453, -2.9235663414001465, -2.9235663414001465, -2.9235663414001465], "(3, 2, 2, 2)": [-2.9235663414001465, -2.9235663414001465, -2.9235663414001465, -2.9235663414001465, -2.9235663414001465], "(3, 5, 2, 2)": [-2.9235663414001465, -2.9235663414001465, 0.0, -2.9235663414001465, -2.9235663414001465], "(2, 2, 1, 1)": [0.0, 0.0, 0.0, -2.905679225921631, 0.0], "(2, 3, 1, 1)": [0.0, -2.905679225921631, 0.0, 0.0, 0.0], "(2, 6, 1, 1)": [0.0, 0.0, 0.0, -2.919544219970703, 0.0], "(1, 4, 2, 2)": [0.0, 0.0, 0.0, -2.9531712532043457, -2.953171968460083], "(1, 3, 2, 2)": [0.0, 0.0, -2.953171968460083, 0.0, -2.953171730041504], "(1, 2, 2, 2)": [-2.9081830978393555, 0.0, 0.0, 0.0, -2.9087157249450684]}, "n_values": {"(2, 7, 2, 2)": [470.0, 509.0, 518.0, 550.0, 559.0], "(2, 6, 2, 2)": [467.0, 459.0, 498.0, 533.0, 559.0], "(2, 5, 2, 2)": [446.0, 429.0, 446.0, 469.0, 536.0], "(2, 2, 2, 2)": [515.0, 498.0, 462.0, 418.0, 450.0], "(2, 1, 2, 2)": [605.0, 523.0, 518.0, 484.0, 459.0], "(2, 3, 2, 2)": [468.0, 439.0, 445.0, 447.0, 428.0], "(2, 4, 2, 2)": [438.0, 438.0, 431.0, 467.0, 452.0], "(2, 6, 2, 3)": [26.0, 21.0, 22.0, 22.0, 19.0], "(2, 1, 2, 1)": [20.0, 14.0, 25.0, 20.0, 14.0], "(2, 2, 2, 1)": [17.0, 14.0, 15.0, 14.0, 15.0], "(2, 4, 2, 3)": [2.0, 9.0, 4.0, 5.0, 3.0], "(2, 3, 2, 3)": [1.0, 1.0, 5.0, 3.0, 1.0], "(2, 7, 2, 3)": [33.0, 29.0, 31.0, 25.0, 23.0], "(2, 5, 2, 3)": [10.0, 12.0, 11.0, 8.0, 8.0], "(2, 3, 2, 1)": [8.0, 10.0, 7.0, 8.0, 8.0], "(1, 1, 2, 2)": [0.0, 1.0, 0.0, 2.0, 1.0], "(2, 4, 2, 1)": [6.0, 4.0, 6.0, 2.0, 4.0], "(2, 1, 1, 1)": [0.0, 1.0, 1.0, 1.0, 0.0], "(2, 5, 3, 3)": [0.0, 1.0, 0.0, 0.0, 1.0], "(2, 5, 2, 1)": [0.0, 0.0, 1.0, 4.0, 2.0], "(3, 7, 2, 2)": [4.0, 2.0, 3.0, 2.0, 2.0], "(3, 6, 2, 2)": [4.0, 3.0, 3.0, 4.0, 3.0], "(2, 6, 2, 1)": [0.0, 1.0, 0.0, 0.0, 0.0], "(2, 7, 3, 3)": [0.0, 0.0, 1.0, 0.0, 0.0], "(3, 3, 2, 2)": [0.0, 1.0, 1.0, 2.0, 1.0], "(3, 4, 2, 2)": [2.0, 2.0, 1.0, 1.0, 1.0], "(3, 1, 2, 2)": [0.0, 1.0, 1.0, 1.0, 1.0], "(3, 2, 2, 2)": [1.0, 1.0, 1.0, 1.0, 1.0], "(3, 5, 2, 2)": [1.0, 1.0, 0.0, 1.0, 1.0], "(2, 2, 1, 1)": [0.0, 0.0, 0.0, 1.0, 0.0], "(2, 3, 1, 1)": [0.0, 1.0, 0.0, 0.0, 0.0], "(2, 6, 1, 1)": [0.0, 0.0, 0.0, 1.0, 0.0], "(1, 4, 2, 2)": [0.0, 0.0, 0.0, 1.0, 1.0], "(1, 3, 2, 2)": [0.0, 0.0, 1.0, 0.0, 1.0], "(1, 2, 2, 2)": [1.0, 0.0, 0.0, 0.0, 1.0]}}