{"q_values": {"(2, 7, 2, 2)": [-2.8435661792755127, -2.8142449855804443, -2.8101627826690674, -2.8053622245788574, -2.81300950050354], "(2, 6, 2, 2)": [-2.9179978370666504, -2.918166399002075, -2.9182276725769043, -2.9172658920288086, -2.9172327518463135], "(2, 5, 2, 2)": [-2.919966697692871, -2.919950008392334, -2.9199392795562744, -2.9201133251190186, -2.9199705123901367], "(2, 2, 2, 2)": [-2.9187655448913574, -2.9180896282196045, -2.9178531169891357, -2.9188430309295654, -2.91879940032959], "(2, 1, 2, 2)": [-2.8150227069854736, -2.8147032260894775, -2.8382277488708496, -2.8158745765686035, -2.8377506732940674], "(2, 3, 2, 2)": [-2.920860767364502, -2.920016288757324, -2.920196533203125, -2.91959547996521, -2.920086145401001], "(2, 4, 2, 2)": [-2.9209084510803223, -2.9209399223327637, -2.9206204414367676, -2.920429229736328, -2.9203546047210693], "(2, 6, 2, 3)": [-2.9125185012817383, -2.9125311374664307, -2.895267963409424, -2.906472682952881, -2.9040639400482178], "(2, 1, 2, 1)": [-2.4105443954467773, -2.5486319065093994, -2.512509346008301, -2.506091833114624, -2.5541911125183105], "(2, 2, 2, 1)": [-2.899217128753662, -2.903398036956787, -2.9199395179748535, -2.9070520401000977, -2.906794548034668], "(2, 4, 2, 3)": [-2.924433946609497, -2.915773868560791, -2.9219937324523926, -2.9231269359588623, -2.9315004348754883], "(2, 3, 2, 3)": [-2.9424171447753906, -2.915783643722534, -2.9214603900909424, -2.926082134246826, -2.9403858184814453], "(2, 7, 2, 3)": [-2.5095584392547607, -2.546388864517212, -2.5711967945098877, -2.59305477142334, -2.49916672706604], "(2, 5, 2, 3)": [-2.917179584503174, -2.9174587726593018, -2.92091703414917, -2.930637836456299, -2.9297518730163574], "(2, 3, 2, 1)": [-2.9292519092559814, -2.924452543258667, -2.925351858139038, -2.9251461029052734, -2.9265878200531006], "(1, 1, 2, 2)": [-2.5454204082489014, -2.883300304412842, -2.890618324279785, -2.415248155593872, -2.813103675842285], "(2, 4, 2, 1)": [-2.921318292617798, -2.9246225357055664, -2.9149396419525146, -2.923906087875366, -2.9207403659820557], "(2, 1, 1, 1)": [-2.180999279022217, -2.7624711990356445, -2.1990232467651367, -2.765397071838379, -2.7802441120147705], "(2, 5, 3, 3)": [0.0, -2.9604110717773438, 0.0, 0.0, -2.9625813961029053], "(2, 5, 2, 1)": [-2.9062201976776123, -2.9029409885406494, -2.9024834632873535, -2.922107696533203, -2.9164907932281494], "(3, 7, 2, 2)": [-2.9157307147979736, -2.7206003665924072, -2.7608633041381836, -2.7698354721069336, -2.6155014038085938], "(3, 6, 2, 2)": [-2.9220166206359863, -2.9263787269592285, -2.9247114658355713, -2.9203875064849854, -2.924740791320801], "(2, 6, 2, 1)": [0.0, -2.9173026084899902, 0.0, 0.0, 0.0], "(2, 7, 3, 3)": [0.0, 0.0, -2.2019121646881104, 0.0, 0.0], "(3, 3, 2, 2)": [-2.9315378665924072, -2.934363842010498, -2.9275522232055664, -2.9208297729492188, -2.9275522232055664], "(3, 4, 2, 2)": [-2.9208297729492188, -2.9208297729492188, -2.9275522232055664, -2.9275522232055664, -2.9275522232055664], "(3, 1, 2, 2)": [-2.9136714935302734, -2.69144606590271, -2.9124977588653564, -2.5662198066711426, -2.8666934967041016], "(3, 2, 2, 2)": [-2.932927131652832, -2.9235663414001465, -2.93340802192688, -2.9235663414001465, -2.9340057373046875], "(3, 5, 2, 2)": [-2.9273886680603027, -2.9275522232055664, -2.9315378665924072, -2.925302028656006, -2.9273886680603027], "(2, 2, 1, 1)": [-2.8625617027282715, 0.0, -2.7262492179870605, -2.905679225921631, 0.0], "(2, 3, 1, 1)": [0.0, -2.905679225921631, 0.0, 0.0, 0.0], "(2, 6, 1, 1)": [0.0, 0.0, 0.0, -2.919544219970703, 0.0], "(1, 4, 2, 2)": [-2.901953935623169, 0.0, 0.0, -2.927562713623047, -2.953171968460083], "(1, 3, 2, 2)": [-2.9030380249023438, -2.903975009918213, -2.9203739166259766, -2.905996322631836, -2.9203739166259766], "(1, 2, 2, 2)": [-2.9021973609924316, -2.903975009918213, -2.903975009918213, -2.903975009918213, -2.905555248260498], "(2, 4, 1, 1)": [0.0, 0.0, 0.0, -2.9051592350006104, 0.0], "(1, 5, 2, 2)": [-2.928175210952759, 0.0, -2.928164005279541, -2.928175210952759, -2.928175210952759], "(1, 7, 2, 2)": [-2.9036030769348145, -2.913403034210205, -2.9219717979431152, -2.8349947929382324, -2.9248170852661133], "(1, 6, 2, 2)": [0.0, 0.0, -2.9253158569335938, -2.9279966354370117, -2.9167370796203613], "(3, 2, 2, 1)": [0.0, 0.0, 0.0, 0.0, -2.9286751747131348], "(1, 1, 2, 1)": [0.0, 0.0, -2.7224996089935303, 0.0, 0.0], "(1, 2, 2, 1)": [-2.8586246967315674, 0.0, 0.0, 0.0, 0.0]}, "n_values": {"(2, 7, 2, 2)": [805.0, 865.0, 915.0, 999.0, 980.0], "(2, 6, 2, 2)": [795.0, 811.0, 862.0, 937.0, 962.0], "(2, 5, 2, 2)": [810.0, 785.0, 801.0, 837.0, 900.0], "(2, 2, 2, 2)": [915.0, 885.0, 833.0, 762.0, 754.0], "(2, 1, 2, 2)": [1015.0, 893.0, 866.0, 851.0, 775.0], "(2, 3, 2, 2)": [813.0, 790.0, 771.0, 821.0, 756.0], "(2, 4, 2, 2)": [798.0, 790.0, 776.0, 841.0, 816.0], "(2, 6, 2, 3)": [39.0, 31.0, 37.0, 36.0, 28.0], "(2, 1, 2, 1)": [42.0, 35.0, 49.0, 35.0, 35.0], "(2, 2, 2, 1)": [33.0, 26.0, 23.0, 25.0, 28.0], "(2, 4, 2, 3)": [3.0, 19.0, 11.0, 9.0, 6.0], "(2, 3, 2, 3)": [2.0, 5.0, 7.0, 4.0, 2.0], "(2, 7, 2, 3)": [54.0, 46.0, 48.0, 39.0, 44.0], "(2, 5, 2, 3)": [20.0, 24.0, 15.0, 14.0, 14.0], "(2, 3, 2, 1)": [13.0, 19.0, 14.0, 14.0, 18.0], "(1, 1, 2, 2)": [3.0, 2.0, 1.0, 3.0, 2.0], "(2, 4, 2, 1)": [10.0, 6.0, 11.0, 5.0, 12.0], "(2, 1, 1, 1)": [1.0, 1.0, 2.0, 1.0, 1.0], "(2, 5, 3, 3)": [0.0, 1.0, 0.0, 0.0, 1.0], "(2, 5, 2, 1)": [3.0, 1.0, 2.0, 5.0, 3.0], "(3, 7, 2, 2)": [4.0, 4.0, 5.0, 6.0, 6.0], "(3, 6, 2, 2)": [7.0, 5.0, 6.0, 7.0, 6.0], "(2, 6, 2, 1)": [0.0, 1.0, 0.0, 0.0, 0.0], "(2, 7, 3, 3)": [0.0, 0.0, 1.0, 0.0, 0.0], "(3, 3, 2, 2)": [1.0, 2.0, 2.0, 3.0, 2.0], "(3, 4, 2, 2)": [3.0, 3.0, 2.0, 2.0, 2.0], "(3, 1, 2, 2)": [2.0, 4.0, 3.0, 2.0, 3.0], "(3, 2, 2, 2)": [2.0, 1.0, 3.0, 1.0, 2.0], "(3, 5, 2, 2)": [3.0, 2.0, 1.0, 4.0, 3.0], "(2, 2, 1, 1)": [1.0, 0.0, 1.0, 1.0, 0.0], "(2, 3, 1, 1)": [0.0, 1.0, 0.0, 0.0, 0.0], "(2, 6, 1, 1)": [0.0, 0.0, 0.0, 1.0, 0.0], "(1, 4, 2, 2)": [1.0, 0.0, 0.0, 2.0, 1.0], "(1, 3, 2, 2)": [3.0, 2.0, 3.0, 1.0, 3.0], "(1, 2, 2, 2)": [4.0, 2.0, 2.0, 2.0, 3.0], "(2, 4, 1, 1)": [0.0, 0.0, 0.0, 1.0, 0.0], "(1, 7, 2, 2)": [2.0, 1.0, 1.0, 2.0, 1.0], "(1, 6, 2, 2)": [0.0, 0.0, 1.0, 1.0, 1.0], "(1, 5, 2, 2)": [1.0, 0.0, 1.0, 1.0, 1.0], "(3, 2, 2, 1)": [0.0, 0.0, 0.0, 0.0, 1.0], "(1, 1, 2, 1)": [0.0, 0.0, 1.0, 0.0, 0.0], "(1, 2, 2, 1)": [1.0, 0.0, 0.0, 0.0, 0.0]}}