{"q_values": {"(2, 7, 2, 2)": [-2.845327377319336, -2.8103277683258057, -2.812474250793457, -2.803004741668701, -2.8140769004821777], "(2, 6, 2, 2)": [-2.9178333282470703, -2.9180333614349365, -2.918064594268799, -2.9168224334716797, -2.916999101638794], "(2, 5, 2, 2)": [-2.919759750366211, -2.9199912548065186, -2.920015811920166, -2.9200053215026855, -2.91989803314209], "(2, 2, 2, 2)": [-2.9183661937713623, -2.9177629947662354, -2.917503833770752, -2.9183785915374756, -2.918363571166992], "(2, 1, 2, 2)": [-2.814600944519043, -2.814838171005249, -2.8380351066589355, -2.8155651092529297, -2.8393356800079346], "(2, 3, 2, 2)": [-2.9205093383789062, -2.919703722000122, -2.9198646545410156, -2.919376850128174, -2.9198901653289795], "(2, 4, 2, 2)": [-2.920722723007202, -2.920792579650879, -2.920541524887085, -2.9201607704162598, -2.9203977584838867], "(2, 6, 2, 3)": [-2.912341356277466, -2.9122493267059326, -2.8976521492004395, -2.9055445194244385, -2.91092848777771], "(2, 1, 2, 1)": [-2.4066953659057617, -2.592930793762207, -2.4815638065338135, -2.506091833114624, -2.5435659885406494], "(2, 2, 2, 1)": [-2.8994102478027344, -2.9032673835754395, -2.919466733932495, -2.9089016914367676, -2.9070188999176025], "(2, 4, 2, 3)": [-2.924433946609497, -2.916024923324585, -2.9211807250976562, -2.9246108531951904, -2.9315004348754883], "(2, 3, 2, 3)": [-2.9424171447753906, -2.9153599739074707, -2.9214603900909424, -2.926082134246826, -2.9632935523986816], "(2, 7, 2, 3)": [-2.488335609436035, -2.5468270778656006, -2.5599451065063477, -2.5908658504486084, -2.5235772132873535], "(2, 5, 2, 3)": [-2.9177234172821045, -2.917834520339966, -2.92091703414917, -2.9328579902648926, -2.931345224380493], "(2, 3, 2, 1)": [-2.9304873943328857, -2.925431489944458, -2.9248557090759277, -2.9264893531799316, -2.925630807876587], "(1, 1, 2, 2)": [-2.4578394889831543, -2.883300304412842, 0.0, -2.415248155593872, -2.7270874977111816], "(2, 4, 2, 1)": [-2.921318292617798, -2.9246225357055664, -2.9149396419525146, -2.929218292236328, -2.920860767364502], "(2, 1, 1, 1)": [-2.180999279022217, -2.7624711990356445, -2.1990232467651367, -2.765397071838379, -2.7802441120147705], "(2, 5, 3, 3)": [0.0, -2.9604110717773438, 0.0, 0.0, -2.9625813961029053], "(2, 5, 2, 1)": [-2.9054479598999023, -2.9029409885406494, -2.9023098945617676, -2.922107696533203, -2.9178805351257324], "(3, 7, 2, 2)": [-2.9157307147979736, -2.6555912494659424, -2.7608633041381836, -2.738961935043335, -2.6155014038085938], "(3, 6, 2, 2)": [-2.921175956726074, -2.926208019256592, -2.924241542816162, -2.9192769527435303, -2.9242770671844482], "(2, 6, 2, 1)": [0.0, -2.9173026084899902, 0.0, 0.0, 0.0], "(2, 7, 3, 3)": [0.0, 0.0, -2.2019121646881104, 0.0, 0.0], "(3, 3, 2, 2)": [-2.9315378665924072, -2.934363842010498, -2.9275522232055664, -2.9208297729492188, -2.9275522232055664], "(3, 4, 2, 2)": [-2.9208297729492188, -2.9208297729492188, -2.9275522232055664, -2.9275522232055664, -2.9275522232055664], "(3, 1, 2, 2)": [-2.9136714935302734, -2.69144606590271, -2.9124977588653564, -2.5662198066711426, -2.8666934967041016], "(3, 2, 2, 2)": [-2.932927131652832, -2.9235663414001465, -2.93340802192688, -2.9235663414001465, -2.9340057373046875], "(3, 5, 2, 2)": [-2.9275522232055664, -2.9275522232055664, -2.9315378665924072, -2.924715518951416, -2.9275522232055664], "(2, 2, 1, 1)": [-2.8625617027282715, 0.0, -2.7262492179870605, -2.905679225921631, 0.0], "(2, 3, 1, 1)": [0.0, -2.905679225921631, 0.0, 0.0, 0.0], "(2, 6, 1, 1)": [0.0, 0.0, 0.0, -2.919544219970703, 0.0], "(1, 4, 2, 2)": [0.0, 0.0, 0.0, -2.9531712532043457, -2.953171968460083], "(1, 3, 2, 2)": [-2.9035799503326416, -2.905996322631836, -2.92958402633667, -2.905996322631836, -2.92958402633667], "(1, 2, 2, 2)": [-2.902278423309326, -2.905996322631836, -2.905996322631836, -2.905996322631836, -2.907356023788452], "(2, 4, 1, 1)": [0.0, 0.0, 0.0, -2.9051592350006104, 0.0], "(1, 5, 2, 2)": [-2.928175210952759, 0.0, -2.928164005279541, -2.928175210952759, -2.928175210952759], "(1, 7, 2, 2)": [-2.9036030769348145, -2.913403034210205, -2.9219717979431152, -2.8349947929382324, -2.9248170852661133], "(1, 6, 2, 2)": [0.0, 0.0, -2.9253158569335938, -2.9279966354370117, -2.9167370796203613], "(3, 2, 2, 1)": [0.0, 0.0, 0.0, 0.0, -2.9286751747131348], "(1, 1, 2, 1)": [0.0, 0.0, -2.7224996089935303, 0.0, 0.0], "(1, 2, 2, 1)": [-2.8586246967315674, 0.0, 0.0, 0.0, 0.0]}, "n_values": {"(2, 7, 2, 2)": [709.0, 760.0, 795.0, 861.0, 860.0], "(2, 6, 2, 2)": [695.0, 701.0, 752.0, 813.0, 842.0], "(2, 5, 2, 2)": [716.0, 684.0, 703.0, 736.0, 800.0], "(2, 2, 2, 2)": [821.0, 794.0, 736.0, 678.0, 682.0], "(2, 1, 2, 2)": [905.0, 801.0, 786.0, 772.0, 700.0], "(2, 3, 2, 2)": [726.0, 703.0, 685.0, 727.0, 676.0], "(2, 4, 2, 2)": [709.0, 698.0, 684.0, 740.0, 724.0], "(2, 6, 2, 3)": [36.0, 27.0, 33.0, 32.0, 23.0], "(2, 1, 2, 1)": [34.0, 31.0, 42.0, 35.0, 31.0], "(2, 2, 2, 1)": [31.0, 25.0, 21.0, 23.0, 26.0], "(2, 4, 2, 3)": [3.0, 18.0, 8.0, 8.0, 6.0], "(2, 3, 2, 3)": [2.0, 4.0, 7.0, 4.0, 1.0], "(2, 7, 2, 3)": [50.0, 40.0, 43.0, 35.0, 39.0], "(2, 5, 2, 3)": [17.0, 21.0, 15.0, 12.0, 13.0], "(2, 3, 2, 1)": [12.0, 18.0, 13.0, 12.0, 16.0], "(1, 1, 2, 2)": [2.0, 2.0, 0.0, 3.0, 1.0], "(2, 4, 2, 1)": [10.0, 6.0, 11.0, 4.0, 10.0], "(2, 1, 1, 1)": [1.0, 1.0, 2.0, 1.0, 1.0], "(2, 5, 3, 3)": [0.0, 1.0, 0.0, 0.0, 1.0], "(2, 5, 2, 1)": [2.0, 1.0, 1.0, 5.0, 2.0], "(3, 7, 2, 2)": [4.0, 3.0, 5.0, 5.0, 6.0], "(3, 6, 2, 2)": [6.0, 4.0, 5.0, 6.0, 5.0], "(2, 6, 2, 1)": [0.0, 1.0, 0.0, 0.0, 0.0], "(2, 7, 3, 3)": [0.0, 0.0, 1.0, 0.0, 0.0], "(3, 3, 2, 2)": [1.0, 2.0, 2.0, 3.0, 2.0], "(3, 4, 2, 2)": [3.0, 3.0, 2.0, 2.0, 2.0], "(3, 1, 2, 2)": [2.0, 4.0, 3.0, 2.0, 3.0], "(3, 2, 2, 2)": [2.0, 1.0, 3.0, 1.0, 2.0], "(3, 5, 2, 2)": [2.0, 2.0, 1.0, 3.0, 2.0], "(2, 2, 1, 1)": [1.0, 0.0, 1.0, 1.0, 0.0], "(2, 3, 1, 1)": [0.0, 1.0, 0.0, 0.0, 0.0], "(2, 6, 1, 1)": [0.0, 0.0, 0.0, 1.0, 0.0], "(1, 4, 2, 2)": [0.0, 0.0, 0.0, 1.0, 1.0], "(1, 3, 2, 2)": [2.0, 1.0, 2.0, 1.0, 2.0], "(1, 2, 2, 2)": [3.0, 1.0, 1.0, 1.0, 2.0], "(2, 4, 1, 1)": [0.0, 0.0, 0.0, 1.0, 0.0], "(1, 7, 2, 2)": [2.0, 1.0, 1.0, 2.0, 1.0], "(1, 6, 2, 2)": [0.0, 0.0, 1.0, 1.0, 1.0], "(1, 5, 2, 2)": [1.0, 0.0, 1.0, 1.0, 1.0], "(3, 2, 2, 1)": [0.0, 0.0, 0.0, 0.0, 1.0], "(1, 1, 2, 1)": [0.0, 0.0, 1.0, 0.0, 0.0], "(1, 2, 2, 1)": [1.0, 0.0, 0.0, 0.0, 0.0]}}