{"q_values": {"(2, 7, 2, 2)": [-2.8300981521606445, -2.81396222114563, -2.8044121265411377, -2.801654100418091, -2.7979226112365723], "(2, 6, 2, 2)": [-2.9191510677337646, -2.9190876483917236, -2.919034004211426, -2.9181716442108154, -2.918294906616211], "(2, 5, 2, 2)": [-2.921088695526123, -2.9208946228027344, -2.9209656715393066, -2.9212515354156494, -2.9211509227752686], "(2, 2, 2, 2)": [-2.918769121170044, -2.918773651123047, -2.918858051300049, -2.919243097305298, -2.919574499130249], "(2, 1, 2, 2)": [-2.815310478210449, -2.8148932456970215, -2.821152448654175, -2.8194081783294678, -2.8214287757873535], "(2, 3, 2, 2)": [-2.9217324256896973, -2.9213201999664307, -2.92142653465271, -2.9210588932037354, -2.9212288856506348], "(2, 4, 2, 2)": [-2.9216020107269287, -2.921659231185913, -2.921661138534546, -2.921422243118286, -2.921436071395874], "(2, 6, 2, 3)": [-2.911406993865967, -2.9138619899749756, -2.9060380458831787, -2.908937931060791, -2.9046850204467773], "(2, 1, 2, 1)": [-2.4398746490478516, -2.4969074726104736, -2.4955086708068848, -2.509408950805664, -2.520836114883423], "(2, 2, 2, 1)": [-2.8956878185272217, -2.9033474922180176, -2.9079930782318115, -2.9077789783477783, -2.9109866619110107], "(2, 4, 2, 3)": [-2.9238409996032715, -2.9182307720184326, -2.9245920181274414, -2.9229190349578857, -2.924138069152832], "(2, 3, 2, 3)": [-2.926220417022705, -2.9191761016845703, -2.9214603900909424, -2.926082134246826, -2.9403858184814453], "(2, 7, 2, 3)": [-2.524549961090088, -2.510737657546997, -2.5357131958007812, -2.5198774337768555, -2.5184855461120605], "(2, 5, 2, 3)": [-2.920865535736084, -2.92016339302063, -2.9217915534973145, -2.931065797805786, -2.9296910762786865], "(2, 3, 2, 1)": [-2.9298853874206543, -2.923687696456909, -2.927286386489868, -2.921774387359619, -2.928196907043457], "(1, 1, 2, 2)": [-2.5517075061798096, -2.883300304412842, -2.896270513534546, -2.415248155593872, -2.8489677906036377], "(2, 4, 2, 1)": [-2.9225268363952637, -2.9258835315704346, -2.922430992126465, -2.9285902976989746, -2.9207475185394287], "(2, 1, 1, 1)": [-2.180999279022217, -2.7624711990356445, -2.1983280181884766, -2.388056993484497, -2.7802441120147705], "(2, 5, 3, 3)": [0.0, -2.932105541229248, 0.0, 0.0, -2.9625813961029053], "(2, 5, 2, 1)": [-2.9144232273101807, -2.9164083003997803, -2.9079113006591797, -2.923814058303833, -2.9230923652648926], "(3, 7, 2, 2)": [-2.91494083404541, -2.762845516204834, -2.7995686531066895, -2.7929768562316895, -2.600565195083618], "(3, 6, 2, 2)": [-2.9220166206359863, -2.9230217933654785, -2.9257278442382812, -2.92006778717041, -2.923309326171875], "(2, 6, 2, 1)": [0.0, -2.9173026084899902, 0.0, 0.0, 0.0], "(2, 7, 3, 3)": [0.0, -2.2180545330047607, -2.1941394805908203, 0.0, -2.2071280479431152], "(3, 3, 2, 2)": [-2.9316818714141846, -2.9335179328918457, -2.9289767742156982, -2.9235787391662598, -2.9289767742156982], "(3, 4, 2, 2)": [-2.9208297729492188, -2.9208297729492188, -2.9275522232055664, -2.9275522232055664, -2.9275522232055664], "(3, 1, 2, 2)": [-2.9084980487823486, -2.7287185192108154, -2.915200710296631, -2.701117515563965, -2.8666934967041016], "(3, 2, 2, 2)": [-2.932321548461914, -2.926264524459839, -2.9329676628112793, -2.9219698905944824, -2.9340057373046875], "(3, 5, 2, 2)": [-2.9273886680603027, -2.9275522232055664, -2.9315378665924072, -2.925302028656006, -2.9273886680603027], "(2, 2, 1, 1)": [-2.8625617027282715, -2.8637642860412598, -2.7262492179870605, -2.905679225921631, 0.0], "(2, 3, 1, 1)": [-2.8978567123413086, -2.905679225921631, 0.0, 0.0, 0.0], "(2, 6, 1, 1)": [0.0, 0.0, 0.0, -2.919544219970703, 0.0], "(1, 4, 2, 2)": [-2.9284183979034424, -2.94140887260437, -2.94140887260437, -2.93666934967041, -2.9453299045562744], "(1, 3, 2, 2)": [-2.9030380249023438, -2.903975009918213, -2.9203739166259766, -2.905996322631836, -2.9203739166259766], "(1, 2, 2, 2)": [-2.9021973609924316, -2.903975009918213, -2.903975009918213, -2.9104855060577393, -2.9100513458251953], "(2, 4, 1, 1)": [-2.9063799381256104, 0.0, 0.0, -2.9051592350006104, 0.0], "(1, 5, 2, 2)": [-2.936997652053833, -2.9279348850250244, -2.9369940757751465, -2.936997652053833, -2.9280550479888916], "(1, 7, 2, 2)": [-2.9036030769348145, -2.913403034210205, -2.9326560497283936, -2.692084312438965, -2.8475098609924316], "(1, 6, 2, 2)": [-2.941401958465576, -2.9414029121398926, -2.926624059677124, -2.93306565284729, -2.932929754257202], "(3, 2, 2, 1)": [0.0, 0.0, 0.0, 0.0, -2.9286751747131348], "(1, 1, 2, 1)": [0.0, 0.0, -2.7224996089935303, 0.0, 0.0], "(1, 2, 2, 1)": [-2.8586246967315674, 0.0, 0.0, 0.0, 0.0], "(2, 4, 3, 3)": [-2.9138283729553223, 0.0, 0.0, 0.0, 0.0], "(2, 6, 3, 3)": [0.0, -2.880803108215332, 0.0, 0.0, 0.0]}, "n_values": {"(2, 7, 2, 2)": [1504.0, 1567.0, 1724.0, 1955.0, 1950.0], "(2, 6, 2, 2)": [1452.0, 1513.0, 1594.0, 1870.0, 1841.0], "(2, 5, 2, 2)": [1510.0, 1484.0, 1643.0, 1576.0, 1698.0], "(2, 2, 2, 2)": [1610.0, 1538.0, 1484.0, 1338.0, 1315.0], "(2, 1, 2, 2)": [1874.0, 1603.0, 1508.0, 1434.0, 1362.0], "(2, 3, 2, 2)": [1449.0, 1394.0, 1397.0, 1526.0, 1394.0], "(2, 4, 2, 2)": [1464.0, 1449.0, 1461.0, 1611.0, 1572.0], "(2, 6, 2, 3)": [66.0, 60.0, 79.0, 66.0, 58.0], "(2, 1, 2, 1)": [86.0, 71.0, 83.0, 58.0, 63.0], "(2, 2, 2, 1)": [53.0, 36.0, 33.0, 35.0, 47.0], "(2, 4, 2, 3)": [8.0, 30.0, 12.0, 17.0, 12.0], "(2, 3, 2, 3)": [6.0, 8.0, 7.0, 4.0, 2.0], "(2, 7, 2, 3)": [126.0, 90.0, 96.0, 93.0, 99.0], "(2, 5, 2, 3)": [48.0, 51.0, 31.0, 38.0, 34.0], "(2, 3, 2, 1)": [22.0, 31.0, 26.0, 32.0, 30.0], "(1, 1, 2, 2)": [5.0, 2.0, 3.0, 3.0, 3.0], "(2, 4, 2, 1)": [16.0, 10.0, 17.0, 9.0, 14.0], "(2, 1, 1, 1)": [1.0, 1.0, 3.0, 3.0, 1.0], "(2, 5, 3, 3)": [0.0, 2.0, 0.0, 0.0, 1.0], "(2, 5, 2, 1)": [5.0, 3.0, 3.0, 7.0, 5.0], "(3, 7, 2, 2)": [6.0, 5.0, 7.0, 7.0, 8.0], "(3, 6, 2, 2)": [7.0, 6.0, 7.0, 9.0, 8.0], "(2, 6, 2, 1)": [0.0, 1.0, 0.0, 0.0, 0.0], "(2, 7, 3, 3)": [0.0, 1.0, 2.0, 0.0, 1.0], "(3, 3, 2, 2)": [2.0, 3.0, 3.0, 4.0, 3.0], "(3, 4, 2, 2)": [3.0, 3.0, 2.0, 2.0, 2.0], "(3, 1, 2, 2)": [4.0, 5.0, 4.0, 4.0, 3.0], "(3, 2, 2, 2)": [3.0, 2.0, 4.0, 2.0, 2.0], "(3, 5, 2, 2)": [3.0, 2.0, 1.0, 4.0, 3.0], "(2, 2, 1, 1)": [1.0, 1.0, 1.0, 1.0, 0.0], "(2, 3, 1, 1)": [1.0, 1.0, 0.0, 0.0, 0.0], "(2, 6, 1, 1)": [0.0, 0.0, 0.0, 1.0, 0.0], "(1, 4, 2, 2)": [2.0, 2.0, 2.0, 3.0, 3.0], "(1, 3, 2, 2)": [3.0, 2.0, 3.0, 1.0, 3.0], "(1, 2, 2, 2)": [4.0, 2.0, 2.0, 3.0, 4.0], "(2, 4, 1, 1)": [1.0, 0.0, 0.0, 1.0, 0.0], "(1, 7, 2, 2)": [2.0, 1.0, 2.0, 4.0, 2.0], "(1, 6, 2, 2)": [2.0, 2.0, 2.0, 3.0, 3.0], "(1, 5, 2, 2)": [3.0, 1.0, 3.0, 3.0, 2.0], "(3, 2, 2, 1)": [0.0, 0.0, 0.0, 0.0, 1.0], "(1, 1, 2, 1)": [0.0, 0.0, 1.0, 0.0, 0.0], "(1, 2, 2, 1)": [1.0, 0.0, 0.0, 0.0, 0.0], "(2, 4, 3, 3)": [1.0, 0.0, 0.0, 0.0, 0.0], "(2, 6, 3, 3)": [0.0, 1.0, 0.0, 0.0, 0.0]}}