{"q_values": {"(2, 7, 2, 2)": [-2.834861993789673, -2.815230369567871, -2.810976266860962, -2.805652141571045, -2.8115882873535156], "(2, 6, 2, 2)": [-2.9182822704315186, -2.9183812141418457, -2.9184296131134033, -2.917398452758789, -2.9173436164855957], "(2, 5, 2, 2)": [-2.9201927185058594, -2.9201982021331787, -2.920046091079712, -2.9202871322631836, -2.92018723487854], "(2, 2, 2, 2)": [-2.9186487197875977, -2.918140411376953, -2.917922258377075, -2.918813705444336, -2.9190123081207275], "(2, 1, 2, 2)": [-2.8144240379333496, -2.8159995079040527, -2.833362579345703, -2.818229913711548, -2.8369405269622803], "(2, 3, 2, 2)": [-2.920936107635498, -2.9200782775878906, -2.920236825942993, -2.9197936058044434, -2.9200613498687744], "(2, 4, 2, 2)": [-2.921067953109741, -2.9210352897644043, -2.920761823654175, -2.9205429553985596, -2.9205482006073], "(2, 6, 2, 3)": [-2.9130496978759766, -2.9118809700012207, -2.8989198207855225, -2.9066662788391113, -2.903796911239624], "(2, 1, 2, 1)": [-2.413072347640991, -2.54457688331604, -2.5105597972869873, -2.489222526550293, -2.5344645977020264], "(2, 2, 2, 1)": [-2.899217128753662, -2.904186964035034, -2.9199395179748535, -2.9070520401000977, -2.907116174697876], "(2, 4, 2, 3)": [-2.924433946609497, -2.916161060333252, -2.9219937324523926, -2.921436071395874, -2.9315004348754883], "(2, 3, 2, 3)": [-2.9371650218963623, -2.915783643722534, -2.9214603900909424, -2.926082134246826, -2.9403858184814453], "(2, 7, 2, 3)": [-2.5071158409118652, -2.5372185707092285, -2.5831515789031982, -2.5381977558135986, -2.5202853679656982], "(2, 5, 2, 3)": [-2.9164702892303467, -2.9174933433532715, -2.92026948928833, -2.931060314178467, -2.9286868572235107], "(2, 3, 2, 1)": [-2.9295005798339844, -2.924452543258667, -2.925351858139038, -2.924288034439087, -2.9276628494262695], "(1, 1, 2, 2)": [-2.5454204082489014, -2.883300304412842, -2.890618324279785, -2.415248155593872, -2.813103675842285], "(2, 4, 2, 1)": [-2.921318292617798, -2.9246225357055664, -2.9165289402008057, -2.9253790378570557, -2.9207403659820557], "(2, 1, 1, 1)": [-2.180999279022217, -2.7624711990356445, -2.1990232467651367, -2.765397071838379, -2.7802441120147705], "(2, 5, 3, 3)": [0.0, -2.9604110717773438, 0.0, 0.0, -2.9625813961029053], "(2, 5, 2, 1)": [-2.9062201976776123, -2.9029409885406494, -2.9024834632873535, -2.922107696533203, -2.9230923652648926], "(3, 7, 2, 2)": [-2.9157307147979736, -2.7206003665924072, -2.7608633041381836, -2.7698354721069336, -2.6155014038085938], "(3, 6, 2, 2)": [-2.9220166206359863, -2.9263787269592285, -2.9247114658355713, -2.9203875064849854, -2.924740791320801], "(2, 6, 2, 1)": [0.0, -2.9173026084899902, 0.0, 0.0, 0.0], "(2, 7, 3, 3)": [0.0, 0.0, -2.2019121646881104, 0.0, -2.2071280479431152], "(3, 3, 2, 2)": [-2.9315378665924072, -2.934363842010498, -2.9275522232055664, -2.9208297729492188, -2.9275522232055664], "(3, 4, 2, 2)": [-2.9208297729492188, -2.9208297729492188, -2.9275522232055664, -2.9275522232055664, -2.9275522232055664], "(3, 1, 2, 2)": [-2.915992021560669, -2.7287185192108154, -2.915200710296631, -2.6852943897247314, -2.8666934967041016], "(3, 2, 2, 2)": [-2.932927131652832, -2.9235663414001465, -2.93340802192688, -2.9235663414001465, -2.9340057373046875], "(3, 5, 2, 2)": [-2.9273886680603027, -2.9275522232055664, -2.9315378665924072, -2.925302028656006, -2.9273886680603027], "(2, 2, 1, 1)": [-2.8625617027282715, 0.0, -2.7262492179870605, -2.905679225921631, 0.0], "(2, 3, 1, 1)": [0.0, -2.905679225921631, 0.0, 0.0, 0.0], "(2, 6, 1, 1)": [0.0, 0.0, 0.0, -2.919544219970703, 0.0], "(1, 4, 2, 2)": [-2.9284183979034424, -2.954882860183716, -2.954882860183716, -2.93666934967041, -2.9540274143218994], "(1, 3, 2, 2)": [-2.9030380249023438, -2.903975009918213, -2.9203739166259766, -2.905996322631836, -2.9203739166259766], "(1, 2, 2, 2)": [-2.9021973609924316, -2.903975009918213, -2.903975009918213, -2.903975009918213, -2.905555248260498], "(2, 4, 1, 1)": [0.0, 0.0, 0.0, -2.9051592350006104, 0.0], "(1, 5, 2, 2)": [-2.9415290355682373, 0.0, -2.941523551940918, -2.9415290355682373, -2.928175210952759], "(1, 7, 2, 2)": [-2.9036030769348145, -2.913403034210205, -2.9326560497283936, -2.6287171840667725, -2.8475098609924316], "(1, 6, 2, 2)": [-2.9548802375793457, -2.954871654510498, -2.9253158569335938, -2.941349506378174, -2.9354493618011475], "(3, 2, 2, 1)": [0.0, 0.0, 0.0, 0.0, -2.9286751747131348], "(1, 1, 2, 1)": [0.0, 0.0, -2.7224996089935303, 0.0, 0.0], "(1, 2, 2, 1)": [-2.8586246967315674, 0.0, 0.0, 0.0, 0.0]}, "n_values": {"(2, 7, 2, 2)": [897.0, 955.0, 1024.0, 1118.0, 1083.0], "(2, 6, 2, 2)": [872.0, 903.0, 956.0, 1042.0, 1071.0], "(2, 5, 2, 2)": [901.0, 875.0, 911.0, 930.0, 998.0], "(2, 2, 2, 2)": [1011.0, 971.0, 943.0, 850.0, 838.0], "(2, 1, 2, 2)": [1128.0, 1000.0, 948.0, 938.0, 852.0], "(2, 3, 2, 2)": [900.0, 867.0, 856.0, 908.0, 840.0], "(2, 4, 2, 2)": [887.0, 885.0, 863.0, 935.0, 925.0], "(2, 6, 2, 3)": [43.0, 38.0, 43.0, 41.0, 33.0], "(2, 1, 2, 1)": [44.0, 37.0, 51.0, 37.0, 37.0], "(2, 2, 2, 1)": [33.0, 27.0, 23.0, 25.0, 29.0], "(2, 4, 2, 3)": [3.0, 20.0, 11.0, 10.0, 6.0], "(2, 3, 2, 3)": [3.0, 5.0, 7.0, 4.0, 2.0], "(2, 7, 2, 3)": [66.0, 52.0, 54.0, 47.0, 48.0], "(2, 5, 2, 3)": [21.0, 26.0, 17.0, 19.0, 18.0], "(2, 3, 2, 1)": [14.0, 19.0, 14.0, 15.0, 20.0], "(1, 1, 2, 2)": [3.0, 2.0, 1.0, 3.0, 2.0], "(2, 4, 2, 1)": [10.0, 6.0, 12.0, 6.0, 12.0], "(2, 1, 1, 1)": [1.0, 1.0, 2.0, 1.0, 1.0], "(2, 5, 3, 3)": [0.0, 1.0, 0.0, 0.0, 1.0], "(2, 5, 2, 1)": [3.0, 1.0, 2.0, 5.0, 5.0], "(3, 7, 2, 2)": [4.0, 4.0, 5.0, 6.0, 6.0], "(3, 6, 2, 2)": [7.0, 5.0, 6.0, 7.0, 6.0], "(2, 6, 2, 1)": [0.0, 1.0, 0.0, 0.0, 0.0], "(2, 7, 3, 3)": [0.0, 0.0, 1.0, 0.0, 1.0], "(3, 3, 2, 2)": [1.0, 2.0, 2.0, 3.0, 2.0], "(3, 4, 2, 2)": [3.0, 3.0, 2.0, 2.0, 2.0], "(3, 1, 2, 2)": [3.0, 5.0, 4.0, 3.0, 3.0], "(3, 2, 2, 2)": [2.0, 1.0, 3.0, 1.0, 2.0], "(3, 5, 2, 2)": [3.0, 2.0, 1.0, 4.0, 3.0], "(2, 2, 1, 1)": [1.0, 0.0, 1.0, 1.0, 0.0], "(2, 3, 1, 1)": [0.0, 1.0, 0.0, 0.0, 0.0], "(2, 6, 1, 1)": [0.0, 0.0, 0.0, 1.0, 0.0], "(1, 4, 2, 2)": [2.0, 1.0, 1.0, 3.0, 2.0], "(1, 3, 2, 2)": [3.0, 2.0, 3.0, 1.0, 3.0], "(1, 2, 2, 2)": [4.0, 2.0, 2.0, 2.0, 3.0], "(2, 4, 1, 1)": [0.0, 0.0, 0.0, 1.0, 0.0], "(1, 7, 2, 2)": [2.0, 1.0, 2.0, 3.0, 2.0], "(1, 6, 2, 2)": [1.0, 1.0, 1.0, 2.0, 2.0], "(1, 5, 2, 2)": [2.0, 0.0, 2.0, 2.0, 1.0], "(3, 2, 2, 1)": [0.0, 0.0, 0.0, 0.0, 1.0], "(1, 1, 2, 1)": [0.0, 0.0, 1.0, 0.0, 0.0], "(1, 2, 2, 1)": [1.0, 0.0, 0.0, 0.0, 0.0]}}