{"q_values": {"(2, 7, 2, 2)": [-2.8126018047332764, -2.7974390983581543, -2.816263198852539, -2.7674498558044434, -2.7987444400787354], "(2, 6, 2, 2)": [-2.9189910888671875, -2.917647361755371, -2.918820858001709, -2.915634870529175, -2.9163293838500977], "(2, 5, 2, 2)": [-2.919884443283081, -2.9200494289398193, -2.9198880195617676, -2.919651985168457, -2.9192731380462646], "(2, 2, 2, 2)": [-2.9178824424743652, -2.9175050258636475, -2.9179322719573975, -2.9174997806549072, -2.919271945953369], "(2, 1, 2, 2)": [-2.794327735900879, -2.8276991844177246, -2.837414026260376, -2.8370184898376465, -2.848668336868286], "(2, 3, 2, 2)": [-2.9200212955474854, -2.9194703102111816, -2.9197237491607666, -2.919975996017456, -2.9206292629241943], "(2, 4, 2, 2)": [-2.9227776527404785, -2.9210777282714844, -2.9219727516174316, -2.9220478534698486, -2.92175555229187], "(2, 6, 2, 3)": [-2.9166994094848633, -2.918593645095825, -2.8895461559295654, -2.909188985824585, -2.9209814071655273], "(2, 1, 2, 1)": [-2.4632890224456787, -2.612448215484619, -2.3838000297546387, -2.671492099761963, -2.7519893646240234], "(2, 2, 2, 1)": [-2.9147043228149414, -2.909764051437378, -2.9284424781799316, -2.866265296936035, -2.911684036254883], "(2, 4, 2, 3)": [-2.910507917404175, -2.9109740257263184, 0.0, -2.9051101207733154, -2.9631240367889404], "(2, 3, 2, 3)": [-2.9242451190948486, 0.0, -2.920964241027832, -2.9341859817504883, -2.9632935523986816], "(2, 7, 2, 3)": [-2.481349229812622, -2.5814368724823, -2.579272747039795, -2.706031560897827, -2.6019914150238037], "(2, 5, 2, 3)": [-2.9174203872680664, -2.9112606048583984, 0.0, -2.921015739440918, -2.961637496948242], "(2, 3, 2, 1)": [-2.943758249282837, -2.9575860500335693, -2.930326223373413, -2.9250197410583496, -2.927013635635376], "(1, 1, 2, 2)": [0.0, 0.0, 0.0, -2.203484535217285, 0.0], "(2, 4, 2, 1)": [-2.925053119659424, -2.93009877204895, -2.910318374633789, 0.0, -2.9093849658966064], "(2, 1, 1, 1)": [0.0, -2.7624711990356445, -2.2099769115448, 0.0, 0.0], "(2, 5, 3, 3)": [0.0, -2.9604110717773438, 0.0, 0.0, -2.9625813961029053]}, "n_values": {"(2, 7, 2, 2)": [73.0, 86.0, 89.0, 91.0, 88.0], "(2, 6, 2, 2)": [77.0, 81.0, 88.0, 92.0, 101.0], "(2, 5, 2, 2)": [76.0, 82.0, 85.0, 83.0, 107.0], "(2, 2, 2, 2)": [119.0, 107.0, 100.0, 92.0, 104.0], "(2, 1, 2, 2)": [133.0, 119.0, 125.0, 108.0, 96.0], "(2, 3, 2, 2)": [108.0, 102.0, 101.0, 103.0, 98.0], "(2, 4, 2, 2)": [92.0, 83.0, 87.0, 91.0, 87.0], "(2, 6, 2, 3)": [5.0, 4.0, 4.0, 10.0, 5.0], "(2, 1, 2, 1)": [7.0, 3.0, 6.0, 4.0, 2.0], "(2, 2, 2, 1)": [3.0, 5.0, 3.0, 1.0, 5.0], "(2, 4, 2, 3)": [1.0, 3.0, 0.0, 1.0, 1.0], "(2, 3, 2, 3)": [1.0, 0.0, 1.0, 2.0, 1.0], "(2, 7, 2, 3)": [10.0, 6.0, 9.0, 5.0, 4.0], "(2, 5, 2, 3)": [3.0, 4.0, 0.0, 3.0, 1.0], "(2, 3, 2, 1)": [1.0, 1.0, 3.0, 1.0, 2.0], "(1, 1, 2, 2)": [0.0, 0.0, 0.0, 1.0, 0.0], "(2, 4, 2, 1)": [1.0, 1.0, 1.0, 0.0, 2.0], "(2, 1, 1, 1)": [0.0, 1.0, 1.0, 0.0, 0.0], "(2, 5, 3, 3)": [0.0, 1.0, 0.0, 0.0, 1.0]}}