{"q_values": {"(2, 7, 2, 2)": [-2.841872215270996, -2.8033392429351807, -2.8016250133514404, -2.803084373474121, -2.812509775161743], "(2, 6, 2, 2)": [-2.917524576187134, -2.917695999145508, -2.917665958404541, -2.9163296222686768, -2.916496753692627], "(2, 5, 2, 2)": [-2.919175863265991, -2.9197723865509033, -2.919506311416626, -2.9195868968963623, -2.919330596923828], "(2, 2, 2, 2)": [-2.917595863342285, -2.9170756340026855, -2.916994571685791, -2.9177892208099365, -2.917644500732422], "(2, 1, 2, 2)": [-2.8183672428131104, -2.815620183944702, -2.843339204788208, -2.809920072555542, -2.832127809524536], "(2, 3, 2, 2)": [-2.9200093746185303, -2.919119358062744, -2.9189646244049072, -2.9187381267547607, -2.919442892074585], "(2, 4, 2, 2)": [-2.920300006866455, -2.920642375946045, -2.920351266860962, -2.9197609424591064, -2.920032262802124], "(2, 6, 2, 3)": [-2.9117560386657715, -2.912304162979126, -2.897465467453003, -2.9031436443328857, -2.9100453853607178], "(2, 1, 2, 1)": [-2.3911492824554443, -2.5533978939056396, -2.510451316833496, -2.5413386821746826, -2.598421096801758], "(2, 2, 2, 1)": [-2.893357515335083, -2.9065561294555664, -2.920280933380127, -2.913330078125, -2.909731149673462], "(2, 4, 2, 3)": [-2.9280638694763184, -2.9164183139801025, -2.9201860427856445, -2.9246108531951904, -2.9372260570526123], "(2, 3, 2, 3)": [-2.9242451190948486, -2.9050216674804688, -2.9174790382385254, -2.929051399230957, -2.9632935523986816], "(2, 7, 2, 3)": [-2.4813995361328125, -2.531815528869629, -2.5514862537384033, -2.5953800678253174, -2.534306049346924], "(2, 5, 2, 3)": [-2.9182252883911133, -2.914501667022705, -2.919114589691162, -2.9262678623199463, -2.9318933486938477], "(2, 3, 2, 1)": [-2.929734706878662, -2.924483060836792, -2.9242753982543945, -2.9253103733062744, -2.920374631881714], "(1, 1, 2, 2)": [-2.191307306289673, -2.8634419441223145, 0.0, -2.192577362060547, -2.7270874977111816], "(2, 4, 2, 1)": [-2.9189634323120117, -2.9185800552368164, -2.915616512298584, -2.929218292236328, -2.921924591064453], "(2, 1, 1, 1)": [-2.180999279022217, -2.7624711990356445, -2.2099769115448, -2.765397071838379, 0.0], "(2, 5, 3, 3)": [0.0, -2.9604110717773438, 0.0, 0.0, -2.9625813961029053], "(2, 5, 2, 1)": [-2.9054479598999023, -2.9029409885406494, -2.9023098945617676, -2.920603036880493, -2.9178805351257324], "(3, 7, 2, 2)": [-2.9157307147979736, -2.530806541442871, -2.7226526737213135, -2.674893856048584, -2.8549747467041016], "(3, 6, 2, 2)": [-2.92210054397583, -2.926208019256592, -2.926208019256592, -2.9198217391967773, -2.926208019256592], "(2, 6, 2, 1)": [0.0, -2.9173026084899902, 0.0, 0.0, 0.0], "(2, 7, 3, 3)": [0.0, 0.0, -2.2019121646881104, 0.0, 0.0], "(3, 3, 2, 2)": [0.0, -2.9235663414001465, -2.9235663414001465, -2.915475845336914, -2.9235663414001465], "(3, 4, 2, 2)": [-2.915475845336914, -2.915475845336914, -2.9235663414001465, -2.9235663414001465, -2.9235663414001465], "(3, 1, 2, 2)": [0.0, -2.8778858184814453, -2.9235663414001465, -2.9235663414001465, -2.9235663414001465], "(3, 2, 2, 2)": [-2.9235663414001465, -2.9235663414001465, -2.9235663414001465, -2.9235663414001465, -2.9235663414001465], "(3, 5, 2, 2)": [-2.9235663414001465, -2.9235663414001465, 0.0, -2.921304225921631, -2.9235663414001465], "(2, 2, 1, 1)": [-2.8625617027282715, 0.0, -2.7262492179870605, -2.905679225921631, 0.0], "(2, 3, 1, 1)": [0.0, -2.905679225921631, 0.0, 0.0, 0.0], "(2, 6, 1, 1)": [0.0, 0.0, 0.0, -2.919544219970703, 0.0], "(1, 4, 2, 2)": [0.0, 0.0, 0.0, -2.9531712532043457, -2.953171968460083], "(1, 3, 2, 2)": [0.0, 0.0, -2.953171968460083, 0.0, -2.953171730041504], "(1, 2, 2, 2)": [-2.9081830978393555, 0.0, 0.0, 0.0, -2.9087157249450684], "(2, 4, 1, 1)": [0.0, 0.0, 0.0, -2.9051592350006104, 0.0], "(1, 5, 2, 2)": [-2.928175210952759, 0.0, -2.928164005279541, -2.928175210952759, -2.928175210952759], "(1, 7, 2, 2)": [-2.88242244720459, 0.0, 0.0, -2.745164394378662, 0.0], "(1, 6, 2, 2)": [0.0, 0.0, -2.9253158569335938, -2.9279966354370117, -2.9167370796203613]}, "n_values": {"(2, 7, 2, 2)": [535.0, 576.0, 591.0, 623.0, 642.0], "(2, 6, 2, 2)": [532.0, 519.0, 564.0, 607.0, 633.0], "(2, 5, 2, 2)": [512.0, 490.0, 517.0, 538.0, 607.0], "(2, 2, 2, 2)": [589.0, 573.0, 525.0, 477.0, 508.0], "(2, 1, 2, 2)": [672.0, 584.0, 580.0, 555.0, 520.0], "(2, 3, 2, 2)": [529.0, 512.0, 502.0, 519.0, 488.0], "(2, 4, 2, 2)": [508.0, 511.0, 498.0, 532.0, 519.0], "(2, 6, 2, 3)": [30.0, 25.0, 25.0, 25.0, 20.0], "(2, 1, 2, 1)": [22.0, 18.0, 31.0, 21.0, 16.0], "(2, 2, 2, 1)": [17.0, 18.0, 16.0, 18.0, 15.0], "(2, 4, 2, 3)": [2.0, 10.0, 5.0, 8.0, 3.0], "(2, 3, 2, 3)": [1.0, 1.0, 6.0, 3.0, 1.0], "(2, 7, 2, 3)": [39.0, 29.0, 32.0, 29.0, 26.0], "(2, 5, 2, 3)": [12.0, 14.0, 12.0, 9.0, 10.0], "(2, 3, 2, 1)": [10.0, 13.0, 11.0, 11.0, 10.0], "(1, 1, 2, 2)": [1.0, 1.0, 0.0, 2.0, 1.0], "(2, 4, 2, 1)": [8.0, 5.0, 9.0, 4.0, 7.0], "(2, 1, 1, 1)": [1.0, 1.0, 1.0, 1.0, 0.0], "(2, 5, 3, 3)": [0.0, 1.0, 0.0, 0.0, 1.0], "(2, 5, 2, 1)": [2.0, 1.0, 1.0, 4.0, 2.0], "(3, 7, 2, 2)": [4.0, 2.0, 4.0, 3.0, 3.0], "(3, 6, 2, 2)": [5.0, 4.0, 4.0, 5.0, 4.0], "(2, 6, 2, 1)": [0.0, 1.0, 0.0, 0.0, 0.0], "(2, 7, 3, 3)": [0.0, 0.0, 1.0, 0.0, 0.0], "(3, 3, 2, 2)": [0.0, 1.0, 1.0, 2.0, 1.0], "(3, 4, 2, 2)": [2.0, 2.0, 1.0, 1.0, 1.0], "(3, 1, 2, 2)": [0.0, 1.0, 1.0, 1.0, 1.0], "(3, 2, 2, 2)": [1.0, 1.0, 1.0, 1.0, 1.0], "(3, 5, 2, 2)": [1.0, 1.0, 0.0, 2.0, 1.0], "(2, 2, 1, 1)": [1.0, 0.0, 1.0, 1.0, 0.0], "(2, 3, 1, 1)": [0.0, 1.0, 0.0, 0.0, 0.0], "(2, 6, 1, 1)": [0.0, 0.0, 0.0, 1.0, 0.0], "(1, 4, 2, 2)": [0.0, 0.0, 0.0, 1.0, 1.0], "(1, 3, 2, 2)": [0.0, 0.0, 1.0, 0.0, 1.0], "(1, 2, 2, 2)": [1.0, 0.0, 0.0, 0.0, 1.0], "(2, 4, 1, 1)": [0.0, 0.0, 0.0, 1.0, 0.0], "(1, 7, 2, 2)": [1.0, 0.0, 0.0, 1.0, 0.0], "(1, 6, 2, 2)": [0.0, 0.0, 1.0, 1.0, 1.0], "(1, 5, 2, 2)": [1.0, 0.0, 1.0, 1.0, 1.0]}}