{"q_values": {"(2, 7, 2, 2)": [-2.8422536849975586, -2.79909348487854, -2.7985785007476807, -2.8025918006896973, -2.8105645179748535], "(2, 6, 2, 2)": [-2.9177541732788086, -2.917525291442871, -2.9179141521453857, -2.916233539581299, -2.9161133766174316], "(2, 5, 2, 2)": [-2.9193098545074463, -2.919663190841675, -2.9195570945739746, -2.9197864532470703, -2.9192469120025635], "(2, 2, 2, 2)": [-2.917360782623291, -2.91715145111084, -2.9170050621032715, -2.917614459991455, -2.917694091796875], "(2, 1, 2, 2)": [-2.813615560531616, -2.8141133785247803, -2.8398897647857666, -2.808511734008789, -2.8345391750335693], "(2, 3, 2, 2)": [-2.9200003147125244, -2.918816328048706, -2.91900634765625, -2.918745756149292, -2.9193122386932373], "(2, 4, 2, 2)": [-2.920328378677368, -2.9207258224487305, -2.9207358360290527, -2.9199752807617188, -2.920114278793335], "(2, 6, 2, 3)": [-2.910527467727661, -2.9091451168060303, -2.895421028137207, -2.89990496635437, -2.909166097640991], "(2, 1, 2, 1)": [-2.4012184143066406, -2.559556245803833, -2.4962756633758545, -2.5081539154052734, -2.6168861389160156], "(2, 2, 2, 1)": [-2.8949203491210938, -2.9065535068511963, -2.919773817062378, -2.913637161254883, -2.9137420654296875], "(2, 4, 2, 3)": [-2.9280638694763184, -2.914031744003296, -2.922855854034424, -2.9252352714538574, -2.9372260570526123], "(2, 3, 2, 3)": [-2.9242451190948486, 0.0, -2.9203758239746094, -2.929051399230957, -2.9632935523986816], "(2, 7, 2, 3)": [-2.475277900695801, -2.5283138751983643, -2.5690317153930664, -2.5787792205810547, -2.52069091796875], "(2, 5, 2, 3)": [-2.9171576499938965, -2.9133968353271484, -2.9178879261016846, -2.9285123348236084, -2.9273879528045654], "(2, 3, 2, 1)": [-2.9314873218536377, -2.928522825241089, -2.9254322052001953, -2.9287121295928955, -2.9181933403015137], "(1, 1, 2, 2)": [0.0, 0.0, 0.0, -2.203484535217285, 0.0], "(2, 4, 2, 1)": [-2.913304090499878, -2.9172372817993164, -2.9164466857910156, -2.9753928184509277, -2.9180421829223633], "(2, 1, 1, 1)": [0.0, -2.7624711990356445, -2.2099769115448, -2.765397071838379, 0.0], "(2, 5, 3, 3)": [0.0, -2.9604110717773438, 0.0, 0.0, -2.9625813961029053], "(2, 5, 2, 1)": [0.0, 0.0, -2.9023098945617676, -2.920603036880493, -2.9178805351257324], "(3, 7, 2, 2)": [-2.9157307147979736, -2.530806541442871, -2.6723928451538086, -2.9176998138427734, -2.914161205291748], "(3, 6, 2, 2)": [-2.922865152359009, -2.9285967350006104, -2.9285967350006104, -2.9228672981262207, -2.9285967350006104], "(2, 6, 2, 1)": [0.0, -2.9173026084899902, 0.0, 0.0, 0.0], "(2, 7, 3, 3)": [0.0, 0.0, -2.2019121646881104, 0.0, 0.0], "(3, 3, 2, 2)": [0.0, -2.9235663414001465, -2.9235663414001465, -2.915475845336914, -2.9235663414001465], "(3, 4, 2, 2)": [-2.915475845336914, -2.915475845336914, -2.9235663414001465, -2.9235663414001465, -2.9235663414001465], "(3, 1, 2, 2)": [0.0, -2.8778858184814453, -2.9235663414001465, -2.9235663414001465, -2.9235663414001465], "(3, 2, 2, 2)": [-2.9235663414001465, -2.9235663414001465, -2.9235663414001465, -2.9235663414001465, -2.9235663414001465], "(3, 5, 2, 2)": [-2.9235663414001465, -2.9235663414001465, 0.0, -2.9235663414001465, -2.9235663414001465], "(2, 2, 1, 1)": [0.0, 0.0, 0.0, -2.905679225921631, 0.0], "(2, 3, 1, 1)": [0.0, -2.905679225921631, 0.0, 0.0, 0.0], "(2, 6, 1, 1)": [0.0, 0.0, 0.0, -2.919544219970703, 0.0], "(1, 4, 2, 2)": [0.0, 0.0, 0.0, -2.9531712532043457, -2.953171968460083], "(1, 3, 2, 2)": [0.0, 0.0, -2.953171968460083, 0.0, -2.953171730041504]}, "n_values": {"(2, 7, 2, 2)": [408.0, 444.0, 444.0, 477.0, 488.0], "(2, 6, 2, 2)": [399.0, 409.0, 439.0, 468.0, 487.0], "(2, 5, 2, 2)": [386.0, 371.0, 384.0, 415.0, 470.0], "(2, 2, 2, 2)": [437.0, 421.0, 394.0, 360.0, 376.0], "(2, 1, 2, 2)": [518.0, 450.0, 446.0, 417.0, 393.0], "(2, 3, 2, 2)": [403.0, 374.0, 383.0, 380.0, 365.0], "(2, 4, 2, 2)": [385.0, 387.0, 379.0, 408.0, 398.0], "(2, 6, 2, 3)": [21.0, 17.0, 21.0, 20.0, 17.0], "(2, 1, 2, 1)": [18.0, 13.0, 23.0, 18.0, 12.0], "(2, 2, 2, 1)": [13.0, 14.0, 14.0, 10.0, 11.0], "(2, 4, 2, 3)": [2.0, 9.0, 3.0, 5.0, 3.0], "(2, 3, 2, 3)": [1.0, 0.0, 5.0, 3.0, 1.0], "(2, 7, 2, 3)": [33.0, 25.0, 29.0, 23.0, 22.0], "(2, 5, 2, 3)": [10.0, 11.0, 8.0, 8.0, 7.0], "(2, 3, 2, 1)": [7.0, 6.0, 6.0, 6.0, 7.0], "(1, 1, 2, 2)": [0.0, 0.0, 0.0, 1.0, 0.0], "(2, 4, 2, 1)": [5.0, 2.0, 6.0, 1.0, 4.0], "(2, 1, 1, 1)": [0.0, 1.0, 1.0, 1.0, 0.0], "(2, 5, 3, 3)": [0.0, 1.0, 0.0, 0.0, 1.0], "(2, 5, 2, 1)": [0.0, 0.0, 1.0, 4.0, 2.0], "(3, 7, 2, 2)": [4.0, 2.0, 3.0, 2.0, 2.0], "(3, 6, 2, 2)": [4.0, 3.0, 3.0, 4.0, 3.0], "(2, 6, 2, 1)": [0.0, 1.0, 0.0, 0.0, 0.0], "(2, 7, 3, 3)": [0.0, 0.0, 1.0, 0.0, 0.0], "(3, 3, 2, 2)": [0.0, 1.0, 1.0, 2.0, 1.0], "(3, 4, 2, 2)": [2.0, 2.0, 1.0, 1.0, 1.0], "(3, 1, 2, 2)": [0.0, 1.0, 1.0, 1.0, 1.0], "(3, 2, 2, 2)": [1.0, 1.0, 1.0, 1.0, 1.0], "(3, 5, 2, 2)": [1.0, 1.0, 0.0, 1.0, 1.0], "(2, 2, 1, 1)": [0.0, 0.0, 0.0, 1.0, 0.0], "(2, 3, 1, 1)": [0.0, 1.0, 0.0, 0.0, 0.0], "(2, 6, 1, 1)": [0.0, 0.0, 0.0, 1.0, 0.0], "(1, 4, 2, 2)": [0.0, 0.0, 0.0, 1.0, 1.0], "(1, 3, 2, 2)": [0.0, 0.0, 1.0, 0.0, 1.0]}}