{"q_values": {"(2, 7, 2, 2)": [-2.8362555503845215, -2.8161253929138184, -2.809131145477295, -2.8034939765930176, -2.80941104888916], "(2, 6, 2, 2)": [-2.9188082218170166, -2.9186103343963623, -2.9186787605285645, -2.917672634124756, -2.9179677963256836], "(2, 5, 2, 2)": [-2.920522689819336, -2.9205191135406494, -2.9203667640686035, -2.920811414718628, -2.920633554458618], "(2, 2, 2, 2)": [-2.918607473373413, -2.9182240962982178, -2.9181764125823975, -2.918849229812622, -2.9190289974212646], "(2, 1, 2, 2)": [-2.813556432723999, -2.814039945602417, -2.8305861949920654, -2.819338321685791, -2.8276748657226562], "(2, 3, 2, 2)": [-2.921236991882324, -2.9205751419067383, -2.920814037322998, -2.9203367233276367, -2.9203341007232666], "(2, 4, 2, 2)": [-2.9213707447052, -2.921266555786133, -2.921098470687866, -2.920933961868286, -2.921004295349121], "(2, 6, 2, 3)": [-2.9131693840026855, -2.912160873413086, -2.90130615234375, -2.9074981212615967, -2.90702223777771], "(2, 1, 2, 1)": [-2.4220759868621826, -2.5480728149414062, -2.507218599319458, -2.4947125911712646, -2.538749933242798], "(2, 2, 2, 1)": [-2.896435022354126, -2.9050989151000977, -2.909524440765381, -2.9077205657958984, -2.9079952239990234], "(2, 4, 2, 3)": [-2.9200658798217773, -2.916433334350586, -2.9219937324523926, -2.9200122356414795, -2.927488327026367], "(2, 3, 2, 3)": [-2.9285659790039062, -2.9163973331451416, -2.9214603900909424, -2.926082134246826, -2.9403858184814453], "(2, 7, 2, 3)": [-2.504882574081421, -2.5351526737213135, -2.538078546524048, -2.545013666152954, -2.5096046924591064], "(2, 5, 2, 3)": [-2.9181036949157715, -2.916614294052124, -2.920305013656616, -2.9312119483947754, -2.9297397136688232], "(2, 3, 2, 1)": [-2.927135467529297, -2.9231185913085938, -2.925377607345581, -2.9218883514404297, -2.926361560821533], "(1, 1, 2, 2)": [-2.6399083137512207, -2.883300304412842, -2.901374578475952, -2.415248155593872, -2.8489677906036377], "(2, 4, 2, 1)": [-2.9213435649871826, -2.9238831996917725, -2.916341543197632, -2.9253790378570557, -2.9207403659820557], "(2, 1, 1, 1)": [-2.180999279022217, -2.7624711990356445, -2.1990232467651367, -2.473656415939331, -2.7802441120147705], "(2, 5, 3, 3)": [0.0, -2.9604110717773438, 0.0, 0.0, -2.9625813961029053], "(2, 5, 2, 1)": [-2.906925916671753, -2.9029409885406494, -2.9024834632873535, -2.9200432300567627, -2.9230923652648926], "(3, 7, 2, 2)": [-2.91494083404541, -2.762845516204834, -2.7995686531066895, -2.7929768562316895, -2.600565195083618], "(3, 6, 2, 2)": [-2.9220166206359863, -2.9230217933654785, -2.9257278442382812, -2.92006778717041, -2.923309326171875], "(2, 6, 2, 1)": [0.0, -2.9173026084899902, 0.0, 0.0, 0.0], "(2, 7, 3, 3)": [0.0, 0.0, -2.2019121646881104, 0.0, -2.2071280479431152], "(3, 3, 2, 2)": [-2.9316818714141846, -2.9335179328918457, -2.9289767742156982, -2.9235787391662598, -2.9289767742156982], "(3, 4, 2, 2)": [-2.9208297729492188, -2.9208297729492188, -2.9275522232055664, -2.9275522232055664, -2.9275522232055664], "(3, 1, 2, 2)": [-2.9084980487823486, -2.7287185192108154, -2.915200710296631, -2.701117515563965, -2.8666934967041016], "(3, 2, 2, 2)": [-2.932321548461914, -2.926264524459839, -2.9329676628112793, -2.9219698905944824, -2.9340057373046875], "(3, 5, 2, 2)": [-2.9273886680603027, -2.9275522232055664, -2.9315378665924072, -2.925302028656006, -2.9273886680603027], "(2, 2, 1, 1)": [-2.8625617027282715, -2.8637642860412598, -2.7262492179870605, -2.905679225921631, 0.0], "(2, 3, 1, 1)": [-2.8978567123413086, -2.905679225921631, 0.0, 0.0, 0.0], "(2, 6, 1, 1)": [0.0, 0.0, 0.0, -2.919544219970703, 0.0], "(1, 4, 2, 2)": [-2.9284183979034424, -2.954882860183716, -2.954882860183716, -2.93666934967041, -2.9540274143218994], "(1, 3, 2, 2)": [-2.9030380249023438, -2.903975009918213, -2.9203739166259766, -2.905996322631836, -2.9203739166259766], "(1, 2, 2, 2)": [-2.9021973609924316, -2.903975009918213, -2.903975009918213, -2.9104855060577393, -2.9100513458251953], "(2, 4, 1, 1)": [-2.9063799381256104, 0.0, 0.0, -2.9051592350006104, 0.0], "(1, 5, 2, 2)": [-2.9415290355682373, 0.0, -2.941523551940918, -2.9415290355682373, -2.928175210952759], "(1, 7, 2, 2)": [-2.9036030769348145, -2.913403034210205, -2.9326560497283936, -2.6287171840667725, -2.8475098609924316], "(1, 6, 2, 2)": [-2.9548802375793457, -2.954871654510498, -2.9253158569335938, -2.941349506378174, -2.9354493618011475], "(3, 2, 2, 1)": [0.0, 0.0, 0.0, 0.0, -2.9286751747131348], "(1, 1, 2, 1)": [0.0, 0.0, -2.7224996089935303, 0.0, 0.0], "(1, 2, 2, 1)": [-2.8586246967315674, 0.0, 0.0, 0.0, 0.0], "(2, 4, 3, 3)": [-2.9138283729553223, 0.0, 0.0, 0.0, 0.0]}, "n_values": {"(2, 7, 2, 2)": [1042.0, 1114.0, 1213.0, 1341.0, 1287.0], "(2, 6, 2, 2)": [1014.0, 1055.0, 1113.0, 1250.0, 1267.0], "(2, 5, 2, 2)": [1067.0, 1035.0, 1088.0, 1090.0, 1182.0], "(2, 2, 2, 2)": [1140.0, 1096.0, 1072.0, 965.0, 953.0], "(2, 1, 2, 2)": [1308.0, 1140.0, 1083.0, 1054.0, 981.0], "(2, 3, 2, 2)": [1021.0, 984.0, 986.0, 1054.0, 965.0], "(2, 4, 2, 2)": [1037.0, 1021.0, 1013.0, 1108.0, 1084.0], "(2, 6, 2, 3)": [49.0, 43.0, 50.0, 48.0, 40.0], "(2, 1, 2, 1)": [55.0, 43.0, 55.0, 41.0, 46.0], "(2, 2, 2, 1)": [37.0, 29.0, 27.0, 26.0, 35.0], "(2, 4, 2, 3)": [4.0, 21.0, 11.0, 11.0, 7.0], "(2, 3, 2, 3)": [5.0, 6.0, 7.0, 4.0, 2.0], "(2, 7, 2, 3)": [79.0, 59.0, 63.0, 61.0, 59.0], "(2, 5, 2, 3)": [25.0, 32.0, 20.0, 22.0, 21.0], "(2, 3, 2, 1)": [18.0, 23.0, 18.0, 17.0, 23.0], "(1, 1, 2, 2)": [4.0, 2.0, 2.0, 3.0, 3.0], "(2, 4, 2, 1)": [12.0, 7.0, 13.0, 6.0, 12.0], "(2, 1, 1, 1)": [1.0, 1.0, 2.0, 2.0, 1.0], "(2, 5, 3, 3)": [0.0, 1.0, 0.0, 0.0, 1.0], "(2, 5, 2, 1)": [4.0, 1.0, 2.0, 6.0, 5.0], "(3, 7, 2, 2)": [6.0, 5.0, 7.0, 7.0, 8.0], "(3, 6, 2, 2)": [7.0, 6.0, 7.0, 9.0, 8.0], "(2, 6, 2, 1)": [0.0, 1.0, 0.0, 0.0, 0.0], "(2, 7, 3, 3)": [0.0, 0.0, 1.0, 0.0, 1.0], "(3, 3, 2, 2)": [2.0, 3.0, 3.0, 4.0, 3.0], "(3, 4, 2, 2)": [3.0, 3.0, 2.0, 2.0, 2.0], "(3, 1, 2, 2)": [4.0, 5.0, 4.0, 4.0, 3.0], "(3, 2, 2, 2)": [3.0, 2.0, 4.0, 2.0, 2.0], "(3, 5, 2, 2)": [3.0, 2.0, 1.0, 4.0, 3.0], "(2, 2, 1, 1)": [1.0, 1.0, 1.0, 1.0, 0.0], "(2, 3, 1, 1)": [1.0, 1.0, 0.0, 0.0, 0.0], "(2, 6, 1, 1)": [0.0, 0.0, 0.0, 1.0, 0.0], "(1, 4, 2, 2)": [2.0, 1.0, 1.0, 3.0, 2.0], "(1, 3, 2, 2)": [3.0, 2.0, 3.0, 1.0, 3.0], "(1, 2, 2, 2)": [4.0, 2.0, 2.0, 3.0, 4.0], "(2, 4, 1, 1)": [1.0, 0.0, 0.0, 1.0, 0.0], "(1, 7, 2, 2)": [2.0, 1.0, 2.0, 3.0, 2.0], "(1, 6, 2, 2)": [1.0, 1.0, 1.0, 2.0, 2.0], "(1, 5, 2, 2)": [2.0, 0.0, 2.0, 2.0, 1.0], "(3, 2, 2, 1)": [0.0, 0.0, 0.0, 0.0, 1.0], "(1, 1, 2, 1)": [0.0, 0.0, 1.0, 0.0, 0.0], "(1, 2, 2, 1)": [1.0, 0.0, 0.0, 0.0, 0.0], "(2, 4, 3, 3)": [1.0, 0.0, 0.0, 0.0, 0.0]}}