{"q_values": {"(2, 7, 2, 2)": [-2.8446412086486816, -2.801287889480591, -2.7996232509613037, -2.7992260456085205, -2.814133644104004], "(2, 6, 2, 2)": [-2.917790651321411, -2.9176957607269287, -2.91776704788208, -2.9162704944610596, -2.9164319038391113], "(2, 5, 2, 2)": [-2.919349193572998, -2.9198968410491943, -2.9196619987487793, -2.9199681282043457, -2.9194576740264893], "(2, 2, 2, 2)": [-2.9173920154571533, -2.917229652404785, -2.9171488285064697, -2.91776180267334, -2.917727470397949], "(2, 1, 2, 2)": [-2.818117618560791, -2.8155100345611572, -2.8395204544067383, -2.8084113597869873, -2.837491512298584], "(2, 3, 2, 2)": [-2.919980525970459, -2.9188990592956543, -2.9189281463623047, -2.9187252521514893, -2.919219493865967], "(2, 4, 2, 2)": [-2.9204680919647217, -2.920736074447632, -2.9207956790924072, -2.9198591709136963, -2.9201817512512207], "(2, 6, 2, 3)": [-2.910278797149658, -2.9116854667663574, -2.897373914718628, -2.9022998809814453, -2.9090335369110107], "(2, 1, 2, 1)": [-2.4012184143066406, -2.5727829933166504, -2.507676362991333, -2.5081539154052734, -2.6168861389160156], "(2, 2, 2, 1)": [-2.8949549198150635, -2.9065535068511963, -2.9191741943359375, -2.914754629135132, -2.913161039352417], "(2, 4, 2, 3)": [-2.9280638694763184, -2.914031744003296, -2.922855854034424, -2.9252352714538574, -2.9372260570526123], "(2, 3, 2, 3)": [-2.9242451190948486, -2.9050216674804688, -2.9203758239746094, -2.929051399230957, -2.9632935523986816], "(2, 7, 2, 3)": [-2.475277900695801, -2.5185906887054443, -2.563387155532837, -2.5927536487579346, -2.5302810668945312], "(2, 5, 2, 3)": [-2.9171576499938965, -2.9133968353271484, -2.9157657623291016, -2.9285123348236084, -2.927591562271118], "(2, 3, 2, 1)": [-2.9306581020355225, -2.9261183738708496, -2.9254322052001953, -2.9287121295928955, -2.9181933403015137], "(1, 1, 2, 2)": [0.0, -2.8634419441223145, 0.0, -2.192577362060547, -2.7270874977111816], "(2, 4, 2, 1)": [-2.913304090499878, -2.9163053035736084, -2.9164466857910156, -2.9449169635772705, -2.9180421829223633], "(2, 1, 1, 1)": [0.0, -2.7624711990356445, -2.2099769115448, -2.765397071838379, 0.0], "(2, 5, 3, 3)": [0.0, -2.9604110717773438, 0.0, 0.0, -2.9625813961029053], "(2, 5, 2, 1)": [0.0, 0.0, -2.9023098945617676, -2.920603036880493, -2.9178805351257324], "(3, 7, 2, 2)": [-2.9157307147979736, -2.530806541442871, -2.6723928451538086, -2.9176998138427734, -2.914161205291748], "(3, 6, 2, 2)": [-2.922865152359009, -2.9285967350006104, -2.9285967350006104, -2.9228672981262207, -2.9285967350006104], "(2, 6, 2, 1)": [0.0, -2.9173026084899902, 0.0, 0.0, 0.0], "(2, 7, 3, 3)": [0.0, 0.0, -2.2019121646881104, 0.0, 0.0], "(3, 3, 2, 2)": [0.0, -2.9235663414001465, -2.9235663414001465, -2.915475845336914, -2.9235663414001465], "(3, 4, 2, 2)": [-2.915475845336914, -2.915475845336914, -2.9235663414001465, -2.9235663414001465, -2.9235663414001465], "(3, 1, 2, 2)": [0.0, -2.8778858184814453, -2.9235663414001465, -2.9235663414001465, -2.9235663414001465], "(3, 2, 2, 2)": [-2.9235663414001465, -2.9235663414001465, -2.9235663414001465, -2.9235663414001465, -2.9235663414001465], "(3, 5, 2, 2)": [-2.9235663414001465, -2.9235663414001465, 0.0, -2.9235663414001465, -2.9235663414001465], "(2, 2, 1, 1)": [0.0, 0.0, 0.0, -2.905679225921631, 0.0], "(2, 3, 1, 1)": [0.0, -2.905679225921631, 0.0, 0.0, 0.0], "(2, 6, 1, 1)": [0.0, 0.0, 0.0, -2.919544219970703, 0.0], "(1, 4, 2, 2)": [0.0, 0.0, 0.0, -2.9531712532043457, -2.953171968460083], "(1, 3, 2, 2)": [0.0, 0.0, -2.953171968460083, 0.0, -2.953171730041504], "(1, 2, 2, 2)": [-2.9081830978393555, 0.0, 0.0, 0.0, -2.9087157249450684]}, "n_values": {"(2, 7, 2, 2)": [437.0, 476.0, 482.0, 515.0, 524.0], "(2, 6, 2, 2)": [433.0, 438.0, 472.0, 501.0, 527.0], "(2, 5, 2, 2)": [415.0, 401.0, 413.0, 442.0, 506.0], "(2, 2, 2, 2)": [478.0, 459.0, 433.0, 388.0, 417.0], "(2, 1, 2, 2)": [558.0, 487.0, 482.0, 445.0, 424.0], "(2, 3, 2, 2)": [436.0, 406.0, 412.0, 417.0, 396.0], "(2, 4, 2, 2)": [409.0, 410.0, 403.0, 437.0, 425.0], "(2, 6, 2, 3)": [24.0, 20.0, 22.0, 21.0, 19.0], "(2, 1, 2, 1)": [18.0, 14.0, 24.0, 18.0, 12.0], "(2, 2, 2, 1)": [15.0, 14.0, 15.0, 12.0, 13.0], "(2, 4, 2, 3)": [2.0, 9.0, 3.0, 5.0, 3.0], "(2, 3, 2, 3)": [1.0, 1.0, 5.0, 3.0, 1.0], "(2, 7, 2, 3)": [33.0, 28.0, 31.0, 25.0, 23.0], "(2, 5, 2, 3)": [10.0, 11.0, 10.0, 8.0, 8.0], "(2, 3, 2, 1)": [8.0, 8.0, 6.0, 6.0, 7.0], "(1, 1, 2, 2)": [0.0, 1.0, 0.0, 2.0, 1.0], "(2, 4, 2, 1)": [5.0, 3.0, 6.0, 2.0, 4.0], "(2, 1, 1, 1)": [0.0, 1.0, 1.0, 1.0, 0.0], "(2, 5, 3, 3)": [0.0, 1.0, 0.0, 0.0, 1.0], "(2, 5, 2, 1)": [0.0, 0.0, 1.0, 4.0, 2.0], "(3, 7, 2, 2)": [4.0, 2.0, 3.0, 2.0, 2.0], "(3, 6, 2, 2)": [4.0, 3.0, 3.0, 4.0, 3.0], "(2, 6, 2, 1)": [0.0, 1.0, 0.0, 0.0, 0.0], "(2, 7, 3, 3)": [0.0, 0.0, 1.0, 0.0, 0.0], "(3, 3, 2, 2)": [0.0, 1.0, 1.0, 2.0, 1.0], "(3, 4, 2, 2)": [2.0, 2.0, 1.0, 1.0, 1.0], "(3, 1, 2, 2)": [0.0, 1.0, 1.0, 1.0, 1.0], "(3, 2, 2, 2)": [1.0, 1.0, 1.0, 1.0, 1.0], "(3, 5, 2, 2)": [1.0, 1.0, 0.0, 1.0, 1.0], "(2, 2, 1, 1)": [0.0, 0.0, 0.0, 1.0, 0.0], "(2, 3, 1, 1)": [0.0, 1.0, 0.0, 0.0, 0.0], "(2, 6, 1, 1)": [0.0, 0.0, 0.0, 1.0, 0.0], "(1, 4, 2, 2)": [0.0, 0.0, 0.0, 1.0, 1.0], "(1, 3, 2, 2)": [0.0, 0.0, 1.0, 0.0, 1.0], "(1, 2, 2, 2)": [1.0, 0.0, 0.0, 0.0, 1.0]}}