{"q_values": {"(2, 7, 2, 2)": [-2.7991228103637695, -2.8331973552703857, -2.829655647277832, -2.746609926223755, -2.7699456214904785], "(2, 6, 2, 2)": [-2.9213688373565674, -2.9168896675109863, -2.9192111492156982, -2.9157958030700684, -2.9183950424194336], "(2, 5, 2, 2)": [-2.9267003536224365, -2.9242913722991943, -2.9256675243377686, -2.9240260124206543, -2.921773672103882], "(2, 2, 2, 2)": [-2.920224666595459, -2.921358585357666, -2.91823410987854, -2.9195094108581543, -2.920971393585205], "(2, 1, 2, 2)": [-2.749324321746826, -2.8111166954040527, -2.8292770385742188, -2.7900850772857666, -2.908478260040283], "(2, 3, 2, 2)": [-2.92325758934021, -2.922574996948242, -2.923722743988037, -2.9222733974456787, -2.9235146045684814], "(2, 4, 2, 2)": [-2.9269907474517822, -2.9268670082092285, -2.924210786819458, -2.9254050254821777, -2.9257607460021973], "(2, 6, 2, 3)": [-2.9107155799865723, -2.935948610305786, -2.9093616008758545, -2.926316261291504, -2.9230165481567383], "(2, 1, 2, 1)": [-2.4600653648376465, -2.8255181312561035, -2.4943108558654785, -2.8799219131469727, -2.773219347000122], "(2, 2, 2, 1)": [0.0, -2.9160077571868896, -2.9315598011016846, 0.0, -2.907879114151001], "(2, 4, 2, 3)": [-2.910507917404175, -2.9109740257263184, 0.0, -2.9051101207733154, 0.0], "(2, 3, 2, 3)": [-2.9242451190948486, 0.0, -2.920964241027832, -2.9051122665405273, 0.0], "(2, 7, 2, 3)": [-2.4613897800445557, -2.8355627059936523, -2.8291780948638916, -2.9018845558166504, -2.7314558029174805], "(2, 5, 2, 3)": [-2.9044036865234375, -2.8998124599456787, 0.0, -2.921015739440918, 0.0], "(2, 3, 2, 1)": [0.0, -2.9575860500335693, -2.9305572509765625, 0.0, -2.9239306449890137], "(1, 1, 2, 2)": [0.0, 0.0, 0.0, -2.203484535217285, 0.0]}, "n_values": {"(2, 7, 2, 2)": [26.0, 31.0, 34.0, 32.0, 34.0], "(2, 6, 2, 2)": [27.0, 30.0, 32.0, 34.0, 37.0], "(2, 5, 2, 2)": [24.0, 29.0, 32.0, 29.0, 39.0], "(2, 2, 2, 2)": [39.0, 37.0, 32.0, 30.0, 40.0], "(2, 1, 2, 2)": [42.0, 34.0, 40.0, 31.0, 29.0], "(2, 3, 2, 2)": [40.0, 39.0, 42.0, 42.0, 45.0], "(2, 4, 2, 2)": [39.0, 32.0, 33.0, 42.0, 36.0], "(2, 6, 2, 3)": [4.0, 1.0, 2.0, 4.0, 3.0], "(2, 1, 2, 1)": [5.0, 2.0, 2.0, 1.0, 1.0], "(2, 2, 2, 1)": [0.0, 4.0, 2.0, 0.0, 3.0], "(2, 4, 2, 3)": [1.0, 3.0, 0.0, 1.0, 0.0], "(2, 3, 2, 3)": [1.0, 0.0, 1.0, 1.0, 0.0], "(2, 7, 2, 3)": [4.0, 2.0, 2.0, 2.0, 2.0], "(2, 5, 2, 3)": [1.0, 1.0, 0.0, 3.0, 0.0], "(2, 3, 2, 1)": [0.0, 1.0, 2.0, 0.0, 1.0], "(1, 1, 2, 2)": [0.0, 0.0, 0.0, 1.0, 0.0]}}