{"q_values": {"(2, 7, 2, 2)": [-2.8357224464416504, -2.8148295879364014, -2.8098292350769043, -2.805152416229248, -2.8064799308776855], "(2, 6, 2, 2)": [-2.9188313484191895, -2.9186770915985107, -2.9187233448028564, -2.917746067047119, -2.91798996925354], "(2, 5, 2, 2)": [-2.9205102920532227, -2.920497417449951, -2.92037296295166, -2.920825958251953, -2.920706033706665], "(2, 2, 2, 2)": [-2.91868257522583, -2.9183461666107178, -2.918318748474121, -2.9189982414245605, -2.9192311763763428], "(2, 1, 2, 2)": [-2.813568353652954, -2.813793897628784, -2.82794189453125, -2.819645881652832, -2.827681303024292], "(2, 3, 2, 2)": [-2.921393632888794, -2.9206948280334473, -2.9209837913513184, -2.920504570007324, -2.9205434322357178], "(2, 4, 2, 2)": [-2.9214015007019043, -2.921351909637451, -2.9211437702178955, -2.920956611633301, -2.9210824966430664], "(2, 6, 2, 3)": [-2.913313388824463, -2.9112448692321777, -2.903264284133911, -2.9074981212615967, -2.9078874588012695], "(2, 1, 2, 1)": [-2.423703193664551, -2.5403971672058105, -2.507218599319458, -2.497082233428955, -2.538749933242798], "(2, 2, 2, 1)": [-2.896435022354126, -2.9050989151000977, -2.909524440765381, -2.9083776473999023, -2.908644437789917], "(2, 4, 2, 3)": [-2.9200658798217773, -2.916301965713501, -2.9219937324523926, -2.9200122356414795, -2.925746440887451], "(2, 3, 2, 3)": [-2.9285659790039062, -2.9163973331451416, -2.9214603900909424, -2.926082134246826, -2.9403858184814453], "(2, 7, 2, 3)": [-2.4986770153045654, -2.5246212482452393, -2.5357611179351807, -2.551706314086914, -2.5133049488067627], "(2, 5, 2, 3)": [-2.9181036949157715, -2.918076515197754, -2.921532154083252, -2.9302239418029785, -2.9294638633728027], "(2, 3, 2, 1)": [-2.9271886348724365, -2.9231185913085938, -2.9242730140686035, -2.922206163406372, -2.9267830848693848], "(1, 1, 2, 2)": [-2.6399083137512207, -2.883300304412842, -2.901374578475952, -2.415248155593872, -2.8489677906036377], "(2, 4, 2, 1)": [-2.9213435649871826, -2.923004388809204, -2.916341543197632, -2.9253790378570557, -2.9207403659820557], "(2, 1, 1, 1)": [-2.180999279022217, -2.7624711990356445, -2.1990232467651367, -2.473656415939331, -2.7802441120147705], "(2, 5, 3, 3)": [0.0, -2.9604110717773438, 0.0, 0.0, -2.9625813961029053], "(2, 5, 2, 1)": [-2.906925916671753, -2.9029409885406494, -2.9024834632873535, -2.9200432300567627, -2.9230923652648926], "(3, 7, 2, 2)": [-2.91494083404541, -2.762845516204834, -2.7995686531066895, -2.7929768562316895, -2.600565195083618], "(3, 6, 2, 2)": [-2.9220166206359863, -2.9230217933654785, -2.9257278442382812, -2.92006778717041, -2.923309326171875], "(2, 6, 2, 1)": [0.0, -2.9173026084899902, 0.0, 0.0, 0.0], "(2, 7, 3, 3)": [0.0, 0.0, -2.2019121646881104, 0.0, -2.2071280479431152], "(3, 3, 2, 2)": [-2.9316818714141846, -2.9335179328918457, -2.9289767742156982, -2.9235787391662598, -2.9289767742156982], "(3, 4, 2, 2)": [-2.9208297729492188, -2.9208297729492188, -2.9275522232055664, -2.9275522232055664, -2.9275522232055664], "(3, 1, 2, 2)": [-2.9084980487823486, -2.7287185192108154, -2.915200710296631, -2.701117515563965, -2.8666934967041016], "(3, 2, 2, 2)": [-2.932321548461914, -2.926264524459839, -2.9329676628112793, -2.9219698905944824, -2.9340057373046875], "(3, 5, 2, 2)": [-2.9273886680603027, -2.9275522232055664, -2.9315378665924072, -2.925302028656006, -2.9273886680603027], "(2, 2, 1, 1)": [-2.8625617027282715, -2.8637642860412598, -2.7262492179870605, -2.905679225921631, 0.0], "(2, 3, 1, 1)": [-2.8978567123413086, -2.905679225921631, 0.0, 0.0, 0.0], "(2, 6, 1, 1)": [0.0, 0.0, 0.0, -2.919544219970703, 0.0], "(1, 4, 2, 2)": [-2.9284183979034424, -2.954882860183716, -2.954882860183716, -2.93666934967041, -2.9540274143218994], "(1, 3, 2, 2)": [-2.9030380249023438, -2.903975009918213, -2.9203739166259766, -2.905996322631836, -2.9203739166259766], "(1, 2, 2, 2)": [-2.9021973609924316, -2.903975009918213, -2.903975009918213, -2.9104855060577393, -2.9100513458251953], "(2, 4, 1, 1)": [-2.9063799381256104, 0.0, 0.0, -2.9051592350006104, 0.0], "(1, 5, 2, 2)": [-2.9415290355682373, 0.0, -2.941523551940918, -2.9415290355682373, -2.928175210952759], "(1, 7, 2, 2)": [-2.9036030769348145, -2.913403034210205, -2.9326560497283936, -2.6287171840667725, -2.8475098609924316], "(1, 6, 2, 2)": [-2.9548802375793457, -2.954871654510498, -2.9253158569335938, -2.941349506378174, -2.9354493618011475], "(3, 2, 2, 1)": [0.0, 0.0, 0.0, 0.0, -2.9286751747131348], "(1, 1, 2, 1)": [0.0, 0.0, -2.7224996089935303, 0.0, 0.0], "(1, 2, 2, 1)": [-2.8586246967315674, 0.0, 0.0, 0.0, 0.0], "(2, 4, 3, 3)": [-2.9138283729553223, 0.0, 0.0, 0.0, 0.0], "(2, 6, 3, 3)": [0.0, -2.880803108215332, 0.0, 0.0, 0.0]}, "n_values": {"(2, 7, 2, 2)": [1077.0, 1149.0, 1249.0, 1391.0, 1324.0], "(2, 6, 2, 2)": [1051.0, 1087.0, 1152.0, 1296.0, 1304.0], "(2, 5, 2, 2)": [1101.0, 1064.0, 1127.0, 1121.0, 1217.0], "(2, 2, 2, 2)": [1165.0, 1125.0, 1098.0, 989.0, 976.0], "(2, 1, 2, 2)": [1340.0, 1169.0, 1109.0, 1076.0, 1004.0], "(2, 3, 2, 2)": [1048.0, 1013.0, 1013.0, 1084.0, 995.0], "(2, 4, 2, 2)": [1072.0, 1052.0, 1049.0, 1148.0, 1122.0], "(2, 6, 2, 3)": [50.0, 44.0, 55.0, 48.0, 42.0], "(2, 1, 2, 1)": [57.0, 44.0, 55.0, 43.0, 46.0], "(2, 2, 2, 1)": [37.0, 29.0, 27.0, 27.0, 36.0], "(2, 4, 2, 3)": [4.0, 22.0, 11.0, 11.0, 8.0], "(2, 3, 2, 3)": [5.0, 6.0, 7.0, 4.0, 2.0], "(2, 7, 2, 3)": [83.0, 61.0, 65.0, 63.0, 60.0], "(2, 5, 2, 3)": [25.0, 36.0, 21.0, 23.0, 22.0], "(2, 3, 2, 1)": [19.0, 23.0, 19.0, 18.0, 25.0], "(1, 1, 2, 2)": [4.0, 2.0, 2.0, 3.0, 3.0], "(2, 4, 2, 1)": [12.0, 8.0, 13.0, 6.0, 12.0], "(2, 1, 1, 1)": [1.0, 1.0, 2.0, 2.0, 1.0], "(2, 5, 3, 3)": [0.0, 1.0, 0.0, 0.0, 1.0], "(2, 5, 2, 1)": [4.0, 1.0, 2.0, 6.0, 5.0], "(3, 7, 2, 2)": [6.0, 5.0, 7.0, 7.0, 8.0], "(3, 6, 2, 2)": [7.0, 6.0, 7.0, 9.0, 8.0], "(2, 6, 2, 1)": [0.0, 1.0, 0.0, 0.0, 0.0], "(2, 7, 3, 3)": [0.0, 0.0, 1.0, 0.0, 1.0], "(3, 3, 2, 2)": [2.0, 3.0, 3.0, 4.0, 3.0], "(3, 4, 2, 2)": [3.0, 3.0, 2.0, 2.0, 2.0], "(3, 1, 2, 2)": [4.0, 5.0, 4.0, 4.0, 3.0], "(3, 2, 2, 2)": [3.0, 2.0, 4.0, 2.0, 2.0], "(3, 5, 2, 2)": [3.0, 2.0, 1.0, 4.0, 3.0], "(2, 2, 1, 1)": [1.0, 1.0, 1.0, 1.0, 0.0], "(2, 3, 1, 1)": [1.0, 1.0, 0.0, 0.0, 0.0], "(2, 6, 1, 1)": [0.0, 0.0, 0.0, 1.0, 0.0], "(1, 4, 2, 2)": [2.0, 1.0, 1.0, 3.0, 2.0], "(1, 3, 2, 2)": [3.0, 2.0, 3.0, 1.0, 3.0], "(1, 2, 2, 2)": [4.0, 2.0, 2.0, 3.0, 4.0], "(2, 4, 1, 1)": [1.0, 0.0, 0.0, 1.0, 0.0], "(1, 7, 2, 2)": [2.0, 1.0, 2.0, 3.0, 2.0], "(1, 6, 2, 2)": [1.0, 1.0, 1.0, 2.0, 2.0], "(1, 5, 2, 2)": [2.0, 0.0, 2.0, 2.0, 1.0], "(3, 2, 2, 1)": [0.0, 0.0, 0.0, 0.0, 1.0], "(1, 1, 2, 1)": [0.0, 0.0, 1.0, 0.0, 0.0], "(1, 2, 2, 1)": [1.0, 0.0, 0.0, 0.0, 0.0], "(2, 4, 3, 3)": [1.0, 0.0, 0.0, 0.0, 0.0], "(2, 6, 3, 3)": [0.0, 1.0, 0.0, 0.0, 0.0]}}