{"q_values": {"(2, 7, 2, 2)": [-2.830660581588745, -2.8138182163238525, -2.8037548065185547, -2.801053285598755, -2.7993226051330566], "(2, 6, 2, 2)": [-2.9191830158233643, -2.91910457611084, -2.919062614440918, -2.9181792736053467, -2.9183895587921143], "(2, 5, 2, 2)": [-2.9210667610168457, -2.920907974243164, -2.9209320545196533, -2.921217441558838, -2.921116352081299], "(2, 2, 2, 2)": [-2.9188027381896973, -2.9188148975372314, -2.918853282928467, -2.919273614883423, -2.9195852279663086], "(2, 1, 2, 2)": [-2.8150010108947754, -2.8150076866149902, -2.82086443901062, -2.81862473487854, -2.8229360580444336], "(2, 3, 2, 2)": [-2.9217522144317627, -2.9213764667510986, -2.921494245529175, -2.9210612773895264, -2.921251058578491], "(2, 4, 2, 2)": [-2.9216318130493164, -2.921643018722534, -2.921663284301758, -2.92144513130188, -2.921452283859253], "(2, 6, 2, 3)": [-2.911406993865967, -2.9140257835388184, -2.906027317047119, -2.908717632293701, -2.9046082496643066], "(2, 1, 2, 1)": [-2.4355061054229736, -2.506730318069458, -2.5008981227874756, -2.509408950805664, -2.525862455368042], "(2, 2, 2, 1)": [-2.8956878185272217, -2.9033474922180176, -2.9079930782318115, -2.9077789783477783, -2.910942554473877], "(2, 4, 2, 3)": [-2.9238409996032715, -2.9174964427948, -2.9245920181274414, -2.9229190349578857, -2.924138069152832], "(2, 3, 2, 3)": [-2.926220417022705, -2.9191761016845703, -2.9214603900909424, -2.926082134246826, -2.9403858184814453], "(2, 7, 2, 3)": [-2.5251965522766113, -2.5137035846710205, -2.5369489192962646, -2.523559808731079, -2.520197629928589], "(2, 5, 2, 3)": [-2.920410633087158, -2.92016339302063, -2.92177677154541, -2.931854009628296, -2.930791139602661], "(2, 3, 2, 1)": [-2.9298853874206543, -2.92435622215271, -2.927286386489868, -2.9232873916625977, -2.928196907043457], "(1, 1, 2, 2)": [-2.5517075061798096, -2.883300304412842, -2.896270513534546, -2.415248155593872, -2.8489677906036377], "(2, 4, 2, 1)": [-2.9225268363952637, -2.9258835315704346, -2.922430992126465, -2.9317095279693604, -2.9207475185394287], "(2, 1, 1, 1)": [-2.180999279022217, -2.7624711990356445, -2.1983280181884766, -2.388056993484497, -2.7802441120147705], "(2, 5, 3, 3)": [0.0, -2.932105541229248, 0.0, 0.0, -2.9625813961029053], "(2, 5, 2, 1)": [-2.9144232273101807, -2.9164083003997803, -2.9079113006591797, -2.923814058303833, -2.9230923652648926], "(3, 7, 2, 2)": [-2.91494083404541, -2.762845516204834, -2.7995686531066895, -2.7929768562316895, -2.600565195083618], "(3, 6, 2, 2)": [-2.9220166206359863, -2.9230217933654785, -2.9257278442382812, -2.92006778717041, -2.923309326171875], "(2, 6, 2, 1)": [0.0, -2.9173026084899902, 0.0, 0.0, 0.0], "(2, 7, 3, 3)": [0.0, 0.0, -2.1941394805908203, 0.0, -2.2071280479431152], "(3, 3, 2, 2)": [-2.9316818714141846, -2.9335179328918457, -2.9289767742156982, -2.9235787391662598, -2.9289767742156982], "(3, 4, 2, 2)": [-2.9208297729492188, -2.9208297729492188, -2.9275522232055664, -2.9275522232055664, -2.9275522232055664], "(3, 1, 2, 2)": [-2.9084980487823486, -2.7287185192108154, -2.915200710296631, -2.701117515563965, -2.8666934967041016], "(3, 2, 2, 2)": [-2.932321548461914, -2.926264524459839, -2.9329676628112793, -2.9219698905944824, -2.9340057373046875], "(3, 5, 2, 2)": [-2.9273886680603027, -2.9275522232055664, -2.9315378665924072, -2.925302028656006, -2.9273886680603027], "(2, 2, 1, 1)": [-2.8625617027282715, -2.8637642860412598, -2.7262492179870605, -2.905679225921631, 0.0], "(2, 3, 1, 1)": [-2.8978567123413086, -2.905679225921631, 0.0, 0.0, 0.0], "(2, 6, 1, 1)": [0.0, 0.0, 0.0, -2.919544219970703, 0.0], "(1, 4, 2, 2)": [-2.9284183979034424, -2.94140887260437, -2.94140887260437, -2.93666934967041, -2.9453299045562744], "(1, 3, 2, 2)": [-2.9030380249023438, -2.903975009918213, -2.9203739166259766, -2.905996322631836, -2.9203739166259766], "(1, 2, 2, 2)": [-2.9021973609924316, -2.903975009918213, -2.903975009918213, -2.9104855060577393, -2.9100513458251953], "(2, 4, 1, 1)": [-2.9063799381256104, 0.0, 0.0, -2.9051592350006104, 0.0], "(1, 5, 2, 2)": [-2.936997652053833, -2.9279348850250244, -2.9369940757751465, -2.936997652053833, -2.9280550479888916], "(1, 7, 2, 2)": [-2.9036030769348145, -2.913403034210205, -2.9326560497283936, -2.692084312438965, -2.8475098609924316], "(1, 6, 2, 2)": [-2.941401958465576, -2.9414029121398926, -2.926624059677124, -2.93306565284729, -2.932929754257202], "(3, 2, 2, 1)": [0.0, 0.0, 0.0, 0.0, -2.9286751747131348], "(1, 1, 2, 1)": [0.0, 0.0, -2.7224996089935303, 0.0, 0.0], "(1, 2, 2, 1)": [-2.8586246967315674, 0.0, 0.0, 0.0, 0.0], "(2, 4, 3, 3)": [-2.9138283729553223, 0.0, 0.0, 0.0, 0.0], "(2, 6, 3, 3)": [0.0, -2.880803108215332, 0.0, 0.0, 0.0]}, "n_values": {"(2, 7, 2, 2)": [1483.0, 1550.0, 1697.0, 1927.0, 1908.0], "(2, 6, 2, 2)": [1430.0, 1487.0, 1564.0, 1834.0, 1808.0], "(2, 5, 2, 2)": [1483.0, 1450.0, 1612.0, 1544.0, 1663.0], "(2, 2, 2, 2)": [1573.0, 1512.0, 1464.0, 1321.0, 1295.0], "(2, 1, 2, 2)": [1840.0, 1561.0, 1487.0, 1410.0, 1334.0], "(2, 3, 2, 2)": [1424.0, 1375.0, 1371.0, 1500.0, 1371.0], "(2, 4, 2, 2)": [1435.0, 1416.0, 1431.0, 1576.0, 1537.0], "(2, 6, 2, 3)": [66.0, 59.0, 78.0, 65.0, 55.0], "(2, 1, 2, 1)": [83.0, 67.0, 78.0, 58.0, 62.0], "(2, 2, 2, 1)": [53.0, 36.0, 33.0, 35.0, 45.0], "(2, 4, 2, 3)": [8.0, 29.0, 12.0, 17.0, 12.0], "(2, 3, 2, 3)": [6.0, 8.0, 7.0, 4.0, 2.0], "(2, 7, 2, 3)": [122.0, 87.0, 94.0, 92.0, 95.0], "(2, 5, 2, 3)": [45.0, 51.0, 30.0, 37.0, 33.0], "(2, 3, 2, 1)": [22.0, 30.0, 26.0, 29.0, 30.0], "(1, 1, 2, 2)": [5.0, 2.0, 3.0, 3.0, 3.0], "(2, 4, 2, 1)": [16.0, 10.0, 17.0, 8.0, 14.0], "(2, 1, 1, 1)": [1.0, 1.0, 3.0, 3.0, 1.0], "(2, 5, 3, 3)": [0.0, 2.0, 0.0, 0.0, 1.0], "(2, 5, 2, 1)": [5.0, 3.0, 3.0, 7.0, 5.0], "(3, 7, 2, 2)": [6.0, 5.0, 7.0, 7.0, 8.0], "(3, 6, 2, 2)": [7.0, 6.0, 7.0, 9.0, 8.0], "(2, 6, 2, 1)": [0.0, 1.0, 0.0, 0.0, 0.0], "(2, 7, 3, 3)": [0.0, 0.0, 2.0, 0.0, 1.0], "(3, 3, 2, 2)": [2.0, 3.0, 3.0, 4.0, 3.0], "(3, 4, 2, 2)": [3.0, 3.0, 2.0, 2.0, 2.0], "(3, 1, 2, 2)": [4.0, 5.0, 4.0, 4.0, 3.0], "(3, 2, 2, 2)": [3.0, 2.0, 4.0, 2.0, 2.0], "(3, 5, 2, 2)": [3.0, 2.0, 1.0, 4.0, 3.0], "(2, 2, 1, 1)": [1.0, 1.0, 1.0, 1.0, 0.0], "(2, 3, 1, 1)": [1.0, 1.0, 0.0, 0.0, 0.0], "(2, 6, 1, 1)": [0.0, 0.0, 0.0, 1.0, 0.0], "(1, 4, 2, 2)": [2.0, 2.0, 2.0, 3.0, 3.0], "(1, 3, 2, 2)": [3.0, 2.0, 3.0, 1.0, 3.0], "(1, 2, 2, 2)": [4.0, 2.0, 2.0, 3.0, 4.0], "(2, 4, 1, 1)": [1.0, 0.0, 0.0, 1.0, 0.0], "(1, 7, 2, 2)": [2.0, 1.0, 2.0, 4.0, 2.0], "(1, 6, 2, 2)": [2.0, 2.0, 2.0, 3.0, 3.0], "(1, 5, 2, 2)": [3.0, 1.0, 3.0, 3.0, 2.0], "(3, 2, 2, 1)": [0.0, 0.0, 0.0, 0.0, 1.0], "(1, 1, 2, 1)": [0.0, 0.0, 1.0, 0.0, 0.0], "(1, 2, 2, 1)": [1.0, 0.0, 0.0, 0.0, 0.0], "(2, 4, 3, 3)": [1.0, 0.0, 0.0, 0.0, 0.0], "(2, 6, 3, 3)": [0.0, 1.0, 0.0, 0.0, 0.0]}}