{"q_values": {"(2, 7, 2, 2)": [-2.8372795581817627, -2.8138957023620605, -2.8134350776672363, -2.8052892684936523, -2.811368703842163], "(2, 6, 2, 2)": [-2.9182701110839844, -2.918419122695923, -2.91843318939209, -2.9173786640167236, -2.9174351692199707], "(2, 5, 2, 2)": [-2.9201583862304688, -2.9201791286468506, -2.920088529586792, -2.9203858375549316, -2.920189142227173], "(2, 2, 2, 2)": [-2.9187164306640625, -2.9182162284851074, -2.917931079864502, -2.91892147064209, -2.918989419937134], "(2, 1, 2, 2)": [-2.8128888607025146, -2.8147549629211426, -2.8358306884765625, -2.8160486221313477, -2.8359501361846924], "(2, 3, 2, 2)": [-2.92091965675354, -2.920118808746338, -2.9202654361724854, -2.919769763946533, -2.9201107025146484], "(2, 4, 2, 2)": [-2.9210517406463623, -2.9210762977600098, -2.920771598815918, -2.9205429553985596, -2.920545816421509], "(2, 6, 2, 3)": [-2.91330885887146, -2.912501096725464, -2.8983442783355713, -2.9061241149902344, -2.904926061630249], "(2, 1, 2, 1)": [-2.418344020843506, -2.54457688331604, -2.5105597972869873, -2.489222526550293, -2.5344645977020264], "(2, 2, 2, 1)": [-2.899217128753662, -2.904186964035034, -2.9199395179748535, -2.9070520401000977, -2.907116174697876], "(2, 4, 2, 3)": [-2.924433946609497, -2.915773868560791, -2.9219937324523926, -2.9231269359588623, -2.9315004348754883], "(2, 3, 2, 3)": [-2.9371650218963623, -2.915783643722534, -2.9214603900909424, -2.926082134246826, -2.9403858184814453], "(2, 7, 2, 3)": [-2.5039148330688477, -2.5364789962768555, -2.5770957469940186, -2.5528547763824463, -2.5154831409454346], "(2, 5, 2, 3)": [-2.9164702892303467, -2.917949676513672, -2.9200665950775146, -2.9321913719177246, -2.929490089416504], "(2, 3, 2, 1)": [-2.9292519092559814, -2.924452543258667, -2.925351858139038, -2.924288034439087, -2.9273977279663086], "(1, 1, 2, 2)": [-2.5454204082489014, -2.883300304412842, -2.890618324279785, -2.415248155593872, -2.813103675842285], "(2, 4, 2, 1)": [-2.921318292617798, -2.9246225357055664, -2.9165289402008057, -2.923906087875366, -2.9207403659820557], "(2, 1, 1, 1)": [-2.180999279022217, -2.7624711990356445, -2.1990232467651367, -2.765397071838379, -2.7802441120147705], "(2, 5, 3, 3)": [0.0, -2.9604110717773438, 0.0, 0.0, -2.9625813961029053], "(2, 5, 2, 1)": [-2.9062201976776123, -2.9029409885406494, -2.9024834632873535, -2.922107696533203, -2.9230923652648926], "(3, 7, 2, 2)": [-2.9157307147979736, -2.7206003665924072, -2.7608633041381836, -2.7698354721069336, -2.6155014038085938], "(3, 6, 2, 2)": [-2.9220166206359863, -2.9263787269592285, -2.9247114658355713, -2.9203875064849854, -2.924740791320801], "(2, 6, 2, 1)": [0.0, -2.9173026084899902, 0.0, 0.0, 0.0], "(2, 7, 3, 3)": [0.0, 0.0, -2.2019121646881104, 0.0, -2.2071280479431152], "(3, 3, 2, 2)": [-2.9315378665924072, -2.934363842010498, -2.9275522232055664, -2.9208297729492188, -2.9275522232055664], "(3, 4, 2, 2)": [-2.9208297729492188, -2.9208297729492188, -2.9275522232055664, -2.9275522232055664, -2.9275522232055664], "(3, 1, 2, 2)": [-2.915992021560669, -2.7287185192108154, -2.915200710296631, -2.6852943897247314, -2.8666934967041016], "(3, 2, 2, 2)": [-2.932927131652832, -2.9235663414001465, -2.93340802192688, -2.9235663414001465, -2.9340057373046875], "(3, 5, 2, 2)": [-2.9273886680603027, -2.9275522232055664, -2.9315378665924072, -2.925302028656006, -2.9273886680603027], "(2, 2, 1, 1)": [-2.8625617027282715, 0.0, -2.7262492179870605, -2.905679225921631, 0.0], "(2, 3, 1, 1)": [0.0, -2.905679225921631, 0.0, 0.0, 0.0], "(2, 6, 1, 1)": [0.0, 0.0, 0.0, -2.919544219970703, 0.0], "(1, 4, 2, 2)": [-2.9284183979034424, -2.954882860183716, -2.954882860183716, -2.93666934967041, -2.9540274143218994], "(1, 3, 2, 2)": [-2.9030380249023438, -2.903975009918213, -2.9203739166259766, -2.905996322631836, -2.9203739166259766], "(1, 2, 2, 2)": [-2.9021973609924316, -2.903975009918213, -2.903975009918213, -2.903975009918213, -2.905555248260498], "(2, 4, 1, 1)": [0.0, 0.0, 0.0, -2.9051592350006104, 0.0], "(1, 5, 2, 2)": [-2.9415290355682373, 0.0, -2.941523551940918, -2.9415290355682373, -2.928175210952759], "(1, 7, 2, 2)": [-2.9036030769348145, -2.913403034210205, -2.9326560497283936, -2.6287171840667725, -2.8475098609924316], "(1, 6, 2, 2)": [-2.9548802375793457, -2.954871654510498, -2.9253158569335938, -2.941349506378174, -2.9354493618011475], "(3, 2, 2, 1)": [0.0, 0.0, 0.0, 0.0, -2.9286751747131348], "(1, 1, 2, 1)": [0.0, 0.0, -2.7224996089935303, 0.0, 0.0], "(1, 2, 2, 1)": [-2.8586246967315674, 0.0, 0.0, 0.0, 0.0]}, "n_values": {"(2, 7, 2, 2)": [866.0, 926.0, 984.0, 1079.0, 1045.0], "(2, 6, 2, 2)": [841.0, 874.0, 923.0, 1009.0, 1032.0], "(2, 5, 2, 2)": [867.0, 838.0, 866.0, 896.0, 960.0], "(2, 2, 2, 2)": [981.0, 946.0, 907.0, 822.0, 812.0], "(2, 1, 2, 2)": [1092.0, 962.0, 918.0, 907.0, 820.0], "(2, 3, 2, 2)": [873.0, 844.0, 831.0, 877.0, 812.0], "(2, 4, 2, 2)": [858.0, 857.0, 836.0, 901.0, 888.0], "(2, 6, 2, 3)": [42.0, 36.0, 42.0, 40.0, 30.0], "(2, 1, 2, 1)": [43.0, 37.0, 51.0, 37.0, 37.0], "(2, 2, 2, 1)": [33.0, 27.0, 23.0, 25.0, 29.0], "(2, 4, 2, 3)": [3.0, 19.0, 11.0, 9.0, 6.0], "(2, 3, 2, 3)": [3.0, 5.0, 7.0, 4.0, 2.0], "(2, 7, 2, 3)": [59.0, 49.0, 52.0, 45.0, 47.0], "(2, 5, 2, 3)": [21.0, 25.0, 16.0, 18.0, 16.0], "(2, 3, 2, 1)": [13.0, 19.0, 14.0, 15.0, 19.0], "(1, 1, 2, 2)": [3.0, 2.0, 1.0, 3.0, 2.0], "(2, 4, 2, 1)": [10.0, 6.0, 12.0, 5.0, 12.0], "(2, 1, 1, 1)": [1.0, 1.0, 2.0, 1.0, 1.0], "(2, 5, 3, 3)": [0.0, 1.0, 0.0, 0.0, 1.0], "(2, 5, 2, 1)": [3.0, 1.0, 2.0, 5.0, 5.0], "(3, 7, 2, 2)": [4.0, 4.0, 5.0, 6.0, 6.0], "(3, 6, 2, 2)": [7.0, 5.0, 6.0, 7.0, 6.0], "(2, 6, 2, 1)": [0.0, 1.0, 0.0, 0.0, 0.0], "(2, 7, 3, 3)": [0.0, 0.0, 1.0, 0.0, 1.0], "(3, 3, 2, 2)": [1.0, 2.0, 2.0, 3.0, 2.0], "(3, 4, 2, 2)": [3.0, 3.0, 2.0, 2.0, 2.0], "(3, 1, 2, 2)": [3.0, 5.0, 4.0, 3.0, 3.0], "(3, 2, 2, 2)": [2.0, 1.0, 3.0, 1.0, 2.0], "(3, 5, 2, 2)": [3.0, 2.0, 1.0, 4.0, 3.0], "(2, 2, 1, 1)": [1.0, 0.0, 1.0, 1.0, 0.0], "(2, 3, 1, 1)": [0.0, 1.0, 0.0, 0.0, 0.0], "(2, 6, 1, 1)": [0.0, 0.0, 0.0, 1.0, 0.0], "(1, 4, 2, 2)": [2.0, 1.0, 1.0, 3.0, 2.0], "(1, 3, 2, 2)": [3.0, 2.0, 3.0, 1.0, 3.0], "(1, 2, 2, 2)": [4.0, 2.0, 2.0, 2.0, 3.0], "(2, 4, 1, 1)": [0.0, 0.0, 0.0, 1.0, 0.0], "(1, 7, 2, 2)": [2.0, 1.0, 2.0, 3.0, 2.0], "(1, 6, 2, 2)": [1.0, 1.0, 1.0, 2.0, 2.0], "(1, 5, 2, 2)": [2.0, 0.0, 2.0, 2.0, 1.0], "(3, 2, 2, 1)": [0.0, 0.0, 0.0, 0.0, 1.0], "(1, 1, 2, 1)": [0.0, 0.0, 1.0, 0.0, 0.0], "(1, 2, 2, 1)": [1.0, 0.0, 0.0, 0.0, 0.0]}}