{"q_values": {"(2, 7, 2, 2)": [-2.847952365875244, -2.8003318309783936, -2.8006865978240967, -2.7904601097106934, -2.8056399822235107], "(2, 6, 2, 2)": [-2.9178802967071533, -2.917232036590576, -2.9180686473846436, -2.9159300327301025, -2.9162051677703857], "(2, 5, 2, 2)": [-2.91945481300354, -2.9194045066833496, -2.9196736812591553, -2.9199624061584473, -2.9192638397216797], "(2, 2, 2, 2)": [-2.9170777797698975, -2.9170310497283936, -2.9169695377349854, -2.9175686836242676, -2.917570114135742], "(2, 1, 2, 2)": [-2.8046460151672363, -2.808837890625, -2.843186378479004, -2.8206803798675537, -2.8411333560943604], "(2, 3, 2, 2)": [-2.919721841812134, -2.9189186096191406, -2.919100522994995, -2.91859769821167, -2.91935396194458], "(2, 4, 2, 2)": [-2.9204583168029785, -2.9212958812713623, -2.9206740856170654, -2.9198946952819824, -2.920227527618408], "(2, 6, 2, 3)": [-2.913275718688965, -2.9075927734375, -2.8946452140808105, -2.9001624584198, -2.907884359359741], "(2, 1, 2, 1)": [-2.427175998687744, -2.569483757019043, -2.4342682361602783, -2.45912766456604, -2.5761566162109375], "(2, 2, 2, 1)": [-2.8839738368988037, -2.907182455062866, -2.9159538745880127, -2.9083786010742188, -2.913445234298706], "(2, 4, 2, 3)": [-2.910507917404175, -2.9135231971740723, -2.922855854034424, -2.9252352714538574, -2.9372260570526123], "(2, 3, 2, 3)": [-2.9242451190948486, 0.0, -2.9219534397125244, -2.929051399230957, -2.9632935523986816], "(2, 7, 2, 3)": [-2.4765005111694336, -2.4789631366729736, -2.5850448608398438, -2.555851936340332, -2.544649600982666], "(2, 5, 2, 3)": [-2.9171576499938965, -2.9133968353271484, -2.913365364074707, -2.9245691299438477, -2.925450325012207], "(2, 3, 2, 1)": [-2.926823854446411, -2.9264979362487793, -2.9254322052001953, -2.9208149909973145, -2.9210782051086426], "(1, 1, 2, 2)": [0.0, 0.0, 0.0, -2.203484535217285, 0.0], "(2, 4, 2, 1)": [-2.913304090499878, -2.9172372817993164, -2.9164466857910156, -2.9753928184509277, -2.9180421829223633], "(2, 1, 1, 1)": [0.0, -2.7624711990356445, -2.2099769115448, -2.765397071838379, 0.0], "(2, 5, 3, 3)": [0.0, -2.9604110717773438, 0.0, 0.0, -2.9625813961029053], "(2, 5, 2, 1)": [0.0, 0.0, -2.9023098945617676, -2.9068894386291504, -2.9178805351257324], "(3, 7, 2, 2)": [-2.9157307147979736, -2.530806541442871, -2.6723928451538086, -2.9176998138427734, -2.914161205291748], "(3, 6, 2, 2)": [-2.922865152359009, -2.9285967350006104, -2.9285967350006104, -2.9228672981262207, -2.9285967350006104], "(2, 6, 2, 1)": [0.0, -2.9173026084899902, 0.0, 0.0, 0.0], "(2, 7, 3, 3)": [0.0, 0.0, -2.2019121646881104, 0.0, 0.0], "(3, 3, 2, 2)": [0.0, -2.9235663414001465, -2.9235663414001465, -2.915475845336914, -2.9235663414001465], "(3, 4, 2, 2)": [-2.915475845336914, -2.915475845336914, -2.9235663414001465, -2.9235663414001465, -2.9235663414001465], "(3, 1, 2, 2)": [0.0, -2.8778858184814453, -2.9235663414001465, -2.9235663414001465, -2.9235663414001465], "(3, 2, 2, 2)": [-2.9235663414001465, -2.9235663414001465, -2.9235663414001465, -2.9235663414001465, -2.9235663414001465], "(3, 5, 2, 2)": [-2.9235663414001465, -2.9235663414001465, 0.0, -2.9235663414001465, -2.9235663414001465], "(2, 2, 1, 1)": [0.0, 0.0, 0.0, -2.905679225921631, 0.0], "(2, 3, 1, 1)": [0.0, -2.905679225921631, 0.0, 0.0, 0.0], "(2, 6, 1, 1)": [0.0, 0.0, 0.0, -2.919544219970703, 0.0]}, "n_values": {"(2, 7, 2, 2)": [303.0, 336.0, 333.0, 357.0, 363.0], "(2, 6, 2, 2)": [290.0, 308.0, 328.0, 345.0, 362.0], "(2, 5, 2, 2)": [298.0, 285.0, 293.0, 321.0, 359.0], "(2, 2, 2, 2)": [340.0, 324.0, 305.0, 273.0, 287.0], "(2, 1, 2, 2)": [407.0, 358.0, 356.0, 324.0, 305.0], "(2, 3, 2, 2)": [310.0, 287.0, 298.0, 299.0, 287.0], "(2, 4, 2, 2)": [299.0, 290.0, 289.0, 309.0, 305.0], "(2, 6, 2, 3)": [15.0, 13.0, 16.0, 19.0, 15.0], "(2, 1, 2, 1)": [13.0, 11.0, 17.0, 16.0, 10.0], "(2, 2, 2, 1)": [10.0, 11.0, 12.0, 6.0, 10.0], "(2, 4, 2, 3)": [1.0, 7.0, 3.0, 5.0, 3.0], "(2, 3, 2, 3)": [1.0, 0.0, 3.0, 3.0, 1.0], "(2, 7, 2, 3)": [27.0, 18.0, 22.0, 18.0, 19.0], "(2, 5, 2, 3)": [10.0, 11.0, 4.0, 6.0, 6.0], "(2, 3, 2, 1)": [5.0, 5.0, 6.0, 4.0, 6.0], "(1, 1, 2, 2)": [0.0, 0.0, 0.0, 1.0, 0.0], "(2, 4, 2, 1)": [5.0, 2.0, 6.0, 1.0, 4.0], "(2, 1, 1, 1)": [0.0, 1.0, 1.0, 1.0, 0.0], "(2, 5, 3, 3)": [0.0, 1.0, 0.0, 0.0, 1.0], "(2, 5, 2, 1)": [0.0, 0.0, 1.0, 2.0, 2.0], "(3, 7, 2, 2)": [4.0, 2.0, 3.0, 2.0, 2.0], "(3, 6, 2, 2)": [4.0, 3.0, 3.0, 4.0, 3.0], "(2, 6, 2, 1)": [0.0, 1.0, 0.0, 0.0, 0.0], "(2, 7, 3, 3)": [0.0, 0.0, 1.0, 0.0, 0.0], "(3, 3, 2, 2)": [0.0, 1.0, 1.0, 2.0, 1.0], "(3, 4, 2, 2)": [2.0, 2.0, 1.0, 1.0, 1.0], "(3, 1, 2, 2)": [0.0, 1.0, 1.0, 1.0, 1.0], "(3, 2, 2, 2)": [1.0, 1.0, 1.0, 1.0, 1.0], "(3, 5, 2, 2)": [1.0, 1.0, 0.0, 1.0, 1.0], "(2, 2, 1, 1)": [0.0, 0.0, 0.0, 1.0, 0.0], "(2, 3, 1, 1)": [0.0, 1.0, 0.0, 0.0, 0.0], "(2, 6, 1, 1)": [0.0, 0.0, 0.0, 1.0, 0.0]}}