{"q_values": {"(2, 7, 2, 2)": [-2.844694137573242, -2.803426742553711, -2.799611806869507, -2.798346757888794, -2.8101391792297363], "(2, 6, 2, 2)": [-2.917933702468872, -2.917661428451538, -2.917976140975952, -2.916192054748535, -2.9162068367004395], "(2, 5, 2, 2)": [-2.919631242752075, -2.919724702835083, -2.9196531772613525, -2.9199271202087402, -2.919497013092041], "(2, 2, 2, 2)": [-2.9176573753356934, -2.9176692962646484, -2.9173927307128906, -2.9178805351257324, -2.917977809906006], "(2, 1, 2, 2)": [-2.8099608421325684, -2.8119237422943115, -2.842519998550415, -2.8109283447265625, -2.839540719985962], "(2, 3, 2, 2)": [-2.920166015625, -2.9190242290496826, -2.919203042984009, -2.91882586479187, -2.919590473175049], "(2, 4, 2, 2)": [-2.9207375049591064, -2.9211316108703613, -2.9210617542266846, -2.9202964305877686, -2.9203898906707764], "(2, 6, 2, 3)": [-2.9139339923858643, -2.9076104164123535, -2.895421028137207, -2.9001624584198, -2.909166097640991], "(2, 1, 2, 1)": [-2.41201114654541, -2.559556245803833, -2.4962756633758545, -2.485132932662964, -2.6067001819610596], "(2, 2, 2, 1)": [-2.8949203491210938, -2.9097208976745605, -2.9194090366363525, -2.9108619689941406, -2.913445234298706], "(2, 4, 2, 3)": [-2.9280638694763184, -2.913332939147949, -2.922855854034424, -2.9252352714538574, -2.9372260570526123], "(2, 3, 2, 3)": [-2.9242451190948486, 0.0, -2.9194655418395996, -2.929051399230957, -2.9632935523986816], "(2, 7, 2, 3)": [-2.4841115474700928, -2.5327107906341553, -2.597116708755493, -2.5787792205810547, -2.5105597972869873], "(2, 5, 2, 3)": [-2.9171576499938965, -2.9133968353271484, -2.9190049171447754, -2.9285123348236084, -2.9273879528045654], "(2, 3, 2, 1)": [-2.9339499473571777, -2.9264979362487793, -2.9254322052001953, -2.931112289428711, -2.9181933403015137], "(1, 1, 2, 2)": [0.0, 0.0, 0.0, -2.203484535217285, 0.0], "(2, 4, 2, 1)": [-2.913304090499878, -2.9172372817993164, -2.9164466857910156, -2.9753928184509277, -2.9180421829223633], "(2, 1, 1, 1)": [0.0, -2.7624711990356445, -2.2099769115448, -2.765397071838379, 0.0], "(2, 5, 3, 3)": [0.0, -2.9604110717773438, 0.0, 0.0, -2.9625813961029053], "(2, 5, 2, 1)": [0.0, 0.0, -2.9023098945617676, -2.920603036880493, -2.9178805351257324], "(3, 7, 2, 2)": [-2.9157307147979736, -2.530806541442871, -2.6723928451538086, -2.9176998138427734, -2.914161205291748], "(3, 6, 2, 2)": [-2.922865152359009, -2.9285967350006104, -2.9285967350006104, -2.9228672981262207, -2.9285967350006104], "(2, 6, 2, 1)": [0.0, -2.9173026084899902, 0.0, 0.0, 0.0], "(2, 7, 3, 3)": [0.0, 0.0, -2.2019121646881104, 0.0, 0.0], "(3, 3, 2, 2)": [0.0, -2.9235663414001465, -2.9235663414001465, -2.915475845336914, -2.9235663414001465], "(3, 4, 2, 2)": [-2.915475845336914, -2.915475845336914, -2.9235663414001465, -2.9235663414001465, -2.9235663414001465], "(3, 1, 2, 2)": [0.0, -2.8778858184814453, -2.9235663414001465, -2.9235663414001465, -2.9235663414001465], "(3, 2, 2, 2)": [-2.9235663414001465, -2.9235663414001465, -2.9235663414001465, -2.9235663414001465, -2.9235663414001465], "(3, 5, 2, 2)": [-2.9235663414001465, -2.9235663414001465, 0.0, -2.9235663414001465, -2.9235663414001465], "(2, 2, 1, 1)": [0.0, 0.0, 0.0, -2.905679225921631, 0.0], "(2, 3, 1, 1)": [0.0, -2.905679225921631, 0.0, 0.0, 0.0], "(2, 6, 1, 1)": [0.0, 0.0, 0.0, -2.919544219970703, 0.0], "(1, 4, 2, 2)": [0.0, 0.0, 0.0, -2.9531712532043457, -2.953171968460083], "(1, 3, 2, 2)": [0.0, 0.0, -2.953171968460083, 0.0, -2.953171730041504]}, "n_values": {"(2, 7, 2, 2)": [378.0, 413.0, 410.0, 441.0, 451.0], "(2, 6, 2, 2)": [363.0, 374.0, 397.0, 427.0, 442.0], "(2, 5, 2, 2)": [357.0, 337.0, 354.0, 382.0, 435.0], "(2, 2, 2, 2)": [401.0, 380.0, 363.0, 327.0, 340.0], "(2, 1, 2, 2)": [475.0, 414.0, 408.0, 384.0, 358.0], "(2, 3, 2, 2)": [368.0, 335.0, 353.0, 347.0, 334.0], "(2, 4, 2, 2)": [350.0, 348.0, 343.0, 373.0, 359.0], "(2, 6, 2, 3)": [17.0, 16.0, 21.0, 19.0, 17.0], "(2, 1, 2, 1)": [17.0, 13.0, 23.0, 17.0, 11.0], "(2, 2, 2, 1)": [13.0, 13.0, 13.0, 9.0, 10.0], "(2, 4, 2, 3)": [2.0, 8.0, 3.0, 5.0, 3.0], "(2, 3, 2, 3)": [1.0, 0.0, 4.0, 3.0, 1.0], "(2, 7, 2, 3)": [32.0, 23.0, 27.0, 23.0, 21.0], "(2, 5, 2, 3)": [10.0, 11.0, 7.0, 8.0, 7.0], "(2, 3, 2, 1)": [6.0, 5.0, 6.0, 5.0, 7.0], "(1, 1, 2, 2)": [0.0, 0.0, 0.0, 1.0, 0.0], "(2, 4, 2, 1)": [5.0, 2.0, 6.0, 1.0, 4.0], "(2, 1, 1, 1)": [0.0, 1.0, 1.0, 1.0, 0.0], "(2, 5, 3, 3)": [0.0, 1.0, 0.0, 0.0, 1.0], "(2, 5, 2, 1)": [0.0, 0.0, 1.0, 4.0, 2.0], "(3, 7, 2, 2)": [4.0, 2.0, 3.0, 2.0, 2.0], "(3, 6, 2, 2)": [4.0, 3.0, 3.0, 4.0, 3.0], "(2, 6, 2, 1)": [0.0, 1.0, 0.0, 0.0, 0.0], "(2, 7, 3, 3)": [0.0, 0.0, 1.0, 0.0, 0.0], "(3, 3, 2, 2)": [0.0, 1.0, 1.0, 2.0, 1.0], "(3, 4, 2, 2)": [2.0, 2.0, 1.0, 1.0, 1.0], "(3, 1, 2, 2)": [0.0, 1.0, 1.0, 1.0, 1.0], "(3, 2, 2, 2)": [1.0, 1.0, 1.0, 1.0, 1.0], "(3, 5, 2, 2)": [1.0, 1.0, 0.0, 1.0, 1.0], "(2, 2, 1, 1)": [0.0, 0.0, 0.0, 1.0, 0.0], "(2, 3, 1, 1)": [0.0, 1.0, 0.0, 0.0, 0.0], "(2, 6, 1, 1)": [0.0, 0.0, 0.0, 1.0, 0.0], "(1, 4, 2, 2)": [0.0, 0.0, 0.0, 1.0, 1.0], "(1, 3, 2, 2)": [0.0, 0.0, 1.0, 0.0, 1.0]}}