{"q_values": {"(2, 7, 2, 2)": [-2.8331267833709717, -2.813230276107788, -2.808385133743286, -2.803180456161499, -2.805877208709717], "(2, 6, 2, 2)": [-2.9190316200256348, -2.9188714027404785, -2.918891429901123, -2.917961359024048, -2.918069362640381], "(2, 5, 2, 2)": [-2.920886754989624, -2.9207956790924072, -2.9207241535186768, -2.9211902618408203, -2.9209790229797363], "(2, 2, 2, 2)": [-2.9187674522399902, -2.9185562133789062, -2.918492555618286, -2.919081449508667, -2.9193742275238037], "(2, 1, 2, 2)": [-2.8132197856903076, -2.8153910636901855, -2.82641339302063, -2.8199076652526855, -2.82680606842041], "(2, 3, 2, 2)": [-2.9215242862701416, -2.92094349861145, -2.921128749847412, -2.92073917388916, -2.9208099842071533], "(2, 4, 2, 2)": [-2.9216668605804443, -2.921635627746582, -2.9215378761291504, -2.9212687015533447, -2.9213192462921143], "(2, 6, 2, 3)": [-2.913548231124878, -2.9117984771728516, -2.902900457382202, -2.9083251953125, -2.908104419708252], "(2, 1, 2, 1)": [-2.4327566623687744, -2.5450568199157715, -2.4862356185913086, -2.5023343563079834, -2.5541367530822754], "(2, 2, 2, 1)": [-2.8974528312683105, -2.906521797180176, -2.9069724082946777, -2.9099581241607666, -2.909644365310669], "(2, 4, 2, 3)": [-2.9176855087280273, -2.916226863861084, -2.9219937324523926, -2.9200122356414795, -2.925746440887451], "(2, 3, 2, 3)": [-2.926220417022705, -2.9163973331451416, -2.9214603900909424, -2.926082134246826, -2.9403858184814453], "(2, 7, 2, 3)": [-2.5001115798950195, -2.522254228591919, -2.536292314529419, -2.5407707691192627, -2.5252275466918945], "(2, 5, 2, 3)": [-2.918775796890259, -2.9182441234588623, -2.922262668609619, -2.930432081222534, -2.9294023513793945], "(2, 3, 2, 1)": [-2.9281132221221924, -2.924607992172241, -2.926260471343994, -2.92472767829895, -2.9267830848693848], "(1, 1, 2, 2)": [-2.6399083137512207, -2.883300304412842, -2.901374578475952, -2.415248155593872, -2.8489677906036377], "(2, 4, 2, 1)": [-2.9243955612182617, -2.923004388809204, -2.9180119037628174, -2.9253790378570557, -2.9207403659820557], "(2, 1, 1, 1)": [-2.180999279022217, -2.7624711990356445, -2.1990232467651367, -2.473656415939331, -2.7802441120147705], "(2, 5, 3, 3)": [0.0, -2.9604110717773438, 0.0, 0.0, -2.9625813961029053], "(2, 5, 2, 1)": [-2.906925916671753, -2.9029409885406494, -2.9024834632873535, -2.9200432300567627, -2.9230923652648926], "(3, 7, 2, 2)": [-2.91494083404541, -2.762845516204834, -2.7995686531066895, -2.7929768562316895, -2.600565195083618], "(3, 6, 2, 2)": [-2.9220166206359863, -2.9230217933654785, -2.9257278442382812, -2.92006778717041, -2.923309326171875], "(2, 6, 2, 1)": [0.0, -2.9173026084899902, 0.0, 0.0, 0.0], "(2, 7, 3, 3)": [0.0, 0.0, -2.2019121646881104, 0.0, -2.2071280479431152], "(3, 3, 2, 2)": [-2.9316818714141846, -2.9335179328918457, -2.9289767742156982, -2.9235787391662598, -2.9289767742156982], "(3, 4, 2, 2)": [-2.9208297729492188, -2.9208297729492188, -2.9275522232055664, -2.9275522232055664, -2.9275522232055664], "(3, 1, 2, 2)": [-2.9084980487823486, -2.7287185192108154, -2.915200710296631, -2.701117515563965, -2.8666934967041016], "(3, 2, 2, 2)": [-2.932321548461914, -2.926264524459839, -2.9329676628112793, -2.9219698905944824, -2.9340057373046875], "(3, 5, 2, 2)": [-2.9273886680603027, -2.9275522232055664, -2.9315378665924072, -2.925302028656006, -2.9273886680603027], "(2, 2, 1, 1)": [-2.8625617027282715, -2.8637642860412598, -2.7262492179870605, -2.905679225921631, 0.0], "(2, 3, 1, 1)": [-2.8978567123413086, -2.905679225921631, 0.0, 0.0, 0.0], "(2, 6, 1, 1)": [0.0, 0.0, 0.0, -2.919544219970703, 0.0], "(1, 4, 2, 2)": [-2.9284183979034424, -2.954882860183716, -2.954882860183716, -2.93666934967041, -2.9540274143218994], "(1, 3, 2, 2)": [-2.9030380249023438, -2.903975009918213, -2.9203739166259766, -2.905996322631836, -2.9203739166259766], "(1, 2, 2, 2)": [-2.9021973609924316, -2.903975009918213, -2.903975009918213, -2.9104855060577393, -2.9100513458251953], "(2, 4, 1, 1)": [-2.9063799381256104, 0.0, 0.0, -2.9051592350006104, 0.0], "(1, 5, 2, 2)": [-2.9415290355682373, 0.0, -2.941523551940918, -2.9415290355682373, -2.928175210952759], "(1, 7, 2, 2)": [-2.9036030769348145, -2.913403034210205, -2.9326560497283936, -2.6287171840667725, -2.8475098609924316], "(1, 6, 2, 2)": [-2.9548802375793457, -2.954871654510498, -2.9253158569335938, -2.941349506378174, -2.9354493618011475], "(3, 2, 2, 1)": [0.0, 0.0, 0.0, 0.0, -2.9286751747131348], "(1, 1, 2, 1)": [0.0, 0.0, -2.7224996089935303, 0.0, 0.0], "(1, 2, 2, 1)": [-2.8586246967315674, 0.0, 0.0, 0.0, 0.0], "(2, 4, 3, 3)": [-2.9138283729553223, 0.0, 0.0, 0.0, 0.0], "(2, 6, 3, 3)": [0.0, -2.880803108215332, 0.0, 0.0, 0.0]}, "n_values": {"(2, 7, 2, 2)": [1170.0, 1244.0, 1356.0, 1525.0, 1456.0], "(2, 6, 2, 2)": [1145.0, 1186.0, 1250.0, 1421.0, 1416.0], "(2, 5, 2, 2)": [1192.0, 1153.0, 1240.0, 1225.0, 1321.0], "(2, 2, 2, 2)": [1244.0, 1206.0, 1182.0, 1061.0, 1044.0], "(2, 1, 2, 2)": [1445.0, 1253.0, 1184.0, 1144.0, 1073.0], "(2, 3, 2, 2)": [1136.0, 1106.0, 1094.0, 1180.0, 1078.0], "(2, 4, 2, 2)": [1161.0, 1139.0, 1132.0, 1247.0, 1206.0], "(2, 6, 2, 3)": [53.0, 46.0, 56.0, 51.0, 43.0], "(2, 1, 2, 1)": [62.0, 47.0, 59.0, 46.0, 49.0], "(2, 2, 2, 1)": [38.0, 30.0, 31.0, 30.0, 37.0], "(2, 4, 2, 3)": [6.0, 24.0, 11.0, 11.0, 8.0], "(2, 3, 2, 3)": [6.0, 6.0, 7.0, 4.0, 2.0], "(2, 7, 2, 3)": [89.0, 65.0, 72.0, 65.0, 65.0], "(2, 5, 2, 3)": [27.0, 39.0, 22.0, 25.0, 23.0], "(2, 3, 2, 1)": [20.0, 25.0, 22.0, 21.0, 25.0], "(1, 1, 2, 2)": [4.0, 2.0, 2.0, 3.0, 3.0], "(2, 4, 2, 1)": [14.0, 8.0, 14.0, 6.0, 12.0], "(2, 1, 1, 1)": [1.0, 1.0, 2.0, 2.0, 1.0], "(2, 5, 3, 3)": [0.0, 1.0, 0.0, 0.0, 1.0], "(2, 5, 2, 1)": [4.0, 1.0, 2.0, 6.0, 5.0], "(3, 7, 2, 2)": [6.0, 5.0, 7.0, 7.0, 8.0], "(3, 6, 2, 2)": [7.0, 6.0, 7.0, 9.0, 8.0], "(2, 6, 2, 1)": [0.0, 1.0, 0.0, 0.0, 0.0], "(2, 7, 3, 3)": [0.0, 0.0, 1.0, 0.0, 1.0], "(3, 3, 2, 2)": [2.0, 3.0, 3.0, 4.0, 3.0], "(3, 4, 2, 2)": [3.0, 3.0, 2.0, 2.0, 2.0], "(3, 1, 2, 2)": [4.0, 5.0, 4.0, 4.0, 3.0], "(3, 2, 2, 2)": [3.0, 2.0, 4.0, 2.0, 2.0], "(3, 5, 2, 2)": [3.0, 2.0, 1.0, 4.0, 3.0], "(2, 2, 1, 1)": [1.0, 1.0, 1.0, 1.0, 0.0], "(2, 3, 1, 1)": [1.0, 1.0, 0.0, 0.0, 0.0], "(2, 6, 1, 1)": [0.0, 0.0, 0.0, 1.0, 0.0], "(1, 4, 2, 2)": [2.0, 1.0, 1.0, 3.0, 2.0], "(1, 3, 2, 2)": [3.0, 2.0, 3.0, 1.0, 3.0], "(1, 2, 2, 2)": [4.0, 2.0, 2.0, 3.0, 4.0], "(2, 4, 1, 1)": [1.0, 0.0, 0.0, 1.0, 0.0], "(1, 7, 2, 2)": [2.0, 1.0, 2.0, 3.0, 2.0], "(1, 6, 2, 2)": [1.0, 1.0, 1.0, 2.0, 2.0], "(1, 5, 2, 2)": [2.0, 0.0, 2.0, 2.0, 1.0], "(3, 2, 2, 1)": [0.0, 0.0, 0.0, 0.0, 1.0], "(1, 1, 2, 1)": [0.0, 0.0, 1.0, 0.0, 0.0], "(1, 2, 2, 1)": [1.0, 0.0, 0.0, 0.0, 0.0], "(2, 4, 3, 3)": [1.0, 0.0, 0.0, 0.0, 0.0], "(2, 6, 3, 3)": [0.0, 1.0, 0.0, 0.0, 0.0]}}