{"q_values": {"(2, 7, 2, 2)": [-2.8300819396972656, -2.8130128383636475, -2.803405523300171, -2.800058603286743, -2.799680233001709], "(2, 6, 2, 2)": [-2.9191129207611084, -2.9190616607666016, -2.9189887046813965, -2.9181766510009766, -2.9183175563812256], "(2, 5, 2, 2)": [-2.9210379123687744, -2.920947313308716, -2.9208903312683105, -2.9212119579315186, -2.921088933944702], "(2, 2, 2, 2)": [-2.9186747074127197, -2.9186666011810303, -2.918778419494629, -2.9191951751708984, -2.9195637702941895], "(2, 1, 2, 2)": [-2.814633846282959, -2.8147132396698, -2.821946620941162, -2.818899631500244, -2.8209428787231445], "(2, 3, 2, 2)": [-2.921759605407715, -2.9213616847991943, -2.921508550643921, -2.921031951904297, -2.9211533069610596], "(2, 4, 2, 2)": [-2.9217326641082764, -2.921674966812134, -2.921729564666748, -2.921520233154297, -2.921485424041748], "(2, 6, 2, 3)": [-2.9116108417510986, -2.9148943424224854, -2.904322624206543, -2.908538818359375, -2.908008098602295], "(2, 1, 2, 1)": [-2.4314138889312744, -2.511488437652588, -2.496237277984619, -2.5027663707733154, -2.525092124938965], "(2, 2, 2, 1)": [-2.8945999145507812, -2.9033474922180176, -2.9079930782318115, -2.9077789783477783, -2.9103357791900635], "(2, 4, 2, 3)": [-2.9192135334014893, -2.916102886199951, -2.9245920181274414, -2.9210023880004883, -2.924138069152832], "(2, 3, 2, 3)": [-2.926220417022705, -2.9191761016845703, -2.9214603900909424, -2.926082134246826, -2.9403858184814453], "(2, 7, 2, 3)": [-2.5325405597686768, -2.5321319103240967, -2.5335803031921387, -2.5211215019226074, -2.519818067550659], "(2, 5, 2, 3)": [-2.9189980030059814, -2.9202215671539307, -2.92177677154541, -2.931459426879883, -2.930138111114502], "(2, 3, 2, 1)": [-2.9298853874206543, -2.92435622215271, -2.927286386489868, -2.9232873916625977, -2.927638530731201], "(1, 1, 2, 2)": [-2.5517075061798096, -2.883300304412842, -2.896270513534546, -2.415248155593872, -2.8489677906036377], "(2, 4, 2, 1)": [-2.9225268363952637, -2.9258835315704346, -2.9183106422424316, -2.928098201751709, -2.9207475185394287], "(2, 1, 1, 1)": [-2.180999279022217, -2.7624711990356445, -2.1983280181884766, -2.473656415939331, -2.7802441120147705], "(2, 5, 3, 3)": [0.0, -2.932105541229248, 0.0, 0.0, -2.9625813961029053], "(2, 5, 2, 1)": [-2.9144232273101807, -2.9164083003997803, -2.9079113006591797, -2.923814058303833, -2.9230923652648926], "(3, 7, 2, 2)": [-2.91494083404541, -2.762845516204834, -2.7995686531066895, -2.7929768562316895, -2.600565195083618], "(3, 6, 2, 2)": [-2.9220166206359863, -2.9230217933654785, -2.9257278442382812, -2.92006778717041, -2.923309326171875], "(2, 6, 2, 1)": [0.0, -2.9173026084899902, 0.0, 0.0, 0.0], "(2, 7, 3, 3)": [0.0, 0.0, -2.1941394805908203, 0.0, -2.2071280479431152], "(3, 3, 2, 2)": [-2.9316818714141846, -2.9335179328918457, -2.9289767742156982, -2.9235787391662598, -2.9289767742156982], "(3, 4, 2, 2)": [-2.9208297729492188, -2.9208297729492188, -2.9275522232055664, -2.9275522232055664, -2.9275522232055664], "(3, 1, 2, 2)": [-2.9084980487823486, -2.7287185192108154, -2.915200710296631, -2.701117515563965, -2.8666934967041016], "(3, 2, 2, 2)": [-2.932321548461914, -2.926264524459839, -2.9329676628112793, -2.9219698905944824, -2.9340057373046875], "(3, 5, 2, 2)": [-2.9273886680603027, -2.9275522232055664, -2.9315378665924072, -2.925302028656006, -2.9273886680603027], "(2, 2, 1, 1)": [-2.8625617027282715, -2.8637642860412598, -2.7262492179870605, -2.905679225921631, 0.0], "(2, 3, 1, 1)": [-2.8978567123413086, -2.905679225921631, 0.0, 0.0, 0.0], "(2, 6, 1, 1)": [0.0, 0.0, 0.0, -2.919544219970703, 0.0], "(1, 4, 2, 2)": [-2.9284183979034424, -2.94140887260437, -2.94140887260437, -2.93666934967041, -2.9453299045562744], "(1, 3, 2, 2)": [-2.9030380249023438, -2.903975009918213, -2.9203739166259766, -2.905996322631836, -2.9203739166259766], "(1, 2, 2, 2)": [-2.9021973609924316, -2.903975009918213, -2.903975009918213, -2.9104855060577393, -2.9100513458251953], "(2, 4, 1, 1)": [-2.9063799381256104, 0.0, 0.0, -2.9051592350006104, 0.0], "(1, 5, 2, 2)": [-2.936997652053833, -2.9279348850250244, -2.9369940757751465, -2.936997652053833, -2.9280550479888916], "(1, 7, 2, 2)": [-2.9036030769348145, -2.913403034210205, -2.9326560497283936, -2.692084312438965, -2.8475098609924316], "(1, 6, 2, 2)": [-2.941401958465576, -2.9414029121398926, -2.926624059677124, -2.93306565284729, -2.932929754257202], "(3, 2, 2, 1)": [0.0, 0.0, 0.0, 0.0, -2.9286751747131348], "(1, 1, 2, 1)": [0.0, 0.0, -2.7224996089935303, 0.0, 0.0], "(1, 2, 2, 1)": [-2.8586246967315674, 0.0, 0.0, 0.0, 0.0], "(2, 4, 3, 3)": [-2.9138283729553223, 0.0, 0.0, 0.0, 0.0], "(2, 6, 3, 3)": [0.0, -2.880803108215332, 0.0, 0.0, 0.0]}, "n_values": {"(2, 7, 2, 2)": [1428.0, 1490.0, 1632.0, 1853.0, 1815.0], "(2, 6, 2, 2)": [1374.0, 1434.0, 1501.0, 1756.0, 1738.0], "(2, 5, 2, 2)": [1435.0, 1397.0, 1549.0, 1491.0, 1603.0], "(2, 2, 2, 2)": [1516.0, 1465.0, 1422.0, 1279.0, 1258.0], "(2, 1, 2, 2)": [1792.0, 1490.0, 1435.0, 1372.0, 1287.0], "(2, 3, 2, 2)": [1380.0, 1335.0, 1324.0, 1448.0, 1323.0], "(2, 4, 2, 2)": [1392.0, 1373.0, 1379.0, 1525.0, 1474.0], "(2, 6, 2, 3)": [64.0, 56.0, 72.0, 61.0, 50.0], "(2, 1, 2, 1)": [82.0, 66.0, 75.0, 57.0, 60.0], "(2, 2, 2, 1)": [51.0, 36.0, 33.0, 35.0, 44.0], "(2, 4, 2, 3)": [7.0, 26.0, 12.0, 16.0, 12.0], "(2, 3, 2, 3)": [6.0, 8.0, 7.0, 4.0, 2.0], "(2, 7, 2, 3)": [114.0, 82.0, 90.0, 87.0, 88.0], "(2, 5, 2, 3)": [41.0, 50.0, 30.0, 34.0, 28.0], "(2, 3, 2, 1)": [22.0, 30.0, 26.0, 29.0, 28.0], "(1, 1, 2, 2)": [5.0, 2.0, 3.0, 3.0, 3.0], "(2, 4, 2, 1)": [16.0, 10.0, 15.0, 7.0, 14.0], "(2, 1, 1, 1)": [1.0, 1.0, 3.0, 2.0, 1.0], "(2, 5, 3, 3)": [0.0, 2.0, 0.0, 0.0, 1.0], "(2, 5, 2, 1)": [5.0, 3.0, 3.0, 7.0, 5.0], "(3, 7, 2, 2)": [6.0, 5.0, 7.0, 7.0, 8.0], "(3, 6, 2, 2)": [7.0, 6.0, 7.0, 9.0, 8.0], "(2, 6, 2, 1)": [0.0, 1.0, 0.0, 0.0, 0.0], "(2, 7, 3, 3)": [0.0, 0.0, 2.0, 0.0, 1.0], "(3, 3, 2, 2)": [2.0, 3.0, 3.0, 4.0, 3.0], "(3, 4, 2, 2)": [3.0, 3.0, 2.0, 2.0, 2.0], "(3, 1, 2, 2)": [4.0, 5.0, 4.0, 4.0, 3.0], "(3, 2, 2, 2)": [3.0, 2.0, 4.0, 2.0, 2.0], "(3, 5, 2, 2)": [3.0, 2.0, 1.0, 4.0, 3.0], "(2, 2, 1, 1)": [1.0, 1.0, 1.0, 1.0, 0.0], "(2, 3, 1, 1)": [1.0, 1.0, 0.0, 0.0, 0.0], "(2, 6, 1, 1)": [0.0, 0.0, 0.0, 1.0, 0.0], "(1, 4, 2, 2)": [2.0, 2.0, 2.0, 3.0, 3.0], "(1, 3, 2, 2)": [3.0, 2.0, 3.0, 1.0, 3.0], "(1, 2, 2, 2)": [4.0, 2.0, 2.0, 3.0, 4.0], "(2, 4, 1, 1)": [1.0, 0.0, 0.0, 1.0, 0.0], "(1, 7, 2, 2)": [2.0, 1.0, 2.0, 4.0, 2.0], "(1, 6, 2, 2)": [2.0, 2.0, 2.0, 3.0, 3.0], "(1, 5, 2, 2)": [3.0, 1.0, 3.0, 3.0, 2.0], "(3, 2, 2, 1)": [0.0, 0.0, 0.0, 0.0, 1.0], "(1, 1, 2, 1)": [0.0, 0.0, 1.0, 0.0, 0.0], "(1, 2, 2, 1)": [1.0, 0.0, 0.0, 0.0, 0.0], "(2, 4, 3, 3)": [1.0, 0.0, 0.0, 0.0, 0.0], "(2, 6, 3, 3)": [0.0, 1.0, 0.0, 0.0, 0.0]}}