{"q_values": {"(2, 7, 2, 2)": [-2.8340134620666504, -2.8133280277252197, -2.807234764099121, -2.804053544998169, -2.804452896118164], "(2, 6, 2, 2)": [-2.918997287750244, -2.9188601970672607, -2.918901205062866, -2.917987823486328, -2.918058395385742], "(2, 5, 2, 2)": [-2.920822858810425, -2.9207603931427, -2.920689344406128, -2.921182870864868, -2.920959949493408], "(2, 2, 2, 2)": [-2.918715238571167, -2.9184067249298096, -2.9184675216674805, -2.919055938720703, -2.919367551803589], "(2, 1, 2, 2)": [-2.8128318786621094, -2.8150346279144287, -2.8254547119140625, -2.8201534748077393, -2.8254992961883545], "(2, 3, 2, 2)": [-2.9214978218078613, -2.920914888381958, -2.9210729598999023, -2.920712947845459, -2.9207911491394043], "(2, 4, 2, 2)": [-2.9216232299804688, -2.92158842086792, -2.921468734741211, -2.9212281703948975, -2.9212961196899414], "(2, 6, 2, 3)": [-2.9134504795074463, -2.9121713638305664, -2.9034953117370605, -2.9086577892303467, -2.908104419708252], "(2, 1, 2, 1)": [-2.4426465034484863, -2.5450568199157715, -2.4811408519744873, -2.5002853870391846, -2.546656847000122], "(2, 2, 2, 1)": [-2.896529197692871, -2.906653881072998, -2.9069724082946777, -2.9103312492370605, -2.9095535278320312], "(2, 4, 2, 3)": [-2.9176855087280273, -2.915825366973877, -2.9245920181274414, -2.9216468334198, -2.9272923469543457], "(2, 3, 2, 3)": [-2.926220417022705, -2.9163973331451416, -2.9214603900909424, -2.926082134246826, -2.9403858184814453], "(2, 7, 2, 3)": [-2.510221481323242, -2.5252535343170166, -2.536532402038574, -2.544222831726074, -2.529097318649292], "(2, 5, 2, 3)": [-2.919515609741211, -2.918588161468506, -2.922262668609619, -2.930432081222534, -2.9294023513793945], "(2, 3, 2, 1)": [-2.929342746734619, -2.9254026412963867, -2.925293207168579, -2.92472767829895, -2.9267830848693848], "(1, 1, 2, 2)": [-2.6399083137512207, -2.883300304412842, -2.901374578475952, -2.415248155593872, -2.8489677906036377], "(2, 4, 2, 1)": [-2.9243955612182617, -2.923004388809204, -2.9180119037628174, -2.9253790378570557, -2.9207403659820557], "(2, 1, 1, 1)": [-2.180999279022217, -2.7624711990356445, -2.1990232467651367, -2.473656415939331, -2.7802441120147705], "(2, 5, 3, 3)": [0.0, -2.9604110717773438, 0.0, 0.0, -2.9625813961029053], "(2, 5, 2, 1)": [-2.906925916671753, -2.9029409885406494, -2.9024834632873535, -2.9200432300567627, -2.9230923652648926], "(3, 7, 2, 2)": [-2.91494083404541, -2.762845516204834, -2.7995686531066895, -2.7929768562316895, -2.600565195083618], "(3, 6, 2, 2)": [-2.9220166206359863, -2.9230217933654785, -2.9257278442382812, -2.92006778717041, -2.923309326171875], "(2, 6, 2, 1)": [0.0, -2.9173026084899902, 0.0, 0.0, 0.0], "(2, 7, 3, 3)": [0.0, 0.0, -2.2019121646881104, 0.0, -2.2071280479431152], "(3, 3, 2, 2)": [-2.9316818714141846, -2.9335179328918457, -2.9289767742156982, -2.9235787391662598, -2.9289767742156982], "(3, 4, 2, 2)": [-2.9208297729492188, -2.9208297729492188, -2.9275522232055664, -2.9275522232055664, -2.9275522232055664], "(3, 1, 2, 2)": [-2.9084980487823486, -2.7287185192108154, -2.915200710296631, -2.701117515563965, -2.8666934967041016], "(3, 2, 2, 2)": [-2.932321548461914, -2.926264524459839, -2.9329676628112793, -2.9219698905944824, -2.9340057373046875], "(3, 5, 2, 2)": [-2.9273886680603027, -2.9275522232055664, -2.9315378665924072, -2.925302028656006, -2.9273886680603027], "(2, 2, 1, 1)": [-2.8625617027282715, -2.8637642860412598, -2.7262492179870605, -2.905679225921631, 0.0], "(2, 3, 1, 1)": [-2.8978567123413086, -2.905679225921631, 0.0, 0.0, 0.0], "(2, 6, 1, 1)": [0.0, 0.0, 0.0, -2.919544219970703, 0.0], "(1, 4, 2, 2)": [-2.9284183979034424, -2.954882860183716, -2.954882860183716, -2.93666934967041, -2.9540274143218994], "(1, 3, 2, 2)": [-2.9030380249023438, -2.903975009918213, -2.9203739166259766, -2.905996322631836, -2.9203739166259766], "(1, 2, 2, 2)": [-2.9021973609924316, -2.903975009918213, -2.903975009918213, -2.9104855060577393, -2.9100513458251953], "(2, 4, 1, 1)": [-2.9063799381256104, 0.0, 0.0, -2.9051592350006104, 0.0], "(1, 5, 2, 2)": [-2.9415290355682373, 0.0, -2.941523551940918, -2.9415290355682373, -2.928175210952759], "(1, 7, 2, 2)": [-2.9036030769348145, -2.913403034210205, -2.9326560497283936, -2.6287171840667725, -2.8475098609924316], "(1, 6, 2, 2)": [-2.9548802375793457, -2.954871654510498, -2.9253158569335938, -2.941349506378174, -2.9354493618011475], "(3, 2, 2, 1)": [0.0, 0.0, 0.0, 0.0, -2.9286751747131348], "(1, 1, 2, 1)": [0.0, 0.0, -2.7224996089935303, 0.0, 0.0], "(1, 2, 2, 1)": [-2.8586246967315674, 0.0, 0.0, 0.0, 0.0], "(2, 4, 3, 3)": [-2.9138283729553223, 0.0, 0.0, 0.0, 0.0], "(2, 6, 3, 3)": [0.0, -2.880803108215332, 0.0, 0.0, 0.0]}, "n_values": {"(2, 7, 2, 2)": [1200.0, 1273.0, 1383.0, 1570.0, 1494.0], "(2, 6, 2, 2)": [1170.0, 1208.0, 1278.0, 1468.0, 1452.0], "(2, 5, 2, 2)": [1219.0, 1180.0, 1274.0, 1257.0, 1357.0], "(2, 2, 2, 2)": [1273.0, 1236.0, 1211.0, 1091.0, 1066.0], "(2, 1, 2, 2)": [1482.0, 1281.0, 1212.0, 1167.0, 1099.0], "(2, 3, 2, 2)": [1165.0, 1133.0, 1122.0, 1211.0, 1107.0], "(2, 4, 2, 2)": [1188.0, 1165.0, 1158.0, 1281.0, 1232.0], "(2, 6, 2, 3)": [54.0, 47.0, 57.0, 52.0, 43.0], "(2, 1, 2, 1)": [64.0, 47.0, 60.0, 48.0, 50.0], "(2, 2, 2, 1)": [39.0, 31.0, 31.0, 31.0, 38.0], "(2, 4, 2, 3)": [6.0, 25.0, 12.0, 12.0, 9.0], "(2, 3, 2, 3)": [6.0, 6.0, 7.0, 4.0, 2.0], "(2, 7, 2, 3)": [92.0, 66.0, 74.0, 66.0, 68.0], "(2, 5, 2, 3)": [28.0, 40.0, 22.0, 25.0, 23.0], "(2, 3, 2, 1)": [21.0, 26.0, 23.0, 21.0, 25.0], "(1, 1, 2, 2)": [4.0, 2.0, 2.0, 3.0, 3.0], "(2, 4, 2, 1)": [14.0, 8.0, 14.0, 6.0, 12.0], "(2, 1, 1, 1)": [1.0, 1.0, 2.0, 2.0, 1.0], "(2, 5, 3, 3)": [0.0, 1.0, 0.0, 0.0, 1.0], "(2, 5, 2, 1)": [4.0, 1.0, 2.0, 6.0, 5.0], "(3, 7, 2, 2)": [6.0, 5.0, 7.0, 7.0, 8.0], "(3, 6, 2, 2)": [7.0, 6.0, 7.0, 9.0, 8.0], "(2, 6, 2, 1)": [0.0, 1.0, 0.0, 0.0, 0.0], "(2, 7, 3, 3)": [0.0, 0.0, 1.0, 0.0, 1.0], "(3, 3, 2, 2)": [2.0, 3.0, 3.0, 4.0, 3.0], "(3, 4, 2, 2)": [3.0, 3.0, 2.0, 2.0, 2.0], "(3, 1, 2, 2)": [4.0, 5.0, 4.0, 4.0, 3.0], "(3, 2, 2, 2)": [3.0, 2.0, 4.0, 2.0, 2.0], "(3, 5, 2, 2)": [3.0, 2.0, 1.0, 4.0, 3.0], "(2, 2, 1, 1)": [1.0, 1.0, 1.0, 1.0, 0.0], "(2, 3, 1, 1)": [1.0, 1.0, 0.0, 0.0, 0.0], "(2, 6, 1, 1)": [0.0, 0.0, 0.0, 1.0, 0.0], "(1, 4, 2, 2)": [2.0, 1.0, 1.0, 3.0, 2.0], "(1, 3, 2, 2)": [3.0, 2.0, 3.0, 1.0, 3.0], "(1, 2, 2, 2)": [4.0, 2.0, 2.0, 3.0, 4.0], "(2, 4, 1, 1)": [1.0, 0.0, 0.0, 1.0, 0.0], "(1, 7, 2, 2)": [2.0, 1.0, 2.0, 3.0, 2.0], "(1, 6, 2, 2)": [1.0, 1.0, 1.0, 2.0, 2.0], "(1, 5, 2, 2)": [2.0, 0.0, 2.0, 2.0, 1.0], "(3, 2, 2, 1)": [0.0, 0.0, 0.0, 0.0, 1.0], "(1, 1, 2, 1)": [0.0, 0.0, 1.0, 0.0, 0.0], "(1, 2, 2, 1)": [1.0, 0.0, 0.0, 0.0, 0.0], "(2, 4, 3, 3)": [1.0, 0.0, 0.0, 0.0, 0.0], "(2, 6, 3, 3)": [0.0, 1.0, 0.0, 0.0, 0.0]}}