{"q_values": {"(2, 7, 2, 2)": [-2.833064556121826, -2.8132128715515137, -2.8044393062591553, -2.8039255142211914, -2.804802417755127], "(2, 6, 2, 2)": [-2.9189908504486084, -2.918830394744873, -2.9189321994781494, -2.918095350265503, -2.918114423751831], "(2, 5, 2, 2)": [-2.9209213256835938, -2.920792579650879, -2.9207568168640137, -2.921215295791626, -2.9210309982299805], "(2, 2, 2, 2)": [-2.918637752532959, -2.9183573722839355, -2.9184000492095947, -2.9189908504486084, -2.919285774230957], "(2, 1, 2, 2)": [-2.813253879547119, -2.815767288208008, -2.8252532482147217, -2.8213157653808594, -2.8265888690948486], "(2, 3, 2, 2)": [-2.9216408729553223, -2.9210140705108643, -2.9211831092834473, -2.9208412170410156, -2.9208929538726807], "(2, 4, 2, 2)": [-2.921743392944336, -2.9216456413269043, -2.921600580215454, -2.921407461166382, -2.9214165210723877], "(2, 6, 2, 3)": [-2.9134504795074463, -2.912588596343994, -2.9034810066223145, -2.909048318862915, -2.908104419708252], "(2, 1, 2, 1)": [-2.4401214122772217, -2.546377182006836, -2.481964111328125, -2.488084554672241, -2.5397050380706787], "(2, 2, 2, 1)": [-2.8987081050872803, -2.907017230987549, -2.9069724082946777, -2.9103312492370605, -2.9095535278320312], "(2, 4, 2, 3)": [-2.9176855087280273, -2.916102886199951, -2.9245920181274414, -2.9217374324798584, -2.9272923469543457], "(2, 3, 2, 3)": [-2.926220417022705, -2.9163973331451416, -2.9214603900909424, -2.926082134246826, -2.9403858184814453], "(2, 7, 2, 3)": [-2.5076799392700195, -2.5226454734802246, -2.5428006649017334, -2.5292601585388184, -2.534092664718628], "(2, 5, 2, 3)": [-2.919480562210083, -2.9190587997436523, -2.922262668609619, -2.9299731254577637, -2.9304137229919434], "(2, 3, 2, 1)": [-2.929342746734619, -2.9254026412963867, -2.9268105030059814, -2.9240777492523193, -2.9267830848693848], "(1, 1, 2, 2)": [-2.5517075061798096, -2.883300304412842, -2.896270513534546, -2.415248155593872, -2.8489677906036377], "(2, 4, 2, 1)": [-2.9243955612182617, -2.923004388809204, -2.9180119037628174, -2.9253790378570557, -2.9207403659820557], "(2, 1, 1, 1)": [-2.180999279022217, -2.7624711990356445, -2.1990232467651367, -2.473656415939331, -2.7802441120147705], "(2, 5, 3, 3)": [0.0, -2.9604110717773438, 0.0, 0.0, -2.9625813961029053], "(2, 5, 2, 1)": [-2.906925916671753, -2.9029409885406494, -2.9024834632873535, -2.9200432300567627, -2.9230923652648926], "(3, 7, 2, 2)": [-2.91494083404541, -2.762845516204834, -2.7995686531066895, -2.7929768562316895, -2.600565195083618], "(3, 6, 2, 2)": [-2.9220166206359863, -2.9230217933654785, -2.9257278442382812, -2.92006778717041, -2.923309326171875], "(2, 6, 2, 1)": [0.0, -2.9173026084899902, 0.0, 0.0, 0.0], "(2, 7, 3, 3)": [0.0, 0.0, -2.2019121646881104, 0.0, -2.2071280479431152], "(3, 3, 2, 2)": [-2.9316818714141846, -2.9335179328918457, -2.9289767742156982, -2.9235787391662598, -2.9289767742156982], "(3, 4, 2, 2)": [-2.9208297729492188, -2.9208297729492188, -2.9275522232055664, -2.9275522232055664, -2.9275522232055664], "(3, 1, 2, 2)": [-2.9084980487823486, -2.7287185192108154, -2.915200710296631, -2.701117515563965, -2.8666934967041016], "(3, 2, 2, 2)": [-2.932321548461914, -2.926264524459839, -2.9329676628112793, -2.9219698905944824, -2.9340057373046875], "(3, 5, 2, 2)": [-2.9273886680603027, -2.9275522232055664, -2.9315378665924072, -2.925302028656006, -2.9273886680603027], "(2, 2, 1, 1)": [-2.8625617027282715, -2.8637642860412598, -2.7262492179870605, -2.905679225921631, 0.0], "(2, 3, 1, 1)": [-2.8978567123413086, -2.905679225921631, 0.0, 0.0, 0.0], "(2, 6, 1, 1)": [0.0, 0.0, 0.0, -2.919544219970703, 0.0], "(1, 4, 2, 2)": [-2.9284183979034424, -2.954882860183716, -2.954882860183716, -2.93666934967041, -2.9540274143218994], "(1, 3, 2, 2)": [-2.9030380249023438, -2.903975009918213, -2.9203739166259766, -2.905996322631836, -2.9203739166259766], "(1, 2, 2, 2)": [-2.9021973609924316, -2.903975009918213, -2.903975009918213, -2.9104855060577393, -2.9100513458251953], "(2, 4, 1, 1)": [-2.9063799381256104, 0.0, 0.0, -2.9051592350006104, 0.0], "(1, 5, 2, 2)": [-2.9415290355682373, 0.0, -2.941523551940918, -2.9415290355682373, -2.928175210952759], "(1, 7, 2, 2)": [-2.9036030769348145, -2.913403034210205, -2.9326560497283936, -2.6287171840667725, -2.8475098609924316], "(1, 6, 2, 2)": [-2.9548802375793457, -2.954871654510498, -2.9253158569335938, -2.941349506378174, -2.9354493618011475], "(3, 2, 2, 1)": [0.0, 0.0, 0.0, 0.0, -2.9286751747131348], "(1, 1, 2, 1)": [0.0, 0.0, -2.7224996089935303, 0.0, 0.0], "(1, 2, 2, 1)": [-2.8586246967315674, 0.0, 0.0, 0.0, 0.0], "(2, 4, 3, 3)": [-2.9138283729553223, 0.0, 0.0, 0.0, 0.0], "(2, 6, 3, 3)": [0.0, -2.880803108215332, 0.0, 0.0, 0.0]}, "n_values": {"(2, 7, 2, 2)": [1221.0, 1299.0, 1408.0, 1612.0, 1521.0], "(2, 6, 2, 2)": [1191.0, 1232.0, 1303.0, 1509.0, 1484.0], "(2, 5, 2, 2)": [1254.0, 1210.0, 1313.0, 1291.0, 1390.0], "(2, 2, 2, 2)": [1298.0, 1267.0, 1236.0, 1115.0, 1093.0], "(2, 1, 2, 2)": [1521.0, 1306.0, 1245.0, 1193.0, 1123.0], "(2, 3, 2, 2)": [1196.0, 1164.0, 1153.0, 1246.0, 1139.0], "(2, 4, 2, 2)": [1213.0, 1191.0, 1187.0, 1316.0, 1266.0], "(2, 6, 2, 3)": [54.0, 48.0, 61.0, 55.0, 43.0], "(2, 1, 2, 1)": [67.0, 50.0, 62.0, 50.0, 51.0], "(2, 2, 2, 1)": [41.0, 32.0, 31.0, 31.0, 38.0], "(2, 4, 2, 3)": [6.0, 26.0, 12.0, 13.0, 9.0], "(2, 3, 2, 3)": [6.0, 6.0, 7.0, 4.0, 2.0], "(2, 7, 2, 3)": [95.0, 70.0, 78.0, 69.0, 72.0], "(2, 5, 2, 3)": [29.0, 42.0, 22.0, 26.0, 24.0], "(2, 3, 2, 1)": [21.0, 26.0, 24.0, 23.0, 25.0], "(1, 1, 2, 2)": [5.0, 2.0, 3.0, 3.0, 3.0], "(2, 4, 2, 1)": [14.0, 8.0, 14.0, 6.0, 12.0], "(2, 1, 1, 1)": [1.0, 1.0, 2.0, 2.0, 1.0], "(2, 5, 3, 3)": [0.0, 1.0, 0.0, 0.0, 1.0], "(2, 5, 2, 1)": [4.0, 1.0, 2.0, 6.0, 5.0], "(3, 7, 2, 2)": [6.0, 5.0, 7.0, 7.0, 8.0], "(3, 6, 2, 2)": [7.0, 6.0, 7.0, 9.0, 8.0], "(2, 6, 2, 1)": [0.0, 1.0, 0.0, 0.0, 0.0], "(2, 7, 3, 3)": [0.0, 0.0, 1.0, 0.0, 1.0], "(3, 3, 2, 2)": [2.0, 3.0, 3.0, 4.0, 3.0], "(3, 4, 2, 2)": [3.0, 3.0, 2.0, 2.0, 2.0], "(3, 1, 2, 2)": [4.0, 5.0, 4.0, 4.0, 3.0], "(3, 2, 2, 2)": [3.0, 2.0, 4.0, 2.0, 2.0], "(3, 5, 2, 2)": [3.0, 2.0, 1.0, 4.0, 3.0], "(2, 2, 1, 1)": [1.0, 1.0, 1.0, 1.0, 0.0], "(2, 3, 1, 1)": [1.0, 1.0, 0.0, 0.0, 0.0], "(2, 6, 1, 1)": [0.0, 0.0, 0.0, 1.0, 0.0], "(1, 4, 2, 2)": [2.0, 1.0, 1.0, 3.0, 2.0], "(1, 3, 2, 2)": [3.0, 2.0, 3.0, 1.0, 3.0], "(1, 2, 2, 2)": [4.0, 2.0, 2.0, 3.0, 4.0], "(2, 4, 1, 1)": [1.0, 0.0, 0.0, 1.0, 0.0], "(1, 7, 2, 2)": [2.0, 1.0, 2.0, 3.0, 2.0], "(1, 6, 2, 2)": [1.0, 1.0, 1.0, 2.0, 2.0], "(1, 5, 2, 2)": [2.0, 0.0, 2.0, 2.0, 1.0], "(3, 2, 2, 1)": [0.0, 0.0, 0.0, 0.0, 1.0], "(1, 1, 2, 1)": [0.0, 0.0, 1.0, 0.0, 0.0], "(1, 2, 2, 1)": [1.0, 0.0, 0.0, 0.0, 0.0], "(2, 4, 3, 3)": [1.0, 0.0, 0.0, 0.0, 0.0], "(2, 6, 3, 3)": [0.0, 1.0, 0.0, 0.0, 0.0]}}