{"q_values": {"(2, 7, 2, 2)": [-2.8233225345611572, -2.7980575561523438, -2.8203420639038086, -2.7847843170166016, -2.8043365478515625], "(2, 6, 2, 2)": [-2.9175169467926025, -2.917590618133545, -2.918379545211792, -2.915928840637207, -2.9161407947540283], "(2, 5, 2, 2)": [-2.9188475608825684, -2.918900489807129, -2.91928768157959, -2.9200546741485596, -2.9192750453948975], "(2, 2, 2, 2)": [-2.9174013137817383, -2.9165472984313965, -2.9169647693634033, -2.9169936180114746, -2.9184629917144775], "(2, 1, 2, 2)": [-2.798524856567383, -2.827268600463867, -2.838862657546997, -2.838759422302246, -2.844367742538452], "(2, 3, 2, 2)": [-2.9192733764648438, -2.9189624786376953, -2.9196271896362305, -2.918992042541504, -2.9200332164764404], "(2, 4, 2, 2)": [-2.921210765838623, -2.921452522277832, -2.921941041946411, -2.920842409133911, -2.9212729930877686], "(2, 6, 2, 3)": [-2.912548303604126, -2.918593645095825, -2.9089019298553467, -2.9087235927581787, -2.915437698364258], "(2, 1, 2, 1)": [-2.4632890224456787, -2.612448215484619, -2.356104850769043, -2.5784037113189697, -2.740010976791382], "(2, 2, 2, 1)": [-2.9012272357940674, -2.909764051437378, -2.9252829551696777, -2.866265296936035, -2.911684036254883], "(2, 4, 2, 3)": [-2.910507917404175, -2.9109740257263184, 0.0, -2.9051101207733154, -2.9631240367889404], "(2, 3, 2, 3)": [-2.9242451190948486, 0.0, -2.920964241027832, -2.9341859817504883, -2.9632935523986816], "(2, 7, 2, 3)": [-2.481349229812622, -2.5175323486328125, -2.579272747039795, -2.6569321155548096, -2.636261224746704], "(2, 5, 2, 3)": [-2.9126534461975098, -2.9112606048583984, -2.9042062759399414, -2.921015739440918, -2.941408634185791], "(2, 3, 2, 1)": [-2.943758249282837, -2.9575860500335693, -2.924987316131592, -2.938218116760254, -2.9209985733032227], "(1, 1, 2, 2)": [0.0, 0.0, 0.0, -2.203484535217285, 0.0], "(2, 4, 2, 1)": [-2.9170119762420654, -2.93009877204895, -2.909644603729248, 0.0, -2.9107165336608887], "(2, 1, 1, 1)": [0.0, -2.7624711990356445, -2.2099769115448, 0.0, 0.0], "(2, 5, 3, 3)": [0.0, -2.9604110717773438, 0.0, 0.0, -2.9625813961029053], "(2, 5, 2, 1)": [0.0, 0.0, -2.9023098945617676, 0.0, 0.0], "(3, 7, 2, 2)": [-2.8943305015563965, 0.0, -2.9049715995788574, -2.905636787414551, 0.0], "(3, 6, 2, 2)": [-2.905669927597046, 0.0, 0.0, -2.9056782722473145, 0.0]}, "n_values": {"(2, 7, 2, 2)": [107.0, 122.0, 126.0, 127.0, 129.0], "(2, 6, 2, 2)": [109.0, 112.0, 120.0, 126.0, 132.0], "(2, 5, 2, 2)": [109.0, 107.0, 115.0, 115.0, 141.0], "(2, 2, 2, 2)": [149.0, 137.0, 123.0, 115.0, 129.0], "(2, 1, 2, 2)": [172.0, 155.0, 153.0, 141.0, 126.0], "(2, 3, 2, 2)": [139.0, 128.0, 127.0, 137.0, 130.0], "(2, 4, 2, 2)": [120.0, 110.0, 116.0, 123.0, 116.0], "(2, 6, 2, 3)": [7.0, 4.0, 6.0, 12.0, 6.0], "(2, 1, 2, 1)": [7.0, 3.0, 7.0, 5.0, 4.0], "(2, 2, 2, 1)": [4.0, 5.0, 4.0, 1.0, 5.0], "(2, 4, 2, 3)": [1.0, 3.0, 0.0, 1.0, 1.0], "(2, 3, 2, 3)": [1.0, 0.0, 1.0, 2.0, 1.0], "(2, 7, 2, 3)": [10.0, 9.0, 9.0, 8.0, 5.0], "(2, 5, 2, 3)": [5.0, 4.0, 1.0, 3.0, 3.0], "(2, 3, 2, 1)": [1.0, 1.0, 4.0, 2.0, 3.0], "(1, 1, 2, 2)": [0.0, 0.0, 0.0, 1.0, 0.0], "(2, 4, 2, 1)": [2.0, 1.0, 2.0, 0.0, 3.0], "(2, 1, 1, 1)": [0.0, 1.0, 1.0, 0.0, 0.0], "(2, 5, 3, 3)": [0.0, 1.0, 0.0, 0.0, 1.0], "(2, 5, 2, 1)": [0.0, 0.0, 1.0, 0.0, 0.0], "(3, 7, 2, 2)": [1.0, 0.0, 1.0, 1.0, 0.0], "(3, 6, 2, 2)": [1.0, 0.0, 0.0, 1.0, 0.0]}}