{"q_values": {"(2, 7, 2, 2)": [-2.8451762199401855, -2.809422254562378, -2.8068103790283203, -2.8061439990997314, -2.812032461166382], "(2, 6, 2, 2)": [-2.9174318313598633, -2.9175240993499756, -2.9177088737487793, -2.9164326190948486, -2.9165618419647217], "(2, 5, 2, 2)": [-2.9195358753204346, -2.919794797897339, -2.9196693897247314, -2.9199249744415283, -2.9196062088012695], "(2, 2, 2, 2)": [-2.9180996417999268, -2.9176692962646484, -2.9175448417663574, -2.9183201789855957, -2.9182348251342773], "(2, 1, 2, 2)": [-2.8171112537384033, -2.81453013420105, -2.8395955562591553, -2.8138859272003174, -2.8328793048858643], "(2, 3, 2, 2)": [-2.9203059673309326, -2.9194610118865967, -2.919520378112793, -2.9191336631774902, -2.919809341430664], "(2, 4, 2, 2)": [-2.9205381870269775, -2.92081618309021, -2.9205832481384277, -2.9200570583343506, -2.9204342365264893], "(2, 6, 2, 3)": [-2.913320541381836, -2.9122493267059326, -2.8975448608398438, -2.906409502029419, -2.912712812423706], "(2, 1, 2, 1)": [-2.407912492752075, -2.5879194736480713, -2.4827334880828857, -2.5190136432647705, -2.540214776992798], "(2, 2, 2, 1)": [-2.898477077484131, -2.9031527042388916, -2.9203059673309326, -2.9127931594848633, -2.9061825275421143], "(2, 4, 2, 3)": [-2.9280638694763184, -2.916921854019165, -2.923172950744629, -2.9246108531951904, -2.932509660720825], "(2, 3, 2, 3)": [-2.9424171447753906, -2.9153599739074707, -2.9214603900909424, -2.929051399230957, -2.9632935523986816], "(2, 7, 2, 3)": [-2.4728171825408936, -2.5547821521759033, -2.57033109664917, -2.5908658504486084, -2.5152060985565186], "(2, 5, 2, 3)": [-2.917590618133545, -2.9145638942718506, -2.9224393367767334, -2.9328579902648926, -2.931997537612915], "(2, 3, 2, 1)": [-2.9275591373443604, -2.9239184856414795, -2.9242753982543945, -2.9264893531799316, -2.923130512237549], "(1, 1, 2, 2)": [-2.4578394889831543, -2.883300304412842, 0.0, -2.415248155593872, -2.7270874977111816], "(2, 4, 2, 1)": [-2.921319007873535, -2.9185800552368164, -2.9146955013275146, -2.929218292236328, -2.9215168952941895], "(2, 1, 1, 1)": [-2.180999279022217, -2.7624711990356445, -2.2099769115448, -2.765397071838379, 0.0], "(2, 5, 3, 3)": [0.0, -2.9604110717773438, 0.0, 0.0, -2.9625813961029053], "(2, 5, 2, 1)": [-2.9054479598999023, -2.9029409885406494, -2.9023098945617676, -2.922107696533203, -2.9178805351257324], "(3, 7, 2, 2)": [-2.9157307147979736, -2.6555912494659424, -2.7608633041381836, -2.735130786895752, -2.697916030883789], "(3, 6, 2, 2)": [-2.921175956726074, -2.926208019256592, -2.924241542816162, -2.9192769527435303, -2.9242770671844482], "(2, 6, 2, 1)": [0.0, -2.9173026084899902, 0.0, 0.0, 0.0], "(2, 7, 3, 3)": [0.0, 0.0, -2.2019121646881104, 0.0, 0.0], "(3, 3, 2, 2)": [0.0, -2.9235663414001465, -2.9235663414001465, -2.915475845336914, -2.9235663414001465], "(3, 4, 2, 2)": [-2.915475845336914, -2.915475845336914, -2.9235663414001465, -2.9235663414001465, -2.9235663414001465], "(3, 1, 2, 2)": [-2.928196907043457, -2.903019428253174, -2.9258804321289062, -2.9235663414001465, -2.925881862640381], "(3, 2, 2, 2)": [-2.9235663414001465, -2.9235663414001465, -2.9235663414001465, -2.9235663414001465, -2.9235663414001465], "(3, 5, 2, 2)": [-2.9235663414001465, -2.9235663414001465, 0.0, -2.921304225921631, -2.9235663414001465], "(2, 2, 1, 1)": [-2.8625617027282715, 0.0, -2.7262492179870605, -2.905679225921631, 0.0], "(2, 3, 1, 1)": [0.0, -2.905679225921631, 0.0, 0.0, 0.0], "(2, 6, 1, 1)": [0.0, 0.0, 0.0, -2.919544219970703, 0.0], "(1, 4, 2, 2)": [0.0, 0.0, 0.0, -2.9531712532043457, -2.953171968460083], "(1, 3, 2, 2)": [-2.905996322631836, -2.905996322631836, -2.92958402633667, -2.905996322631836, -2.92958402633667], "(1, 2, 2, 2)": [-2.9070897102355957, -2.905996322631836, -2.905996322631836, -2.905996322631836, -2.907356023788452], "(2, 4, 1, 1)": [0.0, 0.0, 0.0, -2.9051592350006104, 0.0], "(1, 5, 2, 2)": [-2.928175210952759, 0.0, -2.928164005279541, -2.928175210952759, -2.928175210952759], "(1, 7, 2, 2)": [-2.88242244720459, 0.0, 0.0, -2.745164394378662, 0.0], "(1, 6, 2, 2)": [0.0, 0.0, -2.9253158569335938, -2.9279966354370117, -2.9167370796203613]}, "n_values": {"(2, 7, 2, 2)": [607.0, 658.0, 682.0, 726.0, 734.0], "(2, 6, 2, 2)": [603.0, 595.0, 640.0, 695.0, 723.0], "(2, 5, 2, 2)": [614.0, 583.0, 612.0, 636.0, 706.0], "(2, 2, 2, 2)": [710.0, 692.0, 629.0, 578.0, 596.0], "(2, 1, 2, 2)": [795.0, 707.0, 687.0, 680.0, 621.0], "(2, 3, 2, 2)": [629.0, 603.0, 590.0, 621.0, 578.0], "(2, 4, 2, 2)": [611.0, 601.0, 589.0, 628.0, 617.0], "(2, 6, 2, 3)": [33.0, 27.0, 29.0, 30.0, 22.0], "(2, 1, 2, 1)": [31.0, 25.0, 36.0, 32.0, 26.0], "(2, 2, 2, 1)": [25.0, 24.0, 18.0, 19.0, 25.0], "(2, 4, 2, 3)": [2.0, 12.0, 7.0, 8.0, 5.0], "(2, 3, 2, 3)": [2.0, 4.0, 7.0, 3.0, 1.0], "(2, 7, 2, 3)": [45.0, 33.0, 37.0, 35.0, 33.0], "(2, 5, 2, 3)": [16.0, 15.0, 13.0, 12.0, 12.0], "(2, 3, 2, 1)": [11.0, 16.0, 11.0, 12.0, 12.0], "(1, 1, 2, 2)": [2.0, 2.0, 0.0, 3.0, 1.0], "(2, 4, 2, 1)": [9.0, 5.0, 10.0, 4.0, 9.0], "(2, 1, 1, 1)": [1.0, 1.0, 1.0, 1.0, 0.0], "(2, 5, 3, 3)": [0.0, 1.0, 0.0, 0.0, 1.0], "(2, 5, 2, 1)": [2.0, 1.0, 1.0, 5.0, 2.0], "(3, 7, 2, 2)": [4.0, 3.0, 5.0, 4.0, 5.0], "(3, 6, 2, 2)": [6.0, 4.0, 5.0, 6.0, 5.0], "(2, 6, 2, 1)": [0.0, 1.0, 0.0, 0.0, 0.0], "(2, 7, 3, 3)": [0.0, 0.0, 1.0, 0.0, 0.0], "(3, 3, 2, 2)": [0.0, 1.0, 1.0, 2.0, 1.0], "(3, 4, 2, 2)": [2.0, 2.0, 1.0, 1.0, 1.0], "(3, 1, 2, 2)": [1.0, 2.0, 2.0, 1.0, 2.0], "(3, 2, 2, 2)": [1.0, 1.0, 1.0, 1.0, 1.0], "(3, 5, 2, 2)": [1.0, 1.0, 0.0, 2.0, 1.0], "(2, 2, 1, 1)": [1.0, 0.0, 1.0, 1.0, 0.0], "(2, 3, 1, 1)": [0.0, 1.0, 0.0, 0.0, 0.0], "(2, 6, 1, 1)": [0.0, 0.0, 0.0, 1.0, 0.0], "(1, 4, 2, 2)": [0.0, 0.0, 0.0, 1.0, 1.0], "(1, 3, 2, 2)": [1.0, 1.0, 2.0, 1.0, 2.0], "(1, 2, 2, 2)": [2.0, 1.0, 1.0, 1.0, 2.0], "(2, 4, 1, 1)": [0.0, 0.0, 0.0, 1.0, 0.0], "(1, 7, 2, 2)": [1.0, 0.0, 0.0, 1.0, 0.0], "(1, 6, 2, 2)": [0.0, 0.0, 1.0, 1.0, 1.0], "(1, 5, 2, 2)": [1.0, 0.0, 1.0, 1.0, 1.0]}}