{"q_values": {"(2, 7, 2, 2)": [-2.8452563285827637, -2.8034653663635254, -2.7992806434631348, -2.7932074069976807, -2.810220241546631], "(2, 6, 2, 2)": [-2.9181551933288574, -2.9176151752471924, -2.91805362701416, -2.916252613067627, -2.916386604309082], "(2, 5, 2, 2)": [-2.9195399284362793, -2.919748306274414, -2.9197115898132324, -2.9199657440185547, -2.919358491897583], "(2, 2, 2, 2)": [-2.917541980743408, -2.917501926422119, -2.917428493499756, -2.917919635772705, -2.918029546737671], "(2, 1, 2, 2)": [-2.806837797164917, -2.811638832092285, -2.8454396724700928, -2.820495843887329, -2.8395097255706787], "(2, 3, 2, 2)": [-2.9200141429901123, -2.918877363204956, -2.9190001487731934, -2.9189274311065674, -2.919548511505127], "(2, 4, 2, 2)": [-2.9205734729766846, -2.9213147163391113, -2.9209461212158203, -2.920051336288452, -2.9203357696533203], "(2, 6, 2, 3)": [-2.913275718688965, -2.906599521636963, -2.8956480026245117, -2.9001624584198, -2.9071366786956787], "(2, 1, 2, 1)": [-2.388212203979492, -2.569483757019043, -2.4836525917053223, -2.485132932662964, -2.5761566162109375], "(2, 2, 2, 1)": [-2.891794204711914, -2.9098610877990723, -2.9194090366363525, -2.912281036376953, -2.913445234298706], "(2, 4, 2, 3)": [-2.9280638694763184, -2.9135231971740723, -2.922855854034424, -2.9252352714538574, -2.9372260570526123], "(2, 3, 2, 3)": [-2.9242451190948486, 0.0, -2.9219534397125244, -2.929051399230957, -2.9632935523986816], "(2, 7, 2, 3)": [-2.4862940311431885, -2.5219886302948, -2.5996053218841553, -2.5470807552337646, -2.544649600982666], "(2, 5, 2, 3)": [-2.9171576499938965, -2.9133968353271484, -2.9116458892822266, -2.925401449203491, -2.9273879528045654], "(2, 3, 2, 1)": [-2.9339499473571777, -2.9264979362487793, -2.9254322052001953, -2.931112289428711, -2.9181933403015137], "(1, 1, 2, 2)": [0.0, 0.0, 0.0, -2.203484535217285, 0.0], "(2, 4, 2, 1)": [-2.913304090499878, -2.9172372817993164, -2.9164466857910156, -2.9753928184509277, -2.9180421829223633], "(2, 1, 1, 1)": [0.0, -2.7624711990356445, -2.2099769115448, -2.765397071838379, 0.0], "(2, 5, 3, 3)": [0.0, -2.9604110717773438, 0.0, 0.0, -2.9625813961029053], "(2, 5, 2, 1)": [0.0, 0.0, -2.9023098945617676, -2.91855525970459, -2.9178805351257324], "(3, 7, 2, 2)": [-2.9157307147979736, -2.530806541442871, -2.6723928451538086, -2.9176998138427734, -2.914161205291748], "(3, 6, 2, 2)": [-2.922865152359009, -2.9285967350006104, -2.9285967350006104, -2.9228672981262207, -2.9285967350006104], "(2, 6, 2, 1)": [0.0, -2.9173026084899902, 0.0, 0.0, 0.0], "(2, 7, 3, 3)": [0.0, 0.0, -2.2019121646881104, 0.0, 0.0], "(3, 3, 2, 2)": [0.0, -2.9235663414001465, -2.9235663414001465, -2.915475845336914, -2.9235663414001465], "(3, 4, 2, 2)": [-2.915475845336914, -2.915475845336914, -2.9235663414001465, -2.9235663414001465, -2.9235663414001465], "(3, 1, 2, 2)": [0.0, -2.8778858184814453, -2.9235663414001465, -2.9235663414001465, -2.9235663414001465], "(3, 2, 2, 2)": [-2.9235663414001465, -2.9235663414001465, -2.9235663414001465, -2.9235663414001465, -2.9235663414001465], "(3, 5, 2, 2)": [-2.9235663414001465, -2.9235663414001465, 0.0, -2.9235663414001465, -2.9235663414001465], "(2, 2, 1, 1)": [0.0, 0.0, 0.0, -2.905679225921631, 0.0], "(2, 3, 1, 1)": [0.0, -2.905679225921631, 0.0, 0.0, 0.0], "(2, 6, 1, 1)": [0.0, 0.0, 0.0, -2.919544219970703, 0.0]}, "n_values": {"(2, 7, 2, 2)": [343.0, 373.0, 370.0, 401.0, 406.0], "(2, 6, 2, 2)": [324.0, 338.0, 357.0, 385.0, 397.0], "(2, 5, 2, 2)": [326.0, 310.0, 323.0, 355.0, 395.0], "(2, 2, 2, 2)": [373.0, 357.0, 340.0, 303.0, 317.0], "(2, 1, 2, 2)": [443.0, 386.0, 384.0, 353.0, 332.0], "(2, 3, 2, 2)": [340.0, 311.0, 325.0, 322.0, 308.0], "(2, 4, 2, 2)": [322.0, 319.0, 316.0, 340.0, 330.0], "(2, 6, 2, 3)": [15.0, 15.0, 19.0, 19.0, 16.0], "(2, 1, 2, 1)": [16.0, 11.0, 22.0, 17.0, 10.0], "(2, 2, 2, 1)": [12.0, 12.0, 13.0, 8.0, 10.0], "(2, 4, 2, 3)": [2.0, 7.0, 3.0, 5.0, 3.0], "(2, 3, 2, 3)": [1.0, 0.0, 3.0, 3.0, 1.0], "(2, 7, 2, 3)": [28.0, 22.0, 24.0, 20.0, 19.0], "(2, 5, 2, 3)": [10.0, 11.0, 5.0, 7.0, 7.0], "(2, 3, 2, 1)": [6.0, 5.0, 6.0, 5.0, 7.0], "(1, 1, 2, 2)": [0.0, 0.0, 0.0, 1.0, 0.0], "(2, 4, 2, 1)": [5.0, 2.0, 6.0, 1.0, 4.0], "(2, 1, 1, 1)": [0.0, 1.0, 1.0, 1.0, 0.0], "(2, 5, 3, 3)": [0.0, 1.0, 0.0, 0.0, 1.0], "(2, 5, 2, 1)": [0.0, 0.0, 1.0, 3.0, 2.0], "(3, 7, 2, 2)": [4.0, 2.0, 3.0, 2.0, 2.0], "(3, 6, 2, 2)": [4.0, 3.0, 3.0, 4.0, 3.0], "(2, 6, 2, 1)": [0.0, 1.0, 0.0, 0.0, 0.0], "(2, 7, 3, 3)": [0.0, 0.0, 1.0, 0.0, 0.0], "(3, 3, 2, 2)": [0.0, 1.0, 1.0, 2.0, 1.0], "(3, 4, 2, 2)": [2.0, 2.0, 1.0, 1.0, 1.0], "(3, 1, 2, 2)": [0.0, 1.0, 1.0, 1.0, 1.0], "(3, 2, 2, 2)": [1.0, 1.0, 1.0, 1.0, 1.0], "(3, 5, 2, 2)": [1.0, 1.0, 0.0, 1.0, 1.0], "(2, 2, 1, 1)": [0.0, 0.0, 0.0, 1.0, 0.0], "(2, 3, 1, 1)": [0.0, 1.0, 0.0, 0.0, 0.0], "(2, 6, 1, 1)": [0.0, 0.0, 0.0, 1.0, 0.0]}}