{"q_values": {"(2, 7, 2, 2)": [-2.8327596187591553, -2.813075304031372, -2.8045291900634766, -2.804234266281128, -2.8036551475524902], "(2, 6, 2, 2)": [-2.919044017791748, -2.9188828468322754, -2.9189655780792236, -2.9181783199310303, -2.918142318725586], "(2, 5, 2, 2)": [-2.920997381210327, -2.9209280014038086, -2.9208333492279053, -2.921254873275757, -2.9211113452911377], "(2, 2, 2, 2)": [-2.918632745742798, -2.9184730052948, -2.9184072017669678, -2.9189999103546143, -2.919245958328247], "(2, 1, 2, 2)": [-2.811129570007324, -2.815701723098755, -2.82448148727417, -2.820035219192505, -2.8252952098846436], "(2, 3, 2, 2)": [-2.921741485595703, -2.9211959838867188, -2.9213552474975586, -2.9209365844726562, -2.921006202697754], "(2, 4, 2, 2)": [-2.9218297004699707, -2.921726942062378, -2.921733856201172, -2.921478271484375, -2.921513319015503], "(2, 6, 2, 3)": [-2.9134504795074463, -2.912588596343994, -2.9045250415802, -2.909048318862915, -2.9084813594818115], "(2, 1, 2, 1)": [-2.439558982849121, -2.5267632007598877, -2.4993155002593994, -2.487826347351074, -2.5397050380706787], "(2, 2, 2, 1)": [-2.897813320159912, -2.9028260707855225, -2.9069724082946777, -2.9103312492370605, -2.909606695175171], "(2, 4, 2, 3)": [-2.9176855087280273, -2.916102886199951, -2.9245920181274414, -2.9232935905456543, -2.924947738647461], "(2, 3, 2, 3)": [-2.926220417022705, -2.9207139015197754, -2.9214603900909424, -2.926082134246826, -2.9403858184814453], "(2, 7, 2, 3)": [-2.518207311630249, -2.5226454734802246, -2.5428006649017334, -2.5275309085845947, -2.537353754043579], "(2, 5, 2, 3)": [-2.9189581871032715, -2.9196276664733887, -2.923187017440796, -2.9314699172973633, -2.9304137229919434], "(2, 3, 2, 1)": [-2.929342746734619, -2.92451810836792, -2.9268105030059814, -2.9240777492523193, -2.9268133640289307], "(1, 1, 2, 2)": [-2.5517075061798096, -2.883300304412842, -2.896270513534546, -2.415248155593872, -2.8489677906036377], "(2, 4, 2, 1)": [-2.9243955612182617, -2.9238247871398926, -2.9180119037628174, -2.9253790378570557, -2.92112398147583], "(2, 1, 1, 1)": [-2.180999279022217, -2.7624711990356445, -2.1983280181884766, -2.473656415939331, -2.7802441120147705], "(2, 5, 3, 3)": [0.0, -2.9604110717773438, 0.0, 0.0, -2.9625813961029053], "(2, 5, 2, 1)": [-2.906925916671753, -2.9166812896728516, -2.9024834632873535, -2.923814058303833, -2.9230923652648926], "(3, 7, 2, 2)": [-2.91494083404541, -2.762845516204834, -2.7995686531066895, -2.7929768562316895, -2.600565195083618], "(3, 6, 2, 2)": [-2.9220166206359863, -2.9230217933654785, -2.9257278442382812, -2.92006778717041, -2.923309326171875], "(2, 6, 2, 1)": [0.0, -2.9173026084899902, 0.0, 0.0, 0.0], "(2, 7, 3, 3)": [0.0, 0.0, -2.2019121646881104, 0.0, -2.2071280479431152], "(3, 3, 2, 2)": [-2.9316818714141846, -2.9335179328918457, -2.9289767742156982, -2.9235787391662598, -2.9289767742156982], "(3, 4, 2, 2)": [-2.9208297729492188, -2.9208297729492188, -2.9275522232055664, -2.9275522232055664, -2.9275522232055664], "(3, 1, 2, 2)": [-2.9084980487823486, -2.7287185192108154, -2.915200710296631, -2.701117515563965, -2.8666934967041016], "(3, 2, 2, 2)": [-2.932321548461914, -2.926264524459839, -2.9329676628112793, -2.9219698905944824, -2.9340057373046875], "(3, 5, 2, 2)": [-2.9273886680603027, -2.9275522232055664, -2.9315378665924072, -2.925302028656006, -2.9273886680603027], "(2, 2, 1, 1)": [-2.8625617027282715, -2.8637642860412598, -2.7262492179870605, -2.905679225921631, 0.0], "(2, 3, 1, 1)": [-2.8978567123413086, -2.905679225921631, 0.0, 0.0, 0.0], "(2, 6, 1, 1)": [0.0, 0.0, 0.0, -2.919544219970703, 0.0], "(1, 4, 2, 2)": [-2.9284183979034424, -2.954882860183716, -2.954882860183716, -2.93666934967041, -2.9540274143218994], "(1, 3, 2, 2)": [-2.9030380249023438, -2.903975009918213, -2.9203739166259766, -2.905996322631836, -2.9203739166259766], "(1, 2, 2, 2)": [-2.9021973609924316, -2.903975009918213, -2.903975009918213, -2.9104855060577393, -2.9100513458251953], "(2, 4, 1, 1)": [-2.9063799381256104, 0.0, 0.0, -2.9051592350006104, 0.0], "(1, 5, 2, 2)": [-2.9415290355682373, 0.0, -2.941523551940918, -2.9415290355682373, -2.928175210952759], "(1, 7, 2, 2)": [-2.9036030769348145, -2.913403034210205, -2.9326560497283936, -2.6287171840667725, -2.8475098609924316], "(1, 6, 2, 2)": [-2.9548802375793457, -2.954871654510498, -2.9253158569335938, -2.941349506378174, -2.9354493618011475], "(3, 2, 2, 1)": [0.0, 0.0, 0.0, 0.0, -2.9286751747131348], "(1, 1, 2, 1)": [0.0, 0.0, -2.7224996089935303, 0.0, 0.0], "(1, 2, 2, 1)": [-2.8586246967315674, 0.0, 0.0, 0.0, 0.0], "(2, 4, 3, 3)": [-2.9138283729553223, 0.0, 0.0, 0.0, 0.0], "(2, 6, 3, 3)": [0.0, -2.880803108215332, 0.0, 0.0, 0.0]}, "n_values": {"(2, 7, 2, 2)": [1251.0, 1323.0, 1437.0, 1653.0, 1555.0], "(2, 6, 2, 2)": [1217.0, 1256.0, 1330.0, 1538.0, 1514.0], "(2, 5, 2, 2)": [1281.0, 1237.0, 1344.0, 1318.0, 1418.0], "(2, 2, 2, 2)": [1333.0, 1297.0, 1268.0, 1143.0, 1120.0], "(2, 1, 2, 2)": [1565.0, 1335.0, 1277.0, 1221.0, 1151.0], "(2, 3, 2, 2)": [1226.0, 1193.0, 1183.0, 1279.0, 1170.0], "(2, 4, 2, 2)": [1241.0, 1218.0, 1215.0, 1349.0, 1295.0], "(2, 6, 2, 3)": [54.0, 48.0, 62.0, 55.0, 44.0], "(2, 1, 2, 1)": [72.0, 53.0, 66.0, 52.0, 51.0], "(2, 2, 2, 1)": [47.0, 35.0, 31.0, 31.0, 39.0], "(2, 4, 2, 3)": [6.0, 26.0, 12.0, 14.0, 10.0], "(2, 3, 2, 3)": [6.0, 7.0, 7.0, 4.0, 2.0], "(2, 7, 2, 3)": [98.0, 70.0, 78.0, 73.0, 75.0], "(2, 5, 2, 3)": [30.0, 43.0, 23.0, 27.0, 24.0], "(2, 3, 2, 1)": [21.0, 28.0, 24.0, 23.0, 26.0], "(1, 1, 2, 2)": [5.0, 2.0, 3.0, 3.0, 3.0], "(2, 4, 2, 1)": [14.0, 9.0, 14.0, 6.0, 13.0], "(2, 1, 1, 1)": [1.0, 1.0, 3.0, 2.0, 1.0], "(2, 5, 3, 3)": [0.0, 1.0, 0.0, 0.0, 1.0], "(2, 5, 2, 1)": [4.0, 2.0, 2.0, 7.0, 5.0], "(3, 7, 2, 2)": [6.0, 5.0, 7.0, 7.0, 8.0], "(3, 6, 2, 2)": [7.0, 6.0, 7.0, 9.0, 8.0], "(2, 6, 2, 1)": [0.0, 1.0, 0.0, 0.0, 0.0], "(2, 7, 3, 3)": [0.0, 0.0, 1.0, 0.0, 1.0], "(3, 3, 2, 2)": [2.0, 3.0, 3.0, 4.0, 3.0], "(3, 4, 2, 2)": [3.0, 3.0, 2.0, 2.0, 2.0], "(3, 1, 2, 2)": [4.0, 5.0, 4.0, 4.0, 3.0], "(3, 2, 2, 2)": [3.0, 2.0, 4.0, 2.0, 2.0], "(3, 5, 2, 2)": [3.0, 2.0, 1.0, 4.0, 3.0], "(2, 2, 1, 1)": [1.0, 1.0, 1.0, 1.0, 0.0], "(2, 3, 1, 1)": [1.0, 1.0, 0.0, 0.0, 0.0], "(2, 6, 1, 1)": [0.0, 0.0, 0.0, 1.0, 0.0], "(1, 4, 2, 2)": [2.0, 1.0, 1.0, 3.0, 2.0], "(1, 3, 2, 2)": [3.0, 2.0, 3.0, 1.0, 3.0], "(1, 2, 2, 2)": [4.0, 2.0, 2.0, 3.0, 4.0], "(2, 4, 1, 1)": [1.0, 0.0, 0.0, 1.0, 0.0], "(1, 7, 2, 2)": [2.0, 1.0, 2.0, 3.0, 2.0], "(1, 6, 2, 2)": [1.0, 1.0, 1.0, 2.0, 2.0], "(1, 5, 2, 2)": [2.0, 0.0, 2.0, 2.0, 1.0], "(3, 2, 2, 1)": [0.0, 0.0, 0.0, 0.0, 1.0], "(1, 1, 2, 1)": [0.0, 0.0, 1.0, 0.0, 0.0], "(1, 2, 2, 1)": [1.0, 0.0, 0.0, 0.0, 0.0], "(2, 4, 3, 3)": [1.0, 0.0, 0.0, 0.0, 0.0], "(2, 6, 3, 3)": [0.0, 1.0, 0.0, 0.0, 0.0]}}