{"q_values": {"(2, 7, 2, 2)": [-2.834914445877075, -2.8154797554016113, -2.810380458831787, -2.805079936981201, -2.810624361038208], "(2, 6, 2, 2)": [-2.918443441390991, -2.91847562789917, -2.9185068607330322, -2.917508125305176, -2.917548894882202], "(2, 5, 2, 2)": [-2.9204087257385254, -2.920349597930908, -2.92021107673645, -2.9204413890838623, -2.9203498363494873], "(2, 2, 2, 2)": [-2.918588638305664, -2.91812801361084, -2.917973041534424, -2.9188685417175293, -2.919036865234375], "(2, 1, 2, 2)": [-2.8140110969543457, -2.816133737564087, -2.8313229084014893, -2.8197920322418213, -2.833704948425293], "(2, 3, 2, 2)": [-2.920915365219116, -2.920146942138672, -2.9202754497528076, -2.9199047088623047, -2.9200711250305176], "(2, 4, 2, 2)": [-2.921189546585083, -2.9210801124572754, -2.920888900756836, -2.920682668685913, -2.9206526279449463], "(2, 6, 2, 3)": [-2.9131991863250732, -2.9118809700012207, -2.8989198207855225, -2.9060721397399902, -2.9037582874298096], "(2, 1, 2, 1)": [-2.399655342102051, -2.5595006942749023, -2.5042145252227783, -2.489222526550293, -2.5338165760040283], "(2, 2, 2, 1)": [-2.8990588188171387, -2.904186964035034, -2.9173741340637207, -2.9077205657958984, -2.9074740409851074], "(2, 4, 2, 3)": [-2.924433946609497, -2.916433334350586, -2.9219937324523926, -2.921436071395874, -2.9315004348754883], "(2, 3, 2, 3)": [-2.9371650218963623, -2.915783643722534, -2.9214603900909424, -2.926082134246826, -2.9403858184814453], "(2, 7, 2, 3)": [-2.50290846824646, -2.5415024757385254, -2.5797717571258545, -2.5420634746551514, -2.5142664909362793], "(2, 5, 2, 3)": [-2.9164702892303467, -2.9174933433532715, -2.92026948928833, -2.931060314178467, -2.9286868572235107], "(2, 3, 2, 1)": [-2.9298794269561768, -2.9247138500213623, -2.9261021614074707, -2.924288034439087, -2.9276628494262695], "(1, 1, 2, 2)": [-2.5454204082489014, -2.883300304412842, -2.890618324279785, -2.415248155593872, -2.813103675842285], "(2, 4, 2, 1)": [-2.920153856277466, -2.9246225357055664, -2.9165289402008057, -2.9253790378570557, -2.9207403659820557], "(2, 1, 1, 1)": [-2.180999279022217, -2.7624711990356445, -2.1990232467651367, -2.473656415939331, -2.7802441120147705], "(2, 5, 3, 3)": [0.0, -2.9604110717773438, 0.0, 0.0, -2.9625813961029053], "(2, 5, 2, 1)": [-2.906925916671753, -2.9029409885406494, -2.9024834632873535, -2.922107696533203, -2.9230923652648926], "(3, 7, 2, 2)": [-2.9157307147979736, -2.7206003665924072, -2.7608633041381836, -2.7698354721069336, -2.6155014038085938], "(3, 6, 2, 2)": [-2.9220166206359863, -2.9263787269592285, -2.9247114658355713, -2.9203875064849854, -2.924740791320801], "(2, 6, 2, 1)": [0.0, -2.9173026084899902, 0.0, 0.0, 0.0], "(2, 7, 3, 3)": [0.0, 0.0, -2.2019121646881104, 0.0, -2.2071280479431152], "(3, 3, 2, 2)": [-2.9315378665924072, -2.934363842010498, -2.9275522232055664, -2.9208297729492188, -2.9275522232055664], "(3, 4, 2, 2)": [-2.9208297729492188, -2.9208297729492188, -2.9275522232055664, -2.9275522232055664, -2.9275522232055664], "(3, 1, 2, 2)": [-2.915992021560669, -2.7287185192108154, -2.915200710296631, -2.6852943897247314, -2.8666934967041016], "(3, 2, 2, 2)": [-2.932927131652832, -2.9235663414001465, -2.93340802192688, -2.9235663414001465, -2.9340057373046875], "(3, 5, 2, 2)": [-2.9273886680603027, -2.9275522232055664, -2.9315378665924072, -2.925302028656006, -2.9273886680603027], "(2, 2, 1, 1)": [-2.8625617027282715, -2.8637642860412598, -2.7262492179870605, -2.905679225921631, 0.0], "(2, 3, 1, 1)": [-2.8978567123413086, -2.905679225921631, 0.0, 0.0, 0.0], "(2, 6, 1, 1)": [0.0, 0.0, 0.0, -2.919544219970703, 0.0], "(1, 4, 2, 2)": [-2.9284183979034424, -2.954882860183716, -2.954882860183716, -2.93666934967041, -2.9540274143218994], "(1, 3, 2, 2)": [-2.9030380249023438, -2.903975009918213, -2.9203739166259766, -2.905996322631836, -2.9203739166259766], "(1, 2, 2, 2)": [-2.9021973609924316, -2.903975009918213, -2.903975009918213, -2.903975009918213, -2.905555248260498], "(2, 4, 1, 1)": [-2.9063799381256104, 0.0, 0.0, -2.9051592350006104, 0.0], "(1, 5, 2, 2)": [-2.9415290355682373, 0.0, -2.941523551940918, -2.9415290355682373, -2.928175210952759], "(1, 7, 2, 2)": [-2.9036030769348145, -2.913403034210205, -2.9326560497283936, -2.6287171840667725, -2.8475098609924316], "(1, 6, 2, 2)": [-2.9548802375793457, -2.954871654510498, -2.9253158569335938, -2.941349506378174, -2.9354493618011475], "(3, 2, 2, 1)": [0.0, 0.0, 0.0, 0.0, -2.9286751747131348], "(1, 1, 2, 1)": [0.0, 0.0, -2.7224996089935303, 0.0, 0.0], "(1, 2, 2, 1)": [-2.8586246967315674, 0.0, 0.0, 0.0, 0.0]}, "n_values": {"(2, 7, 2, 2)": [915.0, 978.0, 1051.0, 1153.0, 1115.0], "(2, 6, 2, 2)": [897.0, 925.0, 978.0, 1075.0, 1103.0], "(2, 5, 2, 2)": [936.0, 910.0, 948.0, 961.0, 1032.0], "(2, 2, 2, 2)": [1052.0, 1007.0, 984.0, 884.0, 871.0], "(2, 1, 2, 2)": [1174.0, 1033.0, 982.0, 966.0, 886.0], "(2, 3, 2, 2)": [929.0, 897.0, 888.0, 942.0, 871.0], "(2, 4, 2, 2)": [922.0, 919.0, 897.0, 971.0, 957.0], "(2, 6, 2, 3)": [44.0, 38.0, 43.0, 43.0, 34.0], "(2, 1, 2, 1)": [47.0, 40.0, 52.0, 37.0, 39.0], "(2, 2, 2, 1)": [34.0, 27.0, 24.0, 26.0, 31.0], "(2, 4, 2, 3)": [3.0, 21.0, 11.0, 10.0, 6.0], "(2, 3, 2, 3)": [3.0, 5.0, 7.0, 4.0, 2.0], "(2, 7, 2, 3)": [71.0, 53.0, 56.0, 48.0, 49.0], "(2, 5, 2, 3)": [21.0, 26.0, 17.0, 19.0, 18.0], "(2, 3, 2, 1)": [15.0, 20.0, 16.0, 15.0, 20.0], "(1, 1, 2, 2)": [3.0, 2.0, 1.0, 3.0, 2.0], "(2, 4, 2, 1)": [11.0, 6.0, 12.0, 6.0, 12.0], "(2, 1, 1, 1)": [1.0, 1.0, 2.0, 2.0, 1.0], "(2, 5, 3, 3)": [0.0, 1.0, 0.0, 0.0, 1.0], "(2, 5, 2, 1)": [4.0, 1.0, 2.0, 5.0, 5.0], "(3, 7, 2, 2)": [4.0, 4.0, 5.0, 6.0, 6.0], "(3, 6, 2, 2)": [7.0, 5.0, 6.0, 7.0, 6.0], "(2, 6, 2, 1)": [0.0, 1.0, 0.0, 0.0, 0.0], "(2, 7, 3, 3)": [0.0, 0.0, 1.0, 0.0, 1.0], "(3, 3, 2, 2)": [1.0, 2.0, 2.0, 3.0, 2.0], "(3, 4, 2, 2)": [3.0, 3.0, 2.0, 2.0, 2.0], "(3, 1, 2, 2)": [3.0, 5.0, 4.0, 3.0, 3.0], "(3, 2, 2, 2)": [2.0, 1.0, 3.0, 1.0, 2.0], "(3, 5, 2, 2)": [3.0, 2.0, 1.0, 4.0, 3.0], "(2, 2, 1, 1)": [1.0, 1.0, 1.0, 1.0, 0.0], "(2, 3, 1, 1)": [1.0, 1.0, 0.0, 0.0, 0.0], "(2, 6, 1, 1)": [0.0, 0.0, 0.0, 1.0, 0.0], "(1, 4, 2, 2)": [2.0, 1.0, 1.0, 3.0, 2.0], "(1, 3, 2, 2)": [3.0, 2.0, 3.0, 1.0, 3.0], "(1, 2, 2, 2)": [4.0, 2.0, 2.0, 2.0, 3.0], "(2, 4, 1, 1)": [1.0, 0.0, 0.0, 1.0, 0.0], "(1, 7, 2, 2)": [2.0, 1.0, 2.0, 3.0, 2.0], "(1, 6, 2, 2)": [1.0, 1.0, 1.0, 2.0, 2.0], "(1, 5, 2, 2)": [2.0, 0.0, 2.0, 2.0, 1.0], "(3, 2, 2, 1)": [0.0, 0.0, 0.0, 0.0, 1.0], "(1, 1, 2, 1)": [0.0, 0.0, 1.0, 0.0, 0.0], "(1, 2, 2, 1)": [1.0, 0.0, 0.0, 0.0, 0.0]}}