{"q_values": {"(2, 7, 2, 2)": [-2.8297972679138184, -2.814272403717041, -2.8033576011657715, -2.801561117172241, -2.801219940185547], "(2, 6, 2, 2)": [-2.919156789779663, -2.9191126823425293, -2.9190995693206787, -2.9183220863342285, -2.918335199356079], "(2, 5, 2, 2)": [-2.9211208820343018, -2.921034336090088, -2.9210472106933594, -2.9213368892669678, -2.921194553375244], "(2, 2, 2, 2)": [-2.9186575412750244, -2.918621778488159, -2.9186975955963135, -2.9191701412200928, -2.919503688812256], "(2, 1, 2, 2)": [-2.81400990486145, -2.815235137939453, -2.822572708129883, -2.818685531616211, -2.8225619792938232], "(2, 3, 2, 2)": [-2.9218649864196777, -2.921405553817749, -2.9215316772460938, -2.9210848808288574, -2.9212217330932617], "(2, 4, 2, 2)": [-2.9218904972076416, -2.9218547344207764, -2.921844959259033, -2.921627998352051, -2.921581745147705], "(2, 6, 2, 3)": [-2.9119889736175537, -2.9135358333587646, -2.9049901962280273, -2.908172607421875, -2.907083034515381], "(2, 1, 2, 1)": [-2.4328835010528564, -2.515847682952881, -2.501180648803711, -2.493865489959717, -2.5324699878692627], "(2, 2, 2, 1)": [-2.8946146965026855, -2.9033474922180176, -2.9079930782318115, -2.907918691635132, -2.9103641510009766], "(2, 4, 2, 3)": [-2.9176855087280273, -2.916102886199951, -2.9245920181274414, -2.9220473766326904, -2.9259860515594482], "(2, 3, 2, 3)": [-2.926220417022705, -2.9207139015197754, -2.9214603900909424, -2.926082134246826, -2.9403858184814453], "(2, 7, 2, 3)": [-2.530459403991699, -2.5403435230255127, -2.5391907691955566, -2.5082345008850098, -2.525418996810913], "(2, 5, 2, 3)": [-2.919621229171753, -2.9200849533081055, -2.921776056289673, -2.9316208362579346, -2.9293479919433594], "(2, 3, 2, 1)": [-2.9298853874206543, -2.925091505050659, -2.9268105030059814, -2.9244446754455566, -2.927638530731201], "(1, 1, 2, 2)": [-2.5517075061798096, -2.883300304412842, -2.896270513534546, -2.415248155593872, -2.8489677906036377], "(2, 4, 2, 1)": [-2.9243955612182617, -2.9238247871398926, -2.9183106422424316, -2.9253790378570557, -2.92112398147583], "(2, 1, 1, 1)": [-2.180999279022217, -2.7624711990356445, -2.1983280181884766, -2.473656415939331, -2.7802441120147705], "(2, 5, 3, 3)": [0.0, -2.9604110717773438, 0.0, 0.0, -2.9625813961029053], "(2, 5, 2, 1)": [-2.906925916671753, -2.9166812896728516, -2.9079113006591797, -2.923814058303833, -2.9230923652648926], "(3, 7, 2, 2)": [-2.91494083404541, -2.762845516204834, -2.7995686531066895, -2.7929768562316895, -2.600565195083618], "(3, 6, 2, 2)": [-2.9220166206359863, -2.9230217933654785, -2.9257278442382812, -2.92006778717041, -2.923309326171875], "(2, 6, 2, 1)": [0.0, -2.9173026084899902, 0.0, 0.0, 0.0], "(2, 7, 3, 3)": [0.0, 0.0, -2.1941394805908203, 0.0, -2.2071280479431152], "(3, 3, 2, 2)": [-2.9316818714141846, -2.9335179328918457, -2.9289767742156982, -2.9235787391662598, -2.9289767742156982], "(3, 4, 2, 2)": [-2.9208297729492188, -2.9208297729492188, -2.9275522232055664, -2.9275522232055664, -2.9275522232055664], "(3, 1, 2, 2)": [-2.9084980487823486, -2.7287185192108154, -2.915200710296631, -2.701117515563965, -2.8666934967041016], "(3, 2, 2, 2)": [-2.932321548461914, -2.926264524459839, -2.9329676628112793, -2.9219698905944824, -2.9340057373046875], "(3, 5, 2, 2)": [-2.9273886680603027, -2.9275522232055664, -2.9315378665924072, -2.925302028656006, -2.9273886680603027], "(2, 2, 1, 1)": [-2.8625617027282715, -2.8637642860412598, -2.7262492179870605, -2.905679225921631, 0.0], "(2, 3, 1, 1)": [-2.8978567123413086, -2.905679225921631, 0.0, 0.0, 0.0], "(2, 6, 1, 1)": [0.0, 0.0, 0.0, -2.919544219970703, 0.0], "(1, 4, 2, 2)": [-2.9284183979034424, -2.94140887260437, -2.94140887260437, -2.93666934967041, -2.9453299045562744], "(1, 3, 2, 2)": [-2.9030380249023438, -2.903975009918213, -2.9203739166259766, -2.905996322631836, -2.9203739166259766], "(1, 2, 2, 2)": [-2.9021973609924316, -2.903975009918213, -2.903975009918213, -2.9104855060577393, -2.9100513458251953], "(2, 4, 1, 1)": [-2.9063799381256104, 0.0, 0.0, -2.9051592350006104, 0.0], "(1, 5, 2, 2)": [-2.936997652053833, -2.9279348850250244, -2.9369940757751465, -2.936997652053833, -2.9280550479888916], "(1, 7, 2, 2)": [-2.9036030769348145, -2.913403034210205, -2.9326560497283936, -2.692084312438965, -2.8475098609924316], "(1, 6, 2, 2)": [-2.941401958465576, -2.9414029121398926, -2.926624059677124, -2.93306565284729, -2.932929754257202], "(3, 2, 2, 1)": [0.0, 0.0, 0.0, 0.0, -2.9286751747131348], "(1, 1, 2, 1)": [0.0, 0.0, -2.7224996089935303, 0.0, 0.0], "(1, 2, 2, 1)": [-2.8586246967315674, 0.0, 0.0, 0.0, 0.0], "(2, 4, 3, 3)": [-2.9138283729553223, 0.0, 0.0, 0.0, 0.0], "(2, 6, 3, 3)": [0.0, -2.880803108215332, 0.0, 0.0, 0.0]}, "n_values": {"(2, 7, 2, 2)": [1366.0, 1437.0, 1566.0, 1788.0, 1722.0], "(2, 6, 2, 2)": [1317.0, 1377.0, 1447.0, 1676.0, 1675.0], "(2, 5, 2, 2)": [1390.0, 1357.0, 1490.0, 1438.0, 1555.0], "(2, 2, 2, 2)": [1452.0, 1414.0, 1377.0, 1231.0, 1212.0], "(2, 1, 2, 2)": [1721.0, 1436.0, 1385.0, 1325.0, 1236.0], "(2, 3, 2, 2)": [1340.0, 1294.0, 1288.0, 1402.0, 1275.0], "(2, 4, 2, 2)": [1347.0, 1333.0, 1333.0, 1481.0, 1416.0], "(2, 6, 2, 3)": [62.0, 53.0, 67.0, 59.0, 48.0], "(2, 1, 2, 1)": [79.0, 60.0, 72.0, 55.0, 57.0], "(2, 2, 2, 1)": [50.0, 36.0, 33.0, 34.0, 43.0], "(2, 4, 2, 3)": [6.0, 26.0, 12.0, 15.0, 11.0], "(2, 3, 2, 3)": [6.0, 7.0, 7.0, 4.0, 2.0], "(2, 7, 2, 3)": [111.0, 80.0, 87.0, 83.0, 83.0], "(2, 5, 2, 3)": [36.0, 48.0, 28.0, 32.0, 25.0], "(2, 3, 2, 1)": [22.0, 29.0, 24.0, 24.0, 28.0], "(1, 1, 2, 2)": [5.0, 2.0, 3.0, 3.0, 3.0], "(2, 4, 2, 1)": [14.0, 9.0, 15.0, 6.0, 13.0], "(2, 1, 1, 1)": [1.0, 1.0, 3.0, 2.0, 1.0], "(2, 5, 3, 3)": [0.0, 1.0, 0.0, 0.0, 1.0], "(2, 5, 2, 1)": [4.0, 2.0, 3.0, 7.0, 5.0], "(3, 7, 2, 2)": [6.0, 5.0, 7.0, 7.0, 8.0], "(3, 6, 2, 2)": [7.0, 6.0, 7.0, 9.0, 8.0], "(2, 6, 2, 1)": [0.0, 1.0, 0.0, 0.0, 0.0], "(2, 7, 3, 3)": [0.0, 0.0, 2.0, 0.0, 1.0], "(3, 3, 2, 2)": [2.0, 3.0, 3.0, 4.0, 3.0], "(3, 4, 2, 2)": [3.0, 3.0, 2.0, 2.0, 2.0], "(3, 1, 2, 2)": [4.0, 5.0, 4.0, 4.0, 3.0], "(3, 2, 2, 2)": [3.0, 2.0, 4.0, 2.0, 2.0], "(3, 5, 2, 2)": [3.0, 2.0, 1.0, 4.0, 3.0], "(2, 2, 1, 1)": [1.0, 1.0, 1.0, 1.0, 0.0], "(2, 3, 1, 1)": [1.0, 1.0, 0.0, 0.0, 0.0], "(2, 6, 1, 1)": [0.0, 0.0, 0.0, 1.0, 0.0], "(1, 4, 2, 2)": [2.0, 2.0, 2.0, 3.0, 3.0], "(1, 3, 2, 2)": [3.0, 2.0, 3.0, 1.0, 3.0], "(1, 2, 2, 2)": [4.0, 2.0, 2.0, 3.0, 4.0], "(2, 4, 1, 1)": [1.0, 0.0, 0.0, 1.0, 0.0], "(1, 7, 2, 2)": [2.0, 1.0, 2.0, 4.0, 2.0], "(1, 6, 2, 2)": [2.0, 2.0, 2.0, 3.0, 3.0], "(1, 5, 2, 2)": [3.0, 1.0, 3.0, 3.0, 2.0], "(3, 2, 2, 1)": [0.0, 0.0, 0.0, 0.0, 1.0], "(1, 1, 2, 1)": [0.0, 0.0, 1.0, 0.0, 0.0], "(1, 2, 2, 1)": [1.0, 0.0, 0.0, 0.0, 0.0], "(2, 4, 3, 3)": [1.0, 0.0, 0.0, 0.0, 0.0], "(2, 6, 3, 3)": [0.0, 1.0, 0.0, 0.0, 0.0]}}