{"q_values": {"(2, 7, 2, 2)": [-2.8380239009857178, -2.793894052505493, -2.819046974182129, -2.785261392593384, -2.811824083328247], "(2, 6, 2, 2)": [-2.9176456928253174, -2.917576789855957, -2.918675661087036, -2.916247844696045, -2.9170799255371094], "(2, 5, 2, 2)": [-2.920214891433716, -2.919862747192383, -2.920264959335327, -2.9205667972564697, -2.9199440479278564], "(2, 2, 2, 2)": [-2.917480707168579, -2.91715669631958, -2.917243480682373, -2.9172163009643555, -2.9183530807495117], "(2, 1, 2, 2)": [-2.8029282093048096, -2.8314368724823, -2.8463168144226074, -2.8234293460845947, -2.8462347984313965], "(2, 3, 2, 2)": [-2.9193615913391113, -2.9191734790802, -2.9195759296417236, -2.9190986156463623, -2.9198286533355713], "(2, 4, 2, 2)": [-2.921386480331421, -2.9220166206359863, -2.9217140674591064, -2.9213194847106934, -2.921510696411133], "(2, 6, 2, 3)": [-2.913968086242676, -2.9157042503356934, -2.89483380317688, -2.9061360359191895, -2.914417266845703], "(2, 1, 2, 1)": [-2.4289119243621826, -2.566378593444824, -2.3787693977355957, -2.5114643573760986, -2.7407619953155518], "(2, 2, 2, 1)": [-2.877350330352783, -2.91216778755188, -2.9176883697509766, -2.8966989517211914, -2.9122800827026367], "(2, 4, 2, 3)": [-2.910507917404175, -2.911956310272217, -2.935703754425049, -2.9051101207733154, -2.938131809234619], "(2, 3, 2, 3)": [-2.9242451190948486, 0.0, -2.9170572757720947, -2.9341859817504883, -2.9632935523986816], "(2, 7, 2, 3)": [-2.4559974670410156, -2.548017978668213, -2.6031041145324707, -2.551088333129883, -2.5965230464935303], "(2, 5, 2, 3)": [-2.9178855419158936, -2.9121456146240234, -2.905336856842041, -2.922433614730835, -2.933075428009033], "(2, 3, 2, 1)": [-2.9247188568115234, -2.9303359985351562, -2.924987316131592, -2.938218116760254, -2.9209985733032227], "(1, 1, 2, 2)": [0.0, 0.0, 0.0, -2.203484535217285, 0.0], "(2, 4, 2, 1)": [-2.9170119762420654, -2.93009877204895, -2.9072306156158447, -2.9753928184509277, -2.9107165336608887], "(2, 1, 1, 1)": [0.0, -2.7624711990356445, -2.2099769115448, -2.765397071838379, 0.0], "(2, 5, 3, 3)": [0.0, -2.9604110717773438, 0.0, 0.0, -2.9625813961029053], "(2, 5, 2, 1)": [0.0, 0.0, -2.9023098945617676, 0.0, -2.9178805351257324], "(3, 7, 2, 2)": [-2.9124040603637695, -2.1978588104248047, -2.917635440826416, -2.9176998138427734, -2.9304757118225098], "(3, 6, 2, 2)": [-2.919904947280884, -2.9270224571228027, -2.9270224571228027, -2.919907808303833, -2.9270224571228027], "(2, 6, 2, 1)": [0.0, -2.9173026084899902, 0.0, 0.0, 0.0], "(2, 7, 3, 3)": [0.0, 0.0, -2.2019121646881104, 0.0, 0.0], "(3, 3, 2, 2)": [0.0, -2.9235663414001465, -2.9235663414001465, -2.915475845336914, -2.9235663414001465], "(3, 4, 2, 2)": [-2.915475845336914, -2.915475845336914, -2.9235663414001465, -2.9235663414001465, -2.9235663414001465], "(3, 1, 2, 2)": [0.0, -2.8778858184814453, -2.9235663414001465, -2.9235663414001465, -2.9235663414001465], "(3, 2, 2, 2)": [-2.9235663414001465, -2.9235663414001465, -2.9235663414001465, -2.9235663414001465, -2.9235663414001465], "(3, 5, 2, 2)": [-2.9235663414001465, -2.9235663414001465, 0.0, -2.9235663414001465, -2.9235663414001465], "(2, 2, 1, 1)": [0.0, 0.0, 0.0, -2.905679225921631, 0.0], "(2, 3, 1, 1)": [0.0, -2.905679225921631, 0.0, 0.0, 0.0]}, "n_values": {"(2, 7, 2, 2)": [168.0, 186.0, 186.0, 198.0, 210.0], "(2, 6, 2, 2)": [163.0, 176.0, 176.0, 188.0, 205.0], "(2, 5, 2, 2)": [166.0, 159.0, 167.0, 183.0, 207.0], "(2, 2, 2, 2)": [213.0, 200.0, 184.0, 169.0, 182.0], "(2, 1, 2, 2)": [255.0, 228.0, 223.0, 209.0, 194.0], "(2, 3, 2, 2)": [203.0, 189.0, 188.0, 200.0, 192.0], "(2, 4, 2, 2)": [182.0, 171.0, 180.0, 193.0, 181.0], "(2, 6, 2, 3)": [10.0, 7.0, 11.0, 15.0, 11.0], "(2, 1, 2, 1)": [8.0, 5.0, 13.0, 6.0, 5.0], "(2, 2, 2, 1)": [6.0, 7.0, 9.0, 4.0, 7.0], "(2, 4, 2, 3)": [1.0, 4.0, 1.0, 1.0, 2.0], "(2, 3, 2, 3)": [1.0, 0.0, 2.0, 2.0, 1.0], "(2, 7, 2, 3)": [15.0, 13.0, 14.0, 12.0, 11.0], "(2, 5, 2, 3)": [7.0, 6.0, 2.0, 5.0, 4.0], "(2, 3, 2, 1)": [2.0, 2.0, 4.0, 2.0, 3.0], "(1, 1, 2, 2)": [0.0, 0.0, 0.0, 1.0, 0.0], "(2, 4, 2, 1)": [2.0, 1.0, 3.0, 1.0, 3.0], "(2, 1, 1, 1)": [0.0, 1.0, 1.0, 1.0, 0.0], "(2, 5, 3, 3)": [0.0, 1.0, 0.0, 0.0, 1.0], "(2, 5, 2, 1)": [0.0, 0.0, 1.0, 0.0, 2.0], "(3, 7, 2, 2)": [2.0, 1.0, 2.0, 2.0, 1.0], "(3, 6, 2, 2)": [3.0, 2.0, 2.0, 3.0, 2.0], "(2, 6, 2, 1)": [0.0, 1.0, 0.0, 0.0, 0.0], "(2, 7, 3, 3)": [0.0, 0.0, 1.0, 0.0, 0.0], "(3, 3, 2, 2)": [0.0, 1.0, 1.0, 2.0, 1.0], "(3, 4, 2, 2)": [2.0, 2.0, 1.0, 1.0, 1.0], "(3, 1, 2, 2)": [0.0, 1.0, 1.0, 1.0, 1.0], "(3, 2, 2, 2)": [1.0, 1.0, 1.0, 1.0, 1.0], "(3, 5, 2, 2)": [1.0, 1.0, 0.0, 1.0, 1.0], "(2, 2, 1, 1)": [0.0, 0.0, 0.0, 1.0, 0.0], "(2, 3, 1, 1)": [0.0, 1.0, 0.0, 0.0, 0.0]}}