{"q_values": {"(2, 7, 2, 2)": [-2.8398759365081787, -2.815361261367798, -2.8113319873809814, -2.8048818111419678, -2.8131494522094727], "(2, 6, 2, 2)": [-2.9181511402130127, -2.9183170795440674, -2.9182851314544678, -2.9173338413238525, -2.9172918796539307], "(2, 5, 2, 2)": [-2.9201252460479736, -2.9201154708862305, -2.9200077056884766, -2.920236110687256, -2.9200000762939453], "(2, 2, 2, 2)": [-2.918823719024658, -2.9182851314544678, -2.9180667400360107, -2.9190006256103516, -2.919015407562256], "(2, 1, 2, 2)": [-2.8151566982269287, -2.8155388832092285, -2.835688352584839, -2.816056489944458, -2.836822032928467], "(2, 3, 2, 2)": [-2.920957565307617, -2.92014217376709, -2.920300245285034, -2.9197468757629395, -2.9201791286468506], "(2, 4, 2, 2)": [-2.9210119247436523, -2.921034812927246, -2.9206950664520264, -2.9204773902893066, -2.9204282760620117], "(2, 6, 2, 3)": [-2.9125185012817383, -2.9123940467834473, -2.896557331085205, -2.904963493347168, -2.9040422439575195], "(2, 1, 2, 1)": [-2.4105443954467773, -2.54457688331604, -2.5060536861419678, -2.497769355773926, -2.544069290161133], "(2, 2, 2, 1)": [-2.899217128753662, -2.904186964035034, -2.9199395179748535, -2.9070520401000977, -2.907116174697876], "(2, 4, 2, 3)": [-2.924433946609497, -2.915773868560791, -2.9219937324523926, -2.9231269359588623, -2.9315004348754883], "(2, 3, 2, 3)": [-2.9371650218963623, -2.915783643722534, -2.9214603900909424, -2.926082134246826, -2.9403858184814453], "(2, 7, 2, 3)": [-2.5105412006378174, -2.5432372093200684, -2.574286937713623, -2.573294162750244, -2.510207414627075], "(2, 5, 2, 3)": [-2.917179584503174, -2.917949676513672, -2.9200665950775146, -2.9312596321105957, -2.929490089416504], "(2, 3, 2, 1)": [-2.9292519092559814, -2.924452543258667, -2.925351858139038, -2.9251461029052734, -2.9273977279663086], "(1, 1, 2, 2)": [-2.5454204082489014, -2.883300304412842, -2.890618324279785, -2.415248155593872, -2.813103675842285], "(2, 4, 2, 1)": [-2.921318292617798, -2.9246225357055664, -2.9149396419525146, -2.923906087875366, -2.9207403659820557], "(2, 1, 1, 1)": [-2.180999279022217, -2.7624711990356445, -2.1990232467651367, -2.765397071838379, -2.7802441120147705], "(2, 5, 3, 3)": [0.0, -2.9604110717773438, 0.0, 0.0, -2.9625813961029053], "(2, 5, 2, 1)": [-2.9062201976776123, -2.9029409885406494, -2.9024834632873535, -2.922107696533203, -2.9167895317077637], "(3, 7, 2, 2)": [-2.9157307147979736, -2.7206003665924072, -2.7608633041381836, -2.7698354721069336, -2.6155014038085938], "(3, 6, 2, 2)": [-2.9220166206359863, -2.9263787269592285, -2.9247114658355713, -2.9203875064849854, -2.924740791320801], "(2, 6, 2, 1)": [0.0, -2.9173026084899902, 0.0, 0.0, 0.0], "(2, 7, 3, 3)": [0.0, 0.0, -2.2019121646881104, 0.0, -2.2071280479431152], "(3, 3, 2, 2)": [-2.9315378665924072, -2.934363842010498, -2.9275522232055664, -2.9208297729492188, -2.9275522232055664], "(3, 4, 2, 2)": [-2.9208297729492188, -2.9208297729492188, -2.9275522232055664, -2.9275522232055664, -2.9275522232055664], "(3, 1, 2, 2)": [-2.9136714935302734, -2.69144606590271, -2.9124977588653564, -2.5662198066711426, -2.8666934967041016], "(3, 2, 2, 2)": [-2.932927131652832, -2.9235663414001465, -2.93340802192688, -2.9235663414001465, -2.9340057373046875], "(3, 5, 2, 2)": [-2.9273886680603027, -2.9275522232055664, -2.9315378665924072, -2.925302028656006, -2.9273886680603027], "(2, 2, 1, 1)": [-2.8625617027282715, 0.0, -2.7262492179870605, -2.905679225921631, 0.0], "(2, 3, 1, 1)": [0.0, -2.905679225921631, 0.0, 0.0, 0.0], "(2, 6, 1, 1)": [0.0, 0.0, 0.0, -2.919544219970703, 0.0], "(1, 4, 2, 2)": [-2.9284183979034424, -2.954882860183716, -2.954882860183716, -2.93666934967041, -2.9540274143218994], "(1, 3, 2, 2)": [-2.9030380249023438, -2.903975009918213, -2.9203739166259766, -2.905996322631836, -2.9203739166259766], "(1, 2, 2, 2)": [-2.9021973609924316, -2.903975009918213, -2.903975009918213, -2.903975009918213, -2.905555248260498], "(2, 4, 1, 1)": [0.0, 0.0, 0.0, -2.9051592350006104, 0.0], "(1, 5, 2, 2)": [-2.9415290355682373, 0.0, -2.941523551940918, -2.9415290355682373, -2.928175210952759], "(1, 7, 2, 2)": [-2.9036030769348145, -2.913403034210205, -2.9326560497283936, -2.6287171840667725, -2.8475098609924316], "(1, 6, 2, 2)": [-2.9548802375793457, -2.954871654510498, -2.9253158569335938, -2.941349506378174, -2.9354493618011475], "(3, 2, 2, 1)": [0.0, 0.0, 0.0, 0.0, -2.9286751747131348], "(1, 1, 2, 1)": [0.0, 0.0, -2.7224996089935303, 0.0, 0.0], "(1, 2, 2, 1)": [-2.8586246967315674, 0.0, 0.0, 0.0, 0.0]}, "n_values": {"(2, 7, 2, 2)": [836.0, 897.0, 946.0, 1037.0, 1013.0], "(2, 6, 2, 2)": [820.0, 842.0, 894.0, 969.0, 996.0], "(2, 5, 2, 2)": [834.0, 808.0, 828.0, 864.0, 923.0], "(2, 2, 2, 2)": [946.0, 922.0, 871.0, 793.0, 788.0], "(2, 1, 2, 2)": [1054.0, 930.0, 896.0, 878.0, 794.0], "(2, 3, 2, 2)": [844.0, 817.0, 797.0, 844.0, 781.0], "(2, 4, 2, 2)": [824.0, 823.0, 805.0, 865.0, 848.0], "(2, 6, 2, 3)": [39.0, 33.0, 39.0, 38.0, 29.0], "(2, 1, 2, 1)": [42.0, 37.0, 50.0, 36.0, 36.0], "(2, 2, 2, 1)": [33.0, 27.0, 23.0, 25.0, 29.0], "(2, 4, 2, 3)": [3.0, 19.0, 11.0, 9.0, 6.0], "(2, 3, 2, 3)": [3.0, 5.0, 7.0, 4.0, 2.0], "(2, 7, 2, 3)": [56.0, 48.0, 49.0, 41.0, 46.0], "(2, 5, 2, 3)": [20.0, 25.0, 16.0, 15.0, 16.0], "(2, 3, 2, 1)": [13.0, 19.0, 14.0, 14.0, 19.0], "(1, 1, 2, 2)": [3.0, 2.0, 1.0, 3.0, 2.0], "(2, 4, 2, 1)": [10.0, 6.0, 11.0, 5.0, 12.0], "(2, 1, 1, 1)": [1.0, 1.0, 2.0, 1.0, 1.0], "(2, 5, 3, 3)": [0.0, 1.0, 0.0, 0.0, 1.0], "(2, 5, 2, 1)": [3.0, 1.0, 2.0, 5.0, 4.0], "(3, 7, 2, 2)": [4.0, 4.0, 5.0, 6.0, 6.0], "(3, 6, 2, 2)": [7.0, 5.0, 6.0, 7.0, 6.0], "(2, 6, 2, 1)": [0.0, 1.0, 0.0, 0.0, 0.0], "(2, 7, 3, 3)": [0.0, 0.0, 1.0, 0.0, 1.0], "(3, 3, 2, 2)": [1.0, 2.0, 2.0, 3.0, 2.0], "(3, 4, 2, 2)": [3.0, 3.0, 2.0, 2.0, 2.0], "(3, 1, 2, 2)": [2.0, 4.0, 3.0, 2.0, 3.0], "(3, 2, 2, 2)": [2.0, 1.0, 3.0, 1.0, 2.0], "(3, 5, 2, 2)": [3.0, 2.0, 1.0, 4.0, 3.0], "(2, 2, 1, 1)": [1.0, 0.0, 1.0, 1.0, 0.0], "(2, 3, 1, 1)": [0.0, 1.0, 0.0, 0.0, 0.0], "(2, 6, 1, 1)": [0.0, 0.0, 0.0, 1.0, 0.0], "(1, 4, 2, 2)": [2.0, 1.0, 1.0, 3.0, 2.0], "(1, 3, 2, 2)": [3.0, 2.0, 3.0, 1.0, 3.0], "(1, 2, 2, 2)": [4.0, 2.0, 2.0, 2.0, 3.0], "(2, 4, 1, 1)": [0.0, 0.0, 0.0, 1.0, 0.0], "(1, 7, 2, 2)": [2.0, 1.0, 2.0, 3.0, 2.0], "(1, 6, 2, 2)": [1.0, 1.0, 1.0, 2.0, 2.0], "(1, 5, 2, 2)": [2.0, 0.0, 2.0, 2.0, 1.0], "(3, 2, 2, 1)": [0.0, 0.0, 0.0, 0.0, 1.0], "(1, 1, 2, 1)": [0.0, 0.0, 1.0, 0.0, 0.0], "(1, 2, 2, 1)": [1.0, 0.0, 0.0, 0.0, 0.0]}}