{"q_values": {"(2, 7, 2, 2)": [-2.8326637744903564, -2.8123674392700195, -2.809622049331665, -2.804490566253662, -2.8050601482391357], "(2, 6, 2, 2)": [-2.9190256595611572, -2.918830394744873, -2.9189321994781494, -2.917886972427368, -2.9180400371551514], "(2, 5, 2, 2)": [-2.920819044113159, -2.9207425117492676, -2.92067551612854, -2.921175003051758, -2.920949935913086], "(2, 2, 2, 2)": [-2.918717384338379, -2.9185078144073486, -2.918473243713379, -2.9190568923950195, -2.91928768157959], "(2, 1, 2, 2)": [-2.8134255409240723, -2.8150794506073, -2.8287620544433594, -2.8196322917938232, -2.827227830886841], "(2, 3, 2, 2)": [-2.9214565753936768, -2.920893430709839, -2.921058416366577, -2.9206182956695557, -2.9207189083099365], "(2, 4, 2, 2)": [-2.921600818634033, -2.9215760231018066, -2.921469211578369, -2.9211924076080322, -2.9212656021118164], "(2, 6, 2, 3)": [-2.9129528999328613, -2.912036418914795, -2.902900457382202, -2.9083251953125, -2.908104419708252], "(2, 1, 2, 1)": [-2.4311227798461914, -2.5520200729370117, -2.496619939804077, -2.496553897857666, -2.5476927757263184], "(2, 2, 2, 1)": [-2.896435022354126, -2.906521797180176, -2.9072868824005127, -2.909022569656372, -2.908644437789917], "(2, 4, 2, 3)": [-2.917306900024414, -2.9162604808807373, -2.9219937324523926, -2.9200122356414795, -2.925746440887451], "(2, 3, 2, 3)": [-2.9285659790039062, -2.9163973331451416, -2.9214603900909424, -2.926082134246826, -2.9403858184814453], "(2, 7, 2, 3)": [-2.4964563846588135, -2.5268890857696533, -2.542836904525757, -2.5407707691192627, -2.5172719955444336], "(2, 5, 2, 3)": [-2.9174177646636963, -2.9182441234588623, -2.922262668609619, -2.930553674697876, -2.9294638633728027], "(2, 3, 2, 1)": [-2.9271886348724365, -2.9238104820251465, -2.926260471343994, -2.923128128051758, -2.9267830848693848], "(1, 1, 2, 2)": [-2.6399083137512207, -2.883300304412842, -2.901374578475952, -2.415248155593872, -2.8489677906036377], "(2, 4, 2, 1)": [-2.922757625579834, -2.923004388809204, -2.9180119037628174, -2.9253790378570557, -2.9207403659820557], "(2, 1, 1, 1)": [-2.180999279022217, -2.7624711990356445, -2.1990232467651367, -2.473656415939331, -2.7802441120147705], "(2, 5, 3, 3)": [0.0, -2.9604110717773438, 0.0, 0.0, -2.9625813961029053], "(2, 5, 2, 1)": [-2.906925916671753, -2.9029409885406494, -2.9024834632873535, -2.9200432300567627, -2.9230923652648926], "(3, 7, 2, 2)": [-2.91494083404541, -2.762845516204834, -2.7995686531066895, -2.7929768562316895, -2.600565195083618], "(3, 6, 2, 2)": [-2.9220166206359863, -2.9230217933654785, -2.9257278442382812, -2.92006778717041, -2.923309326171875], "(2, 6, 2, 1)": [0.0, -2.9173026084899902, 0.0, 0.0, 0.0], "(2, 7, 3, 3)": [0.0, 0.0, -2.2019121646881104, 0.0, -2.2071280479431152], "(3, 3, 2, 2)": [-2.9316818714141846, -2.9335179328918457, -2.9289767742156982, -2.9235787391662598, -2.9289767742156982], "(3, 4, 2, 2)": [-2.9208297729492188, -2.9208297729492188, -2.9275522232055664, -2.9275522232055664, -2.9275522232055664], "(3, 1, 2, 2)": [-2.9084980487823486, -2.7287185192108154, -2.915200710296631, -2.701117515563965, -2.8666934967041016], "(3, 2, 2, 2)": [-2.932321548461914, -2.926264524459839, -2.9329676628112793, -2.9219698905944824, -2.9340057373046875], "(3, 5, 2, 2)": [-2.9273886680603027, -2.9275522232055664, -2.9315378665924072, -2.925302028656006, -2.9273886680603027], "(2, 2, 1, 1)": [-2.8625617027282715, -2.8637642860412598, -2.7262492179870605, -2.905679225921631, 0.0], "(2, 3, 1, 1)": [-2.8978567123413086, -2.905679225921631, 0.0, 0.0, 0.0], "(2, 6, 1, 1)": [0.0, 0.0, 0.0, -2.919544219970703, 0.0], "(1, 4, 2, 2)": [-2.9284183979034424, -2.954882860183716, -2.954882860183716, -2.93666934967041, -2.9540274143218994], "(1, 3, 2, 2)": [-2.9030380249023438, -2.903975009918213, -2.9203739166259766, -2.905996322631836, -2.9203739166259766], "(1, 2, 2, 2)": [-2.9021973609924316, -2.903975009918213, -2.903975009918213, -2.9104855060577393, -2.9100513458251953], "(2, 4, 1, 1)": [-2.9063799381256104, 0.0, 0.0, -2.9051592350006104, 0.0], "(1, 5, 2, 2)": [-2.9415290355682373, 0.0, -2.941523551940918, -2.9415290355682373, -2.928175210952759], "(1, 7, 2, 2)": [-2.9036030769348145, -2.913403034210205, -2.9326560497283936, -2.6287171840667725, -2.8475098609924316], "(1, 6, 2, 2)": [-2.9548802375793457, -2.954871654510498, -2.9253158569335938, -2.941349506378174, -2.9354493618011475], "(3, 2, 2, 1)": [0.0, 0.0, 0.0, 0.0, -2.9286751747131348], "(1, 1, 2, 1)": [0.0, 0.0, -2.7224996089935303, 0.0, 0.0], "(1, 2, 2, 1)": [-2.8586246967315674, 0.0, 0.0, 0.0, 0.0], "(2, 4, 3, 3)": [-2.9138283729553223, 0.0, 0.0, 0.0, 0.0], "(2, 6, 3, 3)": [0.0, -2.880803108215332, 0.0, 0.0, 0.0]}, "n_values": {"(2, 7, 2, 2)": [1137.0, 1215.0, 1315.0, 1478.0, 1418.0], "(2, 6, 2, 2)": [1113.0, 1152.0, 1217.0, 1374.0, 1378.0], "(2, 5, 2, 2)": [1166.0, 1124.0, 1202.0, 1193.0, 1283.0], "(2, 2, 2, 2)": [1220.0, 1179.0, 1158.0, 1042.0, 1027.0], "(2, 1, 2, 2)": [1412.0, 1225.0, 1159.0, 1126.0, 1050.0], "(2, 3, 2, 2)": [1110.0, 1076.0, 1067.0, 1148.0, 1050.0], "(2, 4, 2, 2)": [1130.0, 1110.0, 1106.0, 1216.0, 1176.0], "(2, 6, 2, 3)": [51.0, 45.0, 56.0, 51.0, 43.0], "(2, 1, 2, 1)": [60.0, 46.0, 57.0, 45.0, 48.0], "(2, 2, 2, 1)": [37.0, 30.0, 30.0, 28.0, 36.0], "(2, 4, 2, 3)": [5.0, 23.0, 11.0, 11.0, 8.0], "(2, 3, 2, 3)": [5.0, 6.0, 7.0, 4.0, 2.0], "(2, 7, 2, 3)": [86.0, 64.0, 69.0, 65.0, 63.0], "(2, 5, 2, 3)": [26.0, 39.0, 22.0, 24.0, 22.0], "(2, 3, 2, 1)": [19.0, 24.0, 22.0, 19.0, 25.0], "(1, 1, 2, 2)": [4.0, 2.0, 2.0, 3.0, 3.0], "(2, 4, 2, 1)": [13.0, 8.0, 14.0, 6.0, 12.0], "(2, 1, 1, 1)": [1.0, 1.0, 2.0, 2.0, 1.0], "(2, 5, 3, 3)": [0.0, 1.0, 0.0, 0.0, 1.0], "(2, 5, 2, 1)": [4.0, 1.0, 2.0, 6.0, 5.0], "(3, 7, 2, 2)": [6.0, 5.0, 7.0, 7.0, 8.0], "(3, 6, 2, 2)": [7.0, 6.0, 7.0, 9.0, 8.0], "(2, 6, 2, 1)": [0.0, 1.0, 0.0, 0.0, 0.0], "(2, 7, 3, 3)": [0.0, 0.0, 1.0, 0.0, 1.0], "(3, 3, 2, 2)": [2.0, 3.0, 3.0, 4.0, 3.0], "(3, 4, 2, 2)": [3.0, 3.0, 2.0, 2.0, 2.0], "(3, 1, 2, 2)": [4.0, 5.0, 4.0, 4.0, 3.0], "(3, 2, 2, 2)": [3.0, 2.0, 4.0, 2.0, 2.0], "(3, 5, 2, 2)": [3.0, 2.0, 1.0, 4.0, 3.0], "(2, 2, 1, 1)": [1.0, 1.0, 1.0, 1.0, 0.0], "(2, 3, 1, 1)": [1.0, 1.0, 0.0, 0.0, 0.0], "(2, 6, 1, 1)": [0.0, 0.0, 0.0, 1.0, 0.0], "(1, 4, 2, 2)": [2.0, 1.0, 1.0, 3.0, 2.0], "(1, 3, 2, 2)": [3.0, 2.0, 3.0, 1.0, 3.0], "(1, 2, 2, 2)": [4.0, 2.0, 2.0, 3.0, 4.0], "(2, 4, 1, 1)": [1.0, 0.0, 0.0, 1.0, 0.0], "(1, 7, 2, 2)": [2.0, 1.0, 2.0, 3.0, 2.0], "(1, 6, 2, 2)": [1.0, 1.0, 1.0, 2.0, 2.0], "(1, 5, 2, 2)": [2.0, 0.0, 2.0, 2.0, 1.0], "(3, 2, 2, 1)": [0.0, 0.0, 0.0, 0.0, 1.0], "(1, 1, 2, 1)": [0.0, 0.0, 1.0, 0.0, 0.0], "(1, 2, 2, 1)": [1.0, 0.0, 0.0, 0.0, 0.0], "(2, 4, 3, 3)": [1.0, 0.0, 0.0, 0.0, 0.0], "(2, 6, 3, 3)": [0.0, 1.0, 0.0, 0.0, 0.0]}}