{"q_values": {"(2, 7, 2, 2)": [-2.8349335193634033, -2.8144664764404297, -2.8097593784332275, -2.8033628463745117, -2.811023473739624], "(2, 6, 2, 2)": [-2.918428897857666, -2.918417453765869, -2.9184305667877197, -2.9173812866210938, -2.917578935623169], "(2, 5, 2, 2)": [-2.9202327728271484, -2.9201879501342773, -2.9200804233551025, -2.920462131500244, -2.9202733039855957], "(2, 2, 2, 2)": [-2.918522596359253, -2.9181084632873535, -2.9179904460906982, -2.9187209606170654, -2.9189586639404297], "(2, 1, 2, 2)": [-2.8140673637390137, -2.8140857219696045, -2.8297417163848877, -2.8201301097869873, -2.831282377243042], "(2, 3, 2, 2)": [-2.9210355281829834, -2.9203262329101562, -2.9204654693603516, -2.9200632572174072, -2.9201784133911133], "(2, 4, 2, 2)": [-2.9210331439971924, -2.9210517406463623, -2.9209139347076416, -2.920639753341675, -2.920717716217041], "(2, 6, 2, 3)": [-2.9127724170684814, -2.912032127380371, -2.901104688644409, -2.9057703018188477, -2.9044971466064453], "(2, 1, 2, 1)": [-2.409897565841675, -2.55617618560791, -2.4980406761169434, -2.501601219177246, -2.5505738258361816], "(2, 2, 2, 1)": [-2.8978660106658936, -2.9050989151000977, -2.909524440765381, -2.9077205657958984, -2.9068849086761475], "(2, 4, 2, 3)": [-2.924433946609497, -2.916433334350586, -2.9219937324523926, -2.9200122356414795, -2.9315004348754883], "(2, 3, 2, 3)": [-2.9292283058166504, -2.915783643722534, -2.9214603900909424, -2.926082134246826, -2.9403858184814453], "(2, 7, 2, 3)": [-2.495661735534668, -2.5368733406066895, -2.554880142211914, -2.553510904312134, -2.5063629150390625], "(2, 5, 2, 3)": [-2.9166693687438965, -2.9165077209472656, -2.920305013656616, -2.9297938346862793, -2.931056499481201], "(2, 3, 2, 1)": [-2.9279050827026367, -2.9231185913085938, -2.925377607345581, -2.9233336448669434, -2.9269752502441406], "(1, 1, 2, 2)": [-2.6399083137512207, -2.883300304412842, -2.901374578475952, -2.415248155593872, -2.8489677906036377], "(2, 4, 2, 1)": [-2.9213435649871826, -2.9238831996917725, -2.9165289402008057, -2.9253790378570557, -2.9207403659820557], "(2, 1, 1, 1)": [-2.180999279022217, -2.7624711990356445, -2.1990232467651367, -2.473656415939331, -2.7802441120147705], "(2, 5, 3, 3)": [0.0, -2.9604110717773438, 0.0, 0.0, -2.9625813961029053], "(2, 5, 2, 1)": [-2.906925916671753, -2.9029409885406494, -2.9024834632873535, -2.922107696533203, -2.9230923652648926], "(3, 7, 2, 2)": [-2.91494083404541, -2.762845516204834, -2.7995686531066895, -2.7929768562316895, -2.600565195083618], "(3, 6, 2, 2)": [-2.9220166206359863, -2.9230217933654785, -2.9257278442382812, -2.92006778717041, -2.923309326171875], "(2, 6, 2, 1)": [0.0, -2.9173026084899902, 0.0, 0.0, 0.0], "(2, 7, 3, 3)": [0.0, 0.0, -2.2019121646881104, 0.0, -2.2071280479431152], "(3, 3, 2, 2)": [-2.9316818714141846, -2.9335179328918457, -2.9289767742156982, -2.9235787391662598, -2.9289767742156982], "(3, 4, 2, 2)": [-2.9208297729492188, -2.9208297729492188, -2.9275522232055664, -2.9275522232055664, -2.9275522232055664], "(3, 1, 2, 2)": [-2.9084980487823486, -2.7287185192108154, -2.915200710296631, -2.701117515563965, -2.8666934967041016], "(3, 2, 2, 2)": [-2.932321548461914, -2.926264524459839, -2.9329676628112793, -2.9219698905944824, -2.9340057373046875], "(3, 5, 2, 2)": [-2.9273886680603027, -2.9275522232055664, -2.9315378665924072, -2.925302028656006, -2.9273886680603027], "(2, 2, 1, 1)": [-2.8625617027282715, -2.8637642860412598, -2.7262492179870605, -2.905679225921631, 0.0], "(2, 3, 1, 1)": [-2.8978567123413086, -2.905679225921631, 0.0, 0.0, 0.0], "(2, 6, 1, 1)": [0.0, 0.0, 0.0, -2.919544219970703, 0.0], "(1, 4, 2, 2)": [-2.9284183979034424, -2.954882860183716, -2.954882860183716, -2.93666934967041, -2.9540274143218994], "(1, 3, 2, 2)": [-2.9030380249023438, -2.903975009918213, -2.9203739166259766, -2.905996322631836, -2.9203739166259766], "(1, 2, 2, 2)": [-2.9021973609924316, -2.903975009918213, -2.903975009918213, -2.9104855060577393, -2.9100513458251953], "(2, 4, 1, 1)": [-2.9063799381256104, 0.0, 0.0, -2.9051592350006104, 0.0], "(1, 5, 2, 2)": [-2.9415290355682373, 0.0, -2.941523551940918, -2.9415290355682373, -2.928175210952759], "(1, 7, 2, 2)": [-2.9036030769348145, -2.913403034210205, -2.9326560497283936, -2.6287171840667725, -2.8475098609924316], "(1, 6, 2, 2)": [-2.9548802375793457, -2.954871654510498, -2.9253158569335938, -2.941349506378174, -2.9354493618011475], "(3, 2, 2, 1)": [0.0, 0.0, 0.0, 0.0, -2.9286751747131348], "(1, 1, 2, 1)": [0.0, 0.0, -2.7224996089935303, 0.0, 0.0], "(1, 2, 2, 1)": [-2.8586246967315674, 0.0, 0.0, 0.0, 0.0], "(2, 4, 3, 3)": [-2.9138283729553223, 0.0, 0.0, 0.0, 0.0]}, "n_values": {"(2, 7, 2, 2)": [981.0, 1040.0, 1137.0, 1245.0, 1201.0], "(2, 6, 2, 2)": [959.0, 997.0, 1047.0, 1162.0, 1182.0], "(2, 5, 2, 2)": [1008.0, 975.0, 1021.0, 1026.0, 1112.0], "(2, 2, 2, 2)": [1091.0, 1051.0, 1026.0, 927.0, 910.0], "(2, 1, 2, 2)": [1242.0, 1084.0, 1028.0, 1009.0, 937.0], "(2, 3, 2, 2)": [975.0, 939.0, 935.0, 993.0, 922.0], "(2, 4, 2, 2)": [980.0, 971.0, 958.0, 1043.0, 1025.0], "(2, 6, 2, 3)": [48.0, 40.0, 48.0, 45.0, 37.0], "(2, 1, 2, 1)": [50.0, 42.0, 53.0, 40.0, 41.0], "(2, 2, 2, 1)": [35.0, 29.0, 27.0, 26.0, 33.0], "(2, 4, 2, 3)": [3.0, 21.0, 11.0, 11.0, 6.0], "(2, 3, 2, 3)": [4.0, 5.0, 7.0, 4.0, 2.0], "(2, 7, 2, 3)": [75.0, 57.0, 60.0, 51.0, 54.0], "(2, 5, 2, 3)": [23.0, 30.0, 20.0, 20.0, 20.0], "(2, 3, 2, 1)": [17.0, 23.0, 18.0, 16.0, 21.0], "(1, 1, 2, 2)": [4.0, 2.0, 2.0, 3.0, 3.0], "(2, 4, 2, 1)": [12.0, 7.0, 12.0, 6.0, 12.0], "(2, 1, 1, 1)": [1.0, 1.0, 2.0, 2.0, 1.0], "(2, 5, 3, 3)": [0.0, 1.0, 0.0, 0.0, 1.0], "(2, 5, 2, 1)": [4.0, 1.0, 2.0, 5.0, 5.0], "(3, 7, 2, 2)": [6.0, 5.0, 7.0, 7.0, 8.0], "(3, 6, 2, 2)": [7.0, 6.0, 7.0, 9.0, 8.0], "(2, 6, 2, 1)": [0.0, 1.0, 0.0, 0.0, 0.0], "(2, 7, 3, 3)": [0.0, 0.0, 1.0, 0.0, 1.0], "(3, 3, 2, 2)": [2.0, 3.0, 3.0, 4.0, 3.0], "(3, 4, 2, 2)": [3.0, 3.0, 2.0, 2.0, 2.0], "(3, 1, 2, 2)": [4.0, 5.0, 4.0, 4.0, 3.0], "(3, 2, 2, 2)": [3.0, 2.0, 4.0, 2.0, 2.0], "(3, 5, 2, 2)": [3.0, 2.0, 1.0, 4.0, 3.0], "(2, 2, 1, 1)": [1.0, 1.0, 1.0, 1.0, 0.0], "(2, 3, 1, 1)": [1.0, 1.0, 0.0, 0.0, 0.0], "(2, 6, 1, 1)": [0.0, 0.0, 0.0, 1.0, 0.0], "(1, 4, 2, 2)": [2.0, 1.0, 1.0, 3.0, 2.0], "(1, 3, 2, 2)": [3.0, 2.0, 3.0, 1.0, 3.0], "(1, 2, 2, 2)": [4.0, 2.0, 2.0, 3.0, 4.0], "(2, 4, 1, 1)": [1.0, 0.0, 0.0, 1.0, 0.0], "(1, 7, 2, 2)": [2.0, 1.0, 2.0, 3.0, 2.0], "(1, 6, 2, 2)": [1.0, 1.0, 1.0, 2.0, 2.0], "(1, 5, 2, 2)": [2.0, 0.0, 2.0, 2.0, 1.0], "(3, 2, 2, 1)": [0.0, 0.0, 0.0, 0.0, 1.0], "(1, 1, 2, 1)": [0.0, 0.0, 1.0, 0.0, 0.0], "(1, 2, 2, 1)": [1.0, 0.0, 0.0, 0.0, 0.0], "(2, 4, 3, 3)": [1.0, 0.0, 0.0, 0.0, 0.0]}}