{"q_values": {"(2, 7, 2, 2)": [-2.8447985649108887, -2.8119068145751953, -2.8091561794281006, -2.806607961654663, -2.8137357234954834], "(2, 6, 2, 2)": [-2.9176254272460938, -2.9178261756896973, -2.91793155670166, -2.9166946411132812, -2.916858434677124], "(2, 5, 2, 2)": [-2.9196670055389404, -2.919898509979248, -2.919856548309326, -2.919936418533325, -2.919825315475464], "(2, 2, 2, 2)": [-2.91833233833313, -2.917848825454712, -2.9176836013793945, -2.9184134006500244, -2.918431043624878], "(2, 1, 2, 2)": [-2.8145997524261475, -2.815258741378784, -2.8370273113250732, -2.814635992050171, -2.8370556831359863], "(2, 3, 2, 2)": [-2.9204938411712646, -2.9196794033050537, -2.9198431968688965, -2.919405937194824, -2.9199230670928955], "(2, 4, 2, 2)": [-2.9207262992858887, -2.9207444190979004, -2.9205806255340576, -2.9201672077178955, -2.920427083969116], "(2, 6, 2, 3)": [-2.913734197616577, -2.9122493267059326, -2.8968424797058105, -2.9055445194244385, -2.912712812423706], "(2, 1, 2, 1)": [-2.4066953659057617, -2.6080901622772217, -2.474520683288574, -2.499356985092163, -2.548234462738037], "(2, 2, 2, 1)": [-2.897202253341675, -2.9031527042388916, -2.9218485355377197, -2.9097232818603516, -2.9070188999176025], "(2, 4, 2, 3)": [-2.924433946609497, -2.9165420532226562, -2.923172950744629, -2.9246108531951904, -2.9315004348754883], "(2, 3, 2, 3)": [-2.9424171447753906, -2.9153599739074707, -2.9214603900909424, -2.926082134246826, -2.9632935523986816], "(2, 7, 2, 3)": [-2.483604907989502, -2.5514214038848877, -2.5599451065063477, -2.5908658504486084, -2.5180153846740723], "(2, 5, 2, 3)": [-2.917590618133545, -2.917344093322754, -2.92091703414917, -2.9328579902648926, -2.931345224380493], "(2, 3, 2, 1)": [-2.9275591373443604, -2.923733711242676, -2.9238054752349854, -2.9264893531799316, -2.923835039138794], "(1, 1, 2, 2)": [-2.4578394889831543, -2.883300304412842, 0.0, -2.415248155593872, -2.7270874977111816], "(2, 4, 2, 1)": [-2.921318292617798, -2.9185800552368164, -2.9149396419525146, -2.929218292236328, -2.920860767364502], "(2, 1, 1, 1)": [-2.180999279022217, -2.7624711990356445, -2.1990232467651367, -2.765397071838379, 0.0], "(2, 5, 3, 3)": [0.0, -2.9604110717773438, 0.0, 0.0, -2.9625813961029053], "(2, 5, 2, 1)": [-2.9054479598999023, -2.9029409885406494, -2.9023098945617676, -2.922107696533203, -2.9178805351257324], "(3, 7, 2, 2)": [-2.9157307147979736, -2.6555912494659424, -2.7608633041381836, -2.735130786895752, -2.697916030883789], "(3, 6, 2, 2)": [-2.921175956726074, -2.926208019256592, -2.924241542816162, -2.9192769527435303, -2.9242770671844482], "(2, 6, 2, 1)": [0.0, -2.9173026084899902, 0.0, 0.0, 0.0], "(2, 7, 3, 3)": [0.0, 0.0, -2.2019121646881104, 0.0, 0.0], "(3, 3, 2, 2)": [-2.9315378665924072, -2.934363842010498, -2.9275522232055664, -2.9208297729492188, -2.9275522232055664], "(3, 4, 2, 2)": [-2.9208297729492188, -2.9208297729492188, -2.9275522232055664, -2.9275522232055664, -2.9275522232055664], "(3, 1, 2, 2)": [-2.9136714935302734, -2.69144606590271, -2.9124977588653564, -2.5662198066711426, -2.8666934967041016], "(3, 2, 2, 2)": [-2.932927131652832, -2.9235663414001465, -2.93340802192688, -2.9235663414001465, -2.9340057373046875], "(3, 5, 2, 2)": [-2.9275522232055664, -2.9275522232055664, -2.9315378665924072, -2.924715518951416, -2.9275522232055664], "(2, 2, 1, 1)": [-2.8625617027282715, 0.0, -2.7262492179870605, -2.905679225921631, 0.0], "(2, 3, 1, 1)": [0.0, -2.905679225921631, 0.0, 0.0, 0.0], "(2, 6, 1, 1)": [0.0, 0.0, 0.0, -2.919544219970703, 0.0], "(1, 4, 2, 2)": [0.0, 0.0, 0.0, -2.9531712532043457, -2.953171968460083], "(1, 3, 2, 2)": [-2.9035799503326416, -2.905996322631836, -2.92958402633667, -2.905996322631836, -2.92958402633667], "(1, 2, 2, 2)": [-2.902278423309326, -2.905996322631836, -2.905996322631836, -2.905996322631836, -2.907356023788452], "(2, 4, 1, 1)": [0.0, 0.0, 0.0, -2.9051592350006104, 0.0], "(1, 5, 2, 2)": [-2.928175210952759, 0.0, -2.928164005279541, -2.928175210952759, -2.928175210952759], "(1, 7, 2, 2)": [-2.88242244720459, 0.0, 0.0, -2.745164394378662, 0.0], "(1, 6, 2, 2)": [0.0, 0.0, -2.9253158569335938, -2.9279966354370117, -2.9167370796203613], "(3, 2, 2, 1)": [0.0, 0.0, 0.0, 0.0, -2.9286751747131348], "(1, 1, 2, 1)": [0.0, 0.0, -2.7224996089935303, 0.0, 0.0], "(1, 2, 2, 1)": [-2.8586246967315674, 0.0, 0.0, 0.0, 0.0]}, "n_values": {"(2, 7, 2, 2)": [679.0, 727.0, 755.0, 815.0, 820.0], "(2, 6, 2, 2)": [660.0, 662.0, 715.0, 774.0, 801.0], "(2, 5, 2, 2)": [677.0, 642.0, 666.0, 699.0, 763.0], "(2, 2, 2, 2)": [782.0, 763.0, 696.0, 644.0, 654.0], "(2, 1, 2, 2)": [869.0, 767.0, 752.0, 745.0, 674.0], "(2, 3, 2, 2)": [694.0, 667.0, 652.0, 691.0, 641.0], "(2, 4, 2, 2)": [674.0, 661.0, 646.0, 696.0, 684.0], "(2, 6, 2, 3)": [34.0, 27.0, 32.0, 32.0, 22.0], "(2, 1, 2, 1)": [34.0, 28.0, 41.0, 34.0, 29.0], "(2, 2, 2, 1)": [29.0, 24.0, 20.0, 22.0, 26.0], "(2, 4, 2, 3)": [3.0, 17.0, 7.0, 8.0, 6.0], "(2, 3, 2, 3)": [2.0, 4.0, 7.0, 4.0, 1.0], "(2, 7, 2, 3)": [49.0, 38.0, 43.0, 35.0, 38.0], "(2, 5, 2, 3)": [16.0, 20.0, 15.0, 12.0, 13.0], "(2, 3, 2, 1)": [11.0, 17.0, 12.0, 12.0, 14.0], "(1, 1, 2, 2)": [2.0, 2.0, 0.0, 3.0, 1.0], "(2, 4, 2, 1)": [10.0, 5.0, 11.0, 4.0, 10.0], "(2, 1, 1, 1)": [1.0, 1.0, 2.0, 1.0, 0.0], "(2, 5, 3, 3)": [0.0, 1.0, 0.0, 0.0, 1.0], "(2, 5, 2, 1)": [2.0, 1.0, 1.0, 5.0, 2.0], "(3, 7, 2, 2)": [4.0, 3.0, 5.0, 4.0, 5.0], "(3, 6, 2, 2)": [6.0, 4.0, 5.0, 6.0, 5.0], "(2, 6, 2, 1)": [0.0, 1.0, 0.0, 0.0, 0.0], "(2, 7, 3, 3)": [0.0, 0.0, 1.0, 0.0, 0.0], "(3, 3, 2, 2)": [1.0, 2.0, 2.0, 3.0, 2.0], "(3, 4, 2, 2)": [3.0, 3.0, 2.0, 2.0, 2.0], "(3, 1, 2, 2)": [2.0, 4.0, 3.0, 2.0, 3.0], "(3, 2, 2, 2)": [2.0, 1.0, 3.0, 1.0, 2.0], "(3, 5, 2, 2)": [2.0, 2.0, 1.0, 3.0, 2.0], "(2, 2, 1, 1)": [1.0, 0.0, 1.0, 1.0, 0.0], "(2, 3, 1, 1)": [0.0, 1.0, 0.0, 0.0, 0.0], "(2, 6, 1, 1)": [0.0, 0.0, 0.0, 1.0, 0.0], "(1, 4, 2, 2)": [0.0, 0.0, 0.0, 1.0, 1.0], "(1, 3, 2, 2)": [2.0, 1.0, 2.0, 1.0, 2.0], "(1, 2, 2, 2)": [3.0, 1.0, 1.0, 1.0, 2.0], "(2, 4, 1, 1)": [0.0, 0.0, 0.0, 1.0, 0.0], "(1, 7, 2, 2)": [1.0, 0.0, 0.0, 1.0, 0.0], "(1, 6, 2, 2)": [0.0, 0.0, 1.0, 1.0, 1.0], "(1, 5, 2, 2)": [1.0, 0.0, 1.0, 1.0, 1.0], "(3, 2, 2, 1)": [0.0, 0.0, 0.0, 0.0, 1.0], "(1, 1, 2, 1)": [0.0, 0.0, 1.0, 0.0, 0.0], "(1, 2, 2, 1)": [1.0, 0.0, 0.0, 0.0, 0.0]}}