{"q_values": {"(2, 7, 2, 2)": [-2.8346590995788574, -2.814516067504883, -2.8097221851348877, -2.8055131435394287, -2.8119194507598877], "(2, 6, 2, 2)": [-2.9185473918914795, -2.918504238128662, -2.918541431427002, -2.9175379276275635, -2.9175987243652344], "(2, 5, 2, 2)": [-2.9203639030456543, -2.9203238487243652, -2.920243978500366, -2.9204838275909424, -2.9203460216522217], "(2, 2, 2, 2)": [-2.9185757637023926, -2.918118715286255, -2.917987585067749, -2.918816328048706, -2.9190187454223633], "(2, 1, 2, 2)": [-2.8137810230255127, -2.81368350982666, -2.831096649169922, -2.819225788116455, -2.83182430267334], "(2, 3, 2, 2)": [-2.9209299087524414, -2.9202237129211426, -2.9203734397888184, -2.9199817180633545, -2.920106887817383], "(2, 4, 2, 2)": [-2.9211363792419434, -2.9210455417633057, -2.9209141731262207, -2.920628547668457, -2.920653820037842], "(2, 6, 2, 3)": [-2.9131991863250732, -2.9118809700012207, -2.8989198207855225, -2.9060721397399902, -2.903571844100952], "(2, 1, 2, 1)": [-2.406686544418335, -2.5595006942749023, -2.4980406761169434, -2.501601219177246, -2.5421957969665527], "(2, 2, 2, 1)": [-2.8978660106658936, -2.904454469680786, -2.909524440765381, -2.9077205657958984, -2.9074740409851074], "(2, 4, 2, 3)": [-2.924433946609497, -2.916433334350586, -2.9219937324523926, -2.921436071395874, -2.9315004348754883], "(2, 3, 2, 3)": [-2.9292283058166504, -2.915783643722534, -2.9214603900909424, -2.926082134246826, -2.9403858184814453], "(2, 7, 2, 3)": [-2.495661735534668, -2.534827947616577, -2.5729892253875732, -2.549631118774414, -2.5126330852508545], "(2, 5, 2, 3)": [-2.917203903198242, -2.917019844055176, -2.9194345474243164, -2.931060314178467, -2.9286868572235107], "(2, 3, 2, 1)": [-2.9291939735412598, -2.92383074760437, -2.9261021614074707, -2.924288034439087, -2.9269752502441406], "(1, 1, 2, 2)": [-2.6399083137512207, -2.883300304412842, -2.901374578475952, -2.415248155593872, -2.8489677906036377], "(2, 4, 2, 1)": [-2.920153856277466, -2.9238831996917725, -2.9165289402008057, -2.9253790378570557, -2.9207403659820557], "(2, 1, 1, 1)": [-2.180999279022217, -2.7624711990356445, -2.1990232467651367, -2.473656415939331, -2.7802441120147705], "(2, 5, 3, 3)": [0.0, -2.9604110717773438, 0.0, 0.0, -2.9625813961029053], "(2, 5, 2, 1)": [-2.906925916671753, -2.9029409885406494, -2.9024834632873535, -2.922107696533203, -2.9230923652648926], "(3, 7, 2, 2)": [-2.9115638732910156, -2.7206003665924072, -2.7775259017944336, -2.7698354721069336, -2.5532422065734863], "(3, 6, 2, 2)": [-2.9220166206359863, -2.9230217933654785, -2.9247114658355713, -2.918597936630249, -2.9220926761627197], "(2, 6, 2, 1)": [0.0, -2.9173026084899902, 0.0, 0.0, 0.0], "(2, 7, 3, 3)": [0.0, 0.0, -2.2019121646881104, 0.0, -2.2071280479431152], "(3, 3, 2, 2)": [-2.9315378665924072, -2.934363842010498, -2.9275522232055664, -2.9208297729492188, -2.9275522232055664], "(3, 4, 2, 2)": [-2.9208297729492188, -2.9208297729492188, -2.9275522232055664, -2.9275522232055664, -2.9275522232055664], "(3, 1, 2, 2)": [-2.915992021560669, -2.7287185192108154, -2.915200710296631, -2.6852943897247314, -2.8666934967041016], "(3, 2, 2, 2)": [-2.932927131652832, -2.9235663414001465, -2.93340802192688, -2.9235663414001465, -2.9340057373046875], "(3, 5, 2, 2)": [-2.9273886680603027, -2.9275522232055664, -2.9315378665924072, -2.925302028656006, -2.9273886680603027], "(2, 2, 1, 1)": [-2.8625617027282715, -2.8637642860412598, -2.7262492179870605, -2.905679225921631, 0.0], "(2, 3, 1, 1)": [-2.8978567123413086, -2.905679225921631, 0.0, 0.0, 0.0], "(2, 6, 1, 1)": [0.0, 0.0, 0.0, -2.919544219970703, 0.0], "(1, 4, 2, 2)": [-2.9284183979034424, -2.954882860183716, -2.954882860183716, -2.93666934967041, -2.9540274143218994], "(1, 3, 2, 2)": [-2.9030380249023438, -2.903975009918213, -2.9203739166259766, -2.905996322631836, -2.9203739166259766], "(1, 2, 2, 2)": [-2.9021973609924316, -2.903975009918213, -2.903975009918213, -2.9104855060577393, -2.9100513458251953], "(2, 4, 1, 1)": [-2.9063799381256104, 0.0, 0.0, -2.9051592350006104, 0.0], "(1, 5, 2, 2)": [-2.9415290355682373, 0.0, -2.941523551940918, -2.9415290355682373, -2.928175210952759], "(1, 7, 2, 2)": [-2.9036030769348145, -2.913403034210205, -2.9326560497283936, -2.6287171840667725, -2.8475098609924316], "(1, 6, 2, 2)": [-2.9548802375793457, -2.954871654510498, -2.9253158569335938, -2.941349506378174, -2.9354493618011475], "(3, 2, 2, 1)": [0.0, 0.0, 0.0, 0.0, -2.9286751747131348], "(1, 1, 2, 1)": [0.0, 0.0, -2.7224996089935303, 0.0, 0.0], "(1, 2, 2, 1)": [-2.8586246967315674, 0.0, 0.0, 0.0, 0.0]}, "n_values": {"(2, 7, 2, 2)": [950.0, 1004.0, 1093.0, 1195.0, 1153.0], "(2, 6, 2, 2)": [923.0, 958.0, 1013.0, 1118.0, 1136.0], "(2, 5, 2, 2)": [976.0, 947.0, 986.0, 996.0, 1075.0], "(2, 2, 2, 2)": [1073.0, 1031.0, 1008.0, 906.0, 894.0], "(2, 1, 2, 2)": [1210.0, 1060.0, 1006.0, 987.0, 910.0], "(2, 3, 2, 2)": [953.0, 918.0, 911.0, 970.0, 897.0], "(2, 4, 2, 2)": [952.0, 948.0, 934.0, 1009.0, 994.0], "(2, 6, 2, 3)": [44.0, 38.0, 43.0, 43.0, 35.0], "(2, 1, 2, 1)": [48.0, 40.0, 53.0, 40.0, 40.0], "(2, 2, 2, 1)": [35.0, 28.0, 27.0, 26.0, 31.0], "(2, 4, 2, 3)": [3.0, 21.0, 11.0, 10.0, 6.0], "(2, 3, 2, 3)": [4.0, 5.0, 7.0, 4.0, 2.0], "(2, 7, 2, 3)": [75.0, 54.0, 57.0, 50.0, 51.0], "(2, 5, 2, 3)": [22.0, 27.0, 18.0, 19.0, 18.0], "(2, 3, 2, 1)": [16.0, 22.0, 16.0, 15.0, 21.0], "(1, 1, 2, 2)": [4.0, 2.0, 2.0, 3.0, 3.0], "(2, 4, 2, 1)": [11.0, 7.0, 12.0, 6.0, 12.0], "(2, 1, 1, 1)": [1.0, 1.0, 2.0, 2.0, 1.0], "(2, 5, 3, 3)": [0.0, 1.0, 0.0, 0.0, 1.0], "(2, 5, 2, 1)": [4.0, 1.0, 2.0, 5.0, 5.0], "(3, 7, 2, 2)": [5.0, 4.0, 6.0, 6.0, 7.0], "(3, 6, 2, 2)": [7.0, 6.0, 6.0, 8.0, 7.0], "(2, 6, 2, 1)": [0.0, 1.0, 0.0, 0.0, 0.0], "(2, 7, 3, 3)": [0.0, 0.0, 1.0, 0.0, 1.0], "(3, 3, 2, 2)": [1.0, 2.0, 2.0, 3.0, 2.0], "(3, 4, 2, 2)": [3.0, 3.0, 2.0, 2.0, 2.0], "(3, 1, 2, 2)": [3.0, 5.0, 4.0, 3.0, 3.0], "(3, 2, 2, 2)": [2.0, 1.0, 3.0, 1.0, 2.0], "(3, 5, 2, 2)": [3.0, 2.0, 1.0, 4.0, 3.0], "(2, 2, 1, 1)": [1.0, 1.0, 1.0, 1.0, 0.0], "(2, 3, 1, 1)": [1.0, 1.0, 0.0, 0.0, 0.0], "(2, 6, 1, 1)": [0.0, 0.0, 0.0, 1.0, 0.0], "(1, 4, 2, 2)": [2.0, 1.0, 1.0, 3.0, 2.0], "(1, 3, 2, 2)": [3.0, 2.0, 3.0, 1.0, 3.0], "(1, 2, 2, 2)": [4.0, 2.0, 2.0, 3.0, 4.0], "(2, 4, 1, 1)": [1.0, 0.0, 0.0, 1.0, 0.0], "(1, 7, 2, 2)": [2.0, 1.0, 2.0, 3.0, 2.0], "(1, 6, 2, 2)": [1.0, 1.0, 1.0, 2.0, 2.0], "(1, 5, 2, 2)": [2.0, 0.0, 2.0, 2.0, 1.0], "(3, 2, 2, 1)": [0.0, 0.0, 0.0, 0.0, 1.0], "(1, 1, 2, 1)": [0.0, 0.0, 1.0, 0.0, 0.0], "(1, 2, 2, 1)": [1.0, 0.0, 0.0, 0.0, 0.0]}}