{"q_values": {"(2, 7, 2, 2)": [0.0, -2.908069133758545, -2.865428924560547, -2.899541139602661, 0.0], "(2, 6, 2, 2)": [0.0, -2.9109110832214355, -2.910201072692871, -2.910734176635742, -2.910900831222534], "(2, 5, 2, 2)": [0.0, -2.910911798477173, -2.910911798477173, 0.0, -2.910911798477173]}, "n_values": {"(2, 7, 2, 2)": [0.0, 1.0, 1.0, 1.0, 0.0], "(2, 6, 2, 2)": [0.0, 1.0, 1.0, 1.0, 1.0], "(2, 5, 2, 2)": [0.0, 1.0, 1.0, 0.0, 1.0]}}