{"q_values": {"(2, 7, 2, 2)": [-2.8301334381103516, -2.813924551010132, -2.803478479385376, -2.801252603530884, -2.8003134727478027], "(2, 6, 2, 2)": [-2.919142484664917, -2.9190635681152344, -2.919027805328369, -2.918236494064331, -2.91825532913208], "(2, 5, 2, 2)": [-2.9210736751556396, -2.9209957122802734, -2.9209659099578857, -2.9212703704833984, -2.921159029006958], "(2, 2, 2, 2)": [-2.918605327606201, -2.918632984161377, -2.918687343597412, -2.9191699028015137, -2.919482707977295], "(2, 1, 2, 2)": [-2.814754009246826, -2.815046548843384, -2.8213677406311035, -2.8180747032165527, -2.8213589191436768], "(2, 3, 2, 2)": [-2.9218060970306396, -2.921429395675659, -2.921574831008911, -2.9211158752441406, -2.921211004257202], "(2, 4, 2, 2)": [-2.921814203262329, -2.921839714050293, -2.9217875003814697, -2.92159104347229, -2.9215495586395264], "(2, 6, 2, 3)": [-2.9123828411102295, -2.9138739109039307, -2.904707670211792, -2.908172607421875, -2.908231735229492], "(2, 1, 2, 1)": [-2.436642646789551, -2.508862018585205, -2.496237277984619, -2.493865489959717, -2.5362794399261475], "(2, 2, 2, 1)": [-2.8946146965026855, -2.9033474922180176, -2.9079930782318115, -2.907918691635132, -2.9103357791900635], "(2, 4, 2, 3)": [-2.9192135334014893, -2.916102886199951, -2.9245920181274414, -2.9210023880004883, -2.9259860515594482], "(2, 3, 2, 3)": [-2.926220417022705, -2.9207139015197754, -2.9214603900909424, -2.926082134246826, -2.9403858184814453], "(2, 7, 2, 3)": [-2.5338006019592285, -2.5321319103240967, -2.5350840091705322, -2.5180177688598633, -2.5284600257873535], "(2, 5, 2, 3)": [-2.9192452430725098, -2.9202215671539307, -2.921776056289673, -2.9321792125701904, -2.9304308891296387], "(2, 3, 2, 1)": [-2.9298853874206543, -2.925091505050659, -2.9268105030059814, -2.9236080646514893, -2.927638530731201], "(1, 1, 2, 2)": [-2.5517075061798096, -2.883300304412842, -2.896270513534546, -2.415248155593872, -2.8489677906036377], "(2, 4, 2, 1)": [-2.9238264560699463, -2.9238247871398926, -2.9183106422424316, -2.9253790378570557, -2.9207475185394287], "(2, 1, 1, 1)": [-2.180999279022217, -2.7624711990356445, -2.1983280181884766, -2.473656415939331, -2.7802441120147705], "(2, 5, 3, 3)": [0.0, -2.9604110717773438, 0.0, 0.0, -2.9625813961029053], "(2, 5, 2, 1)": [-2.906925916671753, -2.9164083003997803, -2.9079113006591797, -2.923814058303833, -2.9230923652648926], "(3, 7, 2, 2)": [-2.91494083404541, -2.762845516204834, -2.7995686531066895, -2.7929768562316895, -2.600565195083618], "(3, 6, 2, 2)": [-2.9220166206359863, -2.9230217933654785, -2.9257278442382812, -2.92006778717041, -2.923309326171875], "(2, 6, 2, 1)": [0.0, -2.9173026084899902, 0.0, 0.0, 0.0], "(2, 7, 3, 3)": [0.0, 0.0, -2.1941394805908203, 0.0, -2.2071280479431152], "(3, 3, 2, 2)": [-2.9316818714141846, -2.9335179328918457, -2.9289767742156982, -2.9235787391662598, -2.9289767742156982], "(3, 4, 2, 2)": [-2.9208297729492188, -2.9208297729492188, -2.9275522232055664, -2.9275522232055664, -2.9275522232055664], "(3, 1, 2, 2)": [-2.9084980487823486, -2.7287185192108154, -2.915200710296631, -2.701117515563965, -2.8666934967041016], "(3, 2, 2, 2)": [-2.932321548461914, -2.926264524459839, -2.9329676628112793, -2.9219698905944824, -2.9340057373046875], "(3, 5, 2, 2)": [-2.9273886680603027, -2.9275522232055664, -2.9315378665924072, -2.925302028656006, -2.9273886680603027], "(2, 2, 1, 1)": [-2.8625617027282715, -2.8637642860412598, -2.7262492179870605, -2.905679225921631, 0.0], "(2, 3, 1, 1)": [-2.8978567123413086, -2.905679225921631, 0.0, 0.0, 0.0], "(2, 6, 1, 1)": [0.0, 0.0, 0.0, -2.919544219970703, 0.0], "(1, 4, 2, 2)": [-2.9284183979034424, -2.94140887260437, -2.94140887260437, -2.93666934967041, -2.9453299045562744], "(1, 3, 2, 2)": [-2.9030380249023438, -2.903975009918213, -2.9203739166259766, -2.905996322631836, -2.9203739166259766], "(1, 2, 2, 2)": [-2.9021973609924316, -2.903975009918213, -2.903975009918213, -2.9104855060577393, -2.9100513458251953], "(2, 4, 1, 1)": [-2.9063799381256104, 0.0, 0.0, -2.9051592350006104, 0.0], "(1, 5, 2, 2)": [-2.936997652053833, -2.9279348850250244, -2.9369940757751465, -2.936997652053833, -2.9280550479888916], "(1, 7, 2, 2)": [-2.9036030769348145, -2.913403034210205, -2.9326560497283936, -2.692084312438965, -2.8475098609924316], "(1, 6, 2, 2)": [-2.941401958465576, -2.9414029121398926, -2.926624059677124, -2.93306565284729, -2.932929754257202], "(3, 2, 2, 1)": [0.0, 0.0, 0.0, 0.0, -2.9286751747131348], "(1, 1, 2, 1)": [0.0, 0.0, -2.7224996089935303, 0.0, 0.0], "(1, 2, 2, 1)": [-2.8586246967315674, 0.0, 0.0, 0.0, 0.0], "(2, 4, 3, 3)": [-2.9138283729553223, 0.0, 0.0, 0.0, 0.0], "(2, 6, 3, 3)": [0.0, -2.880803108215332, 0.0, 0.0, 0.0]}, "n_values": {"(2, 7, 2, 2)": [1396.0, 1457.0, 1593.0, 1813.0, 1766.0], "(2, 6, 2, 2)": [1340.0, 1401.0, 1466.0, 1709.0, 1700.0], "(2, 5, 2, 2)": [1410.0, 1377.0, 1518.0, 1464.0, 1575.0], "(2, 2, 2, 2)": [1486.0, 1441.0, 1401.0, 1256.0, 1234.0], "(2, 1, 2, 2)": [1767.0, 1457.0, 1416.0, 1348.0, 1266.0], "(2, 3, 2, 2)": [1361.0, 1313.0, 1305.0, 1424.0, 1300.0], "(2, 4, 2, 2)": [1369.0, 1351.0, 1356.0, 1505.0, 1445.0], "(2, 6, 2, 3)": [63.0, 55.0, 71.0, 59.0, 49.0], "(2, 1, 2, 1)": [80.0, 63.0, 75.0, 55.0, 58.0], "(2, 2, 2, 1)": [50.0, 36.0, 33.0, 34.0, 44.0], "(2, 4, 2, 3)": [7.0, 26.0, 12.0, 16.0, 11.0], "(2, 3, 2, 3)": [6.0, 7.0, 7.0, 4.0, 2.0], "(2, 7, 2, 3)": [112.0, 82.0, 88.0, 86.0, 84.0], "(2, 5, 2, 3)": [38.0, 50.0, 28.0, 33.0, 27.0], "(2, 3, 2, 1)": [22.0, 29.0, 24.0, 26.0, 28.0], "(1, 1, 2, 2)": [5.0, 2.0, 3.0, 3.0, 3.0], "(2, 4, 2, 1)": [15.0, 9.0, 15.0, 6.0, 14.0], "(2, 1, 1, 1)": [1.0, 1.0, 3.0, 2.0, 1.0], "(2, 5, 3, 3)": [0.0, 1.0, 0.0, 0.0, 1.0], "(2, 5, 2, 1)": [4.0, 3.0, 3.0, 7.0, 5.0], "(3, 7, 2, 2)": [6.0, 5.0, 7.0, 7.0, 8.0], "(3, 6, 2, 2)": [7.0, 6.0, 7.0, 9.0, 8.0], "(2, 6, 2, 1)": [0.0, 1.0, 0.0, 0.0, 0.0], "(2, 7, 3, 3)": [0.0, 0.0, 2.0, 0.0, 1.0], "(3, 3, 2, 2)": [2.0, 3.0, 3.0, 4.0, 3.0], "(3, 4, 2, 2)": [3.0, 3.0, 2.0, 2.0, 2.0], "(3, 1, 2, 2)": [4.0, 5.0, 4.0, 4.0, 3.0], "(3, 2, 2, 2)": [3.0, 2.0, 4.0, 2.0, 2.0], "(3, 5, 2, 2)": [3.0, 2.0, 1.0, 4.0, 3.0], "(2, 2, 1, 1)": [1.0, 1.0, 1.0, 1.0, 0.0], "(2, 3, 1, 1)": [1.0, 1.0, 0.0, 0.0, 0.0], "(2, 6, 1, 1)": [0.0, 0.0, 0.0, 1.0, 0.0], "(1, 4, 2, 2)": [2.0, 2.0, 2.0, 3.0, 3.0], "(1, 3, 2, 2)": [3.0, 2.0, 3.0, 1.0, 3.0], "(1, 2, 2, 2)": [4.0, 2.0, 2.0, 3.0, 4.0], "(2, 4, 1, 1)": [1.0, 0.0, 0.0, 1.0, 0.0], "(1, 7, 2, 2)": [2.0, 1.0, 2.0, 4.0, 2.0], "(1, 6, 2, 2)": [2.0, 2.0, 2.0, 3.0, 3.0], "(1, 5, 2, 2)": [3.0, 1.0, 3.0, 3.0, 2.0], "(3, 2, 2, 1)": [0.0, 0.0, 0.0, 0.0, 1.0], "(1, 1, 2, 1)": [0.0, 0.0, 1.0, 0.0, 0.0], "(1, 2, 2, 1)": [1.0, 0.0, 0.0, 0.0, 0.0], "(2, 4, 3, 3)": [1.0, 0.0, 0.0, 0.0, 0.0], "(2, 6, 3, 3)": [0.0, 1.0, 0.0, 0.0, 0.0]}}