{"q_values": {"(2, 7, 2, 2)": [-2.8215973377227783, -2.7930567264556885, -2.82252836227417, -2.7535336017608643, -2.780484199523926], "(2, 6, 2, 2)": [-2.9212265014648438, -2.9183499813079834, -2.91976261138916, -2.917205572128296, -2.917257785797119], "(2, 5, 2, 2)": [-2.923302412033081, -2.9226136207580566, -2.922147035598755, -2.921966552734375, -2.9206631183624268], "(2, 2, 2, 2)": [-2.9190378189086914, -2.9190304279327393, -2.9181325435638428, -2.9189388751983643, -2.92106294631958], "(2, 1, 2, 2)": [-2.7606725692749023, -2.8139638900756836, -2.825899362564087, -2.813930034637451, -2.851663112640381], "(2, 3, 2, 2)": [-2.9212381839752197, -2.921339511871338, -2.9217257499694824, -2.9212985038757324, -2.921316146850586], "(2, 4, 2, 2)": [-2.925049066543579, -2.9239208698272705, -2.9231760501861572, -2.9236931800842285, -2.9235599040985107], "(2, 6, 2, 3)": [-2.9166994094848633, -2.918593645095825, -2.8961739540100098, -2.9189467430114746, -2.9230165481567383], "(2, 1, 2, 1)": [-2.4600653648376465, -2.612448215484619, -2.4802613258361816, -2.81626296043396, -2.7519893646240234], "(2, 2, 2, 1)": [-2.916919231414795, -2.9160077571868896, -2.9284424781799316, 0.0, -2.912069797515869], "(2, 4, 2, 3)": [-2.910507917404175, -2.9109740257263184, 0.0, -2.9051101207733154, -2.9631240367889404], "(2, 3, 2, 3)": [-2.9242451190948486, 0.0, -2.920964241027832, -2.9341859817504883, -2.9632935523986816], "(2, 7, 2, 3)": [-2.4613897800445557, -2.6445729732513428, -2.6619338989257812, -2.8606224060058594, -2.5617966651916504], "(2, 5, 2, 3)": [-2.9059033393859863, -2.91290020942688, 0.0, -2.921015739440918, 0.0], "(2, 3, 2, 1)": [-2.943758249282837, -2.9575860500335693, -2.9305572509765625, -2.9250197410583496, -2.927013635635376], "(1, 1, 2, 2)": [0.0, 0.0, 0.0, -2.203484535217285, 0.0], "(2, 4, 2, 1)": [-2.925053119659424, -2.93009877204895, 0.0, 0.0, -2.9093849658966064], "(2, 1, 1, 1)": [0.0, -2.7624711990356445, -2.2099769115448, 0.0, 0.0], "(2, 5, 3, 3)": [0.0, -2.9604110717773438, 0.0, 0.0, -2.9625813961029053]}, "n_values": {"(2, 7, 2, 2)": [51.0, 59.0, 62.0, 66.0, 61.0], "(2, 6, 2, 2)": [54.0, 60.0, 65.0, 64.0, 69.0], "(2, 5, 2, 2)": [52.0, 55.0, 63.0, 56.0, 72.0], "(2, 2, 2, 2)": [75.0, 65.0, 65.0, 59.0, 69.0], "(2, 1, 2, 2)": [87.0, 75.0, 81.0, 68.0, 61.0], "(2, 3, 2, 2)": [74.0, 67.0, 71.0, 74.0, 75.0], "(2, 4, 2, 2)": [68.0, 57.0, 62.0, 66.0, 61.0], "(2, 6, 2, 3)": [5.0, 4.0, 3.0, 6.0, 3.0], "(2, 1, 2, 1)": [5.0, 3.0, 4.0, 2.0, 2.0], "(2, 2, 2, 1)": [2.0, 4.0, 3.0, 0.0, 4.0], "(2, 4, 2, 3)": [1.0, 3.0, 0.0, 1.0, 1.0], "(2, 3, 2, 3)": [1.0, 0.0, 1.0, 2.0, 1.0], "(2, 7, 2, 3)": [4.0, 4.0, 5.0, 3.0, 3.0], "(2, 5, 2, 3)": [2.0, 3.0, 0.0, 3.0, 0.0], "(2, 3, 2, 1)": [1.0, 1.0, 2.0, 1.0, 2.0], "(1, 1, 2, 2)": [0.0, 0.0, 0.0, 1.0, 0.0], "(2, 4, 2, 1)": [1.0, 1.0, 0.0, 0.0, 2.0], "(2, 1, 1, 1)": [0.0, 1.0, 1.0, 0.0, 0.0], "(2, 5, 3, 3)": [0.0, 1.0, 0.0, 0.0, 1.0]}}