{"q_values": {"(2, 7, 2, 2)": [-2.843209743499756, -2.8115618228912354, -2.8115596771240234, -2.8041470050811768, -2.813382148742676], "(2, 6, 2, 2)": [-2.917933702468872, -2.9181554317474365, -2.918152093887329, -2.9171180725097656, -2.9171600341796875], "(2, 5, 2, 2)": [-2.9199483394622803, -2.9199042320251465, -2.9198973178863525, -2.920029401779175, -2.9199421405792236], "(2, 2, 2, 2)": [-2.9186480045318604, -2.917985200881958, -2.9177610874176025, -2.9187731742858887, -2.918665647506714], "(2, 1, 2, 2)": [-2.816079616546631, -2.8163299560546875, -2.838041067123413, -2.816193103790283, -2.838104724884033], "(2, 3, 2, 2)": [-2.9207394123077393, -2.9198484420776367, -2.9199821949005127, -2.919487953186035, -2.9200592041015625], "(2, 4, 2, 2)": [-2.9208600521087646, -2.9209423065185547, -2.9206342697143555, -2.9203383922576904, -2.920456647872925], "(2, 6, 2, 3)": [-2.912341356277466, -2.91241455078125, -2.8963401317596436, -2.9068775177001953, -2.911017894744873], "(2, 1, 2, 1)": [-2.403475284576416, -2.559389114379883, -2.507908344268799, -2.506091833114624, -2.5394246578216553], "(2, 2, 2, 1)": [-2.899219512939453, -2.903398036956787, -2.9199395179748535, -2.9070520401000977, -2.906794548034668], "(2, 4, 2, 3)": [-2.924433946609497, -2.915773868560791, -2.9223859310150146, -2.9231269359588623, -2.9315004348754883], "(2, 3, 2, 3)": [-2.9424171447753906, -2.915783643722534, -2.9214603900909424, -2.926082134246826, -2.9403858184814453], "(2, 7, 2, 3)": [-2.497887372970581, -2.5463695526123047, -2.5711967945098877, -2.599947214126587, -2.5132179260253906], "(2, 5, 2, 3)": [-2.9178779125213623, -2.9174587726593018, -2.92091703414917, -2.9330577850341797, -2.9297518730163574], "(2, 3, 2, 1)": [-2.9292519092559814, -2.924452543258667, -2.925351858139038, -2.9261622428894043, -2.926502227783203], "(1, 1, 2, 2)": [-2.5454204082489014, -2.883300304412842, -2.890618324279785, -2.415248155593872, -2.813103675842285], "(2, 4, 2, 1)": [-2.921318292617798, -2.9246225357055664, -2.9149396419525146, -2.929218292236328, -2.92192006111145], "(2, 1, 1, 1)": [-2.180999279022217, -2.7624711990356445, -2.1990232467651367, -2.765397071838379, -2.7802441120147705], "(2, 5, 3, 3)": [0.0, -2.9604110717773438, 0.0, 0.0, -2.9625813961029053], "(2, 5, 2, 1)": [-2.9054479598999023, -2.9029409885406494, -2.9023098945617676, -2.922107696533203, -2.9164907932281494], "(3, 7, 2, 2)": [-2.9157307147979736, -2.7206003665924072, -2.7608633041381836, -2.7698354721069336, -2.6155014038085938], "(3, 6, 2, 2)": [-2.9220166206359863, -2.9263787269592285, -2.9247114658355713, -2.9203875064849854, -2.924740791320801], "(2, 6, 2, 1)": [0.0, -2.9173026084899902, 0.0, 0.0, 0.0], "(2, 7, 3, 3)": [0.0, 0.0, -2.2019121646881104, 0.0, 0.0], "(3, 3, 2, 2)": [-2.9315378665924072, -2.934363842010498, -2.9275522232055664, -2.9208297729492188, -2.9275522232055664], "(3, 4, 2, 2)": [-2.9208297729492188, -2.9208297729492188, -2.9275522232055664, -2.9275522232055664, -2.9275522232055664], "(3, 1, 2, 2)": [-2.9136714935302734, -2.69144606590271, -2.9124977588653564, -2.5662198066711426, -2.8666934967041016], "(3, 2, 2, 2)": [-2.932927131652832, -2.9235663414001465, -2.93340802192688, -2.9235663414001465, -2.9340057373046875], "(3, 5, 2, 2)": [-2.9273886680603027, -2.9275522232055664, -2.9315378665924072, -2.925302028656006, -2.9273886680603027], "(2, 2, 1, 1)": [-2.8625617027282715, 0.0, -2.7262492179870605, -2.905679225921631, 0.0], "(2, 3, 1, 1)": [0.0, -2.905679225921631, 0.0, 0.0, 0.0], "(2, 6, 1, 1)": [0.0, 0.0, 0.0, -2.919544219970703, 0.0], "(1, 4, 2, 2)": [-2.901953935623169, 0.0, 0.0, -2.927562713623047, -2.953171968460083], "(1, 3, 2, 2)": [-2.9030380249023438, -2.903975009918213, -2.9203739166259766, -2.905996322631836, -2.9203739166259766], "(1, 2, 2, 2)": [-2.9021973609924316, -2.903975009918213, -2.903975009918213, -2.903975009918213, -2.905555248260498], "(2, 4, 1, 1)": [0.0, 0.0, 0.0, -2.9051592350006104, 0.0], "(1, 5, 2, 2)": [-2.928175210952759, 0.0, -2.928164005279541, -2.928175210952759, -2.928175210952759], "(1, 7, 2, 2)": [-2.9036030769348145, -2.913403034210205, -2.9219717979431152, -2.8349947929382324, -2.9248170852661133], "(1, 6, 2, 2)": [0.0, 0.0, -2.9253158569335938, -2.9279966354370117, -2.9167370796203613], "(3, 2, 2, 1)": [0.0, 0.0, 0.0, 0.0, -2.9286751747131348], "(1, 1, 2, 1)": [0.0, 0.0, -2.7224996089935303, 0.0, 0.0], "(1, 2, 2, 1)": [-2.8586246967315674, 0.0, 0.0, 0.0, 0.0]}, "n_values": {"(2, 7, 2, 2)": [772.0, 827.0, 873.0, 950.0, 938.0], "(2, 6, 2, 2)": [756.0, 763.0, 823.0, 891.0, 912.0], "(2, 5, 2, 2)": [771.0, 747.0, 759.0, 797.0, 859.0], "(2, 2, 2, 2)": [886.0, 857.0, 806.0, 737.0, 736.0], "(2, 1, 2, 2)": [981.0, 867.0, 842.0, 827.0, 750.0], "(2, 3, 2, 2)": [779.0, 759.0, 738.0, 787.0, 727.0], "(2, 4, 2, 2)": [765.0, 758.0, 745.0, 803.0, 783.0], "(2, 6, 2, 3)": [36.0, 30.0, 36.0, 35.0, 26.0], "(2, 1, 2, 1)": [40.0, 34.0, 46.0, 35.0, 33.0], "(2, 2, 2, 1)": [32.0, 26.0, 23.0, 25.0, 28.0], "(2, 4, 2, 3)": [3.0, 19.0, 10.0, 9.0, 6.0], "(2, 3, 2, 3)": [2.0, 5.0, 7.0, 4.0, 2.0], "(2, 7, 2, 3)": [52.0, 44.0, 48.0, 37.0, 42.0], "(2, 5, 2, 3)": [19.0, 24.0, 15.0, 13.0, 14.0], "(2, 3, 2, 1)": [13.0, 19.0, 14.0, 13.0, 17.0], "(1, 1, 2, 2)": [3.0, 2.0, 1.0, 3.0, 2.0], "(2, 4, 2, 1)": [10.0, 6.0, 11.0, 4.0, 11.0], "(2, 1, 1, 1)": [1.0, 1.0, 2.0, 1.0, 1.0], "(2, 5, 3, 3)": [0.0, 1.0, 0.0, 0.0, 1.0], "(2, 5, 2, 1)": [2.0, 1.0, 1.0, 5.0, 3.0], "(3, 7, 2, 2)": [4.0, 4.0, 5.0, 6.0, 6.0], "(3, 6, 2, 2)": [7.0, 5.0, 6.0, 7.0, 6.0], "(2, 6, 2, 1)": [0.0, 1.0, 0.0, 0.0, 0.0], "(2, 7, 3, 3)": [0.0, 0.0, 1.0, 0.0, 0.0], "(3, 3, 2, 2)": [1.0, 2.0, 2.0, 3.0, 2.0], "(3, 4, 2, 2)": [3.0, 3.0, 2.0, 2.0, 2.0], "(3, 1, 2, 2)": [2.0, 4.0, 3.0, 2.0, 3.0], "(3, 2, 2, 2)": [2.0, 1.0, 3.0, 1.0, 2.0], "(3, 5, 2, 2)": [3.0, 2.0, 1.0, 4.0, 3.0], "(2, 2, 1, 1)": [1.0, 0.0, 1.0, 1.0, 0.0], "(2, 3, 1, 1)": [0.0, 1.0, 0.0, 0.0, 0.0], "(2, 6, 1, 1)": [0.0, 0.0, 0.0, 1.0, 0.0], "(1, 4, 2, 2)": [1.0, 0.0, 0.0, 2.0, 1.0], "(1, 3, 2, 2)": [3.0, 2.0, 3.0, 1.0, 3.0], "(1, 2, 2, 2)": [4.0, 2.0, 2.0, 2.0, 3.0], "(2, 4, 1, 1)": [0.0, 0.0, 0.0, 1.0, 0.0], "(1, 7, 2, 2)": [2.0, 1.0, 1.0, 2.0, 1.0], "(1, 6, 2, 2)": [0.0, 0.0, 1.0, 1.0, 1.0], "(1, 5, 2, 2)": [1.0, 0.0, 1.0, 1.0, 1.0], "(3, 2, 2, 1)": [0.0, 0.0, 0.0, 0.0, 1.0], "(1, 1, 2, 1)": [0.0, 0.0, 1.0, 0.0, 0.0], "(1, 2, 2, 1)": [1.0, 0.0, 0.0, 0.0, 0.0]}}