{"q_values": {"(2, 7, 2, 2)": [-2.834134340286255, -2.8139593601226807, -2.8088252544403076, -2.8048977851867676, -2.8053548336029053], "(2, 6, 2, 2)": [-2.9189445972442627, -2.918799877166748, -2.918910503387451, -2.917802095413208, -2.918100357055664], "(2, 5, 2, 2)": [-2.920668125152588, -2.9206466674804688, -2.9205410480499268, -2.921036958694458, -2.9208271503448486], "(2, 2, 2, 2)": [-2.9185872077941895, -2.918323516845703, -2.918307304382324, -2.918959140777588, -2.9191949367523193], "(2, 1, 2, 2)": [-2.8131556510925293, -2.8142619132995605, -2.8294785022735596, -2.8198275566101074, -2.8270103931427], "(2, 3, 2, 2)": [-2.9213993549346924, -2.920792818069458, -2.920996904373169, -2.9205586910247803, -2.9205992221832275], "(2, 4, 2, 2)": [-2.921511650085449, -2.9214539527893066, -2.9212636947631836, -2.9210498332977295, -2.921250820159912], "(2, 6, 2, 3)": [-2.913313388824463, -2.9112448692321777, -2.903264284133911, -2.9079699516296387, -2.9078874588012695], "(2, 1, 2, 1)": [-2.4311227798461914, -2.5520200729370117, -2.496619939804077, -2.496553897857666, -2.5432350635528564], "(2, 2, 2, 1)": [-2.896435022354126, -2.906521797180176, -2.9099483489990234, -2.909022569656372, -2.908644437789917], "(2, 4, 2, 3)": [-2.9200658798217773, -2.9162604808807373, -2.9219937324523926, -2.9200122356414795, -2.925746440887451], "(2, 3, 2, 3)": [-2.9285659790039062, -2.9163973331451416, -2.9214603900909424, -2.926082134246826, -2.9403858184814453], "(2, 7, 2, 3)": [-2.499884605407715, -2.5246212482452393, -2.536271810531616, -2.551706314086914, -2.512925624847412], "(2, 5, 2, 3)": [-2.9181036949157715, -2.918172836303711, -2.922262668609619, -2.930553674697876, -2.9294638633728027], "(2, 3, 2, 1)": [-2.9271886348724365, -2.9231185913085938, -2.926260471343994, -2.922206163406372, -2.9267830848693848], "(1, 1, 2, 2)": [-2.6399083137512207, -2.883300304412842, -2.901374578475952, -2.415248155593872, -2.8489677906036377], "(2, 4, 2, 1)": [-2.9213435649871826, -2.923004388809204, -2.916341543197632, -2.9253790378570557, -2.9207403659820557], "(2, 1, 1, 1)": [-2.180999279022217, -2.7624711990356445, -2.1990232467651367, -2.473656415939331, -2.7802441120147705], "(2, 5, 3, 3)": [0.0, -2.9604110717773438, 0.0, 0.0, -2.9625813961029053], "(2, 5, 2, 1)": [-2.906925916671753, -2.9029409885406494, -2.9024834632873535, -2.9200432300567627, -2.9230923652648926], "(3, 7, 2, 2)": [-2.91494083404541, -2.762845516204834, -2.7995686531066895, -2.7929768562316895, -2.600565195083618], "(3, 6, 2, 2)": [-2.9220166206359863, -2.9230217933654785, -2.9257278442382812, -2.92006778717041, -2.923309326171875], "(2, 6, 2, 1)": [0.0, -2.9173026084899902, 0.0, 0.0, 0.0], "(2, 7, 3, 3)": [0.0, 0.0, -2.2019121646881104, 0.0, -2.2071280479431152], "(3, 3, 2, 2)": [-2.9316818714141846, -2.9335179328918457, -2.9289767742156982, -2.9235787391662598, -2.9289767742156982], "(3, 4, 2, 2)": [-2.9208297729492188, -2.9208297729492188, -2.9275522232055664, -2.9275522232055664, -2.9275522232055664], "(3, 1, 2, 2)": [-2.9084980487823486, -2.7287185192108154, -2.915200710296631, -2.701117515563965, -2.8666934967041016], "(3, 2, 2, 2)": [-2.932321548461914, -2.926264524459839, -2.9329676628112793, -2.9219698905944824, -2.9340057373046875], "(3, 5, 2, 2)": [-2.9273886680603027, -2.9275522232055664, -2.9315378665924072, -2.925302028656006, -2.9273886680603027], "(2, 2, 1, 1)": [-2.8625617027282715, -2.8637642860412598, -2.7262492179870605, -2.905679225921631, 0.0], "(2, 3, 1, 1)": [-2.8978567123413086, -2.905679225921631, 0.0, 0.0, 0.0], "(2, 6, 1, 1)": [0.0, 0.0, 0.0, -2.919544219970703, 0.0], "(1, 4, 2, 2)": [-2.9284183979034424, -2.954882860183716, -2.954882860183716, -2.93666934967041, -2.9540274143218994], "(1, 3, 2, 2)": [-2.9030380249023438, -2.903975009918213, -2.9203739166259766, -2.905996322631836, -2.9203739166259766], "(1, 2, 2, 2)": [-2.9021973609924316, -2.903975009918213, -2.903975009918213, -2.9104855060577393, -2.9100513458251953], "(2, 4, 1, 1)": [-2.9063799381256104, 0.0, 0.0, -2.9051592350006104, 0.0], "(1, 5, 2, 2)": [-2.9415290355682373, 0.0, -2.941523551940918, -2.9415290355682373, -2.928175210952759], "(1, 7, 2, 2)": [-2.9036030769348145, -2.913403034210205, -2.9326560497283936, -2.6287171840667725, -2.8475098609924316], "(1, 6, 2, 2)": [-2.9548802375793457, -2.954871654510498, -2.9253158569335938, -2.941349506378174, -2.9354493618011475], "(3, 2, 2, 1)": [0.0, 0.0, 0.0, 0.0, -2.9286751747131348], "(1, 1, 2, 1)": [0.0, 0.0, -2.7224996089935303, 0.0, 0.0], "(1, 2, 2, 1)": [-2.8586246967315674, 0.0, 0.0, 0.0, 0.0], "(2, 4, 3, 3)": [-2.9138283729553223, 0.0, 0.0, 0.0, 0.0], "(2, 6, 3, 3)": [0.0, -2.880803108215332, 0.0, 0.0, 0.0]}, "n_values": {"(2, 7, 2, 2)": [1103.0, 1185.0, 1282.0, 1435.0, 1373.0], "(2, 6, 2, 2)": [1081.0, 1121.0, 1189.0, 1333.0, 1342.0], "(2, 5, 2, 2)": [1139.0, 1102.0, 1173.0, 1164.0, 1257.0], "(2, 2, 2, 2)": [1190.0, 1145.0, 1120.0, 1012.0, 999.0], "(2, 1, 2, 2)": [1375.0, 1195.0, 1135.0, 1102.0, 1026.0], "(2, 3, 2, 2)": [1080.0, 1046.0, 1039.0, 1119.0, 1025.0], "(2, 4, 2, 2)": [1106.0, 1091.0, 1085.0, 1188.0, 1157.0], "(2, 6, 2, 3)": [50.0, 44.0, 55.0, 50.0, 42.0], "(2, 1, 2, 1)": [60.0, 46.0, 57.0, 45.0, 47.0], "(2, 2, 2, 1)": [37.0, 30.0, 28.0, 28.0, 36.0], "(2, 4, 2, 3)": [4.0, 23.0, 11.0, 11.0, 8.0], "(2, 3, 2, 3)": [5.0, 6.0, 7.0, 4.0, 2.0], "(2, 7, 2, 3)": [85.0, 61.0, 67.0, 63.0, 62.0], "(2, 5, 2, 3)": [25.0, 37.0, 22.0, 24.0, 22.0], "(2, 3, 2, 1)": [19.0, 23.0, 22.0, 18.0, 25.0], "(1, 1, 2, 2)": [4.0, 2.0, 2.0, 3.0, 3.0], "(2, 4, 2, 1)": [12.0, 8.0, 13.0, 6.0, 12.0], "(2, 1, 1, 1)": [1.0, 1.0, 2.0, 2.0, 1.0], "(2, 5, 3, 3)": [0.0, 1.0, 0.0, 0.0, 1.0], "(2, 5, 2, 1)": [4.0, 1.0, 2.0, 6.0, 5.0], "(3, 7, 2, 2)": [6.0, 5.0, 7.0, 7.0, 8.0], "(3, 6, 2, 2)": [7.0, 6.0, 7.0, 9.0, 8.0], "(2, 6, 2, 1)": [0.0, 1.0, 0.0, 0.0, 0.0], "(2, 7, 3, 3)": [0.0, 0.0, 1.0, 0.0, 1.0], "(3, 3, 2, 2)": [2.0, 3.0, 3.0, 4.0, 3.0], "(3, 4, 2, 2)": [3.0, 3.0, 2.0, 2.0, 2.0], "(3, 1, 2, 2)": [4.0, 5.0, 4.0, 4.0, 3.0], "(3, 2, 2, 2)": [3.0, 2.0, 4.0, 2.0, 2.0], "(3, 5, 2, 2)": [3.0, 2.0, 1.0, 4.0, 3.0], "(2, 2, 1, 1)": [1.0, 1.0, 1.0, 1.0, 0.0], "(2, 3, 1, 1)": [1.0, 1.0, 0.0, 0.0, 0.0], "(2, 6, 1, 1)": [0.0, 0.0, 0.0, 1.0, 0.0], "(1, 4, 2, 2)": [2.0, 1.0, 1.0, 3.0, 2.0], "(1, 3, 2, 2)": [3.0, 2.0, 3.0, 1.0, 3.0], "(1, 2, 2, 2)": [4.0, 2.0, 2.0, 3.0, 4.0], "(2, 4, 1, 1)": [1.0, 0.0, 0.0, 1.0, 0.0], "(1, 7, 2, 2)": [2.0, 1.0, 2.0, 3.0, 2.0], "(1, 6, 2, 2)": [1.0, 1.0, 1.0, 2.0, 2.0], "(1, 5, 2, 2)": [2.0, 0.0, 2.0, 2.0, 1.0], "(3, 2, 2, 1)": [0.0, 0.0, 0.0, 0.0, 1.0], "(1, 1, 2, 1)": [0.0, 0.0, 1.0, 0.0, 0.0], "(1, 2, 2, 1)": [1.0, 0.0, 0.0, 0.0, 0.0], "(2, 4, 3, 3)": [1.0, 0.0, 0.0, 0.0, 0.0], "(2, 6, 3, 3)": [0.0, 1.0, 0.0, 0.0, 0.0]}}