{"q_values": {"(2, 7, 2, 2)": [-2.8411333560943604, -2.8050806522369385, -2.8155508041381836, -2.792656660079956, -2.8042428493499756], "(2, 6, 2, 2)": [-2.9183125495910645, -2.9176580905914307, -2.9190187454223633, -2.9168179035186768, -2.9173128604888916], "(2, 5, 2, 2)": [-2.9203972816467285, -2.9200494289398193, -2.9202866554260254, -2.920450448989868, -2.9200401306152344], "(2, 2, 2, 2)": [-2.917710781097412, -2.917508363723755, -2.917814254760742, -2.917696952819824, -2.9179086685180664], "(2, 1, 2, 2)": [-2.803842782974243, -2.825772523880005, -2.844966411590576, -2.8233299255371094, -2.8449361324310303], "(2, 3, 2, 2)": [-2.919813394546509, -2.9193637371063232, -2.91965651512146, -2.919071674346924, -2.9198598861694336], "(2, 4, 2, 2)": [-2.92102313041687, -2.9219563007354736, -2.9215598106384277, -2.9208595752716064, -2.9209916591644287], "(2, 6, 2, 3)": [-2.914311408996582, -2.9157042503356934, -2.8919742107391357, -2.9089162349700928, -2.911332845687866], "(2, 1, 2, 1)": [-2.402493476867676, -2.59026837348938, -2.4137821197509766, -2.4454703330993652, -2.5868396759033203], "(2, 2, 2, 1)": [-2.886671781539917, -2.9071404933929443, -2.91693115234375, -2.9083786010742188, -2.915635108947754], "(2, 4, 2, 3)": [-2.910507917404175, -2.911952018737793, -2.9248926639556885, -2.920112133026123, -2.938131809234619], "(2, 3, 2, 3)": [-2.9242451190948486, 0.0, -2.9170572757720947, -2.9341859817504883, -2.9632935523986816], "(2, 7, 2, 3)": [-2.4707388877868652, -2.496053457260132, -2.587587356567383, -2.568225145339966, -2.56247878074646], "(2, 5, 2, 3)": [-2.9163031578063965, -2.910355567932129, -2.9152626991271973, -2.922433614730835, -2.933075428009033], "(2, 3, 2, 1)": [-2.9259839057922363, -2.9282000064849854, -2.926152467727661, -2.938218116760254, -2.9210782051086426], "(1, 1, 2, 2)": [0.0, 0.0, 0.0, -2.203484535217285, 0.0], "(2, 4, 2, 1)": [-2.9170119762420654, -2.93009877204895, -2.9154276847839355, -2.9753928184509277, -2.9180421829223633], "(2, 1, 1, 1)": [0.0, -2.7624711990356445, -2.2099769115448, -2.765397071838379, 0.0], "(2, 5, 3, 3)": [0.0, -2.9604110717773438, 0.0, 0.0, -2.9625813961029053], "(2, 5, 2, 1)": [0.0, 0.0, -2.9023098945617676, -2.908555507659912, -2.9178805351257324], "(3, 7, 2, 2)": [-2.9103925228118896, -2.530806541442871, -2.6723928451538086, -2.9176998138427734, -2.914161205291748], "(3, 6, 2, 2)": [-2.919904947280884, -2.9270224571228027, -2.9270224571228027, -2.919907808303833, -2.9270224571228027], "(2, 6, 2, 1)": [0.0, -2.9173026084899902, 0.0, 0.0, 0.0], "(2, 7, 3, 3)": [0.0, 0.0, -2.2019121646881104, 0.0, 0.0], "(3, 3, 2, 2)": [0.0, -2.9235663414001465, -2.9235663414001465, -2.915475845336914, -2.9235663414001465], "(3, 4, 2, 2)": [-2.915475845336914, -2.915475845336914, -2.9235663414001465, -2.9235663414001465, -2.9235663414001465], "(3, 1, 2, 2)": [0.0, -2.8778858184814453, -2.9235663414001465, -2.9235663414001465, -2.9235663414001465], "(3, 2, 2, 2)": [-2.9235663414001465, -2.9235663414001465, -2.9235663414001465, -2.9235663414001465, -2.9235663414001465], "(3, 5, 2, 2)": [-2.9235663414001465, -2.9235663414001465, 0.0, -2.9235663414001465, -2.9235663414001465], "(2, 2, 1, 1)": [0.0, 0.0, 0.0, -2.905679225921631, 0.0], "(2, 3, 1, 1)": [0.0, -2.905679225921631, 0.0, 0.0, 0.0]}, "n_values": {"(2, 7, 2, 2)": [239.0, 264.0, 263.0, 277.0, 288.0], "(2, 6, 2, 2)": [225.0, 242.0, 254.0, 265.0, 286.0], "(2, 5, 2, 2)": [234.0, 227.0, 233.0, 260.0, 286.0], "(2, 2, 2, 2)": [273.0, 263.0, 247.0, 220.0, 227.0], "(2, 1, 2, 2)": [327.0, 293.0, 290.0, 266.0, 243.0], "(2, 3, 2, 2)": [262.0, 243.0, 244.0, 252.0, 243.0], "(2, 4, 2, 2)": [246.0, 241.0, 234.0, 258.0, 250.0], "(2, 6, 2, 3)": [14.0, 7.0, 15.0, 16.0, 14.0], "(2, 1, 2, 1)": [9.0, 9.0, 16.0, 12.0, 7.0], "(2, 2, 2, 1)": [9.0, 8.0, 10.0, 6.0, 9.0], "(2, 4, 2, 3)": [1.0, 5.0, 2.0, 2.0, 2.0], "(2, 3, 2, 3)": [1.0, 0.0, 2.0, 2.0, 1.0], "(2, 7, 2, 3)": [21.0, 17.0, 16.0, 13.0, 18.0], "(2, 5, 2, 3)": [9.0, 9.0, 3.0, 5.0, 4.0], "(2, 3, 2, 1)": [3.0, 4.0, 5.0, 2.0, 6.0], "(1, 1, 2, 2)": [0.0, 0.0, 0.0, 1.0, 0.0], "(2, 4, 2, 1)": [2.0, 1.0, 4.0, 1.0, 4.0], "(2, 1, 1, 1)": [0.0, 1.0, 1.0, 1.0, 0.0], "(2, 5, 3, 3)": [0.0, 1.0, 0.0, 0.0, 1.0], "(2, 5, 2, 1)": [0.0, 0.0, 1.0, 1.0, 2.0], "(3, 7, 2, 2)": [3.0, 2.0, 3.0, 2.0, 2.0], "(3, 6, 2, 2)": [3.0, 2.0, 2.0, 3.0, 2.0], "(2, 6, 2, 1)": [0.0, 1.0, 0.0, 0.0, 0.0], "(2, 7, 3, 3)": [0.0, 0.0, 1.0, 0.0, 0.0], "(3, 3, 2, 2)": [0.0, 1.0, 1.0, 2.0, 1.0], "(3, 4, 2, 2)": [2.0, 2.0, 1.0, 1.0, 1.0], "(3, 1, 2, 2)": [0.0, 1.0, 1.0, 1.0, 1.0], "(3, 2, 2, 2)": [1.0, 1.0, 1.0, 1.0, 1.0], "(3, 5, 2, 2)": [1.0, 1.0, 0.0, 1.0, 1.0], "(2, 2, 1, 1)": [0.0, 0.0, 0.0, 1.0, 0.0], "(2, 3, 1, 1)": [0.0, 1.0, 0.0, 0.0, 0.0]}}