{"q_values": {"(2, 7, 2, 2)": [-2.831962823867798, -2.814284563064575, -2.8032124042510986, -2.804548740386963, -2.8030312061309814], "(2, 6, 2, 2)": [-2.919093370437622, -2.9189553260803223, -2.918990135192871, -2.918269157409668, -2.918201446533203], "(2, 5, 2, 2)": [-2.920977830886841, -2.920942544937134, -2.920879602432251, -2.9212915897369385, -2.921079397201538], "(2, 2, 2, 2)": [-2.9185009002685547, -2.9183943271636963, -2.9184155464172363, -2.918954610824585, -2.9192042350769043], "(2, 1, 2, 2)": [-2.811763048171997, -2.8158974647521973, -2.8235700130462646, -2.819955348968506, -2.8224966526031494], "(2, 3, 2, 2)": [-2.921701431274414, -2.9212419986724854, -2.9213638305664062, -2.920938730239868, -2.9210736751556396], "(2, 4, 2, 2)": [-2.9217689037323, -2.921699047088623, -2.921720027923584, -2.9214837551116943, -2.9215071201324463], "(2, 6, 2, 3)": [-2.912100076675415, -2.912787914276123, -2.904158353805542, -2.9092047214508057, -2.9081692695617676], "(2, 1, 2, 1)": [-2.4413950443267822, -2.522794723510742, -2.4915473461151123, -2.492692470550537, -2.537043571472168], "(2, 2, 2, 1)": [-2.8946146965026855, -2.9033474922180176, -2.9063720703125, -2.9092907905578613, -2.9099552631378174], "(2, 4, 2, 3)": [-2.9176855087280273, -2.916102886199951, -2.9245920181274414, -2.9232935905456543, -2.924947738647461], "(2, 3, 2, 3)": [-2.926220417022705, -2.9207139015197754, -2.9214603900909424, -2.926082134246826, -2.9403858184814453], "(2, 7, 2, 3)": [-2.526700019836426, -2.5318450927734375, -2.5414340496063232, -2.5063412189483643, -2.5321383476257324], "(2, 5, 2, 3)": [-2.91984224319458, -2.919210433959961, -2.9217803478240967, -2.9296998977661133, -2.9304137229919434], "(2, 3, 2, 1)": [-2.929342746734619, -2.92451810836792, -2.9268105030059814, -2.9244446754455566, -2.9268133640289307], "(1, 1, 2, 2)": [-2.5517075061798096, -2.883300304412842, -2.896270513534546, -2.415248155593872, -2.8489677906036377], "(2, 4, 2, 1)": [-2.9243955612182617, -2.9238247871398926, -2.9180119037628174, -2.9253790378570557, -2.92112398147583], "(2, 1, 1, 1)": [-2.180999279022217, -2.7624711990356445, -2.1983280181884766, -2.473656415939331, -2.7802441120147705], "(2, 5, 3, 3)": [0.0, -2.9604110717773438, 0.0, 0.0, -2.9625813961029053], "(2, 5, 2, 1)": [-2.906925916671753, -2.9166812896728516, -2.9079113006591797, -2.923814058303833, -2.9230923652648926], "(3, 7, 2, 2)": [-2.91494083404541, -2.762845516204834, -2.7995686531066895, -2.7929768562316895, -2.600565195083618], "(3, 6, 2, 2)": [-2.9220166206359863, -2.9230217933654785, -2.9257278442382812, -2.92006778717041, -2.923309326171875], "(2, 6, 2, 1)": [0.0, -2.9173026084899902, 0.0, 0.0, 0.0], "(2, 7, 3, 3)": [0.0, 0.0, -2.2019121646881104, 0.0, -2.2071280479431152], "(3, 3, 2, 2)": [-2.9316818714141846, -2.9335179328918457, -2.9289767742156982, -2.9235787391662598, -2.9289767742156982], "(3, 4, 2, 2)": [-2.9208297729492188, -2.9208297729492188, -2.9275522232055664, -2.9275522232055664, -2.9275522232055664], "(3, 1, 2, 2)": [-2.9084980487823486, -2.7287185192108154, -2.915200710296631, -2.701117515563965, -2.8666934967041016], "(3, 2, 2, 2)": [-2.932321548461914, -2.926264524459839, -2.9329676628112793, -2.9219698905944824, -2.9340057373046875], "(3, 5, 2, 2)": [-2.9273886680603027, -2.9275522232055664, -2.9315378665924072, -2.925302028656006, -2.9273886680603027], "(2, 2, 1, 1)": [-2.8625617027282715, -2.8637642860412598, -2.7262492179870605, -2.905679225921631, 0.0], "(2, 3, 1, 1)": [-2.8978567123413086, -2.905679225921631, 0.0, 0.0, 0.0], "(2, 6, 1, 1)": [0.0, 0.0, 0.0, -2.919544219970703, 0.0], "(1, 4, 2, 2)": [-2.9284183979034424, -2.954882860183716, -2.954882860183716, -2.93666934967041, -2.9540274143218994], "(1, 3, 2, 2)": [-2.9030380249023438, -2.903975009918213, -2.9203739166259766, -2.905996322631836, -2.9203739166259766], "(1, 2, 2, 2)": [-2.9021973609924316, -2.903975009918213, -2.903975009918213, -2.9104855060577393, -2.9100513458251953], "(2, 4, 1, 1)": [-2.9063799381256104, 0.0, 0.0, -2.9051592350006104, 0.0], "(1, 5, 2, 2)": [-2.9415290355682373, 0.0, -2.941523551940918, -2.9415290355682373, -2.928175210952759], "(1, 7, 2, 2)": [-2.9036030769348145, -2.913403034210205, -2.9326560497283936, -2.6287171840667725, -2.8475098609924316], "(1, 6, 2, 2)": [-2.9548802375793457, -2.954871654510498, -2.9253158569335938, -2.941349506378174, -2.9354493618011475], "(3, 2, 2, 1)": [0.0, 0.0, 0.0, 0.0, -2.9286751747131348], "(1, 1, 2, 1)": [0.0, 0.0, -2.7224996089935303, 0.0, 0.0], "(1, 2, 2, 1)": [-2.8586246967315674, 0.0, 0.0, 0.0, 0.0], "(2, 4, 3, 3)": [-2.9138283729553223, 0.0, 0.0, 0.0, 0.0], "(2, 6, 3, 3)": [0.0, -2.880803108215332, 0.0, 0.0, 0.0]}, "n_values": {"(2, 7, 2, 2)": [1309.0, 1370.0, 1494.0, 1703.0, 1637.0], "(2, 6, 2, 2)": [1259.0, 1309.0, 1382.0, 1599.0, 1594.0], "(2, 5, 2, 2)": [1325.0, 1292.0, 1412.0, 1371.0, 1483.0], "(2, 2, 2, 2)": [1396.0, 1361.0, 1323.0, 1189.0, 1176.0], "(2, 1, 2, 2)": [1647.0, 1396.0, 1336.0, 1278.0, 1195.0], "(2, 3, 2, 2)": [1287.0, 1248.0, 1236.0, 1347.0, 1228.0], "(2, 4, 2, 2)": [1296.0, 1277.0, 1277.0, 1421.0, 1354.0], "(2, 6, 2, 3)": [61.0, 50.0, 65.0, 56.0, 46.0], "(2, 1, 2, 1)": [76.0, 57.0, 70.0, 53.0, 53.0], "(2, 2, 2, 1)": [50.0, 36.0, 32.0, 33.0, 41.0], "(2, 4, 2, 3)": [6.0, 26.0, 12.0, 14.0, 10.0], "(2, 3, 2, 3)": [6.0, 7.0, 7.0, 4.0, 2.0], "(2, 7, 2, 3)": [105.0, 75.0, 80.0, 80.0, 78.0], "(2, 5, 2, 3)": [33.0, 44.0, 25.0, 29.0, 24.0], "(2, 3, 2, 1)": [21.0, 28.0, 24.0, 24.0, 26.0], "(1, 1, 2, 2)": [5.0, 2.0, 3.0, 3.0, 3.0], "(2, 4, 2, 1)": [14.0, 9.0, 14.0, 6.0, 13.0], "(2, 1, 1, 1)": [1.0, 1.0, 3.0, 2.0, 1.0], "(2, 5, 3, 3)": [0.0, 1.0, 0.0, 0.0, 1.0], "(2, 5, 2, 1)": [4.0, 2.0, 3.0, 7.0, 5.0], "(3, 7, 2, 2)": [6.0, 5.0, 7.0, 7.0, 8.0], "(3, 6, 2, 2)": [7.0, 6.0, 7.0, 9.0, 8.0], "(2, 6, 2, 1)": [0.0, 1.0, 0.0, 0.0, 0.0], "(2, 7, 3, 3)": [0.0, 0.0, 1.0, 0.0, 1.0], "(3, 3, 2, 2)": [2.0, 3.0, 3.0, 4.0, 3.0], "(3, 4, 2, 2)": [3.0, 3.0, 2.0, 2.0, 2.0], "(3, 1, 2, 2)": [4.0, 5.0, 4.0, 4.0, 3.0], "(3, 2, 2, 2)": [3.0, 2.0, 4.0, 2.0, 2.0], "(3, 5, 2, 2)": [3.0, 2.0, 1.0, 4.0, 3.0], "(2, 2, 1, 1)": [1.0, 1.0, 1.0, 1.0, 0.0], "(2, 3, 1, 1)": [1.0, 1.0, 0.0, 0.0, 0.0], "(2, 6, 1, 1)": [0.0, 0.0, 0.0, 1.0, 0.0], "(1, 4, 2, 2)": [2.0, 1.0, 1.0, 3.0, 2.0], "(1, 3, 2, 2)": [3.0, 2.0, 3.0, 1.0, 3.0], "(1, 2, 2, 2)": [4.0, 2.0, 2.0, 3.0, 4.0], "(2, 4, 1, 1)": [1.0, 0.0, 0.0, 1.0, 0.0], "(1, 7, 2, 2)": [2.0, 1.0, 2.0, 3.0, 2.0], "(1, 6, 2, 2)": [1.0, 1.0, 1.0, 2.0, 2.0], "(1, 5, 2, 2)": [2.0, 0.0, 2.0, 2.0, 1.0], "(3, 2, 2, 1)": [0.0, 0.0, 0.0, 0.0, 1.0], "(1, 1, 2, 1)": [0.0, 0.0, 1.0, 0.0, 0.0], "(1, 2, 2, 1)": [1.0, 0.0, 0.0, 0.0, 0.0], "(2, 4, 3, 3)": [1.0, 0.0, 0.0, 0.0, 0.0], "(2, 6, 3, 3)": [0.0, 1.0, 0.0, 0.0, 0.0]}}