{"q_values": {"(2, 7, 2, 2)": [-2.8306212425231934, -2.813382625579834, -2.8036701679229736, -2.799896717071533, -2.799830913543701], "(2, 6, 2, 2)": [-2.919126510620117, -2.9190638065338135, -2.919004201889038, -2.9181699752807617, -2.918337821960449], "(2, 5, 2, 2)": [-2.9209952354431152, -2.920874834060669, -2.9208121299743652, -2.921208620071411, -2.9210712909698486], "(2, 2, 2, 2)": [-2.918630599975586, -2.9187042713165283, -2.918724536895752, -2.9191858768463135, -2.9195356369018555], "(2, 1, 2, 2)": [-2.8156025409698486, -2.8140482902526855, -2.8206255435943604, -2.8184592723846436, -2.8216514587402344], "(2, 3, 2, 2)": [-2.9216763973236084, -2.9212722778320312, -2.9213898181915283, -2.920931816101074, -2.921074390411377], "(2, 4, 2, 2)": [-2.9216115474700928, -2.9215829372406006, -2.921628713607788, -2.921440362930298, -2.9214060306549072], "(2, 6, 2, 3)": [-2.911406993865967, -2.9139020442962646, -2.905846118927002, -2.907891035079956, -2.9047231674194336], "(2, 1, 2, 1)": [-2.4314138889312744, -2.506730318069458, -2.4920313358306885, -2.509408950805664, -2.525092124938965], "(2, 2, 2, 1)": [-2.8945999145507812, -2.9033474922180176, -2.9079930782318115, -2.9077789783477783, -2.9103357791900635], "(2, 4, 2, 3)": [-2.9192135334014893, -2.9161128997802734, -2.9245920181274414, -2.9229190349578857, -2.924138069152832], "(2, 3, 2, 3)": [-2.926220417022705, -2.9191761016845703, -2.9214603900909424, -2.926082134246826, -2.9403858184814453], "(2, 7, 2, 3)": [-2.5336291790008545, -2.5321319103240967, -2.5323591232299805, -2.5211215019226074, -2.5178983211517334], "(2, 5, 2, 3)": [-2.919830322265625, -2.9202215671539307, -2.92177677154541, -2.9320762157440186, -2.930177688598633], "(2, 3, 2, 1)": [-2.9298853874206543, -2.92435622215271, -2.927286386489868, -2.9232873916625977, -2.9274742603302], "(1, 1, 2, 2)": [-2.5517075061798096, -2.883300304412842, -2.896270513534546, -2.415248155593872, -2.8489677906036377], "(2, 4, 2, 1)": [-2.9225268363952637, -2.9258835315704346, -2.9183106422424316, -2.928098201751709, -2.9207475185394287], "(2, 1, 1, 1)": [-2.180999279022217, -2.7624711990356445, -2.1983280181884766, -2.473656415939331, -2.7802441120147705], "(2, 5, 3, 3)": [0.0, -2.932105541229248, 0.0, 0.0, -2.9625813961029053], "(2, 5, 2, 1)": [-2.9144232273101807, -2.9164083003997803, -2.9079113006591797, -2.923814058303833, -2.9230923652648926], "(3, 7, 2, 2)": [-2.91494083404541, -2.762845516204834, -2.7995686531066895, -2.7929768562316895, -2.600565195083618], "(3, 6, 2, 2)": [-2.9220166206359863, -2.9230217933654785, -2.9257278442382812, -2.92006778717041, -2.923309326171875], "(2, 6, 2, 1)": [0.0, -2.9173026084899902, 0.0, 0.0, 0.0], "(2, 7, 3, 3)": [0.0, 0.0, -2.1941394805908203, 0.0, -2.2071280479431152], "(3, 3, 2, 2)": [-2.9316818714141846, -2.9335179328918457, -2.9289767742156982, -2.9235787391662598, -2.9289767742156982], "(3, 4, 2, 2)": [-2.9208297729492188, -2.9208297729492188, -2.9275522232055664, -2.9275522232055664, -2.9275522232055664], "(3, 1, 2, 2)": [-2.9084980487823486, -2.7287185192108154, -2.915200710296631, -2.701117515563965, -2.8666934967041016], "(3, 2, 2, 2)": [-2.932321548461914, -2.926264524459839, -2.9329676628112793, -2.9219698905944824, -2.9340057373046875], "(3, 5, 2, 2)": [-2.9273886680603027, -2.9275522232055664, -2.9315378665924072, -2.925302028656006, -2.9273886680603027], "(2, 2, 1, 1)": [-2.8625617027282715, -2.8637642860412598, -2.7262492179870605, -2.905679225921631, 0.0], "(2, 3, 1, 1)": [-2.8978567123413086, -2.905679225921631, 0.0, 0.0, 0.0], "(2, 6, 1, 1)": [0.0, 0.0, 0.0, -2.919544219970703, 0.0], "(1, 4, 2, 2)": [-2.9284183979034424, -2.94140887260437, -2.94140887260437, -2.93666934967041, -2.9453299045562744], "(1, 3, 2, 2)": [-2.9030380249023438, -2.903975009918213, -2.9203739166259766, -2.905996322631836, -2.9203739166259766], "(1, 2, 2, 2)": [-2.9021973609924316, -2.903975009918213, -2.903975009918213, -2.9104855060577393, -2.9100513458251953], "(2, 4, 1, 1)": [-2.9063799381256104, 0.0, 0.0, -2.9051592350006104, 0.0], "(1, 5, 2, 2)": [-2.936997652053833, -2.9279348850250244, -2.9369940757751465, -2.936997652053833, -2.9280550479888916], "(1, 7, 2, 2)": [-2.9036030769348145, -2.913403034210205, -2.9326560497283936, -2.692084312438965, -2.8475098609924316], "(1, 6, 2, 2)": [-2.941401958465576, -2.9414029121398926, -2.926624059677124, -2.93306565284729, -2.932929754257202], "(3, 2, 2, 1)": [0.0, 0.0, 0.0, 0.0, -2.9286751747131348], "(1, 1, 2, 1)": [0.0, 0.0, -2.7224996089935303, 0.0, 0.0], "(1, 2, 2, 1)": [-2.8586246967315674, 0.0, 0.0, 0.0, 0.0], "(2, 4, 3, 3)": [-2.9138283729553223, 0.0, 0.0, 0.0, 0.0], "(2, 6, 3, 3)": [0.0, -2.880803108215332, 0.0, 0.0, 0.0]}, "n_values": {"(2, 7, 2, 2)": [1459.0, 1526.0, 1668.0, 1897.0, 1861.0], "(2, 6, 2, 2)": [1404.0, 1465.0, 1532.0, 1794.0, 1772.0], "(2, 5, 2, 2)": [1461.0, 1421.0, 1584.0, 1518.0, 1636.0], "(2, 2, 2, 2)": [1543.0, 1489.0, 1440.0, 1299.0, 1272.0], "(2, 1, 2, 2)": [1814.0, 1527.0, 1460.0, 1389.0, 1309.0], "(2, 3, 2, 2)": [1402.0, 1356.0, 1348.0, 1474.0, 1343.0], "(2, 4, 2, 2)": [1413.0, 1393.0, 1405.0, 1554.0, 1507.0], "(2, 6, 2, 3)": [66.0, 57.0, 77.0, 63.0, 52.0], "(2, 1, 2, 1)": [82.0, 67.0, 76.0, 58.0, 60.0], "(2, 2, 2, 1)": [51.0, 36.0, 33.0, 35.0, 44.0], "(2, 4, 2, 3)": [7.0, 28.0, 12.0, 17.0, 12.0], "(2, 3, 2, 3)": [6.0, 8.0, 7.0, 4.0, 2.0], "(2, 7, 2, 3)": [119.0, 82.0, 92.0, 87.0, 92.0], "(2, 5, 2, 3)": [43.0, 50.0, 30.0, 35.0, 30.0], "(2, 3, 2, 1)": [22.0, 30.0, 26.0, 29.0, 29.0], "(1, 1, 2, 2)": [5.0, 2.0, 3.0, 3.0, 3.0], "(2, 4, 2, 1)": [16.0, 10.0, 15.0, 7.0, 14.0], "(2, 1, 1, 1)": [1.0, 1.0, 3.0, 2.0, 1.0], "(2, 5, 3, 3)": [0.0, 2.0, 0.0, 0.0, 1.0], "(2, 5, 2, 1)": [5.0, 3.0, 3.0, 7.0, 5.0], "(3, 7, 2, 2)": [6.0, 5.0, 7.0, 7.0, 8.0], "(3, 6, 2, 2)": [7.0, 6.0, 7.0, 9.0, 8.0], "(2, 6, 2, 1)": [0.0, 1.0, 0.0, 0.0, 0.0], "(2, 7, 3, 3)": [0.0, 0.0, 2.0, 0.0, 1.0], "(3, 3, 2, 2)": [2.0, 3.0, 3.0, 4.0, 3.0], "(3, 4, 2, 2)": [3.0, 3.0, 2.0, 2.0, 2.0], "(3, 1, 2, 2)": [4.0, 5.0, 4.0, 4.0, 3.0], "(3, 2, 2, 2)": [3.0, 2.0, 4.0, 2.0, 2.0], "(3, 5, 2, 2)": [3.0, 2.0, 1.0, 4.0, 3.0], "(2, 2, 1, 1)": [1.0, 1.0, 1.0, 1.0, 0.0], "(2, 3, 1, 1)": [1.0, 1.0, 0.0, 0.0, 0.0], "(2, 6, 1, 1)": [0.0, 0.0, 0.0, 1.0, 0.0], "(1, 4, 2, 2)": [2.0, 2.0, 2.0, 3.0, 3.0], "(1, 3, 2, 2)": [3.0, 2.0, 3.0, 1.0, 3.0], "(1, 2, 2, 2)": [4.0, 2.0, 2.0, 3.0, 4.0], "(2, 4, 1, 1)": [1.0, 0.0, 0.0, 1.0, 0.0], "(1, 7, 2, 2)": [2.0, 1.0, 2.0, 4.0, 2.0], "(1, 6, 2, 2)": [2.0, 2.0, 2.0, 3.0, 3.0], "(1, 5, 2, 2)": [3.0, 1.0, 3.0, 3.0, 2.0], "(3, 2, 2, 1)": [0.0, 0.0, 0.0, 0.0, 1.0], "(1, 1, 2, 1)": [0.0, 0.0, 1.0, 0.0, 0.0], "(1, 2, 2, 1)": [1.0, 0.0, 0.0, 0.0, 0.0], "(2, 4, 3, 3)": [1.0, 0.0, 0.0, 0.0, 0.0], "(2, 6, 3, 3)": [0.0, 1.0, 0.0, 0.0, 0.0]}}