{"q_values": {"(2, 7, 2, 2)": [-2.84360671043396, -2.805823802947998, -2.805401563644409, -2.8029732704162598, -2.811765193939209], "(2, 6, 2, 2)": [-2.9175310134887695, -2.9176928997039795, -2.917698383331299, -2.9165730476379395, -2.9165256023406982], "(2, 5, 2, 2)": [-2.919110059738159, -2.9196951389312744, -2.919491767883301, -2.919680118560791, -2.919403553009033], "(2, 2, 2, 2)": [-2.9177167415618896, -2.9171693325042725, -2.9171178340911865, -2.91788649559021, -2.9177069664001465], "(2, 1, 2, 2)": [-2.817119598388672, -2.811903476715088, -2.8394381999969482, -2.811124324798584, -2.8332791328430176], "(2, 3, 2, 2)": [-2.920008420944214, -2.919189214706421, -2.919105052947998, -2.918724536895752, -2.9193670749664307], "(2, 4, 2, 2)": [-2.920168161392212, -2.9206185340881348, -2.9202005863189697, -2.9195680618286133, -2.91995906829834], "(2, 6, 2, 3)": [-2.912773609161377, -2.9119935035705566, -2.898261547088623, -2.9031436443328857, -2.9100453853607178], "(2, 1, 2, 1)": [-2.3911492824554443, -2.535144329071045, -2.500483751296997, -2.550072193145752, -2.6241605281829834], "(2, 2, 2, 1)": [-2.8941822052001953, -2.9063990116119385, -2.9214282035827637, -2.913330078125, -2.907925605773926], "(2, 4, 2, 3)": [-2.9280638694763184, -2.917487859725952, -2.9201860427856445, -2.9246108531951904, -2.9372260570526123], "(2, 3, 2, 3)": [-2.9242451190948486, -2.90385365486145, -2.9214603900909424, -2.929051399230957, -2.9632935523986816], "(2, 7, 2, 3)": [-2.4678781032562256, -2.5440659523010254, -2.5571107864379883, -2.599980354309082, -2.5303523540496826], "(2, 5, 2, 3)": [-2.9173853397369385, -2.9145638942718506, -2.919114589691162, -2.9262678623199463, -2.9296610355377197], "(2, 3, 2, 1)": [-2.9275591373443604, -2.923311233520508, -2.9242753982543945, -2.9253103733062744, -2.920374631881714], "(1, 1, 2, 2)": [-2.191307306289673, -2.8634419441223145, 0.0, -2.192577362060547, -2.7270874977111816], "(2, 4, 2, 1)": [-2.9189634323120117, -2.9185800552368164, -2.9146955013275146, -2.929218292236328, -2.9226999282836914], "(2, 1, 1, 1)": [-2.180999279022217, -2.7624711990356445, -2.2099769115448, -2.765397071838379, 0.0], "(2, 5, 3, 3)": [0.0, -2.9604110717773438, 0.0, 0.0, -2.9625813961029053], "(2, 5, 2, 1)": [-2.9054479598999023, -2.9029409885406494, -2.9023098945617676, -2.922107696533203, -2.9178805351257324], "(3, 7, 2, 2)": [-2.9157307147979736, -2.530806541442871, -2.7226526737213135, -2.674893856048584, -2.8549747467041016], "(3, 6, 2, 2)": [-2.92210054397583, -2.926208019256592, -2.926208019256592, -2.9198217391967773, -2.926208019256592], "(2, 6, 2, 1)": [0.0, -2.9173026084899902, 0.0, 0.0, 0.0], "(2, 7, 3, 3)": [0.0, 0.0, -2.2019121646881104, 0.0, 0.0], "(3, 3, 2, 2)": [0.0, -2.9235663414001465, -2.9235663414001465, -2.915475845336914, -2.9235663414001465], "(3, 4, 2, 2)": [-2.915475845336914, -2.915475845336914, -2.9235663414001465, -2.9235663414001465, -2.9235663414001465], "(3, 1, 2, 2)": [0.0, -2.8778858184814453, -2.9235663414001465, -2.9235663414001465, -2.9235663414001465], "(3, 2, 2, 2)": [-2.9235663414001465, -2.9235663414001465, -2.9235663414001465, -2.9235663414001465, -2.9235663414001465], "(3, 5, 2, 2)": [-2.9235663414001465, -2.9235663414001465, 0.0, -2.921304225921631, -2.9235663414001465], "(2, 2, 1, 1)": [-2.8625617027282715, 0.0, -2.7262492179870605, -2.905679225921631, 0.0], "(2, 3, 1, 1)": [0.0, -2.905679225921631, 0.0, 0.0, 0.0], "(2, 6, 1, 1)": [0.0, 0.0, 0.0, -2.919544219970703, 0.0], "(1, 4, 2, 2)": [0.0, 0.0, 0.0, -2.9531712532043457, -2.953171968460083], "(1, 3, 2, 2)": [0.0, 0.0, -2.953171968460083, 0.0, -2.953171730041504], "(1, 2, 2, 2)": [-2.9081830978393555, 0.0, 0.0, 0.0, -2.9087157249450684], "(2, 4, 1, 1)": [0.0, 0.0, 0.0, -2.9051592350006104, 0.0], "(1, 5, 2, 2)": [-2.928175210952759, 0.0, -2.928164005279541, -2.928175210952759, -2.928175210952759], "(1, 7, 2, 2)": [-2.88242244720459, 0.0, 0.0, -2.745164394378662, 0.0], "(1, 6, 2, 2)": [0.0, 0.0, -2.9253158569335938, -2.9279966354370117, -2.9167370796203613]}, "n_values": {"(2, 7, 2, 2)": [554.0, 604.0, 620.0, 656.0, 669.0], "(2, 6, 2, 2)": [555.0, 542.0, 589.0, 633.0, 659.0], "(2, 5, 2, 2)": [542.0, 517.0, 550.0, 569.0, 638.0], "(2, 2, 2, 2)": [631.0, 614.0, 560.0, 519.0, 539.0], "(2, 1, 2, 2)": [720.0, 630.0, 619.0, 605.0, 558.0], "(2, 3, 2, 2)": [568.0, 546.0, 535.0, 559.0, 525.0], "(2, 4, 2, 2)": [545.0, 544.0, 530.0, 565.0, 557.0], "(2, 6, 2, 3)": [32.0, 26.0, 27.0, 25.0, 20.0], "(2, 1, 2, 1)": [22.0, 19.0, 32.0, 24.0, 18.0], "(2, 2, 2, 1)": [20.0, 19.0, 17.0, 18.0, 20.0], "(2, 4, 2, 3)": [2.0, 11.0, 5.0, 8.0, 3.0], "(2, 3, 2, 3)": [1.0, 2.0, 7.0, 3.0, 1.0], "(2, 7, 2, 3)": [41.0, 30.0, 33.0, 30.0, 28.0], "(2, 5, 2, 3)": [13.0, 15.0, 12.0, 9.0, 11.0], "(2, 3, 2, 1)": [11.0, 14.0, 11.0, 11.0, 10.0], "(1, 1, 2, 2)": [1.0, 1.0, 0.0, 2.0, 1.0], "(2, 4, 2, 1)": [8.0, 5.0, 10.0, 4.0, 8.0], "(2, 1, 1, 1)": [1.0, 1.0, 1.0, 1.0, 0.0], "(2, 5, 3, 3)": [0.0, 1.0, 0.0, 0.0, 1.0], "(2, 5, 2, 1)": [2.0, 1.0, 1.0, 5.0, 2.0], "(3, 7, 2, 2)": [4.0, 2.0, 4.0, 3.0, 3.0], "(3, 6, 2, 2)": [5.0, 4.0, 4.0, 5.0, 4.0], "(2, 6, 2, 1)": [0.0, 1.0, 0.0, 0.0, 0.0], "(2, 7, 3, 3)": [0.0, 0.0, 1.0, 0.0, 0.0], "(3, 3, 2, 2)": [0.0, 1.0, 1.0, 2.0, 1.0], "(3, 4, 2, 2)": [2.0, 2.0, 1.0, 1.0, 1.0], "(3, 1, 2, 2)": [0.0, 1.0, 1.0, 1.0, 1.0], "(3, 2, 2, 2)": [1.0, 1.0, 1.0, 1.0, 1.0], "(3, 5, 2, 2)": [1.0, 1.0, 0.0, 2.0, 1.0], "(2, 2, 1, 1)": [1.0, 0.0, 1.0, 1.0, 0.0], "(2, 3, 1, 1)": [0.0, 1.0, 0.0, 0.0, 0.0], "(2, 6, 1, 1)": [0.0, 0.0, 0.0, 1.0, 0.0], "(1, 4, 2, 2)": [0.0, 0.0, 0.0, 1.0, 1.0], "(1, 3, 2, 2)": [0.0, 0.0, 1.0, 0.0, 1.0], "(1, 2, 2, 2)": [1.0, 0.0, 0.0, 0.0, 1.0], "(2, 4, 1, 1)": [0.0, 0.0, 0.0, 1.0, 0.0], "(1, 7, 2, 2)": [1.0, 0.0, 0.0, 1.0, 0.0], "(1, 6, 2, 2)": [0.0, 0.0, 1.0, 1.0, 1.0], "(1, 5, 2, 2)": [1.0, 0.0, 1.0, 1.0, 1.0]}}