{"q_values": {"(2, 7, 2, 2)": [-2.8475563526153564, -2.8070168495178223, -2.8149774074554443, -2.792501926422119, -2.8015542030334473], "(2, 6, 2, 2)": [-2.9180309772491455, -2.917227029800415, -2.9184935092926025, -2.9160726070404053, -2.916776180267334], "(2, 5, 2, 2)": [-2.919894218444824, -2.919569730758667, -2.9197089672088623, -2.920109272003174, -2.919407844543457], "(2, 2, 2, 2)": [-2.9172964096069336, -2.917320966720581, -2.917259454727173, -2.9175491333007812, -2.917689085006714], "(2, 1, 2, 2)": [-2.799527645111084, -2.8141767978668213, -2.8444344997406006, -2.8199498653411865, -2.846242904663086], "(2, 3, 2, 2)": [-2.9199910163879395, -2.9193317890167236, -2.9194700717926025, -2.9188108444213867, -2.9196226596832275], "(2, 4, 2, 2)": [-2.9209630489349365, -2.9220521450042725, -2.921321392059326, -2.920339345932007, -2.9205689430236816], "(2, 6, 2, 3)": [-2.913275718688965, -2.9104645252227783, -2.8946452140808105, -2.9089162349700928, -2.911332845687866], "(2, 1, 2, 1)": [-2.4018797874450684, -2.569483757019043, -2.4342682361602783, -2.497297525405884, -2.5868396759033203], "(2, 2, 2, 1)": [-2.8839738368988037, -2.906787872314453, -2.919506072998047, -2.9083786010742188, -2.913445234298706], "(2, 4, 2, 3)": [-2.910507917404175, -2.9104862213134766, -2.9248926639556885, -2.92521595954895, -2.9372260570526123], "(2, 3, 2, 3)": [-2.9242451190948486, 0.0, -2.9170572757720947, -2.9341859817504883, -2.9632935523986816], "(2, 7, 2, 3)": [-2.488152265548706, -2.496053457260132, -2.59690523147583, -2.541694164276123, -2.56247878074646], "(2, 5, 2, 3)": [-2.9163031578063965, -2.912858247756958, -2.9152626991271973, -2.9245691299438477, -2.925450325012207], "(2, 3, 2, 1)": [-2.926823854446411, -2.9282000064849854, -2.926152467727661, -2.938218116760254, -2.9210782051086426], "(1, 1, 2, 2)": [0.0, 0.0, 0.0, -2.203484535217285, 0.0], "(2, 4, 2, 1)": [-2.9129772186279297, -2.9172372817993164, -2.9154276847839355, -2.9753928184509277, -2.9180421829223633], "(2, 1, 1, 1)": [0.0, -2.7624711990356445, -2.2099769115448, -2.765397071838379, 0.0], "(2, 5, 3, 3)": [0.0, -2.9604110717773438, 0.0, 0.0, -2.9625813961029053], "(2, 5, 2, 1)": [0.0, 0.0, -2.9023098945617676, -2.908555507659912, -2.9178805351257324], "(3, 7, 2, 2)": [-2.9103925228118896, -2.530806541442871, -2.6723928451538086, -2.9176998138427734, -2.914161205291748], "(3, 6, 2, 2)": [-2.919904947280884, -2.9270224571228027, -2.9270224571228027, -2.919907808303833, -2.9270224571228027], "(2, 6, 2, 1)": [0.0, -2.9173026084899902, 0.0, 0.0, 0.0], "(2, 7, 3, 3)": [0.0, 0.0, -2.2019121646881104, 0.0, 0.0], "(3, 3, 2, 2)": [0.0, -2.9235663414001465, -2.9235663414001465, -2.915475845336914, -2.9235663414001465], "(3, 4, 2, 2)": [-2.915475845336914, -2.915475845336914, -2.9235663414001465, -2.9235663414001465, -2.9235663414001465], "(3, 1, 2, 2)": [0.0, -2.8778858184814453, -2.9235663414001465, -2.9235663414001465, -2.9235663414001465], "(3, 2, 2, 2)": [-2.9235663414001465, -2.9235663414001465, -2.9235663414001465, -2.9235663414001465, -2.9235663414001465], "(3, 5, 2, 2)": [-2.9235663414001465, -2.9235663414001465, 0.0, -2.9235663414001465, -2.9235663414001465], "(2, 2, 1, 1)": [0.0, 0.0, 0.0, -2.905679225921631, 0.0], "(2, 3, 1, 1)": [0.0, -2.905679225921631, 0.0, 0.0, 0.0], "(2, 6, 1, 1)": [0.0, 0.0, 0.0, -2.919544219970703, 0.0]}, "n_values": {"(2, 7, 2, 2)": [271.0, 299.0, 296.0, 314.0, 327.0], "(2, 6, 2, 2)": [253.0, 274.0, 288.0, 301.0, 319.0], "(2, 5, 2, 2)": [263.0, 253.0, 260.0, 289.0, 319.0], "(2, 2, 2, 2)": [309.0, 292.0, 277.0, 252.0, 256.0], "(2, 1, 2, 2)": [366.0, 331.0, 326.0, 293.0, 277.0], "(2, 3, 2, 2)": [289.0, 264.0, 273.0, 274.0, 265.0], "(2, 4, 2, 2)": [270.0, 262.0, 255.0, 279.0, 276.0], "(2, 6, 2, 3)": [15.0, 11.0, 16.0, 16.0, 14.0], "(2, 1, 2, 1)": [12.0, 11.0, 17.0, 14.0, 7.0], "(2, 2, 2, 1)": [10.0, 10.0, 11.0, 6.0, 10.0], "(2, 4, 2, 3)": [1.0, 6.0, 2.0, 3.0, 3.0], "(2, 3, 2, 3)": [1.0, 0.0, 2.0, 2.0, 1.0], "(2, 7, 2, 3)": [24.0, 17.0, 17.0, 14.0, 18.0], "(2, 5, 2, 3)": [9.0, 10.0, 3.0, 6.0, 6.0], "(2, 3, 2, 1)": [5.0, 4.0, 5.0, 2.0, 6.0], "(1, 1, 2, 2)": [0.0, 0.0, 0.0, 1.0, 0.0], "(2, 4, 2, 1)": [3.0, 2.0, 4.0, 1.0, 4.0], "(2, 1, 1, 1)": [0.0, 1.0, 1.0, 1.0, 0.0], "(2, 5, 3, 3)": [0.0, 1.0, 0.0, 0.0, 1.0], "(2, 5, 2, 1)": [0.0, 0.0, 1.0, 1.0, 2.0], "(3, 7, 2, 2)": [3.0, 2.0, 3.0, 2.0, 2.0], "(3, 6, 2, 2)": [3.0, 2.0, 2.0, 3.0, 2.0], "(2, 6, 2, 1)": [0.0, 1.0, 0.0, 0.0, 0.0], "(2, 7, 3, 3)": [0.0, 0.0, 1.0, 0.0, 0.0], "(3, 3, 2, 2)": [0.0, 1.0, 1.0, 2.0, 1.0], "(3, 4, 2, 2)": [2.0, 2.0, 1.0, 1.0, 1.0], "(3, 1, 2, 2)": [0.0, 1.0, 1.0, 1.0, 1.0], "(3, 2, 2, 2)": [1.0, 1.0, 1.0, 1.0, 1.0], "(3, 5, 2, 2)": [1.0, 1.0, 0.0, 1.0, 1.0], "(2, 2, 1, 1)": [0.0, 0.0, 0.0, 1.0, 0.0], "(2, 3, 1, 1)": [0.0, 1.0, 0.0, 0.0, 0.0], "(2, 6, 1, 1)": [0.0, 0.0, 0.0, 1.0, 0.0]}}