{"q_values": {"(2, 7, 2, 2)": [-2.839179039001465, -2.8023502826690674, -2.815859079360962, -2.789445161819458, -2.805662155151367], "(2, 6, 2, 2)": [-2.918304204940796, -2.917919158935547, -2.9191620349884033, -2.9168598651885986, -2.9174752235412598], "(2, 5, 2, 2)": [-2.920504570007324, -2.9201977252960205, -2.9203038215637207, -2.92059326171875, -2.920158863067627], "(2, 2, 2, 2)": [-2.917299509048462, -2.9169657230377197, -2.9173059463500977, -2.9175071716308594, -2.9178123474121094], "(2, 1, 2, 2)": [-2.8034451007843018, -2.831230401992798, -2.847064256668091, -2.8279218673706055, -2.845825433731079], "(2, 3, 2, 2)": [-2.9192442893981934, -2.9189634323120117, -2.919389486312866, -2.9188952445983887, -2.919464111328125], "(2, 4, 2, 2)": [-2.9208431243896484, -2.921839714050293, -2.921661376953125, -2.920969009399414, -2.921292304992676], "(2, 6, 2, 3)": [-2.9158904552459717, -2.9157042503356934, -2.89483380317688, -2.9061360359191895, -2.914417266845703], "(2, 1, 2, 1)": [-2.402493476867676, -2.61954927444458, -2.403277635574341, -2.4668970108032227, -2.653287649154663], "(2, 2, 2, 1)": [-2.8846278190612793, -2.91216778755188, -2.91693115234375, -2.9008097648620605, -2.9151065349578857], "(2, 4, 2, 3)": [-2.910507917404175, -2.911956310272217, -2.935703754425049, -2.920112133026123, -2.938131809234619], "(2, 3, 2, 3)": [-2.9242451190948486, 0.0, -2.9170572757720947, -2.9341859817504883, -2.9632935523986816], "(2, 7, 2, 3)": [-2.43877911567688, -2.501333475112915, -2.613008499145508, -2.568225145339966, -2.5502045154571533], "(2, 5, 2, 3)": [-2.916581153869629, -2.911726236343384, -2.9152626991271973, -2.922433614730835, -2.933075428009033], "(2, 3, 2, 1)": [-2.9259839057922363, -2.9214725494384766, -2.926152467727661, -2.938218116760254, -2.9210782051086426], "(1, 1, 2, 2)": [0.0, 0.0, 0.0, -2.203484535217285, 0.0], "(2, 4, 2, 1)": [-2.9170119762420654, -2.93009877204895, -2.9072306156158447, -2.9753928184509277, -2.9107165336608887], "(2, 1, 1, 1)": [0.0, -2.7624711990356445, -2.2099769115448, -2.765397071838379, 0.0], "(2, 5, 3, 3)": [0.0, -2.9604110717773438, 0.0, 0.0, -2.9625813961029053], "(2, 5, 2, 1)": [0.0, 0.0, -2.9023098945617676, 0.0, -2.9178805351257324], "(3, 7, 2, 2)": [-2.9103925228118896, -2.530806541442871, -2.6723928451538086, -2.9176998138427734, -2.914161205291748], "(3, 6, 2, 2)": [-2.919904947280884, -2.9270224571228027, -2.9270224571228027, -2.919907808303833, -2.9270224571228027], "(2, 6, 2, 1)": [0.0, -2.9173026084899902, 0.0, 0.0, 0.0], "(2, 7, 3, 3)": [0.0, 0.0, -2.2019121646881104, 0.0, 0.0], "(3, 3, 2, 2)": [0.0, -2.9235663414001465, -2.9235663414001465, -2.915475845336914, -2.9235663414001465], "(3, 4, 2, 2)": [-2.915475845336914, -2.915475845336914, -2.9235663414001465, -2.9235663414001465, -2.9235663414001465], "(3, 1, 2, 2)": [0.0, -2.8778858184814453, -2.9235663414001465, -2.9235663414001465, -2.9235663414001465], "(3, 2, 2, 2)": [-2.9235663414001465, -2.9235663414001465, -2.9235663414001465, -2.9235663414001465, -2.9235663414001465], "(3, 5, 2, 2)": [-2.9235663414001465, -2.9235663414001465, 0.0, -2.9235663414001465, -2.9235663414001465], "(2, 2, 1, 1)": [0.0, 0.0, 0.0, -2.905679225921631, 0.0], "(2, 3, 1, 1)": [0.0, -2.905679225921631, 0.0, 0.0, 0.0]}, "n_values": {"(2, 7, 2, 2)": [200.0, 222.0, 221.0, 238.0, 250.0], "(2, 6, 2, 2)": [195.0, 214.0, 218.0, 231.0, 247.0], "(2, 5, 2, 2)": [203.0, 197.0, 203.0, 225.0, 249.0], "(2, 2, 2, 2)": [243.0, 234.0, 219.0, 200.0, 208.0], "(2, 1, 2, 2)": [293.0, 263.0, 262.0, 244.0, 220.0], "(2, 3, 2, 2)": [234.0, 216.0, 215.0, 224.0, 218.0], "(2, 4, 2, 2)": [216.0, 210.0, 206.0, 227.0, 214.0], "(2, 6, 2, 3)": [11.0, 7.0, 11.0, 15.0, 11.0], "(2, 1, 2, 1)": [9.0, 7.0, 14.0, 9.0, 6.0], "(2, 2, 2, 1)": [8.0, 7.0, 10.0, 5.0, 8.0], "(2, 4, 2, 3)": [1.0, 4.0, 1.0, 2.0, 2.0], "(2, 3, 2, 3)": [1.0, 0.0, 2.0, 2.0, 1.0], "(2, 7, 2, 3)": [16.0, 15.0, 15.0, 13.0, 14.0], "(2, 5, 2, 3)": [8.0, 7.0, 3.0, 5.0, 4.0], "(2, 3, 2, 1)": [3.0, 3.0, 5.0, 2.0, 6.0], "(1, 1, 2, 2)": [0.0, 0.0, 0.0, 1.0, 0.0], "(2, 4, 2, 1)": [2.0, 1.0, 3.0, 1.0, 3.0], "(2, 1, 1, 1)": [0.0, 1.0, 1.0, 1.0, 0.0], "(2, 5, 3, 3)": [0.0, 1.0, 0.0, 0.0, 1.0], "(2, 5, 2, 1)": [0.0, 0.0, 1.0, 0.0, 2.0], "(3, 7, 2, 2)": [3.0, 2.0, 3.0, 2.0, 2.0], "(3, 6, 2, 2)": [3.0, 2.0, 2.0, 3.0, 2.0], "(2, 6, 2, 1)": [0.0, 1.0, 0.0, 0.0, 0.0], "(2, 7, 3, 3)": [0.0, 0.0, 1.0, 0.0, 0.0], "(3, 3, 2, 2)": [0.0, 1.0, 1.0, 2.0, 1.0], "(3, 4, 2, 2)": [2.0, 2.0, 1.0, 1.0, 1.0], "(3, 1, 2, 2)": [0.0, 1.0, 1.0, 1.0, 1.0], "(3, 2, 2, 2)": [1.0, 1.0, 1.0, 1.0, 1.0], "(3, 5, 2, 2)": [1.0, 1.0, 0.0, 1.0, 1.0], "(2, 2, 1, 1)": [0.0, 0.0, 0.0, 1.0, 0.0], "(2, 3, 1, 1)": [0.0, 1.0, 0.0, 0.0, 0.0]}}