{"q_values": {"(2, 7, 2, 2)": [-2.8446996212005615, -2.8067779541015625, -2.806792736053467, -2.8062217235565186, -2.8128232955932617], "(2, 6, 2, 2)": [-2.9175326824188232, -2.91766619682312, -2.9177868366241455, -2.916536331176758, -2.91678786277771], "(2, 5, 2, 2)": [-2.9194226264953613, -2.919769048690796, -2.9196102619171143, -2.9199564456939697, -2.9196293354034424], "(2, 2, 2, 2)": [-2.9180855751037598, -2.9173991680145264, -2.9174463748931885, -2.918242931365967, -2.918165683746338], "(2, 1, 2, 2)": [-2.816969871520996, -2.815382719039917, -2.8403453826904297, -2.8127284049987793, -2.8327479362487793], "(2, 3, 2, 2)": [-2.9202065467834473, -2.9193620681762695, -2.9194083213806152, -2.919083595275879, -2.919640302658081], "(2, 4, 2, 2)": [-2.9205329418182373, -2.9207515716552734, -2.920664072036743, -2.9199421405792236, -2.920403480529785], "(2, 6, 2, 3)": [-2.912773609161377, -2.9122493267059326, -2.8975448608398438, -2.9063947200775146, -2.912712812423706], "(2, 1, 2, 1)": [-2.410291910171509, -2.565391778945923, -2.491095781326294, -2.5198748111724854, -2.5625340938568115], "(2, 2, 2, 1)": [-2.898228883743286, -2.9030115604400635, -2.9214282035827637, -2.913330078125, -2.908569574356079], "(2, 4, 2, 3)": [-2.9280638694763184, -2.916921854019165, -2.921422243118286, -2.9246108531951904, -2.930593252182007], "(2, 3, 2, 3)": [-2.9424171447753906, -2.9153599739074707, -2.9214603900909424, -2.929051399230957, -2.9632935523986816], "(2, 7, 2, 3)": [-2.479142904281616, -2.5547821521759033, -2.563002109527588, -2.582170248031616, -2.525541305541992], "(2, 5, 2, 3)": [-2.9173853397369385, -2.9145638942718506, -2.9224393367767334, -2.9327988624572754, -2.931997537612915], "(2, 3, 2, 1)": [-2.9275591373443604, -2.9239184856414795, -2.9242753982543945, -2.9253103733062744, -2.920374631881714], "(1, 1, 2, 2)": [-2.4578394889831543, -2.883300304412842, 0.0, -2.415248155593872, -2.7270874977111816], "(2, 4, 2, 1)": [-2.9189634323120117, -2.9185800552368164, -2.9146955013275146, -2.929218292236328, -2.9215168952941895], "(2, 1, 1, 1)": [-2.180999279022217, -2.7624711990356445, -2.2099769115448, -2.765397071838379, 0.0], "(2, 5, 3, 3)": [0.0, -2.9604110717773438, 0.0, 0.0, -2.9625813961029053], "(2, 5, 2, 1)": [-2.9054479598999023, -2.9029409885406494, -2.9023098945617676, -2.922107696533203, -2.9178805351257324], "(3, 7, 2, 2)": [-2.9157307147979736, -2.6555912494659424, -2.7608633041381836, -2.735130786895752, -2.824798345565796], "(3, 6, 2, 2)": [-2.921175956726074, -2.926208019256592, -2.924241542816162, -2.9192769527435303, -2.9242770671844482], "(2, 6, 2, 1)": [0.0, -2.9173026084899902, 0.0, 0.0, 0.0], "(2, 7, 3, 3)": [0.0, 0.0, -2.2019121646881104, 0.0, 0.0], "(3, 3, 2, 2)": [0.0, -2.9235663414001465, -2.9235663414001465, -2.915475845336914, -2.9235663414001465], "(3, 4, 2, 2)": [-2.915475845336914, -2.915475845336914, -2.9235663414001465, -2.9235663414001465, -2.9235663414001465], "(3, 1, 2, 2)": [-2.928196907043457, -2.903019428253174, -2.9258804321289062, -2.9235663414001465, -2.925881862640381], "(3, 2, 2, 2)": [-2.9235663414001465, -2.9235663414001465, -2.9235663414001465, -2.9235663414001465, -2.9235663414001465], "(3, 5, 2, 2)": [-2.9235663414001465, -2.9235663414001465, 0.0, -2.921304225921631, -2.9235663414001465], "(2, 2, 1, 1)": [-2.8625617027282715, 0.0, -2.7262492179870605, -2.905679225921631, 0.0], "(2, 3, 1, 1)": [0.0, -2.905679225921631, 0.0, 0.0, 0.0], "(2, 6, 1, 1)": [0.0, 0.0, 0.0, -2.919544219970703, 0.0], "(1, 4, 2, 2)": [0.0, 0.0, 0.0, -2.9531712532043457, -2.953171968460083], "(1, 3, 2, 2)": [-2.905996322631836, -2.905996322631836, -2.92958402633667, -2.905996322631836, -2.92958402633667], "(1, 2, 2, 2)": [-2.9070897102355957, -2.905996322631836, -2.905996322631836, -2.905996322631836, -2.907356023788452], "(2, 4, 1, 1)": [0.0, 0.0, 0.0, -2.9051592350006104, 0.0], "(1, 5, 2, 2)": [-2.928175210952759, 0.0, -2.928164005279541, -2.928175210952759, -2.928175210952759], "(1, 7, 2, 2)": [-2.88242244720459, 0.0, 0.0, -2.745164394378662, 0.0], "(1, 6, 2, 2)": [0.0, 0.0, -2.9253158569335938, -2.9279966354370117, -2.9167370796203613]}, "n_values": {"(2, 7, 2, 2)": [581.0, 629.0, 646.0, 690.0, 699.0], "(2, 6, 2, 2)": [579.0, 571.0, 615.0, 663.0, 691.0], "(2, 5, 2, 2)": [583.0, 553.0, 581.0, 610.0, 678.0], "(2, 2, 2, 2)": [672.0, 657.0, 595.0, 550.0, 573.0], "(2, 1, 2, 2)": [756.0, 668.0, 656.0, 642.0, 590.0], "(2, 3, 2, 2)": [602.0, 575.0, 566.0, 594.0, 556.0], "(2, 4, 2, 2)": [579.0, 576.0, 563.0, 601.0, 591.0], "(2, 6, 2, 3)": [32.0, 27.0, 29.0, 28.0, 22.0], "(2, 1, 2, 1)": [28.0, 22.0, 35.0, 28.0, 21.0], "(2, 2, 2, 1)": [23.0, 23.0, 17.0, 18.0, 22.0], "(2, 4, 2, 3)": [2.0, 12.0, 6.0, 8.0, 4.0], "(2, 3, 2, 3)": [2.0, 4.0, 7.0, 3.0, 1.0], "(2, 7, 2, 3)": [44.0, 33.0, 34.0, 33.0, 32.0], "(2, 5, 2, 3)": [13.0, 15.0, 13.0, 11.0, 12.0], "(2, 3, 2, 1)": [11.0, 16.0, 11.0, 11.0, 10.0], "(1, 1, 2, 2)": [2.0, 2.0, 0.0, 3.0, 1.0], "(2, 4, 2, 1)": [8.0, 5.0, 10.0, 4.0, 9.0], "(2, 1, 1, 1)": [1.0, 1.0, 1.0, 1.0, 0.0], "(2, 5, 3, 3)": [0.0, 1.0, 0.0, 0.0, 1.0], "(2, 5, 2, 1)": [2.0, 1.0, 1.0, 5.0, 2.0], "(3, 7, 2, 2)": [4.0, 3.0, 5.0, 4.0, 4.0], "(3, 6, 2, 2)": [6.0, 4.0, 5.0, 6.0, 5.0], "(2, 6, 2, 1)": [0.0, 1.0, 0.0, 0.0, 0.0], "(2, 7, 3, 3)": [0.0, 0.0, 1.0, 0.0, 0.0], "(3, 3, 2, 2)": [0.0, 1.0, 1.0, 2.0, 1.0], "(3, 4, 2, 2)": [2.0, 2.0, 1.0, 1.0, 1.0], "(3, 1, 2, 2)": [1.0, 2.0, 2.0, 1.0, 2.0], "(3, 2, 2, 2)": [1.0, 1.0, 1.0, 1.0, 1.0], "(3, 5, 2, 2)": [1.0, 1.0, 0.0, 2.0, 1.0], "(2, 2, 1, 1)": [1.0, 0.0, 1.0, 1.0, 0.0], "(2, 3, 1, 1)": [0.0, 1.0, 0.0, 0.0, 0.0], "(2, 6, 1, 1)": [0.0, 0.0, 0.0, 1.0, 0.0], "(1, 4, 2, 2)": [0.0, 0.0, 0.0, 1.0, 1.0], "(1, 3, 2, 2)": [1.0, 1.0, 2.0, 1.0, 2.0], "(1, 2, 2, 2)": [2.0, 1.0, 1.0, 1.0, 2.0], "(2, 4, 1, 1)": [0.0, 0.0, 0.0, 1.0, 0.0], "(1, 7, 2, 2)": [1.0, 0.0, 0.0, 1.0, 0.0], "(1, 6, 2, 2)": [0.0, 0.0, 1.0, 1.0, 1.0], "(1, 5, 2, 2)": [1.0, 0.0, 1.0, 1.0, 1.0]}}