{"q_values": {"(2, 5, 2, 2)": [27.249624252319336, 27.979629516601562, 27.905275344848633, 27.649559020996094, 25.92781639099121], "(2, 6, 2, 2)": [25.323593139648438, 25.297863006591797, 25.2186336517334, 25.26348114013672, 24.884906768798828], "(2, 7, 2, 2)": [23.237241744995117, 23.397367477416992, 23.583614349365234, 23.275325775146484, 23.148466110229492], "(2, 3, 2, 2)": [27.265819549560547, 27.847522735595703, 27.80539894104004, 28.073854446411133, 27.55341339111328], "(2, 1, 2, 2)": [23.96414566040039, 24.384748458862305, 24.88163948059082, 24.51291847229004, 24.61932945251465], "(2, 2, 2, 2)": [25.3114013671875, 26.040218353271484, 26.087846755981445, 26.490259170532227, 26.150461196899414], "(2, 1, 2, 1)": [2.257814884185791, 3.018840789794922, 4.703115463256836, 5.235984802246094, 9.71448040008545], "(2, 6, 2, 3)": [5.537172317504883, 4.6023173332214355, 1.8164485692977905, 0.5462360978126526, 0.4628984034061432], "(2, 7, 2, 3)": [3.655822515487671, 5.045042991638184, 5.4835205078125, 1.4359993934631348, 2.318596124649048], "(2, 4, 2, 2)": [29.577518463134766, 29.62592124938965, 29.480127334594727, 29.7249755859375, 29.61073875427246], "(2, 5, 2, 3)": [4.094976425170898, 7.197688579559326, 0.9978606700897217, 0.15020744502544403, 0.45422130823135376], "(2, 2, 2, 1)": [1.198027491569519, 1.0307536125183105, 1.6447222232818604, 5.172494888305664, 6.282972812652588], "(2, 3, 2, 3)": [0.7989088296890259, 0.0, 0.03213246911764145, 0.12048722803592682, 0.06344309449195862], "(2, 4, 2, 3)": [1.7867711782455444, 4.82719612121582, 0.1846211850643158, 0.15501916408538818, 0.1988963484764099], "(2, 3, 2, 1)": [0.6516290307044983, 0.3922405540943146, 0.9789066314697266, 3.259721517562866, 3.052600145339966], "(2, 5, 2, 1)": [0.0, 0.0, 1.4011160135269165, 0.7842639088630676, 0.3694083094596863], "(2, 4, 2, 1)": [0.08992915600538254, 0.18340279161930084, 0.7710497975349426, 1.466747522354126, 1.4475162029266357], "(2, 7, 3, 3)": [0.0, -0.017459800466895103, 0.0, 0.25593146681785583, 0.0], "(2, 6, 2, 1)": [0.0, 0.0, 0.11164463311433792, 0.0, 0.6645422577857971], "(3, 4, 2, 2)": [0.2617693543434143, 0.20621895790100098, 0.27945250272750854, 0.1250729262828827, 0.09594757854938507], "(3, 3, 2, 2)": [0.11674389243125916, 0.11563993245363235, 0.0, 0.059536080807447433, 0.25653964281082153], "(2, 3, 3, 2)": [0.0, 0.19293510913848877, 0.0, 0.0, 0.0], "(3, 6, 2, 2)": [0.1405395269393921, 0.25173625349998474, 0.2592454254627228, 0.2264741063117981, 0.265230268239975], "(3, 7, 2, 2)": [0.44627997279167175, 0.1655271351337433, 0.26595067977905273, 0.7638149857521057, 0.6489097476005554], "(3, 5, 2, 2)": [0.18180593848228455, 0.20523005723953247, 0.18590566515922546, 0.11734335869550705, 0.2883949875831604], "(3, 1, 2, 2)": [0.17115062475204468, 0.05310659110546112, 0.5731905102729797, 0.20310330390930176, 0.10976877063512802], "(3, 2, 2, 1)": [0.0, 0.0, 0.0, 0.0, 0.028150497004389763], "(3, 2, 2, 2)": [0.055464841425418854, 0.05758024752140045, 0.0, 0.027536233887076378, 0.02768363244831562], "(2, 2, 2, 3)": [0.0, 0.0, 0.2764935791492462, 0.0, 0.0], "(1, 5, 2, 2)": [0.11919607222080231, 0.08796769380569458, 0.03180288150906563, 0.09052201360464096, 0.16628101468086243], "(1, 6, 2, 2)": [0.10982371866703033, 0.05689070373773575, 0.08641033619642258, 0.18836882710456848, 0.10865214467048645], "(1, 7, 2, 2)": [0.17734599113464355, 0.025208737701177597, 0.8072838187217712, 0.03060956858098507, 0.15923230350017548], "(2, 4, 1, 1)": [0.02954661101102829, 0.0, 0.0, 0.0, 0.0], "(2, 3, 1, 1)": [0.0, 0.0, 0.028940534219145775, 0.0, 0.0], "(2, 2, 1, 1)": [0.0, 0.031195448711514473, 0.0, 0.0, 0.9949930906295776], "(2, 1, 1, 1)": [0.18288934230804443, 0.0, 0.0, 0.18440602719783783, 0.0], "(2, 5, 3, 3)": [0.0, 0.0, 0.0, 0.057032763957977295, 0.0], "(2, 6, 3, 3)": [0.0, 0.5171017050743103, 0.0, 0.05496431514620781, 0.025658832862973213], "(1, 4, 2, 2)": [0.1501171588897705, 0.14705361425876617, 0.14732274413108826, 0.17970740795135498, 0.09156204015016556], "(1, 3, 2, 2)": [0.02983184903860092, 0.0, 0.02978004328906536, 0.0, 0.11950220167636871], "(1, 7, 2, 3)": [0.0, 0.0, 0.025410693138837814, 0.0, 0.5016306042671204], "(1, 1, 2, 2)": [0.5527796745300293, 0.0, 0.0, 0.0, 0.0]}}