{"q_values": {"(2, 5, 2, 2)": [58.685604095458984, 59.47511672973633, 59.31330871582031, 59.1895751953125, 58.9847297668457], "(2, 6, 2, 2)": [54.61016082763672, 54.539154052734375, 53.95085525512695, 55.32152557373047, 54.481327056884766], "(2, 7, 2, 2)": [53.25422668457031, 53.11821746826172, 53.01713943481445, 52.37460708618164, 51.62653732299805], "(2, 3, 2, 2)": [56.45216369628906, 56.6185417175293, 56.80061340332031, 57.01646041870117, 56.28997802734375], "(2, 1, 2, 2)": [51.30897521972656, 52.26061248779297, 52.32841491699219, 52.55542755126953, 52.449424743652344], "(2, 2, 2, 2)": [50.771907806396484, 53.583675384521484, 54.01179885864258, 53.98247528076172, 53.87187194824219], "(2, 1, 2, 1)": [20.667503356933594, 16.977800369262695, 21.244937896728516, 17.962982177734375, 29.523147583007812], "(2, 6, 2, 3)": [23.26390266418457, 21.48805809020996, 5.856166362762451, 3.8724327087402344, 6.733945846557617], "(2, 7, 2, 3)": [27.875322341918945, 29.053176879882812, 21.191804885864258, 14.214385986328125, 13.98562240600586], "(2, 4, 2, 2)": [57.3902473449707, 58.520477294921875, 58.800994873046875, 58.886810302734375, 57.74131774902344], "(2, 5, 2, 3)": [20.472299575805664, 20.2662410736084, 15.643594741821289, 1.6927602291107178, 1.8772505521774292], "(2, 2, 2, 1)": [4.016906261444092, 7.379540920257568, 11.188141822814941, 19.40365982055664, 23.13949966430664], "(2, 3, 2, 3)": [3.5272483825683594, 7.643865585327148, 2.614625930786133, 0.15281976759433746, 0.5512080192565918], "(2, 4, 2, 3)": [4.926277160644531, 13.706863403320312, 10.483092308044434, 1.2272058725357056, 1.0890175104141235], "(2, 3, 2, 1)": [3.1232810020446777, 3.3807637691497803, 6.050559043884277, 20.489742279052734, 14.117990493774414], "(2, 5, 2, 1)": [0.12848985195159912, 0.18790596723556519, 7.178708553314209, 3.7252793312072754, 4.210954189300537], "(2, 4, 2, 1)": [1.0783460140228271, 0.5512057542800903, 6.217859268188477, 10.459497451782227, 14.633038520812988], "(2, 7, 3, 3)": [0.0, -0.017459800466895103, 1.9327749013900757, 0.25593146681785583, 1.3346171379089355], "(2, 6, 2, 1)": [0.0, 0.0, 1.1621315479278564, 0.0, 0.6645422577857971], "(3, 4, 2, 2)": [0.3129081726074219, 0.23620742559432983, 0.39018553495407104, 1.8457934856414795, 0.2525765001773834], "(3, 3, 2, 2)": [0.180356964468956, 0.288705974817276, 0.1452658772468567, 0.21137647330760956, 0.3994162380695343], "(2, 3, 3, 2)": [0.0, 0.19293510913848877, 0.0, 0.0, 0.0], "(3, 6, 2, 2)": [0.9106205701828003, 0.779610276222229, 0.7499526143074036, 1.988727331161499, 0.7906327247619629], "(3, 7, 2, 2)": [3.423577308654785, 0.48365873098373413, 1.9068777561187744, 5.555743217468262, 1.20255708694458], "(3, 5, 2, 2)": [0.4094468951225281, 0.5063004493713379, 0.604617714881897, 0.47574251890182495, 0.7571872472763062], "(3, 1, 2, 2)": [0.19656604528427124, 0.08137696981430054, 0.5861539840698242, 1.3196731805801392, 0.16873420774936676], "(3, 2, 2, 1)": [0.0, 0.0, 0.0, 0.0, 0.028150497004389763], "(3, 2, 2, 2)": [0.055464841425418854, 0.08614565432071686, 0.05661136284470558, 0.057113371789455414, 0.02768363244831562], "(2, 2, 2, 3)": [0.0, 0.0, 0.2764935791492462, 0.04314063489437103, 0.0], "(1, 5, 2, 2)": [0.5805695652961731, 0.47476738691329956, 0.37332525849342346, 0.53435218334198, 0.41175204515457153], "(1, 6, 2, 2)": [0.26808834075927734, 0.3201945424079895, 0.3510395288467407, 0.4742658734321594, 0.6325564384460449], "(1, 7, 2, 2)": [2.4957048892974854, 0.4599510133266449, 4.490654945373535, 3.0083913803100586, 0.6891312599182129], "(2, 4, 1, 1)": [0.02954661101102829, 0.0, 0.0, 0.268595427274704, 0.0], "(2, 3, 1, 1)": [0.0, 0.0, 0.028940534219145775, 0.0, 0.0], "(2, 2, 1, 1)": [0.0, 0.06225632131099701, 0.0, 0.0, 1.2618294954299927], "(2, 1, 1, 1)": [1.352020263671875, 0.0, 0.0, 0.18440602719783783, 0.4353715777397156], "(2, 5, 3, 3)": [0.5239105820655823, 0.6402232050895691, 0.0, 0.057032763957977295, 0.0], "(2, 6, 3, 3)": [0.0, 0.5171017050743103, 0.0, 0.05496431514620781, 0.025658832862973213], "(1, 4, 2, 2)": [0.30814671516418457, 0.3599003553390503, 0.3271563649177551, 0.41227665543556213, 0.3048650622367859], "(1, 3, 2, 2)": [0.42226067185401917, 0.12381447106599808, 0.472431480884552, 0.25930237770080566, 0.40383875370025635], "(1, 7, 2, 3)": [0.17736069858074188, 1.1082266569137573, 1.5377697944641113, 0.031273506581783295, 1.561946153640747], "(1, 1, 2, 2)": [4.5865912437438965, 2.6889243125915527, 2.8730080127716064, 0.43239372968673706, 0.631181538105011], "(3, 5, 2, 3)": [0.0, 0.0, 0.0, 0.057656772434711456, 0.0], "(3, 6, 2, 3)": [0.0, 0.0, 0.0, 0.05486352741718292, 0.02617158181965351], "(3, 7, 3, 3)": [0.0, 0.0, 0.6865803599357605, 0.0, 0.0], "(1, 2, 2, 2)": [0.27115967869758606, 0.5550563335418701, 0.27615657448768616, 0.190443754196167, 0.09925786405801773], "(1, 2, 2, 1)": [0.0, 0.0, 0.0, 0.026756035163998604, 0.0], "(1, 1, 2, 1)": [1.1036980152130127, 0.8583201169967651, 0.0, 0.711438775062561, 0.0], "(2, 3, 1, 2)": [0.0, 0.0, 0.0, 0.0, 0.9865462779998779], "(1, 4, 2, 3)": [0.034880053251981735, 0.03244931250810623, 0.0, 0.0, 0.0], "(1, 5, 2, 3)": [0.0, 0.0, 0.0, 0.0, 0.04941471293568611], "(2, 4, 3, 3)": [0.0, 1.1180140972137451, 0.0, 0.029569920152425766, 0.0], "(2, 5, 1, 2)": [0.0, 0.0, 0.0, 0.0, 1.2393845319747925], "(3, 7, 2, 3)": [0.0, 0.07367099076509476, 0.0, 1.0034096240997314, 0.0], "(1, 6, 2, 3)": [0.0, 0.0, 0.060267023742198944, 0.0, 0.059735529124736786], "(3, 4, 2, 1)": [0.0, 0.0, 0.0, 0.03757285326719284, 0.0], "(1, 3, 1, 2)": [0.0, 0.0, 0.0, 0.0, 0.03343399241566658], "(1, 3, 2, 3)": [0.042344558984041214, 0.0, 0.0, 0.0, 0.0]}}