{"q_values": {"(2, 5, 2, 2)": [82.13811492919922, 84.45152282714844, 84.26026916503906, 84.07320404052734, 84.46261596679688], "(2, 6, 2, 2)": [82.53091430664062, 81.94133758544922, 82.16853332519531, 81.21321868896484, 81.70487976074219], "(2, 7, 2, 2)": [79.31977844238281, 79.7367935180664, 78.85153198242188, 78.89594268798828, 78.47234344482422], "(2, 3, 2, 2)": [79.40788269042969, 78.3475112915039, 81.04336547851562, 80.79720306396484, 79.52079010009766], "(2, 1, 2, 2)": [77.6650161743164, 78.1054458618164, 78.2987060546875, 78.31661987304688, 78.51994323730469], "(2, 2, 2, 2)": [77.52863311767578, 79.49067687988281, 79.81240844726562, 79.44308471679688, 79.23472595214844], "(2, 1, 2, 1)": [37.72164535522461, 33.86180114746094, 32.00595474243164, 42.6997184753418, 55.01078414916992], "(2, 6, 2, 3)": [47.688446044921875, 36.135276794433594, 23.348814010620117, 11.938358306884766, 12.913045883178711], "(2, 7, 2, 3)": [45.89061737060547, 54.16941452026367, 39.44041442871094, 32.15389633178711, 35.39073944091797], "(2, 4, 2, 2)": [79.32001495361328, 80.76842498779297, 79.76956176757812, 79.54549407958984, 80.4693603515625], "(2, 5, 2, 3)": [40.769466400146484, 30.85926055908203, 26.858793258666992, 4.663419246673584, 9.631789207458496], "(2, 2, 2, 1)": [15.148581504821777, 14.600299835205078, 23.212045669555664, 37.6921501159668, 53.03050994873047], "(2, 3, 2, 3)": [10.731454849243164, 15.450809478759766, 12.624604225158691, 1.2107398509979248, 1.5118885040283203], "(2, 4, 2, 3)": [19.42674446105957, 40.58783721923828, 15.811362266540527, 5.348687648773193, 3.9451775550842285], "(2, 3, 2, 1)": [7.589117527008057, 7.5285820960998535, 13.408958435058594, 42.50213623046875, 35.368839263916016], "(2, 5, 2, 1)": [0.22798512876033783, 1.103102207183838, 11.33028793334961, 7.488872051239014, 9.651443481445312], "(2, 4, 2, 1)": [5.015893459320068, 3.464674234390259, 14.790184020996094, 17.412294387817383, 33.82368087768555], "(2, 7, 3, 3)": [0.0, -0.017459800466895103, 1.9327749013900757, 0.25593146681785583, 1.3346171379089355], "(2, 6, 2, 1)": [0.04893524944782257, 0.034966807812452316, 1.1621315479278564, 2.136251926422119, 3.0265934467315674], "(3, 4, 2, 2)": [0.9374969005584717, 0.8151055574417114, 1.0874295234680176, 1.942064642906189, 1.0894858837127686], "(3, 3, 2, 2)": [0.6092177629470825, 0.7789714932441711, 0.7825114727020264, 0.5718247294425964, 0.9664608836174011], "(2, 3, 3, 2)": [0.0, 0.19293510913848877, 0.0, 0.0, 0.0], "(3, 6, 2, 2)": [1.519099235534668, 1.521435022354126, 1.1975102424621582, 2.2608323097229004, 1.778924584388733], "(3, 7, 2, 2)": [4.953282356262207, 4.119801044464111, 6.217790603637695, 17.314611434936523, 6.053769111633301], "(3, 5, 2, 2)": [1.103891372680664, 0.9379174113273621, 1.247012734413147, 0.9755403995513916, 1.3971569538116455], "(3, 1, 2, 2)": [5.766088962554932, 1.7807213068008423, 8.238525390625, 3.064650535583496, 0.6934574246406555], "(3, 2, 2, 1)": [0.0, 0.053806133568286896, 0.0, 0.026698235422372818, 0.06356549263000488], "(3, 2, 2, 2)": [0.46814438700675964, 0.3701367676258087, 0.22087380290031433, 0.41028571128845215, 0.02768363244831562], "(2, 2, 2, 3)": [0.0, 2.028308629989624, 0.2764935791492462, 0.04314063489437103, 0.0], "(1, 5, 2, 2)": [1.033304214477539, 1.029028296470642, 2.2515156269073486, 0.9265604615211487, 0.881964921951294], "(1, 6, 2, 2)": [0.620328962802887, 0.9823825359344482, 0.6090853810310364, 0.8147332668304443, 1.187738060951233], "(1, 7, 2, 2)": [8.10958480834961, 1.0220599174499512, 4.478170871734619, 5.267905235290527, 2.616633892059326], "(2, 4, 1, 1)": [0.02954661101102829, 0.0, 0.0, 2.5054593086242676, 0.0], "(2, 3, 1, 1)": [0.0, 0.0, 0.028940534219145775, 0.0, 0.0], "(2, 2, 1, 1)": [0.0, 0.14971555769443512, 0.0, 0.0, 4.7995171546936035], "(2, 1, 1, 1)": [1.352020263671875, 0.0, 0.0, 1.8952572345733643, 0.4353715777397156], "(2, 5, 3, 3)": [0.5239105820655823, 0.6402232050895691, 0.04391792416572571, 0.057032763957977295, 0.030955173075199127], "(2, 6, 3, 3)": [1.052781581878662, 0.5171017050743103, 0.5932179689407349, 0.05496431514620781, 0.025658832862973213], "(1, 4, 2, 2)": [0.745615541934967, 0.7139981985092163, 0.7071011066436768, 1.138863444328308, 0.5895790457725525], "(1, 3, 2, 2)": [0.8187651634216309, 0.5421462655067444, 0.6942037343978882, 0.6516901254653931, 2.7859532833099365], "(1, 7, 2, 3)": [0.17736069858074188, 1.1478385925292969, 3.6843137741088867, 0.9382411241531372, 3.8229596614837646], "(1, 1, 2, 2)": [10.58923625946045, 8.834817886352539, 5.275064468383789, 11.633892059326172, 4.1506571769714355], "(3, 5, 2, 3)": [0.0, 0.0, 0.0, 0.057656772434711456, 0.0], "(3, 6, 2, 3)": [0.0, 0.12207168340682983, 0.0, 0.05486352741718292, 0.05498644709587097], "(3, 7, 3, 3)": [0.0, 0.0, 0.6865803599357605, 0.0, 0.0], "(1, 2, 2, 2)": [1.325186848640442, 0.8389716148376465, 0.8286678194999695, 0.925511360168457, 0.4427913427352905], "(1, 2, 2, 1)": [0.0, 0.0, 0.0, 0.026756035163998604, 0.0], "(1, 1, 2, 1)": [3.2564525604248047, 0.8583201169967651, 0.047217514365911484, 0.711438775062561, 0.0], "(2, 3, 1, 2)": [0.0, 0.0, 0.0, 0.0, 0.9865462779998779], "(1, 4, 2, 3)": [0.034880053251981735, 0.03244931250810623, 0.0, 0.0, 0.0], "(1, 5, 2, 3)": [0.0, 0.0, 0.0, 0.0, 0.07831893116235733], "(2, 4, 3, 3)": [2.3408188819885254, 3.1511049270629883, 0.8091824650764465, 0.029569920152425766, 0.0], "(2, 5, 1, 2)": [0.0, 0.0, 0.0, 0.0, 1.2393845319747925], "(3, 7, 2, 3)": [0.0, 0.5054979920387268, 0.0, 1.0034096240997314, 0.0], "(1, 6, 2, 3)": [0.0, 0.05424511060118675, 0.060267023742198944, 0.0, 0.08543610572814941], "(3, 4, 2, 1)": [0.0, 0.0, 0.0, 0.03757285326719284, 0.03938349708914757], "(1, 3, 1, 2)": [0.0, 0.0, 0.0, 0.0, 0.03343399241566658], "(1, 3, 2, 3)": [0.042344558984041214, 0.0, 0.0, 0.0, 0.0], "(2, 3, 3, 3)": [0.0, 0.0, 0.0, 0.02997138351202011, 0.029751203954219818], "(3, 1, 2, 1)": [0.02485128864645958, 3.9564576148986816, 0.0, 0.24003945291042328, 0.0], "(2, 5, 1, 1)": [0.029713382944464684, 0.0, 0.0, 0.0, 2.2680628299713135]}}