{"q_values": {"(2, 5, 2, 2)": [80.37506866455078, 80.4954833984375, 79.7119140625, 80.35157012939453, 77.37499237060547], "(2, 6, 2, 2)": [78.42035675048828, 78.255126953125, 78.49858093261719, 77.99200439453125, 76.89576721191406], "(2, 7, 2, 2)": [75.64443969726562, 76.10565185546875, 75.99861907958984, 75.74987030029297, 74.27364349365234], "(2, 3, 2, 2)": [75.03152465820312, 76.6242446899414, 77.06949615478516, 76.68253326416016, 76.98160552978516], "(2, 1, 2, 2)": [74.46058654785156, 74.70333862304688, 75.18275451660156, 75.03532409667969, 75.00833129882812], "(2, 2, 2, 2)": [73.76591491699219, 75.1806411743164, 75.5567398071289, 75.73312377929688, 75.38448333740234], "(2, 1, 2, 1)": [36.216182708740234, 28.814971923828125, 30.714141845703125, 38.32966613769531, 53.71157455444336], "(2, 6, 2, 3)": [46.594547271728516, 34.441959381103516, 20.526090621948242, 9.84653377532959, 12.649158477783203], "(2, 7, 2, 3)": [42.80122375488281, 50.286277770996094, 36.99982452392578, 29.305038452148438, 32.056060791015625], "(2, 4, 2, 2)": [77.5606689453125, 79.2979507446289, 79.66909790039062, 79.340087890625, 77.28950500488281], "(2, 5, 2, 3)": [39.555702209472656, 30.85926055908203, 26.858793258666992, 4.441116809844971, 9.602312088012695], "(2, 2, 2, 1)": [13.817062377929688, 12.243834495544434, 22.338491439819336, 30.856874465942383, 48.005977630615234], "(2, 3, 2, 3)": [10.731454849243164, 13.404937744140625, 11.770116806030273, 1.2107398509979248, 1.5118885040283203], "(2, 4, 2, 3)": [17.50751304626465, 36.652427673339844, 13.738314628601074, 5.348687648773193, 3.9451775550842285], "(2, 3, 2, 1)": [5.993714332580566, 6.766504764556885, 11.472188949584961, 41.02513885498047, 31.18729019165039], "(2, 5, 2, 1)": [0.12848985195159912, 1.0243566036224365, 9.166914939880371, 7.488872051239014, 9.651443481445312], "(2, 4, 2, 1)": [4.923637866973877, 2.446425437927246, 10.79041862487793, 15.507431983947754, 26.08742332458496], "(2, 7, 3, 3)": [0.0, -0.017459800466895103, 1.9327749013900757, 0.25593146681785583, 1.3346171379089355], "(2, 6, 2, 1)": [0.04893524944782257, 0.034966807812452316, 1.1621315479278564, 2.136251926422119, 3.0265934467315674], "(3, 4, 2, 2)": [0.7434892058372498, 0.6449332237243652, 0.7987666130065918, 1.872196078300476, 0.7297034859657288], "(3, 3, 2, 2)": [0.5383809208869934, 0.7497633695602417, 0.6661877036094666, 0.5121415257453918, 0.9251329302787781], "(2, 3, 3, 2)": [0.0, 0.19293510913848877, 0.0, 0.0, 0.0], "(3, 6, 2, 2)": [1.3842695951461792, 1.3018927574157715, 1.1635297536849976, 2.2266979217529297, 1.5121406316757202], "(3, 7, 2, 2)": [4.954455852508545, 4.034296989440918, 6.100730895996094, 11.757549285888672, 5.851310729980469], "(3, 5, 2, 2)": [0.6747381091117859, 0.6266880631446838, 0.8095220327377319, 0.7005833983421326, 1.1625220775604248], "(3, 1, 2, 2)": [5.871140480041504, 1.7538206577301025, 3.855776309967041, 3.064650535583496, 0.6934574246406555], "(3, 2, 2, 1)": [0.0, 0.02830933965742588, 0.0, 0.026698235422372818, 0.06356549263000488], "(3, 2, 2, 2)": [0.40382808446884155, 0.34571051597595215, 0.22087380290031433, 0.21339987218379974, 0.02768363244831562], "(2, 2, 2, 3)": [0.0, 2.028308629989624, 0.2764935791492462, 0.04314063489437103, 0.0], "(1, 5, 2, 2)": [1.033304214477539, 1.003413200378418, 2.2592127323150635, 0.8710726499557495, 0.8086994886398315], "(1, 6, 2, 2)": [0.620328962802887, 0.729896068572998, 0.5791146159172058, 0.7761843800544739, 1.0963070392608643], "(1, 7, 2, 2)": [8.244063377380371, 0.8550645112991333, 4.478170871734619, 2.8750529289245605, 2.616633892059326], "(2, 4, 1, 1)": [0.02954661101102829, 0.0, 0.0, 2.5054593086242676, 0.0], "(2, 3, 1, 1)": [0.0, 0.0, 0.028940534219145775, 0.0, 0.0], "(2, 2, 1, 1)": [0.0, 0.14971555769443512, 0.0, 0.0, 4.7995171546936035], "(2, 1, 1, 1)": [1.352020263671875, 0.0, 0.0, 1.8952572345733643, 0.4353715777397156], "(2, 5, 3, 3)": [0.5239105820655823, 0.6402232050895691, 0.04391792416572571, 0.057032763957977295, 0.030955173075199127], "(2, 6, 3, 3)": [1.052781581878662, 0.5171017050743103, 0.5932179689407349, 0.05496431514620781, 0.025658832862973213], "(1, 4, 2, 2)": [0.6781964302062988, 0.6263545751571655, 0.559473991394043, 1.0568535327911377, 0.5895790457725525], "(1, 3, 2, 2)": [0.7949830889701843, 0.5421462655067444, 0.6942037343978882, 0.6516901254653931, 2.8637285232543945], "(1, 7, 2, 3)": [0.17736069858074188, 1.1082266569137573, 3.6843137741088867, 0.9382411241531372, 1.561946153640747], "(1, 1, 2, 2)": [10.58923625946045, 8.834817886352539, 5.275064468383789, 9.644449234008789, 4.125688552856445], "(3, 5, 2, 3)": [0.0, 0.0, 0.0, 0.057656772434711456, 0.0], "(3, 6, 2, 3)": [0.0, 0.0, 0.0, 0.05486352741718292, 0.02617158181965351], "(3, 7, 3, 3)": [0.0, 0.0, 0.6865803599357605, 0.0, 0.0], "(1, 2, 2, 2)": [1.325186848640442, 0.8389716148376465, 0.8286678194999695, 0.925511360168457, 0.4427913427352905], "(1, 2, 2, 1)": [0.0, 0.0, 0.0, 0.026756035163998604, 0.0], "(1, 1, 2, 1)": [3.2564525604248047, 0.8583201169967651, 0.047217514365911484, 0.711438775062561, 0.0], "(2, 3, 1, 2)": [0.0, 0.0, 0.0, 0.0, 0.9865462779998779], "(1, 4, 2, 3)": [0.034880053251981735, 0.03244931250810623, 0.0, 0.0, 0.0], "(1, 5, 2, 3)": [0.0, 0.0, 0.0, 0.0, 0.07831893116235733], "(2, 4, 3, 3)": [2.3408188819885254, 3.1511049270629883, 0.8091824650764465, 0.029569920152425766, 0.0], "(2, 5, 1, 2)": [0.0, 0.0, 0.0, 0.0, 1.2393845319747925], "(3, 7, 2, 3)": [0.0, 0.07367099076509476, 0.0, 1.0034096240997314, 0.0], "(1, 6, 2, 3)": [0.0, 0.05424511060118675, 0.060267023742198944, 0.0, 0.08543610572814941], "(3, 4, 2, 1)": [0.0, 0.0, 0.0, 0.03757285326719284, 0.03938349708914757], "(1, 3, 1, 2)": [0.0, 0.0, 0.0, 0.0, 0.03343399241566658], "(1, 3, 2, 3)": [0.042344558984041214, 0.0, 0.0, 0.0, 0.0], "(2, 3, 3, 3)": [0.0, 0.0, 0.0, 0.02997138351202011, 0.029751203954219818], "(3, 1, 2, 1)": [0.02485128864645958, 3.9564576148986816, 0.0, 0.034045055508613586, 0.0], "(2, 5, 1, 1)": [0.029713382944464684, 0.0, 0.0, 0.0, 2.2680628299713135]}}