{"q_values": {"(2, 5, 2, 2)": [52.336177825927734, 51.91093826293945, 52.043296813964844, 51.92782211303711, 49.580814361572266], "(2, 6, 2, 2)": [49.41761779785156, 49.281150817871094, 49.44660568237305, 48.685813903808594, 48.928192138671875], "(2, 7, 2, 2)": [47.27747344970703, 46.855960845947266, 46.98274230957031, 47.436302185058594, 46.786136627197266], "(2, 3, 2, 2)": [51.36020278930664, 51.581138610839844, 51.92741394042969, 51.94925308227539, 52.03395462036133], "(2, 1, 2, 2)": [43.830223083496094, 44.871883392333984, 45.02778625488281, 45.02329635620117, 44.737491607666016], "(2, 2, 2, 2)": [46.917823791503906, 46.78008270263672, 46.94232177734375, 47.04514694213867, 47.49189376831055], "(2, 1, 2, 1)": [11.734968185424805, 10.803691864013672, 19.447124481201172, 14.954036712646484, 22.638391494750977], "(2, 6, 2, 3)": [18.020048141479492, 17.350147247314453, 5.827887058258057, 2.1709320545196533, 3.41513729095459], "(2, 7, 2, 3)": [20.99163246154785, 23.212051391601562, 16.21588706970215, 10.374384880065918, 9.937849998474121], "(2, 4, 2, 2)": [54.031795501708984, 54.15306854248047, 54.08244705200195, 53.517494201660156, 53.40470504760742], "(2, 5, 2, 3)": [17.09480857849121, 16.101490020751953, 11.932879447937012, 1.506933331489563, 1.8887232542037964], "(2, 2, 2, 1)": [2.4393815994262695, 3.978864908218384, 8.360398292541504, 14.265151977539062, 18.65688705444336], "(2, 3, 2, 3)": [1.828330636024475, 4.461637496948242, 2.5847394466400146, 0.15281976759433746, 0.45665615797042847], "(2, 4, 2, 3)": [4.926277160644531, 11.26318073272705, 4.418257713317871, 0.7187862396240234, 0.5288630723953247], "(2, 3, 2, 1)": [2.7277719974517822, 2.3972291946411133, 4.622981071472168, 12.858091354370117, 11.772957801818848], "(2, 5, 2, 1)": [0.12848985195159912, 0.12961101531982422, 5.542862892150879, 2.0279619693756104, 2.5935890674591064], "(2, 4, 2, 1)": [1.0338236093521118, 0.44703805446624756, 4.824270248413086, 7.500243186950684, 11.95150089263916], "(2, 7, 3, 3)": [0.0, -0.017459800466895103, 0.32326826453208923, 0.25593146681785583, 1.3346171379089355], "(2, 6, 2, 1)": [0.0, 0.0, 1.1621315479278564, 0.0, 0.6645422577857971], "(3, 4, 2, 2)": [0.2916596233844757, 0.23620742559432983, 0.39018553495407104, 0.25596165657043457, 0.2525765001773834], "(3, 3, 2, 2)": [0.180356964468956, 0.288705974817276, 0.1452658772468567, 0.21137647330760956, 0.3994162380695343], "(2, 3, 3, 2)": [0.0, 0.19293510913848877, 0.0, 0.0, 0.0], "(3, 6, 2, 2)": [0.44815948605537415, 0.531852662563324, 0.6848968267440796, 1.900155782699585, 0.5906215310096741], "(3, 7, 2, 2)": [1.6736407279968262, 0.20425093173980713, 0.30372658371925354, 3.230069875717163, 0.7762986421585083], "(3, 5, 2, 2)": [0.2451356202363968, 0.26416563987731934, 0.3095850944519043, 0.3122362792491913, 0.42868682742118835], "(3, 1, 2, 2)": [0.19656604528427124, 0.08137696981430054, 0.5861539840698242, 1.3196731805801392, 0.16873420774936676], "(3, 2, 2, 1)": [0.0, 0.0, 0.0, 0.0, 0.028150497004389763], "(3, 2, 2, 2)": [0.055464841425418854, 0.08614565432071686, 0.05661136284470558, 0.057113371789455414, 0.02768363244831562], "(2, 2, 2, 3)": [0.0, 0.0, 0.2764935791492462, 0.0, 0.0], "(1, 5, 2, 2)": [0.5607499480247498, 0.44178542494773865, 0.37332525849342346, 0.47389164566993713, 0.41175204515457153], "(1, 6, 2, 2)": [0.2331160306930542, 0.26472654938697815, 0.2576844394207001, 0.2972657084465027, 0.39653027057647705], "(1, 7, 2, 2)": [2.472503185272217, 0.13521723449230194, 1.7812162637710571, 0.08840901404619217, 0.22683410346508026], "(2, 4, 1, 1)": [0.02954661101102829, 0.0, 0.0, 0.268595427274704, 0.0], "(2, 3, 1, 1)": [0.0, 0.0, 0.028940534219145775, 0.0, 0.0], "(2, 2, 1, 1)": [0.0, 0.06225632131099701, 0.0, 0.0, 1.2618294954299927], "(2, 1, 1, 1)": [1.352020263671875, 0.0, 0.0, 0.18440602719783783, 0.4353715777397156], "(2, 5, 3, 3)": [0.5239105820655823, 0.0, 0.0, 0.057032763957977295, 0.0], "(2, 6, 3, 3)": [0.0, 0.5171017050743103, 0.0, 0.05496431514620781, 0.025658832862973213], "(1, 4, 2, 2)": [0.2758020758628845, 0.27007949352264404, 0.3271563649177551, 0.41227665543556213, 0.26614585518836975], "(1, 3, 2, 2)": [0.4051467478275299, 0.12381447106599808, 0.4428107738494873, 0.25930237770080566, 0.35903704166412354], "(1, 7, 2, 3)": [0.08026672899723053, 1.1082266569137573, 0.025410693138837814, 0.0, 1.561946153640747], "(1, 1, 2, 2)": [4.621369361877441, 2.5148391723632812, 1.3744910955429077, 0.15087829530239105, 0.4309285283088684], "(3, 5, 2, 3)": [0.0, 0.0, 0.0, 0.057656772434711456, 0.0], "(3, 6, 2, 3)": [0.0, 0.0, 0.0, 0.05486352741718292, 0.02617158181965351], "(3, 7, 3, 3)": [0.0, 0.0, 0.6865803599357605, 0.0, 0.0], "(1, 2, 2, 2)": [0.2230253964662552, 0.5163509249687195, 0.2399219274520874, 0.1516302078962326, 0.06496505439281464], "(1, 2, 2, 1)": [0.0, 0.0, 0.0, 0.026756035163998604, 0.0], "(1, 1, 2, 1)": [1.1036980152130127, 0.8583201169967651, 0.0, 0.711438775062561, 0.0], "(2, 3, 1, 2)": [0.0, 0.0, 0.0, 0.0, 0.9865462779998779], "(1, 4, 2, 3)": [0.034880053251981735, 0.03244931250810623, 0.0, 0.0, 0.0], "(1, 5, 2, 3)": [0.0, 0.0, 0.0, 0.0, 0.04941471293568611], "(2, 4, 3, 3)": [0.0, 1.1180140972137451, 0.0, 0.029569920152425766, 0.0], "(2, 5, 1, 2)": [0.0, 0.0, 0.0, 0.0, 1.2393845319747925], "(3, 7, 2, 3)": [0.0, 0.07367099076509476, 0.0, 1.0034096240997314, 0.0], "(1, 6, 2, 3)": [0.0, 0.0, 0.060267023742198944, 0.0, 0.0]}}