{"q_values": {"(2, 5, 2, 2)": [40.11806869506836, 41.240203857421875, 41.21249008178711, 40.36471939086914, 40.80844497680664], "(2, 6, 2, 2)": [38.22394943237305, 38.439727783203125, 38.479652404785156, 38.47964096069336, 37.207698822021484], "(2, 7, 2, 2)": [36.58295440673828, 36.44476318359375, 36.7031135559082, 35.789913177490234, 35.365821838378906], "(2, 3, 2, 2)": [38.76225280761719, 40.09672927856445, 39.99917221069336, 40.37428665161133, 40.418094635009766], "(2, 1, 2, 2)": [34.41007614135742, 35.73748779296875, 35.70384216308594, 35.76884841918945, 35.732852935791016], "(2, 2, 2, 2)": [36.88836669921875, 37.28248977661133, 37.960758209228516, 38.13044357299805, 38.3357048034668], "(2, 1, 2, 1)": [4.784363269805908, 7.930301666259766, 10.986265182495117, 11.0189790725708, 17.181699752807617], "(2, 6, 2, 3)": [8.680577278137207, 10.421772003173828, 3.663886308670044, 0.9929304122924805, 1.4483071565628052], "(2, 7, 2, 3)": [12.036210060119629, 12.641120910644531, 9.818403244018555, 4.441644668579102, 6.994154930114746], "(2, 4, 2, 2)": [41.263431549072266, 41.858924865722656, 41.73331832885742, 41.682586669921875, 42.05006790161133], "(2, 5, 2, 3)": [9.702077865600586, 11.257783889770508, 2.3641552925109863, 0.7821844220161438, 0.7973613142967224], "(2, 2, 2, 1)": [1.7349448204040527, 2.8874518871307373, 5.133678913116455, 10.60499095916748, 14.804272651672363], "(2, 3, 2, 3)": [1.828330636024475, 1.8909677267074585, 1.1665143966674805, 0.15281976759433746, 0.09152042120695114], "(2, 4, 2, 3)": [3.736530065536499, 8.274102210998535, 1.296554446220398, 0.34793025255203247, 0.1988963484764099], "(2, 3, 2, 1)": [1.7475645542144775, 1.0392749309539795, 1.7950756549835205, 8.666802406311035, 8.432947158813477], "(2, 5, 2, 1)": [0.12848985195159912, 0.09886764734983444, 2.84213924407959, 2.0279619693756104, 1.3385491371154785], "(2, 4, 2, 1)": [0.5998344421386719, 0.44703805446624756, 2.310912847518921, 6.285068511962891, 9.860107421875], "(2, 7, 3, 3)": [0.0, -0.017459800466895103, 0.32326826453208923, 0.25593146681785583, 0.0], "(2, 6, 2, 1)": [0.0, 0.0, 1.1621315479278564, 0.0, 0.6645422577857971], "(3, 4, 2, 2)": [0.2617693543434143, 0.23620742559432983, 0.36351364850997925, 0.19047659635543823, 0.2525765001773834], "(3, 3, 2, 2)": [0.180356964468956, 0.288705974817276, 0.1452658772468567, 0.21137647330760956, 0.3994162380695343], "(2, 3, 3, 2)": [0.0, 0.19293510913848877, 0.0, 0.0, 0.0], "(3, 6, 2, 2)": [0.2531968951225281, 0.28110232949256897, 0.28681623935699463, 0.371204137802124, 0.4223771393299103], "(3, 7, 2, 2)": [0.6774426698684692, 0.20425093173980713, 0.26595067977905273, 3.230069875717163, 0.7762986421585083], "(3, 5, 2, 2)": [0.18180593848228455, 0.26416563987731934, 0.2467498928308487, 0.18823890388011932, 0.2883949875831604], "(3, 1, 2, 2)": [0.19656604528427124, 0.08137696981430054, 0.5861539840698242, 1.3196731805801392, 0.16873420774936676], "(3, 2, 2, 1)": [0.0, 0.0, 0.0, 0.0, 0.028150497004389763], "(3, 2, 2, 2)": [0.055464841425418854, 0.08614565432071686, 0.05661136284470558, 0.057113371789455414, 0.02768363244831562], "(2, 2, 2, 3)": [0.0, 0.0, 0.2764935791492462, 0.0, 0.0], "(1, 5, 2, 2)": [0.20737120509147644, 0.08796769380569458, 0.06454159319400787, 0.09052201360464096, 0.1909528523683548], "(1, 6, 2, 2)": [0.17071416974067688, 0.20350947976112366, 0.16816121339797974, 0.21580281853675842, 0.27176427841186523], "(1, 7, 2, 2)": [0.17734599113464355, 0.10620034486055374, 1.7796334028244019, 0.0609830766916275, 0.2008260190486908], "(2, 4, 1, 1)": [0.02954661101102829, 0.0, 0.0, 0.268595427274704, 0.0], "(2, 3, 1, 1)": [0.0, 0.0, 0.028940534219145775, 0.0, 0.0], "(2, 2, 1, 1)": [0.0, 0.031195448711514473, 0.0, 0.0, 1.2618294954299927], "(2, 1, 1, 1)": [0.18288934230804443, 0.0, 0.0, 0.18440602719783783, 0.0], "(2, 5, 3, 3)": [0.0, 0.0, 0.0, 0.057032763957977295, 0.0], "(2, 6, 3, 3)": [0.0, 0.5171017050743103, 0.0, 0.05496431514620781, 0.025658832862973213], "(1, 4, 2, 2)": [0.20649418234825134, 0.20802605152130127, 0.209051713347435, 0.24082963168621063, 0.1742764115333557], "(1, 3, 2, 2)": [0.1491018682718277, 0.031444206833839417, 0.17749208211898804, 0.13416463136672974, 0.2808327078819275], "(1, 7, 2, 3)": [0.0, 0.0, 0.025410693138837814, 0.0, 1.5364413261413574], "(1, 1, 2, 2)": [1.2895573377609253, 1.1074044704437256, 0.026808669790625572, 0.0, 0.0], "(3, 5, 2, 3)": [0.0, 0.0, 0.0, 0.057656772434711456, 0.0], "(3, 6, 2, 3)": [0.0, 0.0, 0.0, 0.05486352741718292, 0.02617158181965351], "(3, 7, 3, 3)": [0.0, 0.0, 0.6865803599357605, 0.0, 0.0], "(1, 2, 2, 2)": [0.11394944787025452, 0.13000492751598358, 0.09684646129608154, 0.0, 0.06496505439281464], "(1, 2, 2, 1)": [0.0, 0.0, 0.0, 0.026756035163998604, 0.0], "(1, 1, 2, 1)": [1.1036980152130127, 0.8583201169967651, 0.0, 0.711438775062561, 0.0], "(2, 3, 1, 2)": [0.0, 0.0, 0.0, 0.0, 0.9865462779998779], "(1, 4, 2, 3)": [0.034880053251981735, 0.03244931250810623, 0.0, 0.0, 0.0], "(1, 5, 2, 3)": [0.0, 0.0, 0.0, 0.0, 0.04941471293568611], "(2, 4, 3, 3)": [0.0, 1.1180140972137451, 0.0, 0.0, 0.0], "(2, 5, 1, 2)": [0.0, 0.0, 0.0, 0.0, 1.2393845319747925], "(3, 7, 2, 3)": [0.0, 0.024810535833239555, 0.0, 1.0034096240997314, 0.0]}}