{"q_values": {"(2, 5, 2, 2)": [21.889205932617188, 21.899044036865234, 22.02004051208496, 21.78908348083496, 20.99667739868164], "(2, 6, 2, 2)": [18.531343460083008, 18.826879501342773, 18.548175811767578, 18.456966400146484, 18.244863510131836], "(2, 7, 2, 2)": [16.785043716430664, 16.5047550201416, 16.647884368896484, 16.081777572631836, 16.52762222290039], "(2, 3, 2, 2)": [19.29994773864746, 20.88205909729004, 20.768850326538086, 20.819704055786133, 20.861263275146484], "(2, 1, 2, 2)": [15.463443756103516, 16.74087142944336, 16.62470054626465, 16.658727645874023, 16.971519470214844], "(2, 2, 2, 2)": [18.550949096679688, 18.815155029296875, 19.040456771850586, 19.045625686645508, 19.18997573852539], "(2, 1, 2, 1)": [1.3366553783416748, 1.2688615322113037, 2.5596652030944824, 3.316235303878784, 5.254926681518555], "(2, 6, 2, 3)": [2.2755849361419678, 2.8088104724884033, 0.8765366077423096, 0.3375582695007324, 0.2501131594181061], "(2, 7, 2, 3)": [1.999294400215149, 3.2541208267211914, 2.45289945602417, 0.42679715156555176, 0.8767098784446716], "(2, 4, 2, 2)": [21.973819732666016, 22.61785125732422, 22.38587760925293, 22.23564338684082, 22.29060935974121], "(2, 5, 2, 3)": [3.4892168045043945, 1.8205095529556274, 0.9738227725028992, 0.15020744502544403, 0.3033512532711029], "(2, 2, 2, 1)": [0.3520972728729248, 0.6157135367393494, 0.9757861495018005, 3.0530433654785156, 3.6426212787628174], "(2, 3, 2, 3)": [0.0, 0.0, 0.03213246911764145, 0.12048722803592682, 0.06344309449195862], "(2, 4, 2, 3)": [1.7867711782455444, 2.09633731842041, 0.15501782298088074, 0.09452736377716064, 0.1693575084209442], "(2, 3, 2, 1)": [0.21991634368896484, 0.3922405540943146, 0.32343795895576477, 2.568397283554077, 1.7461724281311035], "(2, 5, 2, 1)": [0.0, 0.0, 0.5848263502120972, 0.06559685617685318, 0.3694083094596863], "(2, 4, 2, 1)": [0.08992915600538254, 0.15345154702663422, 0.7710497975349426, 0.751581072807312, 0.758708655834198], "(2, 7, 3, 3)": [0.0, -0.017459800466895103, 0.0, 0.25593146681785583, 0.0], "(2, 6, 2, 1)": [0.0, 0.0, 0.11164463311433792, 0.0, 0.6645422577857971], "(3, 4, 2, 2)": [0.2617693543434143, 0.20621895790100098, 0.27945250272750854, 0.1250729262828827, 0.06342905014753342], "(3, 3, 2, 2)": [0.11674389243125916, 0.11563993245363235, 0.0, 0.059536080807447433, 0.25653964281082153], "(2, 3, 3, 2)": [0.0, 0.19293510913848877, 0.0, 0.0, 0.0], "(3, 6, 2, 2)": [0.1405395269393921, 0.2247428148984909, 0.2009386420249939, 0.171500101685524, 0.20574836432933807], "(3, 7, 2, 2)": [0.3995790183544159, 0.1655271351337433, 0.26595067977905273, 0.08667010068893433, 0.6489097476005554], "(3, 5, 2, 2)": [0.029634667560458183, 0.09030809253454208, 0.09190092980861664, 0.11734335869550705, 0.08898574858903885], "(3, 1, 2, 2)": [0.17115062475204468, 0.05310659110546112, 0.5731905102729797, 0.20310330390930176, 0.10976877063512802], "(3, 2, 2, 1)": [0.0, 0.0, 0.0, 0.0, 0.028150497004389763], "(3, 2, 2, 2)": [0.055464841425418854, 0.05758024752140045, 0.0, 0.027536233887076378, 0.02768363244831562], "(2, 2, 2, 3)": [0.0, 0.0, 0.2764935791492462, 0.0, 0.0], "(1, 5, 2, 2)": [0.11919607222080231, 0.08796769380569458, 0.03180288150906563, 0.09052201360464096, 0.16628101468086243], "(1, 6, 2, 2)": [0.10982371866703033, 0.05689070373773575, 0.08641033619642258, 0.10751080513000488, 0.055951379239559174], "(1, 7, 2, 2)": [0.17734599113464355, 0.025208737701177597, 0.8072838187217712, 0.03060956858098507, 0.15923230350017548], "(2, 4, 1, 1)": [0.02954661101102829, 0.0, 0.0, 0.0, 0.0], "(2, 3, 1, 1)": [0.0, 0.0, 0.028940534219145775, 0.0, 0.0], "(2, 2, 1, 1)": [0.0, 0.031195448711514473, 0.0, 0.0, 0.29758474230766296], "(2, 1, 1, 1)": [0.18288934230804443, 0.0, 0.0, 0.18440602719783783, 0.0], "(2, 5, 3, 3)": [0.0, 0.0, 0.0, 0.057032763957977295, 0.0], "(2, 6, 3, 3)": [0.0, 0.5171017050743103, 0.0, 0.05496431514620781, 0.025658832862973213], "(1, 4, 2, 2)": [0.1501171588897705, 0.14705361425876617, 0.14732274413108826, 0.17970740795135498, 0.09156204015016556], "(1, 3, 2, 2)": [0.02983184903860092, 0.0, 0.02978004328906536, 0.0, 0.11950220167636871]}}