{"q_values": {"(2, 5, 2, 2)": [32.91236877441406, 33.289737701416016, 32.936676025390625, 32.92530822753906, 31.948225021362305], "(2, 6, 2, 2)": [31.565082550048828, 31.870849609375, 31.545799255371094, 31.515060424804688, 30.11788558959961], "(2, 7, 2, 2)": [29.678316116333008, 29.215211868286133, 29.195232391357422, 28.917400360107422, 28.51765251159668], "(2, 3, 2, 2)": [33.321632385253906, 33.15598678588867, 33.723182678222656, 33.673465728759766, 33.61568069458008], "(2, 1, 2, 2)": [28.364953994750977, 28.351757049560547, 29.021207809448242, 28.937889099121094, 29.27972412109375], "(2, 2, 2, 2)": [29.798830032348633, 30.530126571655273, 31.159725189208984, 31.52776336669922, 30.81446075439453], "(2, 1, 2, 1)": [3.8124587535858154, 4.361769676208496, 7.936792850494385, 7.190471172332764, 12.051802635192871], "(2, 6, 2, 3)": [7.031748294830322, 6.835772514343262, 3.431213617324829, 0.7736776471138, 0.9650679230690002], "(2, 7, 2, 3)": [6.920334339141846, 9.92106819152832, 7.370913028717041, 3.988774538040161, 4.103377819061279], "(2, 4, 2, 2)": [33.05584716796875, 34.472442626953125, 34.584407806396484, 34.50175094604492, 34.451332092285156], "(2, 5, 2, 3)": [7.105790615081787, 7.853704452514648, 0.9978606700897217, 0.7516852021217346, 0.6744152307510376], "(2, 2, 2, 1)": [1.679870367050171, 1.615060806274414, 2.598444938659668, 5.944470405578613, 8.213321685791016], "(2, 3, 2, 3)": [0.7989088296890259, 1.8909677267074585, 0.03213246911764145, 0.12048722803592682, 0.06344309449195862], "(2, 4, 2, 3)": [2.651247262954712, 6.345236778259277, 0.1846211850643158, 0.2598196864128113, 0.1988963484764099], "(2, 3, 2, 1)": [1.0508606433868408, 0.44546523690223694, 1.1964420080184937, 7.226895809173584, 3.8837203979492188], "(2, 5, 2, 1)": [0.12848985195159912, 0.09886764734983444, 1.4011160135269165, 0.7842639088630676, 1.3385491371154785], "(2, 4, 2, 1)": [0.26215386390686035, 0.3342553675174713, 0.9829458594322205, 4.198692798614502, 4.04000186920166], "(2, 7, 3, 3)": [0.0, -0.017459800466895103, 0.0, 0.25593146681785583, 0.0], "(2, 6, 2, 1)": [0.0, 0.0, 0.11164463311433792, 0.0, 0.6645422577857971], "(3, 4, 2, 2)": [0.2617693543434143, 0.23620742559432983, 0.36351364850997925, 0.19047659635543823, 0.2525765001773834], "(3, 3, 2, 2)": [0.11674389243125916, 0.15132467448711395, 0.07170403003692627, 0.1257777065038681, 0.3335781991481781], "(2, 3, 3, 2)": [0.0, 0.19293510913848877, 0.0, 0.0, 0.0], "(3, 6, 2, 2)": [0.2531968951225281, 0.28110232949256897, 0.28681623935699463, 0.371204137802124, 0.4223771393299103], "(3, 7, 2, 2)": [0.5108663439750671, 0.1655271351337433, 0.26595067977905273, 2.204709768295288, 0.7529817223548889], "(3, 5, 2, 2)": [0.18180593848228455, 0.26416563987731934, 0.2467498928308487, 0.18823890388011932, 0.2883949875831604], "(3, 1, 2, 2)": [0.17115062475204468, 0.05310659110546112, 0.5731905102729797, 0.20310330390930176, 0.10976877063512802], "(3, 2, 2, 1)": [0.0, 0.0, 0.0, 0.0, 0.028150497004389763], "(3, 2, 2, 2)": [0.055464841425418854, 0.05758024752140045, 0.0, 0.027536233887076378, 0.02768363244831562], "(2, 2, 2, 3)": [0.0, 0.0, 0.2764935791492462, 0.0, 0.0], "(1, 5, 2, 2)": [0.11919607222080231, 0.08796769380569458, 0.03180288150906563, 0.09052201360464096, 0.1909528523683548], "(1, 6, 2, 2)": [0.10982371866703033, 0.05689070373773575, 0.08641033619642258, 0.18836882710456848, 0.10865214467048645], "(1, 7, 2, 2)": [0.17734599113464355, 0.025208737701177597, 0.8072838187217712, 0.03060956858098507, 0.15923230350017548], "(2, 4, 1, 1)": [0.02954661101102829, 0.0, 0.0, 0.0, 0.0], "(2, 3, 1, 1)": [0.0, 0.0, 0.028940534219145775, 0.0, 0.0], "(2, 2, 1, 1)": [0.0, 0.031195448711514473, 0.0, 0.0, 0.9949930906295776], "(2, 1, 1, 1)": [0.18288934230804443, 0.0, 0.0, 0.18440602719783783, 0.0], "(2, 5, 3, 3)": [0.0, 0.0, 0.0, 0.057032763957977295, 0.0], "(2, 6, 3, 3)": [0.0, 0.5171017050743103, 0.0, 0.05496431514620781, 0.025658832862973213], "(1, 4, 2, 2)": [0.17549604177474976, 0.1770504266023636, 0.17818379402160645, 0.2095973640680313, 0.1188090443611145], "(1, 3, 2, 2)": [0.1491018682718277, 0.031444206833839417, 0.08596983551979065, 0.030133627355098724, 0.2542771100997925], "(1, 7, 2, 3)": [0.0, 0.0, 0.025410693138837814, 0.0, 0.5016306042671204], "(1, 1, 2, 2)": [1.3023420572280884, 0.05214765667915344, 0.0, 0.0, 0.0], "(3, 5, 2, 3)": [0.0, 0.0, 0.0, 0.057656772434711456, 0.0], "(3, 6, 2, 3)": [0.0, 0.0, 0.0, 0.05486352741718292, 0.02617158181965351], "(3, 7, 3, 3)": [0.0, 0.0, 0.6865803599357605, 0.0, 0.0], "(1, 2, 2, 2)": [0.08621383458375931, 0.08436159044504166, 0.07171911746263504, 0.0, 0.06496505439281464], "(1, 2, 2, 1)": [0.0, 0.0, 0.0, 0.026756035163998604, 0.0], "(1, 1, 2, 1)": [0.0, 0.0, 0.0, 0.711438775062561, 0.0], "(2, 3, 1, 2)": [0.0, 0.0, 0.0, 0.0, 0.9865462779998779], "(1, 4, 2, 3)": [0.034880053251981735, 0.0, 0.0, 0.0, 0.0], "(1, 5, 2, 3)": [0.0, 0.0, 0.0, 0.0, 0.04941471293568611]}}