{"q_values": {"(2, 5, 2, 2)": [13.298066139221191, 13.309965133666992, 13.274958610534668, 12.860796928405762, 12.874883651733398], "(2, 6, 2, 2)": [11.177848815917969, 11.366033554077148, 11.346219062805176, 10.882454872131348, 11.114861488342285], "(2, 7, 2, 2)": [9.873796463012695, 9.519471168518066, 9.436145782470703, 9.697036743164062, 9.227022171020508], "(2, 3, 2, 2)": [12.980899810791016, 13.316357612609863, 13.540477752685547, 13.62830638885498, 13.524822235107422], "(2, 1, 2, 2)": [9.885788917541504, 9.682836532592773, 10.092894554138184, 9.992583274841309, 10.072572708129883], "(2, 2, 2, 2)": [10.978163719177246, 11.895124435424805, 11.937828063964844, 11.842638969421387, 12.071539878845215], "(2, 1, 2, 1)": [1.052852988243103, 1.0842406749725342, 1.0847676992416382, 0.35345658659935, 1.028861403465271], "(2, 6, 2, 3)": [1.116941213607788, 1.709792971611023, 0.43129900097846985, 0.3375582695007324, 0.1945657730102539], "(2, 7, 2, 3)": [1.158338189125061, 1.1553078889846802, 1.2403347492218018, 0.28749752044677734, 0.4553580582141876], "(2, 4, 2, 2)": [13.655939102172852, 14.269636154174805, 14.261226654052734, 14.402420043945312, 14.16882610321045], "(2, 5, 2, 3)": [0.9222744703292847, 0.9462758302688599, 0.37951546907424927, 0.06156483665108681, 0.17964380979537964], "(2, 2, 2, 1)": [0.21104316413402557, 0.3797970414161682, 0.27479174733161926, 1.1692559719085693, 1.4361624717712402], "(2, 3, 2, 3)": [0.0, 0.0, 0.0, 0.08805901557207108, 0.031810976564884186], "(2, 4, 2, 3)": [0.5997321605682373, 1.045432209968567, 0.0, 0.05899493396282196, 0.08844265341758728], "(2, 3, 2, 1)": [0.092471182346344, 0.2033410370349884, 0.20960041880607605, 1.0372713804244995, 0.029159141704440117], "(2, 5, 2, 1)": [0.0, 0.0, 0.0, 0.06559685617685318, 0.3694083094596863], "(2, 4, 2, 1)": [0.08992915600538254, 0.09586964547634125, 0.2633124589920044, 0.1261758804321289, 0.17558209598064423], "(2, 7, 3, 3)": [0.0, -0.017459800466895103, 0.0, 0.25593146681785583, 0.0], "(2, 6, 2, 1)": [0.0, 0.0, 0.11164463311433792, 0.0, 0.0], "(3, 4, 2, 2)": [0.17608952522277832, 0.20621895790100098, 0.25332632660865784, 0.1250729262828827, 0.06342905014753342], "(3, 3, 2, 2)": [0.0587746724486351, 0.11563993245363235, 0.0, 0.030612315982580185, 0.20955587923526764], "(2, 3, 3, 2)": [0.0, 0.19293510913848877, 0.0, 0.0, 0.0], "(3, 6, 2, 2)": [0.08714678883552551, 0.11439085006713867, 0.11321905255317688, 0.11380702257156372, 0.027037842199206352], "(3, 7, 2, 2)": [0.2679537236690521, 0.0, 0.15611734986305237, 0.025588320568203926, 0.027209900319576263], "(3, 5, 2, 2)": [0.029634667560458183, 0.030272018164396286, 0.0, 0.09038622677326202, 0.05893659591674805], "(3, 1, 2, 2)": [0.17115062475204468, 0.05310659110546112, 0.15063990652561188, 0.20310330390930176, 0.10976877063512802], "(3, 2, 2, 1)": [0.0, 0.0, 0.0, 0.0, 0.028150497004389763], "(3, 2, 2, 2)": [0.027904681861400604, 0.0, 0.0, 0.0, 0.02768363244831562], "(2, 2, 2, 3)": [0.0, 0.0, 0.2764935791492462, 0.0, 0.0], "(1, 5, 2, 2)": [0.08984735608100891, 0.08796769380569458, 0.0, 0.06005207449197769, 0.140952467918396], "(1, 6, 2, 2)": [0.10982371866703033, 0.05689070373773575, 0.02823824994266033, 0.08318561315536499, 0.055951379239559174], "(1, 7, 2, 2)": [0.17734599113464355, 0.025208737701177597, 0.5059709548950195, 0.0, 0.15923230350017548], "(2, 4, 1, 1)": [0.02954661101102829, 0.0, 0.0, 0.0, 0.0], "(2, 3, 1, 1)": [0.0, 0.0, 0.028940534219145775, 0.0, 0.0], "(2, 2, 1, 1)": [0.0, 0.031195448711514473, 0.0, 0.0, 0.29758474230766296], "(2, 1, 1, 1)": [0.18288934230804443, 0.0, 0.0, 0.18440602719783783, 0.0], "(2, 5, 3, 3)": [0.0, 0.0, 0.0, 0.057032763957977295, 0.0], "(2, 6, 3, 3)": [0.0, 0.0, 0.0, 0.027316026389598846, 0.025658832862973213], "(1, 4, 2, 2)": [0.032608069479465485, 0.11712176352739334, 0.059072017669677734, 0.08986905217170715, 0.05994401499629021]}}