{"q_values": {"(2, 5, 2, 2)": [72.32217407226562, 71.0998306274414, 72.83441925048828, 73.05113983154297, 71.70323944091797], "(2, 6, 2, 2)": [72.30481719970703, 71.97559356689453, 72.0036392211914, 69.70329284667969, 71.09427642822266], "(2, 7, 2, 2)": [69.13463592529297, 69.289306640625, 68.75202178955078, 68.23966979980469, 67.62213897705078], "(2, 3, 2, 2)": [66.03251647949219, 69.4719009399414, 69.69806671142578, 68.92131805419922, 69.32341766357422], "(2, 1, 2, 2)": [65.82223510742188, 66.10224151611328, 66.22566986083984, 66.31251525878906, 66.54017639160156], "(2, 2, 2, 2)": [68.0711441040039, 68.10548400878906, 68.24124145507812, 68.46723175048828, 66.24735260009766], "(2, 1, 2, 1)": [31.402341842651367, 26.558223724365234, 28.037498474121094, 27.14898681640625, 46.39607620239258], "(2, 6, 2, 3)": [35.777488708496094, 27.64602279663086, 18.861806869506836, 7.471549034118652, 9.025971412658691], "(2, 7, 2, 3)": [35.60160827636719, 40.803192138671875, 30.969196319580078, 25.891742706298828, 24.450117111206055], "(2, 4, 2, 2)": [70.1746826171875, 71.44641876220703, 71.40640258789062, 71.689697265625, 70.3691177368164], "(2, 5, 2, 3)": [26.98454475402832, 27.84471893310547, 20.93462371826172, 4.157951831817627, 6.20822811126709], "(2, 2, 2, 1)": [10.110649108886719, 11.191131591796875, 16.489748001098633, 24.238271713256836, 34.606075286865234], "(2, 3, 2, 3)": [8.689521789550781, 7.643865585327148, 9.723636627197266, 1.2107398509979248, 0.959132194519043], "(2, 4, 2, 3)": [10.422301292419434, 23.843177795410156, 12.107945442199707, 3.7135863304138184, 2.163243532180786], "(2, 3, 2, 1)": [4.7526984214782715, 5.391016960144043, 7.375186920166016, 30.739913940429688, 25.733325958251953], "(2, 5, 2, 1)": [0.12848985195159912, 1.0243566036224365, 8.939901351928711, 7.488872051239014, 9.651443481445312], "(2, 4, 2, 1)": [2.3900179862976074, 2.446425437927246, 8.785530090332031, 13.727800369262695, 21.637941360473633], "(2, 7, 3, 3)": [0.0, -0.017459800466895103, 1.9327749013900757, 0.25593146681785583, 1.3346171379089355], "(2, 6, 2, 1)": [0.04893524944782257, 0.034966807812452316, 1.1621315479278564, 2.136251926422119, 0.6645422577857971], "(3, 4, 2, 2)": [0.4781835079193115, 0.3444521129131317, 0.4926277697086334, 1.7940099239349365, 0.2967810332775116], "(3, 3, 2, 2)": [0.4366909861564636, 0.622294545173645, 0.63370281457901, 0.47147685289382935, 0.6822351217269897], "(2, 3, 3, 2)": [0.0, 0.19293510913848877, 0.0, 0.0, 0.0], "(3, 6, 2, 2)": [1.0472060441970825, 0.8990020751953125, 0.8906146883964539, 2.0638437271118164, 1.464235544204712], "(3, 7, 2, 2)": [5.046215057373047, 0.8838641047477722, 3.3487484455108643, 11.087767601013184, 3.845050811767578], "(3, 5, 2, 2)": [0.5652003884315491, 0.5805849432945251, 0.7303120493888855, 0.5964124202728271, 0.8574540019035339], "(3, 1, 2, 2)": [5.871140480041504, 1.7538206577301025, 3.855776309967041, 3.064650535583496, 0.6934574246406555], "(3, 2, 2, 1)": [0.0, 0.02830933965742588, 0.0, 0.026698235422372818, 0.06356549263000488], "(3, 2, 2, 2)": [0.294197678565979, 0.31722939014434814, 0.18971185386180878, 0.21339987218379974, 0.02768363244831562], "(2, 2, 2, 3)": [0.0, 2.028308629989624, 0.2764935791492462, 0.04314063489437103, 0.0], "(1, 5, 2, 2)": [0.6610562205314636, 0.6332613825798035, 2.16264271736145, 0.6132892966270447, 0.5050225257873535], "(1, 6, 2, 2)": [0.4353623688220978, 0.4976598024368286, 0.43574613332748413, 0.5634559392929077, 0.9873960614204407], "(1, 7, 2, 2)": [6.298908233642578, 0.8550645112991333, 4.394856929779053, 2.8569729328155518, 2.616633892059326], "(2, 4, 1, 1)": [0.02954661101102829, 0.0, 0.0, 0.268595427274704, 0.0], "(2, 3, 1, 1)": [0.0, 0.0, 0.028940534219145775, 0.0, 0.0], "(2, 2, 1, 1)": [0.0, 0.06225632131099701, 0.0, 0.0, 1.2618294954299927], "(2, 1, 1, 1)": [1.352020263671875, 0.0, 0.0, 1.8952572345733643, 0.4353715777397156], "(2, 5, 3, 3)": [0.5239105820655823, 0.6402232050895691, 0.04391792416572571, 0.057032763957977295, 0.030955173075199127], "(2, 6, 3, 3)": [1.052781581878662, 0.5171017050743103, 0.5932179689407349, 0.05496431514620781, 0.025658832862973213], "(1, 4, 2, 2)": [0.43185189366340637, 0.4503364861011505, 0.41934704780578613, 0.5935739874839783, 0.5199983716011047], "(1, 3, 2, 2)": [0.5509037971496582, 0.2998873293399811, 0.5279502272605896, 0.45557838678359985, 0.48846539855003357], "(1, 7, 2, 3)": [0.17736069858074188, 1.1082266569137573, 1.5377697944641113, 0.031273506581783295, 1.561946153640747], "(1, 1, 2, 2)": [8.827889442443848, 4.675546646118164, 4.768163204193115, 8.937017440795898, 4.052907466888428], "(3, 5, 2, 3)": [0.0, 0.0, 0.0, 0.057656772434711456, 0.0], "(3, 6, 2, 3)": [0.0, 0.0, 0.0, 0.05486352741718292, 0.02617158181965351], "(3, 7, 3, 3)": [0.0, 0.0, 0.6865803599357605, 0.0, 0.0], "(1, 2, 2, 2)": [0.9725525975227356, 0.7034475803375244, 0.5092954635620117, 0.81395423412323, 0.33295372128486633], "(1, 2, 2, 1)": [0.0, 0.0, 0.0, 0.026756035163998604, 0.0], "(1, 1, 2, 1)": [1.1036980152130127, 0.8583201169967651, 0.0, 0.711438775062561, 0.0], "(2, 3, 1, 2)": [0.0, 0.0, 0.0, 0.0, 0.9865462779998779], "(1, 4, 2, 3)": [0.034880053251981735, 0.03244931250810623, 0.0, 0.0, 0.0], "(1, 5, 2, 3)": [0.0, 0.0, 0.0, 0.0, 0.04941471293568611], "(2, 4, 3, 3)": [0.0, 3.1511049270629883, 0.8091824650764465, 0.029569920152425766, 0.0], "(2, 5, 1, 2)": [0.0, 0.0, 0.0, 0.0, 1.2393845319747925], "(3, 7, 2, 3)": [0.0, 0.07367099076509476, 0.0, 1.0034096240997314, 0.0], "(1, 6, 2, 3)": [0.0, 0.0, 0.060267023742198944, 0.0, 0.059735529124736786], "(3, 4, 2, 1)": [0.0, 0.0, 0.0, 0.03757285326719284, 0.03938349708914757], "(1, 3, 1, 2)": [0.0, 0.0, 0.0, 0.0, 0.03343399241566658], "(1, 3, 2, 3)": [0.042344558984041214, 0.0, 0.0, 0.0, 0.0], "(2, 3, 3, 3)": [0.0, 0.0, 0.0, 0.02997138351202011, 0.029751203954219818], "(3, 1, 2, 1)": [0.0, 2.1358509063720703, 0.0, 0.034045055508613586, 0.0]}}