{"q_values": {"(2, 5, 2, 2)": [68.82215881347656, 69.63618469238281, 70.08950805664062, 68.5558090209961, 69.3456039428711], "(2, 6, 2, 2)": [68.72771453857422, 68.45818328857422, 68.07424926757812, 68.3034439086914, 67.44416046142578], "(2, 7, 2, 2)": [65.17524719238281, 64.65780639648438, 64.79481506347656, 64.36141967773438, 64.676513671875], "(2, 3, 2, 2)": [65.67335510253906, 65.29609680175781, 66.3357925415039, 66.0320816040039, 64.01692199707031], "(2, 1, 2, 2)": [62.38726806640625, 63.045799255371094, 62.700477600097656, 63.37262725830078, 61.50868606567383], "(2, 2, 2, 2)": [61.56418228149414, 63.3378791809082, 64.07050323486328, 63.84193801879883, 63.556861877441406], "(2, 1, 2, 1)": [26.694074630737305, 24.635461807250977, 26.832834243774414, 26.62098503112793, 42.63656997680664], "(2, 6, 2, 3)": [34.1729621887207, 26.33350372314453, 16.87064552307129, 7.471549034118652, 9.0457763671875], "(2, 7, 2, 3)": [33.52493667602539, 40.1328239440918, 29.83856773376465, 24.38006019592285, 22.911399841308594], "(2, 4, 2, 2)": [69.23121643066406, 69.91455841064453, 69.78721618652344, 70.09015655517578, 68.02688598632812], "(2, 5, 2, 3)": [24.202781677246094, 27.84471893310547, 19.313404083251953, 4.157951831817627, 3.916433334350586], "(2, 2, 2, 1)": [9.054525375366211, 10.134532928466797, 15.097389221191406, 22.9368953704834, 30.433223724365234], "(2, 3, 2, 3)": [8.689521789550781, 7.643865585327148, 9.723636627197266, 0.5373367071151733, 0.959132194519043], "(2, 4, 2, 3)": [8.502314567565918, 20.577861785888672, 12.107945442199707, 2.9253695011138916, 1.5154869556427002], "(2, 3, 2, 1)": [4.7526984214782715, 3.813326597213745, 6.4166975021362305, 29.570749282836914, 23.015213012695312], "(2, 5, 2, 1)": [0.12848985195159912, 1.0243566036224365, 7.025688171386719, 7.488872051239014, 9.651443481445312], "(2, 4, 2, 1)": [1.7561075687408447, 1.6424418687820435, 6.104040145874023, 13.727800369262695, 21.637941360473633], "(2, 7, 3, 3)": [0.0, -0.017459800466895103, 1.9327749013900757, 0.25593146681785583, 1.3346171379089355], "(2, 6, 2, 1)": [0.0, 0.034966807812452316, 1.1621315479278564, 0.0, 0.6645422577857971], "(3, 4, 2, 2)": [0.4781835079193115, 0.3444521129131317, 0.4926277697086334, 1.7940099239349365, 0.2967810332775116], "(3, 3, 2, 2)": [0.35020098090171814, 0.568637490272522, 0.35057300329208374, 0.36986303329467773, 0.5814613103866577], "(2, 3, 3, 2)": [0.0, 0.19293510913848877, 0.0, 0.0, 0.0], "(3, 6, 2, 2)": [1.0472060441970825, 0.8347346186637878, 0.7499526143074036, 2.0475494861602783, 1.3779274225234985], "(3, 7, 2, 2)": [5.046215057373047, 0.8838641047477722, 3.3487484455108643, 11.087767601013184, 1.4472808837890625], "(3, 5, 2, 2)": [0.5652003884315491, 0.5805849432945251, 0.7303120493888855, 0.5964124202728271, 0.8574540019035339], "(3, 1, 2, 2)": [3.9542040824890137, 1.7538206577301025, 3.928439140319824, 3.038177967071533, 0.5045648217201233], "(3, 2, 2, 1)": [0.0, 0.02830933965742588, 0.0, 0.0, 0.06356549263000488], "(3, 2, 2, 2)": [0.14053680002689362, 0.2918889820575714, 0.18971185386180878, 0.21339987218379974, 0.02768363244831562], "(2, 2, 2, 3)": [0.0, 0.0, 0.2764935791492462, 0.04314063489437103, 0.0], "(1, 5, 2, 2)": [0.6610562205314636, 0.6332613825798035, 2.204878091812134, 0.6132892966270447, 0.46963104605674744], "(1, 6, 2, 2)": [0.40675193071365356, 0.47038114070892334, 0.43574613332748413, 0.5634559392929077, 0.8259760141372681], "(1, 7, 2, 2)": [4.441387176513672, 0.8550645112991333, 4.394856929779053, 2.8569729328155518, 2.616633892059326], "(2, 4, 1, 1)": [0.02954661101102829, 0.0, 0.0, 0.268595427274704, 0.0], "(2, 3, 1, 1)": [0.0, 0.0, 0.028940534219145775, 0.0, 0.0], "(2, 2, 1, 1)": [0.0, 0.06225632131099701, 0.0, 0.0, 1.2618294954299927], "(2, 1, 1, 1)": [1.352020263671875, 0.0, 0.0, 1.8952572345733643, 0.4353715777397156], "(2, 5, 3, 3)": [0.5239105820655823, 0.6402232050895691, 0.0, 0.057032763957977295, 0.0], "(2, 6, 3, 3)": [1.052781581878662, 0.5171017050743103, 0.0, 0.05496431514620781, 0.025658832862973213], "(1, 4, 2, 2)": [0.43185189366340637, 0.4503364861011505, 0.41934704780578613, 0.5935739874839783, 0.4064696431159973], "(1, 3, 2, 2)": [0.5509037971496582, 0.2998873293399811, 0.5279502272605896, 0.45557838678359985, 0.48846539855003357], "(1, 7, 2, 3)": [0.17736069858074188, 1.1082266569137573, 1.5377697944641113, 0.031273506581783295, 1.561946153640747], "(1, 1, 2, 2)": [8.827889442443848, 4.675546646118164, 4.768163204193115, 8.937017440795898, 4.052907466888428], "(3, 5, 2, 3)": [0.0, 0.0, 0.0, 0.057656772434711456, 0.0], "(3, 6, 2, 3)": [0.0, 0.0, 0.0, 0.05486352741718292, 0.02617158181965351], "(3, 7, 3, 3)": [0.0, 0.0, 0.6865803599357605, 0.0, 0.0], "(1, 2, 2, 2)": [0.9725525975227356, 0.7034475803375244, 0.5092954635620117, 0.81395423412323, 0.33295372128486633], "(1, 2, 2, 1)": [0.0, 0.0, 0.0, 0.026756035163998604, 0.0], "(1, 1, 2, 1)": [1.1036980152130127, 0.8583201169967651, 0.0, 0.711438775062561, 0.0], "(2, 3, 1, 2)": [0.0, 0.0, 0.0, 0.0, 0.9865462779998779], "(1, 4, 2, 3)": [0.034880053251981735, 0.03244931250810623, 0.0, 0.0, 0.0], "(1, 5, 2, 3)": [0.0, 0.0, 0.0, 0.0, 0.04941471293568611], "(2, 4, 3, 3)": [0.0, 3.1511049270629883, 0.8091824650764465, 0.029569920152425766, 0.0], "(2, 5, 1, 2)": [0.0, 0.0, 0.0, 0.0, 1.2393845319747925], "(3, 7, 2, 3)": [0.0, 0.07367099076509476, 0.0, 1.0034096240997314, 0.0], "(1, 6, 2, 3)": [0.0, 0.0, 0.060267023742198944, 0.0, 0.059735529124736786], "(3, 4, 2, 1)": [0.0, 0.0, 0.0, 0.03757285326719284, 0.03938349708914757], "(1, 3, 1, 2)": [0.0, 0.0, 0.0, 0.0, 0.03343399241566658], "(1, 3, 2, 3)": [0.042344558984041214, 0.0, 0.0, 0.0, 0.0], "(2, 3, 3, 3)": [0.0, 0.0, 0.0, 0.02997138351202011, 0.029751203954219818], "(3, 1, 2, 1)": [0.0, 0.0, 0.0, 0.034045055508613586, 0.0]}}