{"q_values": {"(2, 5, 2, 2)": [5.13128662109375, 5.157900333404541, 4.949787616729736, 5.248629093170166, 4.960161209106445], "(2, 6, 2, 2)": [4.306726932525635, 4.3358073234558105, 4.074996471405029, 4.06285285949707, 4.177243232727051], "(2, 7, 2, 2)": [2.951859951019287, 2.619699716567993, 2.9436802864074707, 2.5858821868896484, 2.334456205368042], "(2, 3, 2, 2)": [4.995927333831787, 4.998410701751709, 5.28999662399292, 4.9517741203308105, 5.070046424865723], "(2, 1, 2, 2)": [2.853090763092041, 3.0611274242401123, 3.0771381855010986, 3.1624937057495117, 3.3330025672912598], "(2, 2, 2, 2)": [4.308793067932129, 4.406184673309326, 4.260736465454102, 4.339369297027588, 4.35829496383667], "(2, 1, 2, 1)": [0.051532261073589325, -0.031422391533851624, 0.06319481134414673, -0.03320246562361717, 0.2673027515411377], "(2, 6, 2, 3)": [0.3110887110233307, 0.27026522159576416, 0.027056433260440826, 0.139038547873497, 0.10681568831205368], "(2, 7, 2, 3)": [0.2335282415151596, -0.023031920194625854, 0.10293911397457123, 0.06315509974956512, -0.08230109512805939], "(2, 4, 2, 2)": [4.990624904632568, 5.059566020965576, 5.0071492195129395, 5.349631309509277, 5.141138553619385], "(2, 5, 2, 3)": [0.21909862756729126, 0.17185422778129578, 0.0, 0.029517970979213715, 0.11468259990215302], "(2, 2, 2, 1)": [0.02747882530093193, 0.1037987619638443, 0.06776231527328491, 0.1422598510980606, 0.19989852607250214], "(2, 3, 2, 3)": [0.0, 0.0, 0.0, 0.02998531050980091, 0.0], "(2, 4, 2, 3)": [0.0, 0.23609629273414612, 0.0, 0.0, 0.030477751046419144], "(2, 3, 2, 1)": [0.05747852474451065, 0.057621248066425323, 0.1286778599023819, 0.12004847824573517, 0.029159141704440117], "(2, 5, 2, 1)": [0.0, 0.0, 0.0, 0.06559685617685318, 0.0], "(2, 4, 2, 1)": [0.031372152268886566, 0.031444814056158066, 0.0, 0.1261758804321289, 0.17558209598064423], "(2, 7, 3, 3)": [0.0, -0.017459800466895103, 0.0, 0.0, 0.0], "(2, 6, 2, 1)": [0.0, 0.0, 0.11164463311433792, 0.0, 0.0], "(3, 4, 2, 2)": [0.08799416571855545, 0.030899565666913986, 0.11634290218353271, 0.0, 0.02999984286725521], "(3, 3, 2, 2)": [0.030959665775299072, 0.029608383774757385, 0.0, 0.0, 0.0]}}