{"q_values": {"(2, 5, 2, 2)": [58.02473449707031, 58.365474700927734, 58.05403137207031, 57.77769470214844, 57.279048919677734], "(2, 6, 2, 2)": [54.62818145751953, 54.672515869140625, 54.67212677001953, 53.549171447753906, 54.24445724487305], "(2, 7, 2, 2)": [51.75674819946289, 51.70289993286133, 51.71199417114258, 51.4725456237793, 49.41307830810547], "(2, 3, 2, 2)": [53.167911529541016, 54.89232635498047, 55.10726547241211, 54.5732421875, 53.53849792480469], "(2, 1, 2, 2)": [49.245548248291016, 50.89958190917969, 51.196022033691406, 50.82846450805664, 51.1114387512207], "(2, 2, 2, 2)": [49.998008728027344, 50.77987289428711, 52.33045196533203, 52.223541259765625, 51.3086051940918], "(2, 1, 2, 1)": [17.487510681152344, 13.099685668945312, 21.456350326538086, 17.962982177734375, 28.053720474243164], "(2, 6, 2, 3)": [22.335205078125, 20.433238983154297, 5.856166362762451, 3.8724327087402344, 6.733945846557617], "(2, 7, 2, 3)": [25.588918685913086, 27.571208953857422, 20.17494010925293, 14.228679656982422, 12.884973526000977], "(2, 4, 2, 2)": [57.364471435546875, 58.07426071166992, 58.22548294067383, 58.63497543334961, 56.82412338256836], "(2, 5, 2, 3)": [19.262842178344727, 20.2662410736084, 14.263050079345703, 1.6927602291107178, 1.8772505521774292], "(2, 2, 2, 1)": [3.557631254196167, 6.4120283126831055, 10.197635650634766, 18.375694274902344, 23.13949966430664], "(2, 3, 2, 3)": [3.5272483825683594, 7.643865585327148, 2.614625930786133, 0.15281976759433746, 0.5512080192565918], "(2, 4, 2, 3)": [4.926277160644531, 11.26318073272705, 10.483092308044434, 1.1765836477279663, 0.9394125938415527], "(2, 3, 2, 1)": [3.1232810020446777, 3.207793712615967, 6.050559043884277, 19.47069549560547, 14.117990493774414], "(2, 5, 2, 1)": [0.12848985195159912, 0.18790596723556519, 5.542862892150879, 3.7252793312072754, 4.210954189300537], "(2, 4, 2, 1)": [1.0338236093521118, 0.5512057542800903, 6.283062934875488, 7.500243186950684, 11.95150089263916], "(2, 7, 3, 3)": [0.0, -0.017459800466895103, 1.9327749013900757, 0.25593146681785583, 1.3346171379089355], "(2, 6, 2, 1)": [0.0, 0.0, 1.1621315479278564, 0.0, 0.6645422577857971], "(3, 4, 2, 2)": [0.3129081726074219, 0.23620742559432983, 0.39018553495407104, 1.8457934856414795, 0.2525765001773834], "(3, 3, 2, 2)": [0.180356964468956, 0.288705974817276, 0.1452658772468567, 0.21137647330760956, 0.3994162380695343], "(2, 3, 3, 2)": [0.0, 0.19293510913848877, 0.0, 0.0, 0.0], "(3, 6, 2, 2)": [0.8242572546005249, 0.6677052974700928, 0.7499526143074036, 1.9263103008270264, 0.5906215310096741], "(3, 7, 2, 2)": [3.4899654388427734, 0.20425093173980713, 0.43721920251846313, 4.166865825653076, 0.7896761894226074], "(3, 5, 2, 2)": [0.34367379546165466, 0.4307965040206909, 0.604617714881897, 0.41421186923980713, 0.7367292046546936], "(3, 1, 2, 2)": [0.19656604528427124, 0.08137696981430054, 0.5861539840698242, 1.3196731805801392, 0.16873420774936676], "(3, 2, 2, 1)": [0.0, 0.0, 0.0, 0.0, 0.028150497004389763], "(3, 2, 2, 2)": [0.055464841425418854, 0.08614565432071686, 0.05661136284470558, 0.057113371789455414, 0.02768363244831562], "(2, 2, 2, 3)": [0.0, 0.0, 0.2764935791492462, 0.04314063489437103, 0.0], "(1, 5, 2, 2)": [0.5805695652961731, 0.47476738691329956, 0.37332525849342346, 0.53435218334198, 0.41175204515457153], "(1, 6, 2, 2)": [0.2331160306930542, 0.26472654938697815, 0.2859281003475189, 0.45136773586273193, 0.4636182188987732], "(1, 7, 2, 2)": [2.4957048892974854, 0.3096384108066559, 4.490654945373535, 1.5375932455062866, 0.6632966995239258], "(2, 4, 1, 1)": [0.02954661101102829, 0.0, 0.0, 0.268595427274704, 0.0], "(2, 3, 1, 1)": [0.0, 0.0, 0.028940534219145775, 0.0, 0.0], "(2, 2, 1, 1)": [0.0, 0.06225632131099701, 0.0, 0.0, 1.2618294954299927], "(2, 1, 1, 1)": [1.352020263671875, 0.0, 0.0, 0.18440602719783783, 0.4353715777397156], "(2, 5, 3, 3)": [0.5239105820655823, 0.6402232050895691, 0.0, 0.057032763957977295, 0.0], "(2, 6, 3, 3)": [0.0, 0.5171017050743103, 0.0, 0.05496431514620781, 0.025658832862973213], "(1, 4, 2, 2)": [0.30814671516418457, 0.3599003553390503, 0.3271563649177551, 0.41227665543556213, 0.3048650622367859], "(1, 3, 2, 2)": [0.42226067185401917, 0.12381447106599808, 0.472431480884552, 0.25930237770080566, 0.40383875370025635], "(1, 7, 2, 3)": [0.17736069858074188, 1.1082266569137573, 0.025410693138837814, 0.0, 1.561946153640747], "(1, 1, 2, 2)": [4.5865912437438965, 2.6889243125915527, 2.8730080127716064, 0.43239372968673706, 0.631181538105011], "(3, 5, 2, 3)": [0.0, 0.0, 0.0, 0.057656772434711456, 0.0], "(3, 6, 2, 3)": [0.0, 0.0, 0.0, 0.05486352741718292, 0.02617158181965351], "(3, 7, 3, 3)": [0.0, 0.0, 0.6865803599357605, 0.0, 0.0], "(1, 2, 2, 2)": [0.27115967869758606, 0.5550563335418701, 0.27615657448768616, 0.190443754196167, 0.09925786405801773], "(1, 2, 2, 1)": [0.0, 0.0, 0.0, 0.026756035163998604, 0.0], "(1, 1, 2, 1)": [1.1036980152130127, 0.8583201169967651, 0.0, 0.711438775062561, 0.0], "(2, 3, 1, 2)": [0.0, 0.0, 0.0, 0.0, 0.9865462779998779], "(1, 4, 2, 3)": [0.034880053251981735, 0.03244931250810623, 0.0, 0.0, 0.0], "(1, 5, 2, 3)": [0.0, 0.0, 0.0, 0.0, 0.04941471293568611], "(2, 4, 3, 3)": [0.0, 1.1180140972137451, 0.0, 0.029569920152425766, 0.0], "(2, 5, 1, 2)": [0.0, 0.0, 0.0, 0.0, 1.2393845319747925], "(3, 7, 2, 3)": [0.0, 0.07367099076509476, 0.0, 1.0034096240997314, 0.0], "(1, 6, 2, 3)": [0.0, 0.0, 0.060267023742198944, 0.0, 0.059735529124736786], "(3, 4, 2, 1)": [0.0, 0.0, 0.0, 0.03757285326719284, 0.0], "(1, 3, 1, 2)": [0.0, 0.0, 0.0, 0.0, 0.03343399241566658], "(1, 3, 2, 3)": [0.042344558984041214, 0.0, 0.0, 0.0, 0.0]}}