{"q_values": {"(2, 5, 2, 2)": [65.98497772216797, 67.74842071533203, 68.22128295898438, 67.7254867553711, 66.37358856201172], "(2, 6, 2, 2)": [66.5125732421875, 66.57877349853516, 66.74520111083984, 66.4461669921875, 65.30677795410156], "(2, 7, 2, 2)": [63.69924545288086, 63.169490814208984, 62.70360565185547, 61.54790115356445, 61.423980712890625], "(2, 3, 2, 2)": [64.98153686523438, 62.76127624511719, 65.80867767333984, 65.75996398925781, 64.8382568359375], "(2, 1, 2, 2)": [58.9791374206543, 61.05010223388672, 61.19025421142578, 61.62015151977539, 61.55420684814453], "(2, 2, 2, 2)": [61.72830581665039, 61.987850189208984, 62.40163803100586, 62.199913024902344, 61.402713775634766], "(2, 1, 2, 1)": [25.50560188293457, 23.293392181396484, 26.832834243774414, 24.3746395111084, 39.76948165893555], "(2, 6, 2, 3)": [31.987407684326172, 25.166698455810547, 16.87064552307129, 6.4466400146484375, 8.042726516723633], "(2, 7, 2, 3)": [33.52493667602539, 39.919708251953125, 27.578903198242188, 23.284637451171875, 22.911399841308594], "(2, 4, 2, 2)": [68.33063507080078, 66.90496826171875, 68.756591796875, 69.08721923828125, 68.67660522460938], "(2, 5, 2, 3)": [24.202781677246094, 26.56389617919922, 19.68152618408203, 4.157951831817627, 3.2334659099578857], "(2, 2, 2, 1)": [7.0504889488220215, 9.033236503601074, 14.428532600402832, 21.72112464904785, 30.59356689453125], "(2, 3, 2, 3)": [8.689521789550781, 7.643865585327148, 9.723636627197266, 0.5373367071151733, 0.959132194519043], "(2, 4, 2, 3)": [6.609396934509277, 21.055049896240234, 12.107945442199707, 1.6824361085891724, 1.1569987535476685], "(2, 3, 2, 1)": [4.224532127380371, 3.6834986209869385, 6.4166975021362305, 28.515504837036133, 21.724348068237305], "(2, 5, 2, 1)": [0.12848985195159912, 1.0243566036224365, 7.025688171386719, 7.488872051239014, 9.651443481445312], "(2, 4, 2, 1)": [1.7561075687408447, 1.4240813255310059, 6.104040145874023, 13.727800369262695, 20.13546371459961], "(2, 7, 3, 3)": [0.0, -0.017459800466895103, 1.9327749013900757, 0.25593146681785583, 1.3346171379089355], "(2, 6, 2, 1)": [0.0, 0.034966807812452316, 1.1621315479278564, 0.0, 0.6645422577857971], "(3, 4, 2, 2)": [0.4781835079193115, 0.3444521129131317, 0.4926277697086334, 1.7940099239349365, 0.2967810332775116], "(3, 3, 2, 2)": [0.35020098090171814, 0.568637490272522, 0.35057300329208374, 0.36986303329467773, 0.5814613103866577], "(2, 3, 3, 2)": [0.0, 0.19293510913848877, 0.0, 0.0, 0.0], "(3, 6, 2, 2)": [1.0472060441970825, 0.8347346186637878, 0.7499526143074036, 2.0475494861602783, 1.3779274225234985], "(3, 7, 2, 2)": [5.046215057373047, 0.8838641047477722, 3.3487484455108643, 11.087767601013184, 1.4472808837890625], "(3, 5, 2, 2)": [0.5652003884315491, 0.5805849432945251, 0.7303120493888855, 0.5964124202728271, 0.8574540019035339], "(3, 1, 2, 2)": [2.0406134128570557, 1.687446117401123, 4.040132522583008, 3.038177967071533, 0.2887948155403137], "(3, 2, 2, 1)": [0.0, 0.02830933965742588, 0.0, 0.0, 0.06356549263000488], "(3, 2, 2, 2)": [0.14053680002689362, 0.2918889820575714, 0.18971185386180878, 0.21339987218379974, 0.02768363244831562], "(2, 2, 2, 3)": [0.0, 0.0, 0.2764935791492462, 0.04314063489437103, 0.0], "(1, 5, 2, 2)": [0.6610562205314636, 0.6332613825798035, 2.204878091812134, 0.6132892966270447, 0.46963104605674744], "(1, 6, 2, 2)": [0.40675193071365356, 0.47038114070892334, 0.43574613332748413, 0.5634559392929077, 0.8259760141372681], "(1, 7, 2, 2)": [4.441387176513672, 0.8550645112991333, 4.394856929779053, 2.8569729328155518, 2.616633892059326], "(2, 4, 1, 1)": [0.02954661101102829, 0.0, 0.0, 0.268595427274704, 0.0], "(2, 3, 1, 1)": [0.0, 0.0, 0.028940534219145775, 0.0, 0.0], "(2, 2, 1, 1)": [0.0, 0.06225632131099701, 0.0, 0.0, 1.2618294954299927], "(2, 1, 1, 1)": [1.352020263671875, 0.0, 0.0, 1.8952572345733643, 0.4353715777397156], "(2, 5, 3, 3)": [0.5239105820655823, 0.6402232050895691, 0.0, 0.057032763957977295, 0.0], "(2, 6, 3, 3)": [0.0, 0.5171017050743103, 0.0, 0.05496431514620781, 0.025658832862973213], "(1, 4, 2, 2)": [0.43185189366340637, 0.4503364861011505, 0.41934704780578613, 0.5935739874839783, 0.4064696431159973], "(1, 3, 2, 2)": [0.5509037971496582, 0.2998873293399811, 0.5279502272605896, 0.45557838678359985, 0.48846539855003357], "(1, 7, 2, 3)": [0.17736069858074188, 1.1082266569137573, 1.5377697944641113, 0.031273506581783295, 1.561946153640747], "(1, 1, 2, 2)": [7.347898960113525, 4.66770076751709, 4.768163204193115, 9.03945255279541, 4.052907466888428], "(3, 5, 2, 3)": [0.0, 0.0, 0.0, 0.057656772434711456, 0.0], "(3, 6, 2, 3)": [0.0, 0.0, 0.0, 0.05486352741718292, 0.02617158181965351], "(3, 7, 3, 3)": [0.0, 0.0, 0.6865803599357605, 0.0, 0.0], "(1, 2, 2, 2)": [0.9030939340591431, 0.7034475803375244, 0.5092954635620117, 0.4910396933555603, 0.33295372128486633], "(1, 2, 2, 1)": [0.0, 0.0, 0.0, 0.026756035163998604, 0.0], "(1, 1, 2, 1)": [1.1036980152130127, 0.8583201169967651, 0.0, 0.711438775062561, 0.0], "(2, 3, 1, 2)": [0.0, 0.0, 0.0, 0.0, 0.9865462779998779], "(1, 4, 2, 3)": [0.034880053251981735, 0.03244931250810623, 0.0, 0.0, 0.0], "(1, 5, 2, 3)": [0.0, 0.0, 0.0, 0.0, 0.04941471293568611], "(2, 4, 3, 3)": [0.0, 3.1511049270629883, 0.8091824650764465, 0.029569920152425766, 0.0], "(2, 5, 1, 2)": [0.0, 0.0, 0.0, 0.0, 1.2393845319747925], "(3, 7, 2, 3)": [0.0, 0.07367099076509476, 0.0, 1.0034096240997314, 0.0], "(1, 6, 2, 3)": [0.0, 0.0, 0.060267023742198944, 0.0, 0.059735529124736786], "(3, 4, 2, 1)": [0.0, 0.0, 0.0, 0.03757285326719284, 0.03938349708914757], "(1, 3, 1, 2)": [0.0, 0.0, 0.0, 0.0, 0.03343399241566658], "(1, 3, 2, 3)": [0.042344558984041214, 0.0, 0.0, 0.0, 0.0], "(2, 3, 3, 3)": [0.0, 0.0, 0.0, 0.02997138351202011, 0.029751203954219818], "(3, 1, 2, 1)": [0.0, 0.0, 0.0, 0.034045055508613586, 0.0]}}