{"q_values": {"(2, 5, 2, 2)": [76.70689392089844, 76.82502746582031, 76.94573211669922, 77.17770385742188, 76.57127380371094], "(2, 6, 2, 2)": [76.3147201538086, 74.91448974609375, 75.84833526611328, 75.5904769897461, 73.85698699951172], "(2, 7, 2, 2)": [72.4649658203125, 72.10086059570312, 71.86971282958984, 71.02215576171875, 71.13455200195312], "(2, 3, 2, 2)": [70.82854461669922, 74.28005981445312, 74.03768157958984, 74.20913696289062, 74.03765869140625], "(2, 1, 2, 2)": [69.73744201660156, 71.51921844482422, 70.87287902832031, 70.41226959228516, 71.0931396484375], "(2, 2, 2, 2)": [71.53679656982422, 73.27122497558594, 73.55937957763672, 73.4773178100586, 73.25366973876953], "(2, 1, 2, 1)": [33.433048248291016, 28.018667221069336, 28.01895523071289, 33.13755798339844, 50.29069137573242], "(2, 6, 2, 3)": [41.65041732788086, 28.943161010742188, 20.166370391845703, 7.471549034118652, 11.844834327697754], "(2, 7, 2, 3)": [38.60942459106445, 44.74341583251953, 36.82605743408203, 29.27989387512207, 27.838695526123047], "(2, 4, 2, 2)": [74.2068099975586, 73.75936889648438, 74.93946838378906, 73.68833923339844, 74.58419799804688], "(2, 5, 2, 3)": [34.76776885986328, 27.84471893310547, 24.996944427490234, 4.157951831817627, 7.2826433181762695], "(2, 2, 2, 1)": [12.201065063476562, 11.191131591796875, 18.722640991210938, 26.79956817626953, 40.75837707519531], "(2, 3, 2, 3)": [8.689521789550781, 13.404937744140625, 9.723636627197266, 1.2107398509979248, 0.959132194519043], "(2, 4, 2, 3)": [16.044828414916992, 29.74276351928711, 13.738314628601074, 5.058310508728027, 2.7914178371429443], "(2, 3, 2, 1)": [4.86058235168457, 6.504354000091553, 11.472188949584961, 37.6973991394043, 29.773244857788086], "(2, 5, 2, 1)": [0.12848985195159912, 1.0243566036224365, 8.939901351928711, 7.488872051239014, 9.651443481445312], "(2, 4, 2, 1)": [4.923637866973877, 2.446425437927246, 8.785530090332031, 15.507431983947754, 26.08742332458496], "(2, 7, 3, 3)": [0.0, -0.017459800466895103, 1.9327749013900757, 0.25593146681785583, 1.3346171379089355], "(2, 6, 2, 1)": [0.04893524944782257, 0.034966807812452316, 1.1621315479278564, 2.136251926422119, 0.6645422577857971], "(3, 4, 2, 2)": [0.4781835079193115, 0.3444521129131317, 0.4926277697086334, 1.7956916093826294, 0.2967810332775116], "(3, 3, 2, 2)": [0.5036945343017578, 0.6936642527580261, 0.63370281457901, 0.47147685289382935, 0.7482412457466125], "(2, 3, 3, 2)": [0.0, 0.19293510913848877, 0.0, 0.0, 0.0], "(3, 6, 2, 2)": [1.2480717897415161, 1.0735739469528198, 0.9538147449493408, 2.15645432472229, 1.464235544204712], "(3, 7, 2, 2)": [4.954455852508545, 3.7614238262176514, 3.9492411613464355, 10.087386131286621, 5.852405548095703], "(3, 5, 2, 2)": [0.6454790234565735, 0.5805849432945251, 0.7303120493888855, 0.6259250640869141, 1.1054651737213135], "(3, 1, 2, 2)": [5.871140480041504, 1.7538206577301025, 3.855776309967041, 3.064650535583496, 0.6934574246406555], "(3, 2, 2, 1)": [0.0, 0.02830933965742588, 0.0, 0.026698235422372818, 0.06356549263000488], "(3, 2, 2, 2)": [0.40382808446884155, 0.34571051597595215, 0.22087380290031433, 0.21339987218379974, 0.02768363244831562], "(2, 2, 2, 3)": [0.0, 2.028308629989624, 0.2764935791492462, 0.04314063489437103, 0.0], "(1, 5, 2, 2)": [0.8974661827087402, 0.8806589245796204, 2.21024489402771, 0.7317471504211426, 0.6607717275619507], "(1, 6, 2, 2)": [0.554627537727356, 0.5255310535430908, 0.5467305779457092, 0.6591824293136597, 1.0261605978012085], "(1, 7, 2, 2)": [8.244063377380371, 0.8550645112991333, 4.478170871734619, 2.8750529289245605, 2.616633892059326], "(2, 4, 1, 1)": [0.02954661101102829, 0.0, 0.0, 2.5054593086242676, 0.0], "(2, 3, 1, 1)": [0.0, 0.0, 0.028940534219145775, 0.0, 0.0], "(2, 2, 1, 1)": [0.0, 0.12579676508903503, 0.0, 0.0, 2.758910655975342], "(2, 1, 1, 1)": [1.352020263671875, 0.0, 0.0, 1.8952572345733643, 0.4353715777397156], "(2, 5, 3, 3)": [0.5239105820655823, 0.6402232050895691, 0.04391792416572571, 0.057032763957977295, 0.030955173075199127], "(2, 6, 3, 3)": [1.052781581878662, 0.5171017050743103, 0.5932179689407349, 0.05496431514620781, 0.025658832862973213], "(1, 4, 2, 2)": [0.6781964302062988, 0.6263545751571655, 0.4823272228240967, 0.8531859517097473, 0.5499764680862427], "(1, 3, 2, 2)": [0.7949830889701843, 0.43169105052948, 0.6942037343978882, 0.6516901254653931, 0.5187663435935974], "(1, 7, 2, 3)": [0.17736069858074188, 1.1082266569137573, 1.5377697944641113, 0.031273506581783295, 1.561946153640747], "(1, 1, 2, 2)": [8.880868911743164, 6.822486400604248, 5.074182987213135, 10.002551078796387, 4.125688552856445], "(3, 5, 2, 3)": [0.0, 0.0, 0.0, 0.057656772434711456, 0.0], "(3, 6, 2, 3)": [0.0, 0.0, 0.0, 0.05486352741718292, 0.02617158181965351], "(3, 7, 3, 3)": [0.0, 0.0, 0.6865803599357605, 0.0, 0.0], "(1, 2, 2, 2)": [1.325186848640442, 0.7704786658287048, 0.6639140248298645, 0.925511360168457, 0.4427913427352905], "(1, 2, 2, 1)": [0.0, 0.0, 0.0, 0.026756035163998604, 0.0], "(1, 1, 2, 1)": [3.2564525604248047, 0.8583201169967651, 0.047217514365911484, 0.711438775062561, 0.0], "(2, 3, 1, 2)": [0.0, 0.0, 0.0, 0.0, 0.9865462779998779], "(1, 4, 2, 3)": [0.034880053251981735, 0.03244931250810623, 0.0, 0.0, 0.0], "(1, 5, 2, 3)": [0.0, 0.0, 0.0, 0.0, 0.04941471293568611], "(2, 4, 3, 3)": [0.0, 3.1511049270629883, 0.8091824650764465, 0.029569920152425766, 0.0], "(2, 5, 1, 2)": [0.0, 0.0, 0.0, 0.0, 1.2393845319747925], "(3, 7, 2, 3)": [0.0, 0.07367099076509476, 0.0, 1.0034096240997314, 0.0], "(1, 6, 2, 3)": [0.0, 0.0, 0.060267023742198944, 0.0, 0.059735529124736786], "(3, 4, 2, 1)": [0.0, 0.0, 0.0, 0.03757285326719284, 0.03938349708914757], "(1, 3, 1, 2)": [0.0, 0.0, 0.0, 0.0, 0.03343399241566658], "(1, 3, 2, 3)": [0.042344558984041214, 0.0, 0.0, 0.0, 0.0], "(2, 3, 3, 3)": [0.0, 0.0, 0.0, 0.02997138351202011, 0.029751203954219818], "(3, 1, 2, 1)": [0.02485128864645958, 3.9564576148986816, 0.0, 0.034045055508613586, 0.0]}}