{"q_values": {"(2, 5, 2, 2)": [11.078507423400879, 10.817206382751465, 11.116414070129395, 10.913764953613281, 10.490954399108887], "(2, 6, 2, 2)": [9.773031234741211, 9.598848342895508, 9.76382064819336, 8.997762680053711, 9.304475784301758], "(2, 7, 2, 2)": [7.990905284881592, 7.690693378448486, 7.729860305786133, 7.659672737121582, 7.500569820404053], "(2, 3, 2, 2)": [11.8298921585083, 11.840988159179688, 11.633705139160156, 11.893394470214844, 12.174696922302246], "(2, 1, 2, 2)": [7.540260314941406, 8.291099548339844, 8.372418403625488, 8.233949661254883, 8.26732349395752], "(2, 2, 2, 2)": [9.848113059997559, 10.143380165100098, 10.464203834533691, 10.2865629196167, 10.612809181213379], "(2, 1, 2, 1)": [0.5169175863265991, 0.5545379519462585, 0.5054267048835754, 0.35345658659935, 1.028861403465271], "(2, 6, 2, 3)": [1.116941213607788, 1.3978841304779053, 0.43129900097846985, 0.3375582695007324, 0.1945657730102539], "(2, 7, 2, 3)": [1.158338189125061, 0.9764925837516785, 0.9114264249801636, 0.28749752044677734, 0.4131857752799988], "(2, 4, 2, 2)": [12.490161895751953, 12.48188591003418, 12.460927963256836, 12.592312812805176, 12.260904312133789], "(2, 5, 2, 3)": [0.9222744703292847, 0.9462758302688599, 0.37951546907424927, 0.06156483665108681, 0.17964380979537964], "(2, 2, 2, 1)": [0.10913343727588654, 0.22686706483364105, 0.12462543696165085, 1.1692559719085693, 0.5742930173873901], "(2, 3, 2, 3)": [0.0, 0.0, 0.0, 0.059998519718647, 0.0], "(2, 4, 2, 3)": [0.24811463057994843, 1.045432209968567, 0.0, 0.0, 0.06039014458656311], "(2, 3, 2, 1)": [0.05747852474451065, 0.17372742295265198, 0.20960041880607605, 0.6299833059310913, 0.029159141704440117], "(2, 5, 2, 1)": [0.0, 0.0, 0.0, 0.06559685617685318, 0.0], "(2, 4, 2, 1)": [0.08992915600538254, 0.09586964547634125, 0.2633124589920044, 0.1261758804321289, 0.17558209598064423], "(2, 7, 3, 3)": [0.0, -0.017459800466895103, 0.0, 0.0, 0.0], "(2, 6, 2, 1)": [0.0, 0.0, 0.11164463311433792, 0.0, 0.0], "(3, 4, 2, 2)": [0.17608952522277832, 0.20621895790100098, 0.25332632660865784, 0.1250729262828827, 0.06342905014753342], "(3, 3, 2, 2)": [0.0587746724486351, 0.11563993245363235, 0.0, 0.030612315982580185, 0.20955587923526764], "(2, 3, 3, 2)": [0.0, 0.19293510913848877, 0.0, 0.0, 0.0], "(3, 6, 2, 2)": [0.08714678883552551, 0.11439085006713867, 0.11321905255317688, 0.11380702257156372, 0.027037842199206352], "(3, 7, 2, 2)": [0.2679537236690521, 0.0, 0.15611734986305237, 0.025588320568203926, 0.027209900319576263], "(3, 5, 2, 2)": [0.029634667560458183, 0.030272018164396286, 0.0, 0.09038622677326202, 0.05893659591674805], "(3, 1, 2, 2)": [0.17115062475204468, 0.05310659110546112, 0.15063990652561188, 0.20310330390930176, 0.10976877063512802], "(3, 2, 2, 1)": [0.0, 0.0, 0.0, 0.0, 0.028150497004389763], "(3, 2, 2, 2)": [0.027904681861400604, 0.0, 0.0, 0.0, 0.02768363244831562], "(2, 2, 2, 3)": [0.0, 0.0, 0.2764935791492462, 0.0, 0.0], "(1, 5, 2, 2)": [0.0, 0.057504940778017044, 0.0, 0.02943246066570282, 0.05869843810796738], "(1, 6, 2, 2)": [0.0812467485666275, 0.02851198986172676, 0.02823824994266033, 0.0, 0.02797243557870388], "(1, 7, 2, 2)": [0.17734599113464355, 0.0, 0.2772442400455475, 0.0, 0.12863166630268097], "(2, 4, 1, 1)": [0.02954661101102829, 0.0, 0.0, 0.0, 0.0], "(2, 3, 1, 1)": [0.0, 0.0, 0.028940534219145775, 0.0, 0.0], "(2, 2, 1, 1)": [0.0, 0.031195448711514473, 0.0, 0.0, 0.29758474230766296], "(2, 1, 1, 1)": [0.18288934230804443, 0.0, 0.0, 0.18440602719783783, 0.0]}}