{"q_values": {"(2, 5, 2, 2)": [8.904839515686035, 8.807731628417969, 9.199822425842285, 8.944890022277832, 8.932034492492676], "(2, 6, 2, 2)": [7.927551746368408, 7.806447505950928, 7.693173885345459, 7.561871528625488, 7.5986456871032715], "(2, 7, 2, 2)": [6.069591045379639, 5.587883949279785, 6.012824058532715, 5.841520309448242, 5.762726783752441], "(2, 3, 2, 2)": [9.639347076416016, 9.91775894165039, 9.984911918640137, 9.670616149902344, 9.897430419921875], "(2, 1, 2, 2)": [6.26275110244751, 6.6001715660095215, 6.634216785430908, 6.555078506469727, 6.897069454193115], "(2, 2, 2, 2)": [8.49238395690918, 8.507416725158691, 8.501575469970703, 8.66493034362793, 8.876606941223145], "(2, 1, 2, 1)": [0.3752407729625702, 0.4096188545227051, 0.24494726955890656, 0.09438806772232056, 0.8232434988021851], "(2, 6, 2, 3)": [0.6778436303138733, 0.5672699213027954, 0.4098924994468689, 0.28596043586730957, 0.16647058725357056], "(2, 7, 2, 3)": [0.7950842380523682, 0.7915130257606506, 0.6957141757011414, 0.2340238392353058, 0.2041836977005005], "(2, 4, 2, 2)": [10.318598747253418, 10.273550987243652, 10.530709266662598, 10.40952205657959, 10.207826614379883], "(2, 5, 2, 3)": [0.6492592096328735, 0.3747249245643616, 0.0, 0.06156483665108681, 0.17964380979537964], "(2, 2, 2, 1)": [0.05564494431018829, 0.181099072098732, 0.12462543696165085, 0.9048663377761841, 0.3189593553543091], "(2, 3, 2, 3)": [0.0, 0.0, 0.0, 0.059998519718647, 0.0], "(2, 4, 2, 3)": [0.24811463057994843, 0.7249972820281982, 0.0, 0.0, 0.06039014458656311], "(2, 3, 2, 1)": [0.05747852474451065, 0.1422991156578064, 0.1579717993736267, 0.33757129311561584, 0.029159141704440117], "(2, 5, 2, 1)": [0.0, 0.0, 0.0, 0.06559685617685318, 0.0], "(2, 4, 2, 1)": [0.031372152268886566, 0.06405812501907349, 0.2385471612215042, 0.1261758804321289, 0.17558209598064423], "(2, 7, 3, 3)": [0.0, -0.017459800466895103, 0.0, 0.0, 0.0], "(2, 6, 2, 1)": [0.0, 0.0, 0.11164463311433792, 0.0, 0.0], "(3, 4, 2, 2)": [0.17608952522277832, 0.20621895790100098, 0.25332632660865784, 0.1250729262828827, 0.06342905014753342], "(3, 3, 2, 2)": [0.0587746724486351, 0.11563993245363235, 0.0, 0.030612315982580185, 0.20955587923526764], "(2, 3, 3, 2)": [0.0, 0.19293510913848877, 0.0, 0.0, 0.0], "(3, 6, 2, 2)": [0.08714678883552551, 0.11439085006713867, 0.11321905255317688, 0.11380702257156372, 0.027037842199206352], "(3, 7, 2, 2)": [0.025174718350172043, 0.0, 0.15611734986305237, 0.025588320568203926, 0.027209900319576263], "(3, 5, 2, 2)": [0.029634667560458183, 0.030272018164396286, 0.0, 0.09038622677326202, 0.05893659591674805], "(3, 1, 2, 2)": [0.17115062475204468, 0.05310659110546112, 0.15063990652561188, 0.20310330390930176, 0.10976877063512802], "(3, 2, 2, 1)": [0.0, 0.0, 0.0, 0.0, 0.028150497004389763], "(3, 2, 2, 2)": [0.027904681861400604, 0.0, 0.0, 0.0, 0.02768363244831562], "(2, 2, 2, 3)": [0.0, 0.0, 0.2764935791492462, 0.0, 0.0], "(1, 5, 2, 2)": [0.0, 0.057504940778017044, 0.0, 0.02943246066570282, 0.05869843810796738], "(1, 6, 2, 2)": [0.0812467485666275, 0.02851198986172676, 0.02823824994266033, 0.0, 0.02797243557870388], "(1, 7, 2, 2)": [0.17734599113464355, 0.0, 0.2772442400455475, 0.0, 0.12863166630268097]}}