{"q_values": {"(2, 5, 2, 2)": [54.77597427368164, 54.29726791381836, 54.247528076171875, 54.39969253540039, 52.6328239440918], "(2, 6, 2, 2)": [51.46474838256836, 51.32719802856445, 51.35070037841797, 50.260459899902344, 50.67934799194336], "(2, 7, 2, 2)": [48.34994888305664, 48.695552825927734, 48.456085205078125, 47.96163558959961, 46.64533996582031], "(2, 3, 2, 2)": [51.32123947143555, 50.82060241699219, 52.8524284362793, 53.101104736328125, 53.20930862426758], "(2, 1, 2, 2)": [47.532470703125, 47.73304748535156, 47.75265121459961, 47.592899322509766, 47.848636627197266], "(2, 2, 2, 2)": [47.661712646484375, 49.04708480834961, 49.4424934387207, 49.129913330078125, 48.736671447753906], "(2, 1, 2, 1)": [12.847941398620605, 10.803691864013672, 20.341896057128906, 15.873214721679688, 24.215492248535156], "(2, 6, 2, 3)": [18.020048141479492, 18.285388946533203, 5.827887058258057, 3.0892717838287354, 3.41513729095459], "(2, 7, 2, 3)": [23.317481994628906, 25.3300838470459, 17.17580795288086, 10.374384880065918, 9.976225852966309], "(2, 4, 2, 2)": [54.55591583251953, 53.91875076293945, 55.455074310302734, 55.727691650390625, 53.69926071166992], "(2, 5, 2, 3)": [17.09480857849121, 18.160903930664062, 13.227851867675781, 1.506933331489563, 1.8887232542037964], "(2, 2, 2, 1)": [3.102020263671875, 4.434271812438965, 8.460376739501953, 17.357545852661133, 18.65688705444336], "(2, 3, 2, 3)": [1.828330636024475, 4.461637496948242, 2.5847394466400146, 0.15281976759433746, 0.45665615797042847], "(2, 4, 2, 3)": [4.926277160644531, 11.26318073272705, 4.418257713317871, 0.7187862396240234, 0.5288630723953247], "(2, 3, 2, 1)": [2.928511381149292, 2.8122732639312744, 4.622981071472168, 15.020515441894531, 14.117990493774414], "(2, 5, 2, 1)": [0.12848985195159912, 0.12961101531982422, 5.542862892150879, 2.0279619693756104, 2.5935890674591064], "(2, 4, 2, 1)": [1.0338236093521118, 0.44703805446624756, 6.283062934875488, 7.500243186950684, 11.95150089263916], "(2, 7, 3, 3)": [0.0, -0.017459800466895103, 0.32326826453208923, 0.25593146681785583, 1.3346171379089355], "(2, 6, 2, 1)": [0.0, 0.0, 1.1621315479278564, 0.0, 0.6645422577857971], "(3, 4, 2, 2)": [0.3129081726074219, 0.23620742559432983, 0.39018553495407104, 1.8457934856414795, 0.2525765001773834], "(3, 3, 2, 2)": [0.180356964468956, 0.288705974817276, 0.1452658772468567, 0.21137647330760956, 0.3994162380695343], "(2, 3, 3, 2)": [0.0, 0.19293510913848877, 0.0, 0.0, 0.0], "(3, 6, 2, 2)": [0.8102220892906189, 0.6677052974700928, 0.7499526143074036, 1.9382624626159668, 0.5906215310096741], "(3, 7, 2, 2)": [1.6736407279968262, 0.20425093173980713, 0.37095609307289124, 4.397801399230957, 0.7896761894226074], "(3, 5, 2, 2)": [0.34367379546165466, 0.4307965040206909, 0.604617714881897, 0.41421186923980713, 0.7367292046546936], "(3, 1, 2, 2)": [0.19656604528427124, 0.08137696981430054, 0.5861539840698242, 1.3196731805801392, 0.16873420774936676], "(3, 2, 2, 1)": [0.0, 0.0, 0.0, 0.0, 0.028150497004389763], "(3, 2, 2, 2)": [0.055464841425418854, 0.08614565432071686, 0.05661136284470558, 0.057113371789455414, 0.02768363244831562], "(2, 2, 2, 3)": [0.0, 0.0, 0.2764935791492462, 0.0, 0.0], "(1, 5, 2, 2)": [0.5805695652961731, 0.47476738691329956, 0.37332525849342346, 0.53435218334198, 0.41175204515457153], "(1, 6, 2, 2)": [0.2331160306930542, 0.26472654938697815, 0.2576844394207001, 0.2972657084465027, 0.4414080083370209], "(1, 7, 2, 2)": [2.472503185272217, 0.13521723449230194, 3.202484607696533, 0.08840901404619217, 0.22683410346508026], "(2, 4, 1, 1)": [0.02954661101102829, 0.0, 0.0, 0.268595427274704, 0.0], "(2, 3, 1, 1)": [0.0, 0.0, 0.028940534219145775, 0.0, 0.0], "(2, 2, 1, 1)": [0.0, 0.06225632131099701, 0.0, 0.0, 1.2618294954299927], "(2, 1, 1, 1)": [1.352020263671875, 0.0, 0.0, 0.18440602719783783, 0.4353715777397156], "(2, 5, 3, 3)": [0.5239105820655823, 0.0, 0.0, 0.057032763957977295, 0.0], "(2, 6, 3, 3)": [0.0, 0.5171017050743103, 0.0, 0.05496431514620781, 0.025658832862973213], "(1, 4, 2, 2)": [0.30814671516418457, 0.3599003553390503, 0.3271563649177551, 0.41227665543556213, 0.3048650622367859], "(1, 3, 2, 2)": [0.42226067185401917, 0.12381447106599808, 0.472431480884552, 0.25930237770080566, 0.40383875370025635], "(1, 7, 2, 3)": [0.17736069858074188, 1.1082266569137573, 0.025410693138837814, 0.0, 1.561946153640747], "(1, 1, 2, 2)": [4.621369361877441, 2.6045584678649902, 1.3750462532043457, 0.2409507930278778, 0.631181538105011], "(3, 5, 2, 3)": [0.0, 0.0, 0.0, 0.057656772434711456, 0.0], "(3, 6, 2, 3)": [0.0, 0.0, 0.0, 0.05486352741718292, 0.02617158181965351], "(3, 7, 3, 3)": [0.0, 0.0, 0.6865803599357605, 0.0, 0.0], "(1, 2, 2, 2)": [0.27115967869758606, 0.5550563335418701, 0.27615657448768616, 0.190443754196167, 0.09925786405801773], "(1, 2, 2, 1)": [0.0, 0.0, 0.0, 0.026756035163998604, 0.0], "(1, 1, 2, 1)": [1.1036980152130127, 0.8583201169967651, 0.0, 0.711438775062561, 0.0], "(2, 3, 1, 2)": [0.0, 0.0, 0.0, 0.0, 0.9865462779998779], "(1, 4, 2, 3)": [0.034880053251981735, 0.03244931250810623, 0.0, 0.0, 0.0], "(1, 5, 2, 3)": [0.0, 0.0, 0.0, 0.0, 0.04941471293568611], "(2, 4, 3, 3)": [0.0, 1.1180140972137451, 0.0, 0.029569920152425766, 0.0], "(2, 5, 1, 2)": [0.0, 0.0, 0.0, 0.0, 1.2393845319747925], "(3, 7, 2, 3)": [0.0, 0.07367099076509476, 0.0, 1.0034096240997314, 0.0], "(1, 6, 2, 3)": [0.0, 0.0, 0.060267023742198944, 0.0, 0.059735529124736786], "(3, 4, 2, 1)": [0.0, 0.0, 0.0, 0.03757285326719284, 0.0], "(1, 3, 1, 2)": [0.0, 0.0, 0.0, 0.0, 0.03343399241566658], "(1, 3, 2, 3)": [0.042344558984041214, 0.0, 0.0, 0.0, 0.0]}}