{"q_values": {"(2, 5, 2, 2)": [84.82172393798828, 84.78190612792969, 84.99091339111328, 85.17829895019531, 83.62511444091797], "(2, 6, 2, 2)": [84.37251281738281, 84.25679779052734, 84.0653076171875, 83.49443817138672, 82.86585235595703], "(2, 7, 2, 2)": [79.29871368408203, 80.85765075683594, 80.65577697753906, 80.28401184082031, 79.3556137084961], "(2, 3, 2, 2)": [81.02910614013672, 82.59188842773438, 82.96468353271484, 82.72270965576172, 82.84227752685547], "(2, 1, 2, 2)": [80.55281829833984, 80.69347381591797, 80.73088073730469, 80.48919677734375, 81.11397552490234], "(2, 2, 2, 2)": [78.67418670654297, 80.32586669921875, 80.94794464111328, 80.42123413085938, 80.0751953125], "(2, 1, 2, 1)": [38.72478103637695, 35.33115005493164, 33.51384353637695, 42.6997184753418, 57.156585693359375], "(2, 6, 2, 3)": [48.764793395996094, 38.975608825683594, 23.348814010620117, 13.231396675109863, 12.940422058105469], "(2, 7, 2, 3)": [46.919158935546875, 54.967308044433594, 39.44041442871094, 32.15389633178711, 38.08753967285156], "(2, 4, 2, 2)": [82.2662353515625, 82.68653106689453, 82.51817321777344, 82.49156951904297, 78.628173828125], "(2, 5, 2, 3)": [40.769466400146484, 34.05472946166992, 26.858793258666992, 5.775935649871826, 10.072219848632812], "(2, 2, 2, 1)": [16.00217056274414, 14.600299835205078, 25.232769012451172, 39.00197982788086, 56.80597686767578], "(2, 3, 2, 3)": [12.890424728393555, 15.450809478759766, 12.624604225158691, 1.2107398509979248, 1.5118885040283203], "(2, 4, 2, 3)": [19.42674446105957, 43.14622497558594, 16.58987045288086, 5.348687648773193, 3.9451775550842285], "(2, 3, 2, 1)": [8.451760292053223, 8.968897819519043, 13.408958435058594, 42.50213623046875, 35.368839263916016], "(2, 5, 2, 1)": [0.22798512876033783, 1.103102207183838, 11.33028793334961, 7.488872051239014, 9.651443481445312], "(2, 4, 2, 1)": [5.015893459320068, 3.792708158493042, 15.43245792388916, 17.412294387817383, 35.201534271240234], "(2, 7, 3, 3)": [0.0, -0.017459800466895103, 1.9327749013900757, 0.25593146681785583, 1.3346171379089355], "(2, 6, 2, 1)": [0.04893524944782257, 0.034966807812452316, 1.1621315479278564, 2.136251926422119, 3.0265934467315674], "(3, 4, 2, 2)": [0.9374969005584717, 0.8151055574417114, 1.0874295234680176, 1.942064642906189, 1.0894858837127686], "(3, 3, 2, 2)": [0.6092177629470825, 0.7789714932441711, 0.7825114727020264, 0.5718247294425964, 0.9664608836174011], "(2, 3, 3, 2)": [0.0, 0.19293510913848877, 0.0, 0.0, 0.0], "(3, 6, 2, 2)": [1.519099235534668, 1.521435022354126, 1.1975102424621582, 2.2608323097229004, 1.778924584388733], "(3, 7, 2, 2)": [4.953282356262207, 4.119801044464111, 6.217790603637695, 17.314611434936523, 6.053769111633301], "(3, 5, 2, 2)": [1.103891372680664, 0.9379174113273621, 1.247012734413147, 0.9755403995513916, 1.3971569538116455], "(3, 1, 2, 2)": [5.766088962554932, 1.7807213068008423, 8.238525390625, 3.064650535583496, 0.6934574246406555], "(3, 2, 2, 1)": [0.0, 0.053806133568286896, 0.0, 0.026698235422372818, 0.06356549263000488], "(3, 2, 2, 2)": [0.46814438700675964, 0.3701367676258087, 0.22087380290031433, 0.41028571128845215, 0.02768363244831562], "(2, 2, 2, 3)": [0.0, 4.370693206787109, 0.2764935791492462, 0.04314063489437103, 0.0], "(1, 5, 2, 2)": [1.1183499097824097, 1.029028296470642, 2.235231876373291, 0.9958103895187378, 0.881964921951294], "(1, 6, 2, 2)": [0.6950654983520508, 1.0172042846679688, 0.6989386677742004, 0.8147332668304443, 1.2122968435287476], "(1, 7, 2, 2)": [7.911901473999023, 1.0220599174499512, 4.478170871734619, 5.267905235290527, 2.616633892059326], "(2, 4, 1, 1)": [0.02954661101102829, 0.0, 0.0, 2.5054593086242676, 0.0], "(2, 3, 1, 1)": [0.0, 0.0, 0.028940534219145775, 0.0, 0.0], "(2, 2, 1, 1)": [0.0, 0.14971555769443512, 0.0, 0.0, 4.7995171546936035], "(2, 1, 1, 1)": [1.352020263671875, 0.0, 0.0, 1.8952572345733643, 0.4353715777397156], "(2, 5, 3, 3)": [0.5239105820655823, 0.6402232050895691, 0.04391792416572571, 0.057032763957977295, 0.030955173075199127], "(2, 6, 3, 3)": [1.052781581878662, 0.5171017050743103, 0.5932179689407349, 0.05496431514620781, 0.025658832862973213], "(1, 4, 2, 2)": [0.9040007591247559, 0.7139981985092163, 0.7370007634162903, 1.138863444328308, 0.5895790457725525], "(1, 3, 2, 2)": [0.8187651634216309, 0.6227145195007324, 0.6942037343978882, 0.6516901254653931, 2.7526304721832275], "(1, 7, 2, 3)": [0.17736069858074188, 1.1478385925292969, 3.6843137741088867, 0.9382411241531372, 3.8229596614837646], "(1, 1, 2, 2)": [10.645341873168945, 8.944777488708496, 5.275064468383789, 11.628053665161133, 6.59055757522583], "(3, 5, 2, 3)": [0.0, 0.0, 0.0, 0.057656772434711456, 0.0], "(3, 6, 2, 3)": [0.0, 0.12207168340682983, 0.0, 0.05486352741718292, 0.05498644709587097], "(3, 7, 3, 3)": [0.0, 0.0, 0.6865803599357605, 0.0, 0.0], "(1, 2, 2, 2)": [1.6575392484664917, 0.8666960000991821, 0.8286678194999695, 0.925511360168457, 0.4977545142173767], "(1, 2, 2, 1)": [0.0, 0.0, 0.0, 0.026756035163998604, 0.0], "(1, 1, 2, 1)": [3.2564525604248047, 0.8583201169967651, 0.047217514365911484, 0.711438775062561, 0.0], "(2, 3, 1, 2)": [0.0, 0.0, 0.0, 0.0, 0.9865462779998779], "(1, 4, 2, 3)": [0.034880053251981735, 0.03244931250810623, 0.0, 0.0, 0.0], "(1, 5, 2, 3)": [0.0, 0.0, 0.0, 0.0, 0.07831893116235733], "(2, 4, 3, 3)": [2.3408188819885254, 3.1511049270629883, 0.8091824650764465, 0.029569920152425766, 0.0], "(2, 5, 1, 2)": [0.0, 0.0, 0.0, 0.0, 1.2393845319747925], "(3, 7, 2, 3)": [0.0, 0.5054979920387268, 0.0, 1.0034096240997314, 0.0], "(1, 6, 2, 3)": [0.0, 0.05424511060118675, 0.060267023742198944, 0.0, 0.08543610572814941], "(3, 4, 2, 1)": [0.0, 0.0, 0.0, 0.03757285326719284, 0.03938349708914757], "(1, 3, 1, 2)": [0.0, 0.0, 0.0, 0.0, 0.03343399241566658], "(1, 3, 2, 3)": [0.042344558984041214, 0.0, 0.0, 0.0, 0.0], "(2, 3, 3, 3)": [0.0, 0.0, 0.0, 0.02997138351202011, 0.029751203954219818], "(3, 1, 2, 1)": [0.02485128864645958, 3.9564576148986816, 0.0, 0.24003945291042328, 0.0], "(2, 5, 1, 1)": [0.029713382944464684, 0.0, 0.0, 0.0, 2.2680628299713135]}}