{"q_values": {"(2, 5, 2, 2)": [7.483396053314209, 7.500655651092529, 7.573556900024414, 7.28240442276001, 6.97459602355957], "(2, 6, 2, 2)": [5.753139019012451, 6.000392436981201, 5.869089126586914, 5.789126873016357, 5.368856430053711], "(2, 7, 2, 2)": [4.114973068237305, 3.942328691482544, 4.257584095001221, 3.8385963439941406, 3.6387405395507812], "(2, 3, 2, 2)": [7.410350322723389, 7.701539993286133, 7.7803239822387695, 7.736697196960449, 7.7368597984313965], "(2, 1, 2, 2)": [5.048861980438232, 5.042818546295166, 5.101572513580322, 4.917859077453613, 5.158822059631348], "(2, 2, 2, 2)": [6.693117618560791, 6.83927583694458, 6.567166805267334, 6.946847915649414, 6.836390018463135], "(2, 1, 2, 1)": [0.05726173147559166, 0.17216424643993378, 0.06319481134414673, 0.09438806772232056, 0.6242512464523315], "(2, 6, 2, 3)": [0.4755757451057434, 0.42424678802490234, 0.19115981459617615, 0.2040271759033203, 0.16647058725357056], "(2, 7, 2, 3)": [0.3294488489627838, 0.29920071363449097, 0.35705074667930603, 0.14388348162174225, 0.08501926809549332], "(2, 4, 2, 2)": [7.89008092880249, 8.233298301696777, 8.035927772521973, 8.169157981872559, 7.769216060638428], "(2, 5, 2, 3)": [0.3870190382003784, 0.3747249245643616, 0.0, 0.06156483665108681, 0.17964380979537964], "(2, 2, 2, 1)": [0.05564494431018829, 0.181099072098732, 0.12462543696165085, 0.27572596073150635, 0.3189593553543091], "(2, 3, 2, 3)": [0.0, 0.0, 0.0, 0.02998531050980091, 0.0], "(2, 4, 2, 3)": [0.0, 0.44529563188552856, 0.0, 0.0, 0.030477751046419144], "(2, 3, 2, 1)": [0.05747852474451065, 0.11323606967926025, 0.1286778599023819, 0.33757129311561584, 0.029159141704440117], "(2, 5, 2, 1)": [0.0, 0.0, 0.0, 0.06559685617685318, 0.0], "(2, 4, 2, 1)": [0.031372152268886566, 0.031444814056158066, 0.2385471612215042, 0.1261758804321289, 0.17558209598064423], "(2, 7, 3, 3)": [0.0, -0.017459800466895103, 0.0, 0.0, 0.0], "(2, 6, 2, 1)": [0.0, 0.0, 0.11164463311433792, 0.0, 0.0], "(3, 4, 2, 2)": [0.11984167993068695, 0.1796838492155075, 0.19832177460193634, 0.030819375067949295, 0.06342905014753342], "(3, 3, 2, 2)": [0.030959665775299072, 0.029608383774757385, 0.0, 0.030612315982580185, 0.20955587923526764], "(2, 3, 3, 2)": [0.0, 0.19293510913848877, 0.0, 0.0, 0.0], "(3, 6, 2, 2)": [0.08714678883552551, 0.11439085006713867, 0.11321905255317688, 0.11380702257156372, 0.027037842199206352], "(3, 7, 2, 2)": [0.025174718350172043, 0.0, 0.15611734986305237, 0.025588320568203926, 0.027209900319576263], "(3, 5, 2, 2)": [0.029634667560458183, 0.030272018164396286, 0.0, 0.09038622677326202, 0.05893659591674805], "(3, 1, 2, 2)": [0.17115062475204468, 0.025856904685497284, 0.10114161670207977, 0.10070129483938217, 0.026129452511668205]}}