{"q_values": {"(2, 5, 2, 2)": [25.605525970458984, 26.075145721435547, 25.962488174438477, 25.87276268005371, 25.148134231567383], "(2, 6, 2, 2)": [23.82661247253418, 23.768606185913086, 23.707134246826172, 23.62188148498535, 22.90635871887207], "(2, 7, 2, 2)": [21.769132614135742, 21.856304168701172, 21.66933822631836, 21.497034072875977, 21.546293258666992], "(2, 3, 2, 2)": [24.780738830566406, 25.685951232910156, 26.066179275512695, 25.781784057617188, 25.271867752075195], "(2, 1, 2, 2)": [22.373506546020508, 22.26318359375, 22.662940979003906, 22.37729263305664, 22.594024658203125], "(2, 2, 2, 2)": [22.541780471801758, 23.748266220092773, 24.086009979248047, 24.03689956665039, 23.794315338134766], "(2, 1, 2, 1)": [2.257814884185791, 3.018840789794922, 4.703115463256836, 5.235984802246094, 8.347297668457031], "(2, 6, 2, 3)": [4.363890647888184, 3.8686704635620117, 1.508385419845581, 0.5462360978126526, 0.4320201873779297], "(2, 7, 2, 3)": [3.0263071060180664, 4.51630163192749, 5.4835205078125, 0.711749792098999, 1.6171379089355469], "(2, 4, 2, 2)": [26.926050186157227, 27.320037841796875, 27.40714454650879, 27.205167770385742, 26.740375518798828], "(2, 5, 2, 3)": [4.094976425170898, 7.197688579559326, 0.9860405325889587, 0.15020744502544403, 0.4043024778366089], "(2, 2, 2, 1)": [1.011912226676941, 1.0307536125183105, 1.6447222232818604, 3.3047146797180176, 5.710183143615723], "(2, 3, 2, 3)": [0.7989088296890259, 0.0, 0.03213246911764145, 0.12048722803592682, 0.06344309449195862], "(2, 4, 2, 3)": [1.7867711782455444, 4.82719612121582, 0.1846211850643158, 0.15501916408538818, 0.1988963484764099], "(2, 3, 2, 1)": [0.6516290307044983, 0.3922405540943146, 0.9789066314697266, 3.259721517562866, 3.052600145339966], "(2, 5, 2, 1)": [0.0, 0.0, 1.4011160135269165, 0.7842639088630676, 0.3694083094596863], "(2, 4, 2, 1)": [0.08992915600538254, 0.18340279161930084, 0.7710497975349426, 1.466747522354126, 1.4475162029266357], "(2, 7, 3, 3)": [0.0, -0.017459800466895103, 0.0, 0.25593146681785583, 0.0], "(2, 6, 2, 1)": [0.0, 0.0, 0.11164463311433792, 0.0, 0.6645422577857971], "(3, 4, 2, 2)": [0.2617693543434143, 0.20621895790100098, 0.27945250272750854, 0.1250729262828827, 0.06342905014753342], "(3, 3, 2, 2)": [0.11674389243125916, 0.11563993245363235, 0.0, 0.059536080807447433, 0.25653964281082153], "(2, 3, 3, 2)": [0.0, 0.19293510913848877, 0.0, 0.0, 0.0], "(3, 6, 2, 2)": [0.1405395269393921, 0.2247428148984909, 0.2009386420249939, 0.171500101685524, 0.20574836432933807], "(3, 7, 2, 2)": [0.3995790183544159, 0.1655271351337433, 0.26595067977905273, 0.08667010068893433, 0.6489097476005554], "(3, 5, 2, 2)": [0.029634667560458183, 0.09030809253454208, 0.09190092980861664, 0.11734335869550705, 0.08898574858903885], "(3, 1, 2, 2)": [0.17115062475204468, 0.05310659110546112, 0.5731905102729797, 0.20310330390930176, 0.10976877063512802], "(3, 2, 2, 1)": [0.0, 0.0, 0.0, 0.0, 0.028150497004389763], "(3, 2, 2, 2)": [0.055464841425418854, 0.05758024752140045, 0.0, 0.027536233887076378, 0.02768363244831562], "(2, 2, 2, 3)": [0.0, 0.0, 0.2764935791492462, 0.0, 0.0], "(1, 5, 2, 2)": [0.11919607222080231, 0.08796769380569458, 0.03180288150906563, 0.09052201360464096, 0.16628101468086243], "(1, 6, 2, 2)": [0.10982371866703033, 0.05689070373773575, 0.08641033619642258, 0.18836882710456848, 0.10865214467048645], "(1, 7, 2, 2)": [0.17734599113464355, 0.025208737701177597, 0.8072838187217712, 0.03060956858098507, 0.15923230350017548], "(2, 4, 1, 1)": [0.02954661101102829, 0.0, 0.0, 0.0, 0.0], "(2, 3, 1, 1)": [0.0, 0.0, 0.028940534219145775, 0.0, 0.0], "(2, 2, 1, 1)": [0.0, 0.031195448711514473, 0.0, 0.0, 0.9949930906295776], "(2, 1, 1, 1)": [0.18288934230804443, 0.0, 0.0, 0.18440602719783783, 0.0], "(2, 5, 3, 3)": [0.0, 0.0, 0.0, 0.057032763957977295, 0.0], "(2, 6, 3, 3)": [0.0, 0.5171017050743103, 0.0, 0.05496431514620781, 0.025658832862973213], "(1, 4, 2, 2)": [0.1501171588897705, 0.14705361425876617, 0.14732274413108826, 0.17970740795135498, 0.09156204015016556], "(1, 3, 2, 2)": [0.02983184903860092, 0.0, 0.02978004328906536, 0.0, 0.11950220167636871], "(1, 7, 2, 3)": [0.0, 0.0, 0.025410693138837814, 0.0, 0.5016306042671204], "(1, 1, 2, 2)": [0.5527796745300293, 0.0, 0.0, 0.0, 0.0]}}