{"q_values": {"(2, 5, 2, 2)": [38.78828048706055, 39.333038330078125, 39.1047477722168, 39.08873748779297, 38.52983093261719], "(2, 6, 2, 2)": [37.19975662231445, 37.124900817871094, 36.99012756347656, 36.43147277832031, 34.81100082397461], "(2, 7, 2, 2)": [34.581146240234375, 34.24509811401367, 34.28522872924805, 33.62660598754883, 33.12434387207031], "(2, 3, 2, 2)": [36.4643440246582, 38.30869674682617, 38.32298278808594, 38.905921936035156, 38.55549621582031], "(2, 1, 2, 2)": [33.53774642944336, 34.462554931640625, 34.775970458984375, 34.66351318359375, 34.85210037231445], "(2, 2, 2, 2)": [34.93471908569336, 34.66703796386719, 36.24008560180664, 35.37864303588867, 36.27753829956055], "(2, 1, 2, 1)": [4.784363269805908, 6.8185601234436035, 10.986265182495117, 9.402900695800781, 14.919005393981934], "(2, 6, 2, 3)": [8.680577278137207, 10.421772003173828, 3.379701852798462, 0.9929304122924805, 1.2145262956619263], "(2, 7, 2, 3)": [9.941650390625, 11.94221019744873, 9.025001525878906, 4.136783599853516, 7.050772666931152], "(2, 4, 2, 2)": [39.20234680175781, 39.58664321899414, 39.85117721557617, 39.56157684326172, 38.918582916259766], "(2, 5, 2, 3)": [8.797075271606445, 10.315203666687012, 2.3641552925109863, 0.7821844220161438, 0.7189559936523438], "(2, 2, 2, 1)": [1.7349448204040527, 2.5813982486724854, 5.133678913116455, 8.97882080078125, 13.358314514160156], "(2, 3, 2, 3)": [1.828330636024475, 1.8909677267074585, 1.1665143966674805, 0.15281976759433746, 0.09152042120695114], "(2, 4, 2, 3)": [3.736530065536499, 7.303014755249023, 1.296554446220398, 0.34793025255203247, 0.1988963484764099], "(2, 3, 2, 1)": [1.7475645542144775, 0.6061733961105347, 1.7950756549835205, 8.849356651306152, 6.559558391571045], "(2, 5, 2, 1)": [0.12848985195159912, 0.09886764734983444, 1.5981863737106323, 0.7842639088630676, 1.3385491371154785], "(2, 4, 2, 1)": [0.2842090129852295, 0.44703805446624756, 2.1901469230651855, 5.217025279998779, 7.969911575317383], "(2, 7, 3, 3)": [0.0, -0.017459800466895103, 0.32326826453208923, 0.25593146681785583, 0.0], "(2, 6, 2, 1)": [0.0, 0.0, 1.1621315479278564, 0.0, 0.6645422577857971], "(3, 4, 2, 2)": [0.2617693543434143, 0.23620742559432983, 0.36351364850997925, 0.19047659635543823, 0.2525765001773834], "(3, 3, 2, 2)": [0.180356964468956, 0.288705974817276, 0.1452658772468567, 0.21137647330760956, 0.3994162380695343], "(2, 3, 3, 2)": [0.0, 0.19293510913848877, 0.0, 0.0, 0.0], "(3, 6, 2, 2)": [0.2531968951225281, 0.28110232949256897, 0.28681623935699463, 0.371204137802124, 0.4223771393299103], "(3, 7, 2, 2)": [0.5108663439750671, 0.1655271351337433, 0.26595067977905273, 2.204709768295288, 0.7529817223548889], "(3, 5, 2, 2)": [0.18180593848228455, 0.26416563987731934, 0.2467498928308487, 0.18823890388011932, 0.2883949875831604], "(3, 1, 2, 2)": [0.19656604528427124, 0.08137696981430054, 0.5861539840698242, 1.3196731805801392, 0.16873420774936676], "(3, 2, 2, 1)": [0.0, 0.0, 0.0, 0.0, 0.028150497004389763], "(3, 2, 2, 2)": [0.055464841425418854, 0.08614565432071686, 0.05661136284470558, 0.057113371789455414, 0.02768363244831562], "(2, 2, 2, 3)": [0.0, 0.0, 0.2764935791492462, 0.0, 0.0], "(1, 5, 2, 2)": [0.11919607222080231, 0.08796769380569458, 0.03180288150906563, 0.09052201360464096, 0.1909528523683548], "(1, 6, 2, 2)": [0.13954955339431763, 0.14570853114128113, 0.16816121339797974, 0.18836882710456848, 0.16413918137550354], "(1, 7, 2, 2)": [0.17734599113464355, 0.08020737767219543, 1.7796334028244019, 0.0609830766916275, 0.18141970038414001], "(2, 4, 1, 1)": [0.02954661101102829, 0.0, 0.0, 0.268595427274704, 0.0], "(2, 3, 1, 1)": [0.0, 0.0, 0.028940534219145775, 0.0, 0.0], "(2, 2, 1, 1)": [0.0, 0.031195448711514473, 0.0, 0.0, 1.2618294954299927], "(2, 1, 1, 1)": [0.18288934230804443, 0.0, 0.0, 0.18440602719783783, 0.0], "(2, 5, 3, 3)": [0.0, 0.0, 0.0, 0.057032763957977295, 0.0], "(2, 6, 3, 3)": [0.0, 0.5171017050743103, 0.0, 0.05496431514620781, 0.025658832862973213], "(1, 4, 2, 2)": [0.17549604177474976, 0.1770504266023636, 0.17818379402160645, 0.2095973640680313, 0.1188090443611145], "(1, 3, 2, 2)": [0.1491018682718277, 0.031444206833839417, 0.08596983551979065, 0.030133627355098724, 0.2542771100997925], "(1, 7, 2, 3)": [0.0, 0.0, 0.025410693138837814, 0.0, 0.5016306042671204], "(1, 1, 2, 2)": [1.2895573377609253, 1.1074044704437256, 0.026808669790625572, 0.0, 0.0], "(3, 5, 2, 3)": [0.0, 0.0, 0.0, 0.057656772434711456, 0.0], "(3, 6, 2, 3)": [0.0, 0.0, 0.0, 0.05486352741718292, 0.02617158181965351], "(3, 7, 3, 3)": [0.0, 0.0, 0.6865803599357605, 0.0, 0.0], "(1, 2, 2, 2)": [0.11394944787025452, 0.13000492751598358, 0.09684646129608154, 0.0, 0.06496505439281464], "(1, 2, 2, 1)": [0.0, 0.0, 0.0, 0.026756035163998604, 0.0], "(1, 1, 2, 1)": [1.1036980152130127, 0.8583201169967651, 0.0, 0.711438775062561, 0.0], "(2, 3, 1, 2)": [0.0, 0.0, 0.0, 0.0, 0.9865462779998779], "(1, 4, 2, 3)": [0.034880053251981735, 0.0, 0.0, 0.0, 0.0], "(1, 5, 2, 3)": [0.0, 0.0, 0.0, 0.0, 0.04941471293568611], "(2, 4, 3, 3)": [0.0, 1.1180140972137451, 0.0, 0.0, 0.0]}}