{"q_values": {"(2, 5, 2, 2)": [19.70220375061035, 19.778627395629883, 19.97304916381836, 19.711881637573242, 19.734012603759766], "(2, 6, 2, 2)": [17.438945770263672, 17.130632400512695, 16.920875549316406, 16.44178009033203, 16.1641788482666], "(2, 7, 2, 2)": [14.600341796875, 14.927237510681152, 14.902708053588867, 14.611527442932129, 14.778284072875977], "(2, 3, 2, 2)": [19.32647132873535, 19.45216941833496, 19.337081909179688, 19.635944366455078, 19.57186508178711], "(2, 1, 2, 2)": [15.100130081176758, 14.988253593444824, 15.010293006896973, 15.196406364440918, 14.865913391113281], "(2, 2, 2, 2)": [16.397375106811523, 16.79515838623047, 16.789247512817383, 17.025304794311523, 17.215316772460938], "(2, 1, 2, 1)": [1.314286231994629, 1.1851093769073486, 2.1686251163482666, 1.9152237176895142, 3.542257308959961], "(2, 6, 2, 3)": [1.7925395965576172, 2.8088104724884033, 0.8765366077423096, 0.3375582695007324, 0.2501131594181061], "(2, 7, 2, 3)": [1.999294400215149, 2.4873998165130615, 2.45289945602417, 0.32669714093208313, 0.8020996451377869], "(2, 4, 2, 2)": [20.457918167114258, 20.67372703552246, 20.446571350097656, 20.69756317138672, 20.245582580566406], "(2, 5, 2, 3)": [2.9236700534820557, 1.760319471359253, 0.40866905450820923, 0.15020744502544403, 0.25394314527511597], "(2, 2, 2, 1)": [0.21104316413402557, 0.5949274301528931, 0.38532108068466187, 2.6194844245910645, 1.766925573348999], "(2, 3, 2, 3)": [0.0, 0.0, 0.03213246911764145, 0.08805901557207108, 0.06344309449195862], "(2, 4, 2, 3)": [1.7867711782455444, 1.4443755149841309, 0.07285988330841064, 0.09452736377716064, 0.08844265341758728], "(2, 3, 2, 1)": [0.21991634368896484, 0.3295203447341919, 0.20960041880607605, 1.4487496614456177, 0.6048300862312317], "(2, 5, 2, 1)": [0.0, 0.0, 0.5848263502120972, 0.06559685617685318, 0.3694083094596863], "(2, 4, 2, 1)": [0.08992915600538254, 0.15345154702663422, 0.7573314905166626, 0.1261758804321289, 0.758708655834198], "(2, 7, 3, 3)": [0.0, -0.017459800466895103, 0.0, 0.25593146681785583, 0.0], "(2, 6, 2, 1)": [0.0, 0.0, 0.11164463311433792, 0.0, 0.0], "(3, 4, 2, 2)": [0.2617693543434143, 0.20621895790100098, 0.27945250272750854, 0.1250729262828827, 0.06342905014753342], "(3, 3, 2, 2)": [0.11674389243125916, 0.11563993245363235, 0.0, 0.059536080807447433, 0.25653964281082153], "(2, 3, 3, 2)": [0.0, 0.19293510913848877, 0.0, 0.0, 0.0], "(3, 6, 2, 2)": [0.1405395269393921, 0.2247428148984909, 0.2009386420249939, 0.171500101685524, 0.20574836432933807], "(3, 7, 2, 2)": [0.3995790183544159, 0.1655271351337433, 0.26595067977905273, 0.08667010068893433, 0.6489097476005554], "(3, 5, 2, 2)": [0.029634667560458183, 0.09030809253454208, 0.09190092980861664, 0.11734335869550705, 0.08898574858903885], "(3, 1, 2, 2)": [0.17115062475204468, 0.05310659110546112, 0.5731905102729797, 0.20310330390930176, 0.10976877063512802], "(3, 2, 2, 1)": [0.0, 0.0, 0.0, 0.0, 0.028150497004389763], "(3, 2, 2, 2)": [0.055464841425418854, 0.05758024752140045, 0.0, 0.027536233887076378, 0.02768363244831562], "(2, 2, 2, 3)": [0.0, 0.0, 0.2764935791492462, 0.0, 0.0], "(1, 5, 2, 2)": [0.11919607222080231, 0.08796769380569458, 0.03180288150906563, 0.09052201360464096, 0.16628101468086243], "(1, 6, 2, 2)": [0.10982371866703033, 0.05689070373773575, 0.08641033619642258, 0.10751080513000488, 0.055951379239559174], "(1, 7, 2, 2)": [0.17734599113464355, 0.025208737701177597, 0.8072838187217712, 0.03060956858098507, 0.15923230350017548], "(2, 4, 1, 1)": [0.02954661101102829, 0.0, 0.0, 0.0, 0.0], "(2, 3, 1, 1)": [0.0, 0.0, 0.028940534219145775, 0.0, 0.0], "(2, 2, 1, 1)": [0.0, 0.031195448711514473, 0.0, 0.0, 0.29758474230766296], "(2, 1, 1, 1)": [0.18288934230804443, 0.0, 0.0, 0.18440602719783783, 0.0], "(2, 5, 3, 3)": [0.0, 0.0, 0.0, 0.057032763957977295, 0.0], "(2, 6, 3, 3)": [0.0, 0.0, 0.0, 0.027316026389598846, 0.025658832862973213], "(1, 4, 2, 2)": [0.1501171588897705, 0.14705361425876617, 0.14732274413108826, 0.17970740795135498, 0.09156204015016556], "(1, 3, 2, 2)": [0.02983184903860092, 0.0, 0.02978004328906536, 0.0, 0.11950220167636871]}}