{"q_values": {"(2, 5, 2, 2)": [60.642555236816406, 61.56462478637695, 60.23231506347656, 61.6590690612793, 59.76509475708008], "(2, 6, 2, 2)": [59.76647186279297, 59.518211364746094, 59.56601333618164, 58.25410842895508, 58.74461364746094], "(2, 7, 2, 2)": [56.397579193115234, 56.694766998291016, 56.54444122314453, 56.292388916015625, 55.70130920410156], "(2, 3, 2, 2)": [59.253929138183594, 58.83755111694336, 59.817771911621094, 58.75772476196289, 58.75844192504883], "(2, 1, 2, 2)": [54.66700744628906, 55.63072204589844, 55.1051139831543, 55.854820251464844, 55.69084167480469], "(2, 2, 2, 2)": [55.969482421875, 57.07725524902344, 56.903690338134766, 56.246063232421875, 57.38386917114258], "(2, 1, 2, 1)": [22.296567916870117, 18.893268585205078, 21.244937896728516, 23.262073516845703, 31.68977928161621], "(2, 6, 2, 3)": [28.067853927612305, 22.6561336517334, 11.815170288085938, 5.004240989685059, 6.961422443389893], "(2, 7, 2, 3)": [31.686906814575195, 30.63515281677246, 23.050857543945312, 14.214385986328125, 15.667473793029785], "(2, 4, 2, 2)": [60.73573303222656, 61.11035919189453, 61.68951416015625, 61.2068977355957, 60.32914733886719], "(2, 5, 2, 3)": [22.8576717376709, 24.885108947753906, 15.405330657958984, 3.5563511848449707, 3.2334659099578857], "(2, 2, 2, 1)": [5.577794075012207, 7.878393650054932, 12.713537216186523, 20.467254638671875, 26.80340003967285], "(2, 3, 2, 3)": [5.274758815765381, 7.643865585327148, 4.351692199707031, 0.21294507384300232, 0.6951044797897339], "(2, 4, 2, 3)": [6.609396934509277, 13.706863403320312, 11.996737480163574, 1.6824361085891724, 1.1569987535476685], "(2, 3, 2, 1)": [3.1232810020446777, 3.6834986209869385, 6.050559043884277, 22.67867088317871, 17.908313751220703], "(2, 5, 2, 1)": [0.12848985195159912, 0.18790596723556519, 7.025688171386719, 3.7252793312072754, 4.210954189300537], "(2, 4, 2, 1)": [1.0783460140228271, 0.5512057542800903, 6.217859268188477, 10.459497451782227, 17.321388244628906], "(2, 7, 3, 3)": [0.0, -0.017459800466895103, 1.9327749013900757, 0.25593146681785583, 1.3346171379089355], "(2, 6, 2, 1)": [0.0, 0.0, 1.1621315479278564, 0.0, 0.6645422577857971], "(3, 4, 2, 2)": [0.3883177638053894, 0.28257277607917786, 0.39018553495407104, 1.8089954853057861, 0.2525765001773834], "(3, 3, 2, 2)": [0.21702001988887787, 0.30969107151031494, 0.17575952410697937, 0.21137647330760956, 0.428997665643692], "(2, 3, 3, 2)": [0.0, 0.19293510913848877, 0.0, 0.0, 0.0], "(3, 6, 2, 2)": [0.9904893040657043, 0.8347346186637878, 0.7499526143074036, 2.0165414810180664, 0.8918759226799011], "(3, 7, 2, 2)": [3.4070887565612793, 0.5523072481155396, 3.429884433746338, 6.825052738189697, 1.20255708694458], "(3, 5, 2, 2)": [0.5271390080451965, 0.5063004493713379, 0.7303120493888855, 0.5964124202728271, 0.8107166886329651], "(3, 1, 2, 2)": [0.22156020998954773, 1.6496140956878662, 0.5861539840698242, 1.3196731805801392, 0.207192063331604], "(3, 2, 2, 1)": [0.0, 0.0, 0.0, 0.0, 0.028150497004389763], "(3, 2, 2, 2)": [0.055464841425418854, 0.1401868462562561, 0.08422065526247025, 0.057113371789455414, 0.02768363244831562], "(2, 2, 2, 3)": [0.0, 0.0, 0.2764935791492462, 0.04314063489437103, 0.0], "(1, 5, 2, 2)": [0.6315487623214722, 0.5014966130256653, 0.37332525849342346, 0.53435218334198, 0.44043537974357605], "(1, 6, 2, 2)": [0.26808834075927734, 0.3201945424079895, 0.3510395288467407, 0.4742658734321594, 0.6325564384460449], "(1, 7, 2, 2)": [2.4957048892974854, 0.4599510133266449, 4.490654945373535, 3.0083913803100586, 0.6891312599182129], "(2, 4, 1, 1)": [0.02954661101102829, 0.0, 0.0, 0.268595427274704, 0.0], "(2, 3, 1, 1)": [0.0, 0.0, 0.028940534219145775, 0.0, 0.0], "(2, 2, 1, 1)": [0.0, 0.06225632131099701, 0.0, 0.0, 1.2618294954299927], "(2, 1, 1, 1)": [1.352020263671875, 0.0, 0.0, 1.8952572345733643, 0.4353715777397156], "(2, 5, 3, 3)": [0.5239105820655823, 0.6402232050895691, 0.0, 0.057032763957977295, 0.0], "(2, 6, 3, 3)": [0.0, 0.5171017050743103, 0.0, 0.05496431514620781, 0.025658832862973213], "(1, 4, 2, 2)": [0.33804744482040405, 0.3916472792625427, 0.3581121861934662, 0.41227665543556213, 0.3048650622367859], "(1, 3, 2, 2)": [0.4511662423610687, 0.12381447106599808, 0.5006413459777832, 0.2888083755970001, 0.4359245300292969], "(1, 7, 2, 3)": [0.17736069858074188, 1.1082266569137573, 1.5377697944641113, 0.031273506581783295, 1.561946153640747], "(1, 1, 2, 2)": [5.978259086608887, 2.9049553871154785, 2.962770938873291, 3.9323439598083496, 3.98812198638916], "(3, 5, 2, 3)": [0.0, 0.0, 0.0, 0.057656772434711456, 0.0], "(3, 6, 2, 3)": [0.0, 0.0, 0.0, 0.05486352741718292, 0.02617158181965351], "(3, 7, 3, 3)": [0.0, 0.0, 0.6865803599357605, 0.0, 0.0], "(1, 2, 2, 2)": [0.6481314897537231, 0.651921808719635, 0.27615657448768616, 0.37550124526023865, 0.3054680824279785], "(1, 2, 2, 1)": [0.0, 0.0, 0.0, 0.026756035163998604, 0.0], "(1, 1, 2, 1)": [1.1036980152130127, 0.8583201169967651, 0.0, 0.711438775062561, 0.0], "(2, 3, 1, 2)": [0.0, 0.0, 0.0, 0.0, 0.9865462779998779], "(1, 4, 2, 3)": [0.034880053251981735, 0.03244931250810623, 0.0, 0.0, 0.0], "(1, 5, 2, 3)": [0.0, 0.0, 0.0, 0.0, 0.04941471293568611], "(2, 4, 3, 3)": [0.0, 1.1180140972137451, 0.0, 0.029569920152425766, 0.0], "(2, 5, 1, 2)": [0.0, 0.0, 0.0, 0.0, 1.2393845319747925], "(3, 7, 2, 3)": [0.0, 0.07367099076509476, 0.0, 1.0034096240997314, 0.0], "(1, 6, 2, 3)": [0.0, 0.0, 0.060267023742198944, 0.0, 0.059735529124736786], "(3, 4, 2, 1)": [0.0, 0.0, 0.0, 0.03757285326719284, 0.03938349708914757], "(1, 3, 1, 2)": [0.0, 0.0, 0.0, 0.0, 0.03343399241566658], "(1, 3, 2, 3)": [0.042344558984041214, 0.0, 0.0, 0.0, 0.0]}}