{"q_values": {"(2, 5, 2, 2)": [36.94670104980469, 37.16252517700195, 37.13298797607422, 36.83097839355469, 35.165382385253906], "(2, 6, 2, 2)": [34.04203414916992, 34.523712158203125, 34.68452453613281, 33.45648956298828, 32.44390869140625], "(2, 7, 2, 2)": [32.85066223144531, 32.249141693115234, 32.13559341430664, 32.2340202331543, 32.04970169067383], "(2, 3, 2, 2)": [36.589141845703125, 36.88954162597656, 37.08214569091797, 37.093955993652344, 37.47052764892578], "(2, 1, 2, 2)": [33.06964111328125, 32.85647201538086, 33.09486389160156, 33.30900573730469, 33.0530891418457], "(2, 2, 2, 2)": [34.373939514160156, 34.731895446777344, 35.03205108642578, 34.798648834228516, 34.79957962036133], "(2, 1, 2, 1)": [3.837245464324951, 6.712967872619629, 8.669601440429688, 7.833966255187988, 14.28404712677002], "(2, 6, 2, 3)": [7.86182975769043, 10.421772003173828, 3.379701852798462, 0.80116206407547, 1.2145262956619263], "(2, 7, 2, 3)": [8.452004432678223, 11.257991790771484, 8.074960708618164, 4.136783599853516, 5.478353977203369], "(2, 4, 2, 2)": [37.37298583984375, 37.7607536315918, 37.874053955078125, 37.019676208496094, 37.31883239746094], "(2, 5, 2, 3)": [8.797075271606445, 10.315203666687012, 1.2329100370407104, 0.7821844220161438, 0.7189559936523438], "(2, 2, 2, 1)": [1.679870367050171, 2.5813982486724854, 4.201337814331055, 8.97882080078125, 9.697388648986816], "(2, 3, 2, 3)": [1.828330636024475, 1.8909677267074585, 0.03213246911764145, 0.15281976759433746, 0.09152042120695114], "(2, 4, 2, 3)": [2.651247262954712, 6.345236778259277, 1.296554446220398, 0.28978580236434937, 0.1988963484764099], "(2, 3, 2, 1)": [1.5235443115234375, 0.6061733961105347, 1.4964674711227417, 7.964781761169434, 6.559558391571045], "(2, 5, 2, 1)": [0.12848985195159912, 0.09886764734983444, 1.4011160135269165, 0.7842639088630676, 1.3385491371154785], "(2, 4, 2, 1)": [0.2842090129852295, 0.41703808307647705, 2.0657010078430176, 5.217025279998779, 4.04000186920166], "(2, 7, 3, 3)": [0.0, -0.017459800466895103, 0.32326826453208923, 0.25593146681785583, 0.0], "(2, 6, 2, 1)": [0.0, 0.0, 1.1621315479278564, 0.0, 0.6645422577857971], "(3, 4, 2, 2)": [0.2617693543434143, 0.23620742559432983, 0.36351364850997925, 0.19047659635543823, 0.2525765001773834], "(3, 3, 2, 2)": [0.11674389243125916, 0.15132467448711395, 0.07170403003692627, 0.1257777065038681, 0.3335781991481781], "(2, 3, 3, 2)": [0.0, 0.19293510913848877, 0.0, 0.0, 0.0], "(3, 6, 2, 2)": [0.2531968951225281, 0.28110232949256897, 0.28681623935699463, 0.371204137802124, 0.4223771393299103], "(3, 7, 2, 2)": [0.5108663439750671, 0.1655271351337433, 0.26595067977905273, 2.204709768295288, 0.7529817223548889], "(3, 5, 2, 2)": [0.18180593848228455, 0.26416563987731934, 0.2467498928308487, 0.18823890388011932, 0.2883949875831604], "(3, 1, 2, 2)": [0.17115062475204468, 0.05310659110546112, 0.5731905102729797, 0.20310330390930176, 0.10976877063512802], "(3, 2, 2, 1)": [0.0, 0.0, 0.0, 0.0, 0.028150497004389763], "(3, 2, 2, 2)": [0.055464841425418854, 0.05758024752140045, 0.0, 0.027536233887076378, 0.02768363244831562], "(2, 2, 2, 3)": [0.0, 0.0, 0.2764935791492462, 0.0, 0.0], "(1, 5, 2, 2)": [0.11919607222080231, 0.08796769380569458, 0.03180288150906563, 0.09052201360464096, 0.1909528523683548], "(1, 6, 2, 2)": [0.13954955339431763, 0.14570853114128113, 0.16816121339797974, 0.18836882710456848, 0.16413918137550354], "(1, 7, 2, 2)": [0.17734599113464355, 0.08020737767219543, 1.7796334028244019, 0.0609830766916275, 0.18141970038414001], "(2, 4, 1, 1)": [0.02954661101102829, 0.0, 0.0, 0.268595427274704, 0.0], "(2, 3, 1, 1)": [0.0, 0.0, 0.028940534219145775, 0.0, 0.0], "(2, 2, 1, 1)": [0.0, 0.031195448711514473, 0.0, 0.0, 0.9949930906295776], "(2, 1, 1, 1)": [0.18288934230804443, 0.0, 0.0, 0.18440602719783783, 0.0], "(2, 5, 3, 3)": [0.0, 0.0, 0.0, 0.057032763957977295, 0.0], "(2, 6, 3, 3)": [0.0, 0.5171017050743103, 0.0, 0.05496431514620781, 0.025658832862973213], "(1, 4, 2, 2)": [0.17549604177474976, 0.1770504266023636, 0.17818379402160645, 0.2095973640680313, 0.1188090443611145], "(1, 3, 2, 2)": [0.1491018682718277, 0.031444206833839417, 0.08596983551979065, 0.030133627355098724, 0.2542771100997925], "(1, 7, 2, 3)": [0.0, 0.0, 0.025410693138837814, 0.0, 0.5016306042671204], "(1, 1, 2, 2)": [1.3023420572280884, 0.05214765667915344, 0.0, 0.0, 0.0], "(3, 5, 2, 3)": [0.0, 0.0, 0.0, 0.057656772434711456, 0.0], "(3, 6, 2, 3)": [0.0, 0.0, 0.0, 0.05486352741718292, 0.02617158181965351], "(3, 7, 3, 3)": [0.0, 0.0, 0.6865803599357605, 0.0, 0.0], "(1, 2, 2, 2)": [0.11394944787025452, 0.13000492751598358, 0.07171911746263504, 0.0, 0.06496505439281464], "(1, 2, 2, 1)": [0.0, 0.0, 0.0, 0.026756035163998604, 0.0], "(1, 1, 2, 1)": [0.04698137938976288, 0.8583201169967651, 0.0, 0.711438775062561, 0.0], "(2, 3, 1, 2)": [0.0, 0.0, 0.0, 0.0, 0.9865462779998779], "(1, 4, 2, 3)": [0.034880053251981735, 0.0, 0.0, 0.0, 0.0], "(1, 5, 2, 3)": [0.0, 0.0, 0.0, 0.0, 0.04941471293568611], "(2, 4, 3, 3)": [0.0, 1.1180140972137451, 0.0, 0.0, 0.0]}}