{"q_values": {"(2, 5, 2, 2)": [64.21632385253906, 64.16531372070312, 64.34278869628906, 63.99418258666992, 63.567989349365234], "(2, 6, 2, 2)": [61.79790496826172, 61.88420867919922, 61.986976623535156, 61.80144119262695, 61.34187698364258], "(2, 7, 2, 2)": [59.600685119628906, 59.91465377807617, 59.533939361572266, 58.82944869995117, 58.97979736328125], "(2, 3, 2, 2)": [61.58735275268555, 63.78408432006836, 64.14805603027344, 63.8367919921875, 62.62343215942383], "(2, 1, 2, 2)": [56.25175857543945, 58.001434326171875, 58.33306121826172, 58.700836181640625, 58.464576721191406], "(2, 2, 2, 2)": [58.225242614746094, 60.09405517578125, 59.9428596496582, 60.565773010253906, 59.97279357910156], "(2, 1, 2, 1)": [25.50560188293457, 21.719703674316406, 24.35515594482422, 23.262073516845703, 35.455787658691406], "(2, 6, 2, 3)": [29.07073402404785, 22.584613800048828, 13.641847610473633, 5.004240989685059, 7.51981782913208], "(2, 7, 2, 3)": [31.686906814575195, 34.610992431640625, 23.050857543945312, 19.438034057617188, 21.285287857055664], "(2, 4, 2, 2)": [64.042724609375, 64.33744812011719, 64.58380889892578, 64.3889389038086, 63.555458068847656], "(2, 5, 2, 3)": [22.8576717376709, 25.978031158447266, 16.844322204589844, 4.157951831817627, 3.2334659099578857], "(2, 2, 2, 1)": [6.476952075958252, 7.878393650054932, 14.093029975891113, 20.467254638671875, 28.652902603149414], "(2, 3, 2, 3)": [8.689521789550781, 7.643865585327148, 4.351692199707031, 0.28702887892723083, 0.9121567606925964], "(2, 4, 2, 3)": [6.609396934509277, 16.677749633789062, 12.077945709228516, 1.6824361085891724, 1.1569987535476685], "(2, 3, 2, 1)": [3.4396753311157227, 3.6834986209869385, 6.4166975021362305, 25.034313201904297, 21.724348068237305], "(2, 5, 2, 1)": [0.12848985195159912, 0.18790596723556519, 7.025688171386719, 3.7252793312072754, 6.001587390899658], "(2, 4, 2, 1)": [1.7561075687408447, 1.4240813255310059, 6.217859268188477, 10.459497451782227, 18.662649154663086], "(2, 7, 3, 3)": [0.0, -0.017459800466895103, 1.9327749013900757, 0.25593146681785583, 1.3346171379089355], "(2, 6, 2, 1)": [0.0, 0.034966807812452316, 1.1621315479278564, 0.0, 0.6645422577857971], "(3, 4, 2, 2)": [0.418260782957077, 0.31046178936958313, 0.39018553495407104, 1.8089954853057861, 0.2967810332775116], "(3, 3, 2, 2)": [0.2698647677898407, 0.37659281492233276, 0.21370550990104675, 0.27016353607177734, 0.4784665107727051], "(2, 3, 3, 2)": [0.0, 0.19293510913848877, 0.0, 0.0, 0.0], "(3, 6, 2, 2)": [1.0472060441970825, 0.8347346186637878, 0.7499526143074036, 2.0189664363861084, 1.0908687114715576], "(3, 7, 2, 2)": [3.3475186824798584, 0.8134946823120117, 3.4528141021728516, 9.750086784362793, 1.4391640424728394], "(3, 5, 2, 2)": [0.5271390080451965, 0.5805849432945251, 0.7303120493888855, 0.5964124202728271, 0.8574540019035339], "(3, 1, 2, 2)": [2.0406134128570557, 1.6496140956878662, 0.7001263499259949, 1.3253816366195679, 0.207192063331604], "(3, 2, 2, 1)": [0.0, 0.0, 0.0, 0.0, 0.028150497004389763], "(3, 2, 2, 2)": [0.055464841425418854, 0.1937062293291092, 0.1264931857585907, 0.0847914069890976, 0.02768363244831562], "(2, 2, 2, 3)": [0.0, 0.0, 0.2764935791492462, 0.04314063489437103, 0.0], "(1, 5, 2, 2)": [0.6315487623214722, 0.5320186614990234, 2.1755595207214355, 0.53435218334198, 0.46963104605674744], "(1, 6, 2, 2)": [0.26808834075927734, 0.3201945424079895, 0.3510395288467407, 0.4742658734321594, 0.6325564384460449], "(1, 7, 2, 2)": [2.4957048892974854, 0.4599510133266449, 4.490654945373535, 3.0083913803100586, 0.6891312599182129], "(2, 4, 1, 1)": [0.02954661101102829, 0.0, 0.0, 0.268595427274704, 0.0], "(2, 3, 1, 1)": [0.0, 0.0, 0.028940534219145775, 0.0, 0.0], "(2, 2, 1, 1)": [0.0, 0.06225632131099701, 0.0, 0.0, 1.2618294954299927], "(2, 1, 1, 1)": [1.352020263671875, 0.0, 0.0, 1.8952572345733643, 0.4353715777397156], "(2, 5, 3, 3)": [0.5239105820655823, 0.6402232050895691, 0.0, 0.057032763957977295, 0.0], "(2, 6, 3, 3)": [0.0, 0.5171017050743103, 0.0, 0.05496431514620781, 0.025658832862973213], "(1, 4, 2, 2)": [0.33804744482040405, 0.4503364861011505, 0.3581121861934662, 0.4788127541542053, 0.3391522169113159], "(1, 3, 2, 2)": [0.4511662423610687, 0.15851286053657532, 0.5279502272605896, 0.3569580912590027, 0.48846539855003357], "(1, 7, 2, 3)": [0.17736069858074188, 1.1082266569137573, 1.5377697944641113, 0.031273506581783295, 1.561946153640747], "(1, 1, 2, 2)": [6.003359794616699, 2.9049553871154785, 4.67897891998291, 3.9323439598083496, 3.98812198638916], "(3, 5, 2, 3)": [0.0, 0.0, 0.0, 0.057656772434711456, 0.0], "(3, 6, 2, 3)": [0.0, 0.0, 0.0, 0.05486352741718292, 0.02617158181965351], "(3, 7, 3, 3)": [0.0, 0.0, 0.6865803599357605, 0.0, 0.0], "(1, 2, 2, 2)": [0.6481314897537231, 0.651921808719635, 0.27615657448768616, 0.37550124526023865, 0.3054680824279785], "(1, 2, 2, 1)": [0.0, 0.0, 0.0, 0.026756035163998604, 0.0], "(1, 1, 2, 1)": [1.1036980152130127, 0.8583201169967651, 0.0, 0.711438775062561, 0.0], "(2, 3, 1, 2)": [0.0, 0.0, 0.0, 0.0, 0.9865462779998779], "(1, 4, 2, 3)": [0.034880053251981735, 0.03244931250810623, 0.0, 0.0, 0.0], "(1, 5, 2, 3)": [0.0, 0.0, 0.0, 0.0, 0.04941471293568611], "(2, 4, 3, 3)": [0.0, 1.1180140972137451, 0.0, 0.029569920152425766, 0.0], "(2, 5, 1, 2)": [0.0, 0.0, 0.0, 0.0, 1.2393845319747925], "(3, 7, 2, 3)": [0.0, 0.07367099076509476, 0.0, 1.0034096240997314, 0.0], "(1, 6, 2, 3)": [0.0, 0.0, 0.060267023742198944, 0.0, 0.059735529124736786], "(3, 4, 2, 1)": [0.0, 0.0, 0.0, 0.03757285326719284, 0.03938349708914757], "(1, 3, 1, 2)": [0.0, 0.0, 0.0, 0.0, 0.03343399241566658], "(1, 3, 2, 3)": [0.042344558984041214, 0.0, 0.0, 0.0, 0.0]}}