{"q_values": {"(2, 5, 2, 2)": [64.18326568603516, 65.90828704833984, 66.337158203125, 65.29766082763672, 64.57237243652344], "(2, 6, 2, 2)": [64.52046203613281, 63.9848518371582, 63.91603469848633, 63.41994094848633, 62.151344299316406], "(2, 7, 2, 2)": [61.797325134277344, 62.037330627441406, 61.33124923706055, 61.65068054199219, 60.76195526123047], "(2, 3, 2, 2)": [63.010379791259766, 64.76698303222656, 64.97372436523438, 65.33173370361328, 64.6356430053711], "(2, 1, 2, 2)": [59.397621154785156, 58.884666442871094, 60.12596893310547, 60.221805572509766, 59.67515182495117], "(2, 2, 2, 2)": [56.99763488769531, 61.19463348388672, 61.27485656738281, 61.56075668334961, 61.31902313232422], "(2, 1, 2, 1)": [25.50560188293457, 23.293392181396484, 24.714336395263672, 24.3746395111084, 38.388824462890625], "(2, 6, 2, 3)": [31.987407684326172, 22.584613800048828, 16.87064552307129, 6.4466400146484375, 8.042726516723633], "(2, 7, 2, 3)": [32.60462951660156, 37.75351333618164, 24.04905128479004, 20.7172908782959, 22.911399841308594], "(2, 4, 2, 2)": [66.00981140136719, 66.73783874511719, 67.12579345703125, 66.91583251953125, 66.68119812011719], "(2, 5, 2, 3)": [22.8576717376709, 25.352920532226562, 19.68152618408203, 4.157951831817627, 3.2334659099578857], "(2, 2, 2, 1)": [7.0504889488220215, 8.367118835449219, 14.093029975891113, 21.72112464904785, 29.636554718017578], "(2, 3, 2, 3)": [8.689521789550781, 7.643865585327148, 6.128326416015625, 0.28702887892723083, 0.959132194519043], "(2, 4, 2, 3)": [6.609396934509277, 18.166065216064453, 12.077945709228516, 1.6824361085891724, 1.1569987535476685], "(2, 3, 2, 1)": [4.224532127380371, 3.6834986209869385, 6.4166975021362305, 26.237051010131836, 21.724348068237305], "(2, 5, 2, 1)": [0.12848985195159912, 0.18790596723556519, 7.025688171386719, 5.651334285736084, 6.001587390899658], "(2, 4, 2, 1)": [1.7561075687408447, 1.4240813255310059, 6.104040145874023, 13.727800369262695, 18.662649154663086], "(2, 7, 3, 3)": [0.0, -0.017459800466895103, 1.9327749013900757, 0.25593146681785583, 1.3346171379089355], "(2, 6, 2, 1)": [0.0, 0.034966807812452316, 1.1621315479278564, 0.0, 0.6645422577857971], "(3, 4, 2, 2)": [0.418260782957077, 0.31046178936958313, 0.39018553495407104, 1.8089954853057861, 0.2967810332775116], "(3, 3, 2, 2)": [0.2924593687057495, 0.568637490272522, 0.3131777346134186, 0.29961609840393066, 0.5590227246284485], "(2, 3, 3, 2)": [0.0, 0.19293510913848877, 0.0, 0.0, 0.0], "(3, 6, 2, 2)": [1.0472060441970825, 0.8347346186637878, 0.7499526143074036, 2.0189664363861084, 1.0908687114715576], "(3, 7, 2, 2)": [3.3475186824798584, 0.8134946823120117, 3.4528141021728516, 9.750086784362793, 1.4391640424728394], "(3, 5, 2, 2)": [0.5271390080451965, 0.5805849432945251, 0.7303120493888855, 0.5964124202728271, 0.8574540019035339], "(3, 1, 2, 2)": [2.0406134128570557, 1.6712814569473267, 2.4249489307403564, 1.3253816366195679, 0.2887948155403137], "(3, 2, 2, 1)": [0.0, 0.0, 0.0, 0.0, 0.028150497004389763], "(3, 2, 2, 2)": [0.08347342908382416, 0.21735438704490662, 0.1264931857585907, 0.15899010002613068, 0.02768363244831562], "(2, 2, 2, 3)": [0.0, 0.0, 0.2764935791492462, 0.04314063489437103, 0.0], "(1, 5, 2, 2)": [0.6315487623214722, 0.5320186614990234, 2.1755595207214355, 0.53435218334198, 0.46963104605674744], "(1, 6, 2, 2)": [0.26808834075927734, 0.3201945424079895, 0.3510395288467407, 0.4742658734321594, 0.6325564384460449], "(1, 7, 2, 2)": [2.4957048892974854, 0.4599510133266449, 4.490654945373535, 3.0083913803100586, 0.6891312599182129], "(2, 4, 1, 1)": [0.02954661101102829, 0.0, 0.0, 0.268595427274704, 0.0], "(2, 3, 1, 1)": [0.0, 0.0, 0.028940534219145775, 0.0, 0.0], "(2, 2, 1, 1)": [0.0, 0.06225632131099701, 0.0, 0.0, 1.2618294954299927], "(2, 1, 1, 1)": [1.352020263671875, 0.0, 0.0, 1.8952572345733643, 0.4353715777397156], "(2, 5, 3, 3)": [0.5239105820655823, 0.6402232050895691, 0.0, 0.057032763957977295, 0.0], "(2, 6, 3, 3)": [0.0, 0.5171017050743103, 0.0, 0.05496431514620781, 0.025658832862973213], "(1, 4, 2, 2)": [0.33804744482040405, 0.4503364861011505, 0.3581121861934662, 0.4788127541542053, 0.3391522169113159], "(1, 3, 2, 2)": [0.4511662423610687, 0.15851286053657532, 0.5279502272605896, 0.3569580912590027, 0.48846539855003357], "(1, 7, 2, 3)": [0.17736069858074188, 1.1082266569137573, 1.5377697944641113, 0.031273506581783295, 1.561946153640747], "(1, 1, 2, 2)": [5.902693748474121, 4.66770076751709, 4.67897891998291, 5.73126745223999, 4.008154392242432], "(3, 5, 2, 3)": [0.0, 0.0, 0.0, 0.057656772434711456, 0.0], "(3, 6, 2, 3)": [0.0, 0.0, 0.0, 0.05486352741718292, 0.02617158181965351], "(3, 7, 3, 3)": [0.0, 0.0, 0.6865803599357605, 0.0, 0.0], "(1, 2, 2, 2)": [0.7429401874542236, 0.651921808719635, 0.27615657448768616, 0.37550124526023865, 0.3054680824279785], "(1, 2, 2, 1)": [0.0, 0.0, 0.0, 0.026756035163998604, 0.0], "(1, 1, 2, 1)": [1.1036980152130127, 0.8583201169967651, 0.0, 0.711438775062561, 0.0], "(2, 3, 1, 2)": [0.0, 0.0, 0.0, 0.0, 0.9865462779998779], "(1, 4, 2, 3)": [0.034880053251981735, 0.03244931250810623, 0.0, 0.0, 0.0], "(1, 5, 2, 3)": [0.0, 0.0, 0.0, 0.0, 0.04941471293568611], "(2, 4, 3, 3)": [0.0, 1.1180140972137451, 0.8091824650764465, 0.029569920152425766, 0.0], "(2, 5, 1, 2)": [0.0, 0.0, 0.0, 0.0, 1.2393845319747925], "(3, 7, 2, 3)": [0.0, 0.07367099076509476, 0.0, 1.0034096240997314, 0.0], "(1, 6, 2, 3)": [0.0, 0.0, 0.060267023742198944, 0.0, 0.059735529124736786], "(3, 4, 2, 1)": [0.0, 0.0, 0.0, 0.03757285326719284, 0.03938349708914757], "(1, 3, 1, 2)": [0.0, 0.0, 0.0, 0.0, 0.03343399241566658], "(1, 3, 2, 3)": [0.042344558984041214, 0.0, 0.0, 0.0, 0.0]}}