{"q_values": {"(2, 5, 2, 2)": [0.0, 0.08650669455528259, 0.0, 0.029194535687565804, 0.0880812257528305], "(2, 6, 2, 2)": [0.0, 0.05540883541107178, 0.08309126645326614, 0.056181252002716064, 0.02696870267391205], "(2, 7, 2, 2)": [-0.06545954197645187, 0.050702936947345734, 0.0, 0.0, 0.02657807618379593], "(2, 3, 2, 2)": [0.0, 0.0, 0.0, 0.0, 0.0]}}