{"q_values": {"(2, 5, 2, 2)": [56.476707458496094, 57.04222106933594, 56.50554656982422, 55.776187896728516, 54.13074493408203], "(2, 6, 2, 2)": [53.00703811645508, 53.56747817993164, 53.437137603759766, 53.218292236328125, 52.08243942260742], "(2, 7, 2, 2)": [50.8529052734375, 51.01145935058594, 50.731605529785156, 50.701576232910156, 50.403663635253906], "(2, 3, 2, 2)": [50.86327362060547, 53.73871612548828, 54.20017623901367, 54.30335235595703, 53.25334930419922], "(2, 1, 2, 2)": [48.44851303100586, 49.096561431884766, 49.755680084228516, 47.83298873901367, 49.37535858154297], "(2, 2, 2, 2)": [49.86904525756836, 50.83241653442383, 51.09382247924805, 51.43785858154297, 50.99296951293945], "(2, 1, 2, 1)": [15.324023246765137, 11.557865142822266, 20.341896057128906, 16.794570922851562, 25.02163314819336], "(2, 6, 2, 3)": [20.378307342529297, 19.355058670043945, 5.827887058258057, 3.8724327087402344, 5.855980396270752], "(2, 7, 2, 3)": [24.85526466369629, 26.098188400268555, 19.191478729248047, 11.939764022827148, 13.21603012084961], "(2, 4, 2, 2)": [57.81770706176758, 57.83491134643555, 57.63486862182617, 56.586753845214844, 56.55329132080078], "(2, 5, 2, 3)": [19.262842178344727, 20.2662410736084, 13.227851867675781, 1.506933331489563, 1.8887232542037964], "(2, 2, 2, 1)": [3.557631254196167, 5.395013809204102, 10.197635650634766, 17.357545852661133, 20.533283233642578], "(2, 3, 2, 3)": [1.828330636024475, 4.461637496948242, 2.5847394466400146, 0.15281976759433746, 0.45665615797042847], "(2, 4, 2, 3)": [4.926277160644531, 11.26318073272705, 10.483092308044434, 1.1237741708755493, 0.9394125938415527], "(2, 3, 2, 1)": [3.1232810020446777, 3.207793712615967, 4.605989456176758, 16.21240997314453, 14.117990493774414], "(2, 5, 2, 1)": [0.12848985195159912, 0.15930557250976562, 5.542862892150879, 2.0279619693756104, 4.210954189300537], "(2, 4, 2, 1)": [1.0338236093521118, 0.5512057542800903, 6.283062934875488, 7.500243186950684, 11.95150089263916], "(2, 7, 3, 3)": [0.0, -0.017459800466895103, 0.32326826453208923, 0.25593146681785583, 1.3346171379089355], "(2, 6, 2, 1)": [0.0, 0.0, 1.1621315479278564, 0.0, 0.6645422577857971], "(3, 4, 2, 2)": [0.3129081726074219, 0.23620742559432983, 0.39018553495407104, 1.8457934856414795, 0.2525765001773834], "(3, 3, 2, 2)": [0.180356964468956, 0.288705974817276, 0.1452658772468567, 0.21137647330760956, 0.3994162380695343], "(2, 3, 3, 2)": [0.0, 0.19293510913848877, 0.0, 0.0, 0.0], "(3, 6, 2, 2)": [0.8102220892906189, 0.6677052974700928, 0.7499526143074036, 1.9382624626159668, 0.5906215310096741], "(3, 7, 2, 2)": [1.6736407279968262, 0.20425093173980713, 0.37095609307289124, 4.397801399230957, 0.7896761894226074], "(3, 5, 2, 2)": [0.34367379546165466, 0.4307965040206909, 0.604617714881897, 0.41421186923980713, 0.7367292046546936], "(3, 1, 2, 2)": [0.19656604528427124, 0.08137696981430054, 0.5861539840698242, 1.3196731805801392, 0.16873420774936676], "(3, 2, 2, 1)": [0.0, 0.0, 0.0, 0.0, 0.028150497004389763], "(3, 2, 2, 2)": [0.055464841425418854, 0.08614565432071686, 0.05661136284470558, 0.057113371789455414, 0.02768363244831562], "(2, 2, 2, 3)": [0.0, 0.0, 0.2764935791492462, 0.0, 0.0], "(1, 5, 2, 2)": [0.5805695652961731, 0.47476738691329956, 0.37332525849342346, 0.53435218334198, 0.41175204515457153], "(1, 6, 2, 2)": [0.2331160306930542, 0.26472654938697815, 0.2859281003475189, 0.45136773586273193, 0.4636182188987732], "(1, 7, 2, 2)": [2.4957048892974854, 0.3096384108066559, 4.490654945373535, 1.5375932455062866, 0.6632966995239258], "(2, 4, 1, 1)": [0.02954661101102829, 0.0, 0.0, 0.268595427274704, 0.0], "(2, 3, 1, 1)": [0.0, 0.0, 0.028940534219145775, 0.0, 0.0], "(2, 2, 1, 1)": [0.0, 0.06225632131099701, 0.0, 0.0, 1.2618294954299927], "(2, 1, 1, 1)": [1.352020263671875, 0.0, 0.0, 0.18440602719783783, 0.4353715777397156], "(2, 5, 3, 3)": [0.5239105820655823, 0.0, 0.0, 0.057032763957977295, 0.0], "(2, 6, 3, 3)": [0.0, 0.5171017050743103, 0.0, 0.05496431514620781, 0.025658832862973213], "(1, 4, 2, 2)": [0.30814671516418457, 0.3599003553390503, 0.3271563649177551, 0.41227665543556213, 0.3048650622367859], "(1, 3, 2, 2)": [0.42226067185401917, 0.12381447106599808, 0.472431480884552, 0.25930237770080566, 0.40383875370025635], "(1, 7, 2, 3)": [0.17736069858074188, 1.1082266569137573, 0.025410693138837814, 0.0, 1.561946153640747], "(1, 1, 2, 2)": [4.5865912437438965, 2.6889243125915527, 2.8730080127716064, 0.43239372968673706, 0.631181538105011], "(3, 5, 2, 3)": [0.0, 0.0, 0.0, 0.057656772434711456, 0.0], "(3, 6, 2, 3)": [0.0, 0.0, 0.0, 0.05486352741718292, 0.02617158181965351], "(3, 7, 3, 3)": [0.0, 0.0, 0.6865803599357605, 0.0, 0.0], "(1, 2, 2, 2)": [0.27115967869758606, 0.5550563335418701, 0.27615657448768616, 0.190443754196167, 0.09925786405801773], "(1, 2, 2, 1)": [0.0, 0.0, 0.0, 0.026756035163998604, 0.0], "(1, 1, 2, 1)": [1.1036980152130127, 0.8583201169967651, 0.0, 0.711438775062561, 0.0], "(2, 3, 1, 2)": [0.0, 0.0, 0.0, 0.0, 0.9865462779998779], "(1, 4, 2, 3)": [0.034880053251981735, 0.03244931250810623, 0.0, 0.0, 0.0], "(1, 5, 2, 3)": [0.0, 0.0, 0.0, 0.0, 0.04941471293568611], "(2, 4, 3, 3)": [0.0, 1.1180140972137451, 0.0, 0.029569920152425766, 0.0], "(2, 5, 1, 2)": [0.0, 0.0, 0.0, 0.0, 1.2393845319747925], "(3, 7, 2, 3)": [0.0, 0.07367099076509476, 0.0, 1.0034096240997314, 0.0], "(1, 6, 2, 3)": [0.0, 0.0, 0.060267023742198944, 0.0, 0.059735529124736786], "(3, 4, 2, 1)": [0.0, 0.0, 0.0, 0.03757285326719284, 0.0], "(1, 3, 1, 2)": [0.0, 0.0, 0.0, 0.0, 0.03343399241566658], "(1, 3, 2, 3)": [0.042344558984041214, 0.0, 0.0, 0.0, 0.0]}}