{"q_values": {"(2, 5, 2, 2)": [41.46726608276367, 41.37480545043945, 42.17265319824219, 41.763153076171875, 41.09968185424805], "(2, 6, 2, 2)": [41.024169921875, 41.41841506958008, 41.06368637084961, 41.110511779785156, 40.93846893310547], "(2, 7, 2, 2)": [39.36031723022461, 38.84835433959961, 38.90573501586914, 38.688499450683594, 38.366661071777344], "(2, 3, 2, 2)": [41.43167495727539, 41.936004638671875, 42.01932144165039, 42.33316421508789, 41.75859451293945], "(2, 1, 2, 2)": [36.905582427978516, 37.438541412353516, 37.43638229370117, 37.380802154541016, 37.67127227783203], "(2, 2, 2, 2)": [38.10686492919922, 39.357154846191406, 39.7757568359375, 39.698585510253906, 39.91142654418945], "(2, 1, 2, 1)": [6.286564350128174, 8.780396461486816, 12.606194496154785, 11.0189790725708, 17.181699752807617], "(2, 6, 2, 3)": [9.613205909729004, 11.211421012878418, 4.093928337097168, 1.6562564373016357, 1.4483071565628052], "(2, 7, 2, 3)": [12.800312042236328, 14.173908233642578, 10.6373929977417, 5.743847370147705, 6.994154930114746], "(2, 4, 2, 2)": [42.88423156738281, 43.83563995361328, 43.58583450317383, 42.372432708740234, 43.398155212402344], "(2, 5, 2, 3)": [9.702077865600586, 12.14008617401123, 5.734905242919922, 1.1233961582183838, 1.215002179145813], "(2, 2, 2, 1)": [1.9234468936920166, 3.2731738090515137, 6.192190647125244, 11.507868766784668, 14.804272651672363], "(2, 3, 2, 3)": [1.828330636024475, 3.1652169227600098, 1.1665143966674805, 0.15281976759433746, 0.09152042120695114], "(2, 4, 2, 3)": [3.736530065536499, 10.27037239074707, 2.5229711532592773, 0.377860426902771, 0.1988963484764099], "(2, 3, 2, 1)": [1.7761832475662231, 1.0392749309539795, 2.17732310295105, 9.693357467651367, 8.432947158813477], "(2, 5, 2, 1)": [0.12848985195159912, 0.09886764734983444, 4.0323486328125, 2.0279619693756104, 2.5935890674591064], "(2, 4, 2, 1)": [0.6674613952636719, 0.44703805446624756, 3.5771420001983643, 6.285068511962891, 10.881383895874023], "(2, 7, 3, 3)": [0.0, -0.017459800466895103, 0.32326826453208923, 0.25593146681785583, 0.0], "(2, 6, 2, 1)": [0.0, 0.0, 1.1621315479278564, 0.0, 0.6645422577857971], "(3, 4, 2, 2)": [0.2916596233844757, 0.23620742559432983, 0.39018553495407104, 0.25596165657043457, 0.2525765001773834], "(3, 3, 2, 2)": [0.180356964468956, 0.288705974817276, 0.1452658772468567, 0.21137647330760956, 0.3994162380695343], "(2, 3, 3, 2)": [0.0, 0.19293510913848877, 0.0, 0.0, 0.0], "(3, 6, 2, 2)": [0.382532000541687, 0.5009181499481201, 0.5780453085899353, 0.5278960466384888, 0.5906215310096741], "(3, 7, 2, 2)": [1.6736407279968262, 0.20425093173980713, 0.30372658371925354, 3.230069875717163, 0.7762986421585083], "(3, 5, 2, 2)": [0.2451356202363968, 0.26416563987731934, 0.3095850944519043, 0.3122362792491913, 0.42868682742118835], "(3, 1, 2, 2)": [0.19656604528427124, 0.08137696981430054, 0.5861539840698242, 1.3196731805801392, 0.16873420774936676], "(3, 2, 2, 1)": [0.0, 0.0, 0.0, 0.0, 0.028150497004389763], "(3, 2, 2, 2)": [0.055464841425418854, 0.08614565432071686, 0.05661136284470558, 0.057113371789455414, 0.02768363244831562], "(2, 2, 2, 3)": [0.0, 0.0, 0.2764935791492462, 0.0, 0.0], "(1, 5, 2, 2)": [0.20737120509147644, 0.08796769380569458, 0.06454159319400787, 0.09052201360464096, 0.1909528523683548], "(1, 6, 2, 2)": [0.17071416974067688, 0.20350947976112366, 0.16816121339797974, 0.21580281853675842, 0.27176427841186523], "(1, 7, 2, 2)": [0.17734599113464355, 0.10620034486055374, 1.7796334028244019, 0.0609830766916275, 0.2008260190486908], "(2, 4, 1, 1)": [0.02954661101102829, 0.0, 0.0, 0.268595427274704, 0.0], "(2, 3, 1, 1)": [0.0, 0.0, 0.028940534219145775, 0.0, 0.0], "(2, 2, 1, 1)": [0.0, 0.031195448711514473, 0.0, 0.0, 1.2618294954299927], "(2, 1, 1, 1)": [1.352020263671875, 0.0, 0.0, 0.18440602719783783, 0.0], "(2, 5, 3, 3)": [0.0, 0.0, 0.0, 0.057032763957977295, 0.0], "(2, 6, 3, 3)": [0.0, 0.5171017050743103, 0.0, 0.05496431514620781, 0.025658832862973213], "(1, 4, 2, 2)": [0.20649418234825134, 0.20802605152130127, 0.209051713347435, 0.24082963168621063, 0.1742764115333557], "(1, 3, 2, 2)": [0.1491018682718277, 0.031444206833839417, 0.17749208211898804, 0.13416463136672974, 0.2808327078819275], "(1, 7, 2, 3)": [0.0, 0.0, 0.025410693138837814, 0.0, 1.5364413261413574], "(1, 1, 2, 2)": [1.2895573377609253, 1.1074044704437256, 0.026808669790625572, 0.0, 0.0], "(3, 5, 2, 3)": [0.0, 0.0, 0.0, 0.057656772434711456, 0.0], "(3, 6, 2, 3)": [0.0, 0.0, 0.0, 0.05486352741718292, 0.02617158181965351], "(3, 7, 3, 3)": [0.0, 0.0, 0.6865803599357605, 0.0, 0.0], "(1, 2, 2, 2)": [0.11394944787025452, 0.13000492751598358, 0.09684646129608154, 0.0, 0.06496505439281464], "(1, 2, 2, 1)": [0.0, 0.0, 0.0, 0.026756035163998604, 0.0], "(1, 1, 2, 1)": [1.1036980152130127, 0.8583201169967651, 0.0, 0.711438775062561, 0.0], "(2, 3, 1, 2)": [0.0, 0.0, 0.0, 0.0, 0.9865462779998779], "(1, 4, 2, 3)": [0.034880053251981735, 0.03244931250810623, 0.0, 0.0, 0.0], "(1, 5, 2, 3)": [0.0, 0.0, 0.0, 0.0, 0.04941471293568611], "(2, 4, 3, 3)": [0.0, 1.1180140972137451, 0.0, 0.0, 0.0], "(2, 5, 1, 2)": [0.0, 0.0, 0.0, 0.0, 1.2393845319747925], "(3, 7, 2, 3)": [0.0, 0.07367099076509476, 0.0, 1.0034096240997314, 0.0]}}