{"q_values": {"(2, 5, 2, 2)": [45.24161148071289, 46.968299865722656, 47.16188430786133, 47.03193283081055, 46.676170349121094], "(2, 6, 2, 2)": [44.79125213623047, 44.64617919921875, 44.384944915771484, 43.989112854003906, 43.53974533081055], "(2, 7, 2, 2)": [42.06867218017578, 41.54249572753906, 41.698699951171875, 41.630393981933594, 40.61918258666992], "(2, 3, 2, 2)": [43.50535202026367, 44.45702362060547, 45.539573669433594, 45.691715240478516, 45.559913635253906], "(2, 1, 2, 2)": [40.20699691772461, 40.7110481262207, 41.177486419677734, 40.67044448852539, 40.8441047668457], "(2, 2, 2, 2)": [41.58109664916992, 42.903560638427734, 43.11240005493164, 43.481834411621094, 43.389156341552734], "(2, 1, 2, 1)": [10.420536041259766, 9.647507667541504, 15.30899429321289, 11.970052719116211, 19.092422485351562], "(2, 6, 2, 3)": [12.531357765197754, 15.628005027770996, 4.093928337097168, 1.9500492811203003, 1.7758092880249023], "(2, 7, 2, 3)": [13.67652416229248, 17.240291595458984, 13.203091621398926, 8.23641300201416, 8.006281852722168], "(2, 4, 2, 2)": [46.577945709228516, 46.923370361328125, 47.315940856933594, 47.01658248901367, 47.02086639404297], "(2, 5, 2, 3)": [10.752296447753906, 13.101085662841797, 7.131339073181152, 1.4805054664611816, 1.3801649808883667], "(2, 2, 2, 1)": [1.8934950828552246, 3.773671865463257, 6.869316577911377, 13.414130210876465, 17.8893985748291], "(2, 3, 2, 3)": [1.828330636024475, 4.461637496948242, 1.1665143966674805, 0.15281976759433746, 0.09152042120695114], "(2, 4, 2, 3)": [4.926277160644531, 11.26318073272705, 2.5229711532592773, 0.377860426902771, 0.1988963484764099], "(2, 3, 2, 1)": [2.7277719974517822, 2.3972291946411133, 4.622981071472168, 12.858091354370117, 8.432947158813477], "(2, 5, 2, 1)": [0.12848985195159912, 0.09886764734983444, 5.346834659576416, 2.0279619693756104, 2.5935890674591064], "(2, 4, 2, 1)": [1.003871202468872, 0.44703805446624756, 4.824270248413086, 7.500243186950684, 10.881383895874023], "(2, 7, 3, 3)": [0.0, -0.017459800466895103, 0.32326826453208923, 0.25593146681785583, 0.0], "(2, 6, 2, 1)": [0.0, 0.0, 1.1621315479278564, 0.0, 0.6645422577857971], "(3, 4, 2, 2)": [0.2916596233844757, 0.23620742559432983, 0.39018553495407104, 0.25596165657043457, 0.2525765001773834], "(3, 3, 2, 2)": [0.180356964468956, 0.288705974817276, 0.1452658772468567, 0.21137647330760956, 0.3994162380695343], "(2, 3, 3, 2)": [0.0, 0.19293510913848877, 0.0, 0.0, 0.0], "(3, 6, 2, 2)": [0.44815948605537415, 0.531852662563324, 0.6848968267440796, 1.900155782699585, 0.5906215310096741], "(3, 7, 2, 2)": [1.6736407279968262, 0.20425093173980713, 0.30372658371925354, 3.230069875717163, 0.7762986421585083], "(3, 5, 2, 2)": [0.2451356202363968, 0.26416563987731934, 0.3095850944519043, 0.3122362792491913, 0.42868682742118835], "(3, 1, 2, 2)": [0.19656604528427124, 0.08137696981430054, 0.5861539840698242, 1.3196731805801392, 0.16873420774936676], "(3, 2, 2, 1)": [0.0, 0.0, 0.0, 0.0, 0.028150497004389763], "(3, 2, 2, 2)": [0.055464841425418854, 0.08614565432071686, 0.05661136284470558, 0.057113371789455414, 0.02768363244831562], "(2, 2, 2, 3)": [0.0, 0.0, 0.2764935791492462, 0.0, 0.0], "(1, 5, 2, 2)": [0.4587688148021698, 0.3794936537742615, 0.3409096896648407, 0.3853389024734497, 0.3175705671310425], "(1, 6, 2, 2)": [0.2331160306930542, 0.26472654938697815, 0.2576844394207001, 0.2972657084465027, 0.37995728850364685], "(1, 7, 2, 2)": [1.3243062496185303, 0.13521723449230194, 1.806180715560913, 0.08840901404619217, 0.22683410346508026], "(2, 4, 1, 1)": [0.02954661101102829, 0.0, 0.0, 0.268595427274704, 0.0], "(2, 3, 1, 1)": [0.0, 0.0, 0.028940534219145775, 0.0, 0.0], "(2, 2, 1, 1)": [0.0, 0.06225632131099701, 0.0, 0.0, 1.2618294954299927], "(2, 1, 1, 1)": [1.352020263671875, 0.0, 0.0, 0.18440602719783783, 0.4353715777397156], "(2, 5, 3, 3)": [0.0, 0.0, 0.0, 0.057032763957977295, 0.0], "(2, 6, 3, 3)": [0.0, 0.5171017050743103, 0.0, 0.05496431514620781, 0.025658832862973213], "(1, 4, 2, 2)": [0.20649418234825134, 0.23788738250732422, 0.2681101858615875, 0.2708132565021515, 0.23620229959487915], "(1, 3, 2, 2)": [0.1491018682718277, 0.06146012246608734, 0.17749208211898804, 0.13416463136672974, 0.2808327078819275], "(1, 7, 2, 3)": [0.0, 1.1082266569137573, 0.025410693138837814, 0.0, 1.561946153640747], "(1, 1, 2, 2)": [2.429502010345459, 1.1074044704437256, 1.3744910955429077, 0.10011590272188187, 0.0], "(3, 5, 2, 3)": [0.0, 0.0, 0.0, 0.057656772434711456, 0.0], "(3, 6, 2, 3)": [0.0, 0.0, 0.0, 0.05486352741718292, 0.02617158181965351], "(3, 7, 3, 3)": [0.0, 0.0, 0.6865803599357605, 0.0, 0.0], "(1, 2, 2, 2)": [0.1948486566543579, 0.1855286806821823, 0.09684646129608154, 0.030253184959292412, 0.06496505439281464], "(1, 2, 2, 1)": [0.0, 0.0, 0.0, 0.026756035163998604, 0.0], "(1, 1, 2, 1)": [1.1036980152130127, 0.8583201169967651, 0.0, 0.711438775062561, 0.0], "(2, 3, 1, 2)": [0.0, 0.0, 0.0, 0.0, 0.9865462779998779], "(1, 4, 2, 3)": [0.034880053251981735, 0.03244931250810623, 0.0, 0.0, 0.0], "(1, 5, 2, 3)": [0.0, 0.0, 0.0, 0.0, 0.04941471293568611], "(2, 4, 3, 3)": [0.0, 1.1180140972137451, 0.0, 0.0, 0.0], "(2, 5, 1, 2)": [0.0, 0.0, 0.0, 0.0, 1.2393845319747925], "(3, 7, 2, 3)": [0.0, 0.07367099076509476, 0.0, 1.0034096240997314, 0.0]}}