{"q_values": {"(2, 5, 2, 2)": [81.29814147949219, 81.59681701660156, 81.79705810546875, 81.42585754394531, 80.51136016845703], "(2, 6, 2, 2)": [79.0516357421875, 80.3359375, 79.52103424072266, 79.45223999023438, 77.7653579711914], "(2, 7, 2, 2)": [77.55421447753906, 77.89280700683594, 77.36247253417969, 77.51024627685547, 77.17488098144531], "(2, 3, 2, 2)": [74.63704681396484, 78.84716033935547, 79.1217269897461, 79.02033996582031, 76.77777099609375], "(2, 1, 2, 2)": [75.9135971069336, 75.83716583251953, 76.3021469116211, 76.59600830078125, 76.62786865234375], "(2, 2, 2, 2)": [77.588134765625, 78.04598999023438, 77.89433288574219, 78.25250244140625, 78.39454650878906], "(2, 1, 2, 1)": [37.16111755371094, 32.6112060546875, 32.00595474243164, 40.50107955932617, 55.01078414916992], "(2, 6, 2, 3)": [46.594547271728516, 34.80754470825195, 21.64501190185547, 10.892873764038086, 12.913045883178711], "(2, 7, 2, 3)": [44.836238861083984, 52.615257263183594, 38.30658721923828, 30.645841598510742, 32.70220947265625], "(2, 4, 2, 2)": [77.86233520507812, 78.90328979492188, 80.60215759277344, 80.53092956542969, 78.05510711669922], "(2, 5, 2, 3)": [40.769466400146484, 30.85926055908203, 26.858793258666992, 4.663419246673584, 9.631789207458496], "(2, 2, 2, 1)": [14.870973587036133, 14.600299835205078, 23.212045669555664, 34.6037483215332, 52.213897705078125], "(2, 3, 2, 3)": [10.731454849243164, 15.450809478759766, 11.770116806030273, 1.2107398509979248, 1.5118885040283203], "(2, 4, 2, 3)": [17.50751304626465, 37.97592544555664, 13.738314628601074, 5.348687648773193, 3.9451775550842285], "(2, 3, 2, 1)": [7.589117527008057, 7.5285820960998535, 13.408958435058594, 41.34914016723633, 32.60945510864258], "(2, 5, 2, 1)": [0.22798512876033783, 1.0243566036224365, 11.33028793334961, 7.488872051239014, 9.651443481445312], "(2, 4, 2, 1)": [5.015893459320068, 2.6518781185150146, 12.725971221923828, 17.412294387817383, 27.745094299316406], "(2, 7, 3, 3)": [0.0, -0.017459800466895103, 1.9327749013900757, 0.25593146681785583, 1.3346171379089355], "(2, 6, 2, 1)": [0.04893524944782257, 0.034966807812452316, 1.1621315479278564, 2.136251926422119, 3.0265934467315674], "(3, 4, 2, 2)": [0.9374969005584717, 0.8151055574417114, 1.0874295234680176, 1.9334750175476074, 1.0894858837127686], "(3, 3, 2, 2)": [0.5383809208869934, 0.7497633695602417, 0.6661877036094666, 0.5121415257453918, 0.9251329302787781], "(2, 3, 3, 2)": [0.0, 0.19293510913848877, 0.0, 0.0, 0.0], "(3, 6, 2, 2)": [1.519099235534668, 1.413642406463623, 1.1975102424621582, 2.2608323097229004, 1.7357499599456787], "(3, 7, 2, 2)": [4.953282356262207, 4.119801044464111, 6.296366214752197, 15.552938461303711, 6.053769111633301], "(3, 5, 2, 2)": [1.103891372680664, 0.9379174113273621, 1.2252485752105713, 0.9755403995513916, 1.3936656713485718], "(3, 1, 2, 2)": [5.871140480041504, 1.7538206577301025, 3.855776309967041, 3.064650535583496, 0.6934574246406555], "(3, 2, 2, 1)": [0.0, 0.02830933965742588, 0.0, 0.026698235422372818, 0.06356549263000488], "(3, 2, 2, 2)": [0.40382808446884155, 0.34571051597595215, 0.22087380290031433, 0.21339987218379974, 0.02768363244831562], "(2, 2, 2, 3)": [0.0, 2.028308629989624, 0.2764935791492462, 0.04314063489437103, 0.0], "(1, 5, 2, 2)": [1.033304214477539, 1.003413200378418, 2.2592127323150635, 0.8710726499557495, 0.8086994886398315], "(1, 6, 2, 2)": [0.620328962802887, 0.9823825359344482, 0.6090853810310364, 0.8147332668304443, 1.138840913772583], "(1, 7, 2, 2)": [8.10958480834961, 1.0220599174499512, 4.478170871734619, 5.267905235290527, 2.616633892059326], "(2, 4, 1, 1)": [0.02954661101102829, 0.0, 0.0, 2.5054593086242676, 0.0], "(2, 3, 1, 1)": [0.0, 0.0, 0.028940534219145775, 0.0, 0.0], "(2, 2, 1, 1)": [0.0, 0.14971555769443512, 0.0, 0.0, 4.7995171546936035], "(2, 1, 1, 1)": [1.352020263671875, 0.0, 0.0, 1.8952572345733643, 0.4353715777397156], "(2, 5, 3, 3)": [0.5239105820655823, 0.6402232050895691, 0.04391792416572571, 0.057032763957977295, 0.030955173075199127], "(2, 6, 3, 3)": [1.052781581878662, 0.5171017050743103, 0.5932179689407349, 0.05496431514620781, 0.025658832862973213], "(1, 4, 2, 2)": [0.6781964302062988, 0.6263545751571655, 0.559473991394043, 1.0568535327911377, 0.5895790457725525], "(1, 3, 2, 2)": [0.7949830889701843, 0.5421462655067444, 0.6942037343978882, 0.6516901254653931, 2.8637285232543945], "(1, 7, 2, 3)": [0.17736069858074188, 1.1082266569137573, 3.6843137741088867, 0.9382411241531372, 1.561946153640747], "(1, 1, 2, 2)": [10.58923625946045, 8.834817886352539, 5.275064468383789, 9.644449234008789, 4.125688552856445], "(3, 5, 2, 3)": [0.0, 0.0, 0.0, 0.057656772434711456, 0.0], "(3, 6, 2, 3)": [0.0, 0.026901908218860626, 0.0, 0.05486352741718292, 0.05498644709587097], "(3, 7, 3, 3)": [0.0, 0.0, 0.6865803599357605, 0.0, 0.0], "(1, 2, 2, 2)": [1.325186848640442, 0.8389716148376465, 0.8286678194999695, 0.925511360168457, 0.4427913427352905], "(1, 2, 2, 1)": [0.0, 0.0, 0.0, 0.026756035163998604, 0.0], "(1, 1, 2, 1)": [3.2564525604248047, 0.8583201169967651, 0.047217514365911484, 0.711438775062561, 0.0], "(2, 3, 1, 2)": [0.0, 0.0, 0.0, 0.0, 0.9865462779998779], "(1, 4, 2, 3)": [0.034880053251981735, 0.03244931250810623, 0.0, 0.0, 0.0], "(1, 5, 2, 3)": [0.0, 0.0, 0.0, 0.0, 0.07831893116235733], "(2, 4, 3, 3)": [2.3408188819885254, 3.1511049270629883, 0.8091824650764465, 0.029569920152425766, 0.0], "(2, 5, 1, 2)": [0.0, 0.0, 0.0, 0.0, 1.2393845319747925], "(3, 7, 2, 3)": [0.0, 0.5054979920387268, 0.0, 1.0034096240997314, 0.0], "(1, 6, 2, 3)": [0.0, 0.05424511060118675, 0.060267023742198944, 0.0, 0.08543610572814941], "(3, 4, 2, 1)": [0.0, 0.0, 0.0, 0.03757285326719284, 0.03938349708914757], "(1, 3, 1, 2)": [0.0, 0.0, 0.0, 0.0, 0.03343399241566658], "(1, 3, 2, 3)": [0.042344558984041214, 0.0, 0.0, 0.0, 0.0], "(2, 3, 3, 3)": [0.0, 0.0, 0.0, 0.02997138351202011, 0.029751203954219818], "(3, 1, 2, 1)": [0.02485128864645958, 3.9564576148986816, 0.0, 0.034045055508613586, 0.0], "(2, 5, 1, 1)": [0.029713382944464684, 0.0, 0.0, 0.0, 2.2680628299713135]}}