{"q_values": {"(2, 5, 2, 2)": [24.445098876953125, 24.39347267150879, 24.38946533203125, 24.313154220581055, 23.381410598754883], "(2, 6, 2, 2)": [22.196380615234375, 22.23794937133789, 22.539339065551758, 22.10926628112793, 21.4040470123291], "(2, 7, 2, 2)": [19.918270111083984, 19.969139099121094, 19.75191307067871, 20.392868041992188, 19.868682861328125], "(2, 3, 2, 2)": [23.659931182861328, 24.13420295715332, 24.56106948852539, 24.399032592773438, 24.410320281982422], "(2, 1, 2, 2)": [19.7608585357666, 19.607263565063477, 20.181589126586914, 20.261816024780273, 20.042814254760742], "(2, 2, 2, 2)": [21.18541717529297, 21.733856201171875, 21.82161521911621, 22.23228645324707, 22.040935516357422], "(2, 1, 2, 1)": [1.3616533279418945, 2.0338687896728516, 3.528824806213379, 4.273272514343262, 6.631277084350586], "(2, 6, 2, 3)": [3.777404308319092, 3.8686704635620117, 1.508385419845581, 0.381711483001709, 0.4320201873779297], "(2, 7, 2, 3)": [3.0263071060180664, 4.51630163192749, 4.443755626678467, 0.5266658067703247, 1.0173779726028442], "(2, 4, 2, 2)": [25.67027473449707, 25.267080307006836, 25.786298751831055, 25.691661834716797, 24.273197174072266], "(2, 5, 2, 3)": [4.094976425170898, 5.4511003494262695, 0.9738227725028992, 0.15020744502544403, 0.4043024778366089], "(2, 2, 2, 1)": [0.7231788039207458, 0.8505898118019104, 1.6385111808776855, 3.1458492279052734, 5.134531021118164], "(2, 3, 2, 3)": [0.0, 0.0, 0.03213246911764145, 0.12048722803592682, 0.06344309449195862], "(2, 4, 2, 3)": [1.7867711782455444, 3.492588758468628, 0.1846211850643158, 0.09452736377716064, 0.1988963484764099], "(2, 3, 2, 1)": [0.3959842324256897, 0.3922405540943146, 0.9789066314697266, 2.568397283554077, 3.052600145339966], "(2, 5, 2, 1)": [0.0, 0.0, 0.5848263502120972, 0.7842639088630676, 0.3694083094596863], "(2, 4, 2, 1)": [0.08992915600538254, 0.18340279161930084, 0.7710497975349426, 1.466747522354126, 1.4475162029266357], "(2, 7, 3, 3)": [0.0, -0.017459800466895103, 0.0, 0.25593146681785583, 0.0], "(2, 6, 2, 1)": [0.0, 0.0, 0.11164463311433792, 0.0, 0.6645422577857971], "(3, 4, 2, 2)": [0.2617693543434143, 0.20621895790100098, 0.27945250272750854, 0.1250729262828827, 0.06342905014753342], "(3, 3, 2, 2)": [0.11674389243125916, 0.11563993245363235, 0.0, 0.059536080807447433, 0.25653964281082153], "(2, 3, 3, 2)": [0.0, 0.19293510913848877, 0.0, 0.0, 0.0], "(3, 6, 2, 2)": [0.1405395269393921, 0.2247428148984909, 0.2009386420249939, 0.171500101685524, 0.20574836432933807], "(3, 7, 2, 2)": [0.3995790183544159, 0.1655271351337433, 0.26595067977905273, 0.08667010068893433, 0.6489097476005554], "(3, 5, 2, 2)": [0.029634667560458183, 0.09030809253454208, 0.09190092980861664, 0.11734335869550705, 0.08898574858903885], "(3, 1, 2, 2)": [0.17115062475204468, 0.05310659110546112, 0.5731905102729797, 0.20310330390930176, 0.10976877063512802], "(3, 2, 2, 1)": [0.0, 0.0, 0.0, 0.0, 0.028150497004389763], "(3, 2, 2, 2)": [0.055464841425418854, 0.05758024752140045, 0.0, 0.027536233887076378, 0.02768363244831562], "(2, 2, 2, 3)": [0.0, 0.0, 0.2764935791492462, 0.0, 0.0], "(1, 5, 2, 2)": [0.11919607222080231, 0.08796769380569458, 0.03180288150906563, 0.09052201360464096, 0.16628101468086243], "(1, 6, 2, 2)": [0.10982371866703033, 0.05689070373773575, 0.08641033619642258, 0.18836882710456848, 0.10865214467048645], "(1, 7, 2, 2)": [0.17734599113464355, 0.025208737701177597, 0.8072838187217712, 0.03060956858098507, 0.15923230350017548], "(2, 4, 1, 1)": [0.02954661101102829, 0.0, 0.0, 0.0, 0.0], "(2, 3, 1, 1)": [0.0, 0.0, 0.028940534219145775, 0.0, 0.0], "(2, 2, 1, 1)": [0.0, 0.031195448711514473, 0.0, 0.0, 0.29758474230766296], "(2, 1, 1, 1)": [0.18288934230804443, 0.0, 0.0, 0.18440602719783783, 0.0], "(2, 5, 3, 3)": [0.0, 0.0, 0.0, 0.057032763957977295, 0.0], "(2, 6, 3, 3)": [0.0, 0.5171017050743103, 0.0, 0.05496431514620781, 0.025658832862973213], "(1, 4, 2, 2)": [0.1501171588897705, 0.14705361425876617, 0.14732274413108826, 0.17970740795135498, 0.09156204015016556], "(1, 3, 2, 2)": [0.02983184903860092, 0.0, 0.02978004328906536, 0.0, 0.11950220167636871], "(1, 7, 2, 3)": [0.0, 0.0, 0.025410693138837814, 0.0, 0.5016306042671204]}}