{"q_values": {"(2, 5, 2, 2)": [30.712018966674805, 31.076128005981445, 30.501222610473633, 30.970674514770508, 29.68651008605957], "(2, 6, 2, 2)": [28.786117553710938, 29.324466705322266, 29.05680274963379, 28.715377807617188, 28.767969131469727], "(2, 7, 2, 2)": [28.259187698364258, 27.944778442382812, 28.048051834106445, 27.599075317382812, 27.574993133544922], "(2, 3, 2, 2)": [30.56995391845703, 30.503870010375977, 30.97905158996582, 31.305477142333984, 31.18732452392578], "(2, 1, 2, 2)": [26.870559692382812, 27.536344528198242, 27.5737361907959, 27.629730224609375, 27.91261863708496], "(2, 2, 2, 2)": [29.27117347717285, 29.665836334228516, 29.540590286254883, 29.61697769165039, 29.802316665649414], "(2, 1, 2, 1)": [3.703129768371582, 3.664936065673828, 6.7048659324646, 6.491386413574219, 11.558907508850098], "(2, 6, 2, 3)": [5.5264482498168945, 5.335143089294434, 2.6313564777374268, 0.5462360978126526, 0.7394477725028992], "(2, 7, 2, 3)": [6.309482097625732, 6.728771686553955, 6.021728992462158, 3.0440778732299805, 2.455451726913452], "(2, 4, 2, 2)": [31.527034759521484, 31.819467544555664, 32.0673713684082, 31.967283248901367, 31.274126052856445], "(2, 5, 2, 3)": [5.630326271057129, 7.853704452514648, 0.9978606700897217, 0.5340554714202881, 0.6744152307510376], "(2, 2, 2, 1)": [1.679870367050171, 1.4364497661590576, 1.7786781787872314, 5.172494888305664, 8.213321685791016], "(2, 3, 2, 3)": [0.7989088296890259, 0.9147301912307739, 0.03213246911764145, 0.12048722803592682, 0.06344309449195862], "(2, 4, 2, 3)": [2.651247262954712, 6.345236778259277, 0.1846211850643158, 0.2598196864128113, 0.1988963484764099], "(2, 3, 2, 1)": [1.0215973854064941, 0.3922405540943146, 1.1964420080184937, 4.839788913726807, 3.052600145339966], "(2, 5, 2, 1)": [0.12848985195159912, 0.09886764734983444, 1.4011160135269165, 0.7842639088630676, 1.3385491371154785], "(2, 4, 2, 1)": [0.08992915600538254, 0.2195519208908081, 0.8848425149917603, 3.2548718452453613, 3.156195640563965], "(2, 7, 3, 3)": [0.0, -0.017459800466895103, 0.0, 0.25593146681785583, 0.0], "(2, 6, 2, 1)": [0.0, 0.0, 0.11164463311433792, 0.0, 0.6645422577857971], "(3, 4, 2, 2)": [0.2617693543434143, 0.23620742559432983, 0.36351364850997925, 0.19047659635543823, 0.2525765001773834], "(3, 3, 2, 2)": [0.11674389243125916, 0.15132467448711395, 0.07170403003692627, 0.1257777065038681, 0.3335781991481781], "(2, 3, 3, 2)": [0.0, 0.19293510913848877, 0.0, 0.0, 0.0], "(3, 6, 2, 2)": [0.2531968951225281, 0.28110232949256897, 0.28681623935699463, 0.371204137802124, 0.4223771393299103], "(3, 7, 2, 2)": [0.5108663439750671, 0.1655271351337433, 0.26595067977905273, 2.204709768295288, 0.7529817223548889], "(3, 5, 2, 2)": [0.18180593848228455, 0.26416563987731934, 0.2467498928308487, 0.18823890388011932, 0.2883949875831604], "(3, 1, 2, 2)": [0.17115062475204468, 0.05310659110546112, 0.5731905102729797, 0.20310330390930176, 0.10976877063512802], "(3, 2, 2, 1)": [0.0, 0.0, 0.0, 0.0, 0.028150497004389763], "(3, 2, 2, 2)": [0.055464841425418854, 0.05758024752140045, 0.0, 0.027536233887076378, 0.02768363244831562], "(2, 2, 2, 3)": [0.0, 0.0, 0.2764935791492462, 0.0, 0.0], "(1, 5, 2, 2)": [0.11919607222080231, 0.08796769380569458, 0.03180288150906563, 0.09052201360464096, 0.16628101468086243], "(1, 6, 2, 2)": [0.10982371866703033, 0.05689070373773575, 0.08641033619642258, 0.18836882710456848, 0.10865214467048645], "(1, 7, 2, 2)": [0.17734599113464355, 0.025208737701177597, 0.8072838187217712, 0.03060956858098507, 0.15923230350017548], "(2, 4, 1, 1)": [0.02954661101102829, 0.0, 0.0, 0.0, 0.0], "(2, 3, 1, 1)": [0.0, 0.0, 0.028940534219145775, 0.0, 0.0], "(2, 2, 1, 1)": [0.0, 0.031195448711514473, 0.0, 0.0, 0.9949930906295776], "(2, 1, 1, 1)": [0.18288934230804443, 0.0, 0.0, 0.18440602719783783, 0.0], "(2, 5, 3, 3)": [0.0, 0.0, 0.0, 0.057032763957977295, 0.0], "(2, 6, 3, 3)": [0.0, 0.5171017050743103, 0.0, 0.05496431514620781, 0.025658832862973213], "(1, 4, 2, 2)": [0.17549604177474976, 0.1770504266023636, 0.17818379402160645, 0.2095973640680313, 0.09156204015016556], "(1, 3, 2, 2)": [0.12028460204601288, 0.031444206833839417, 0.08596983551979065, 0.030133627355098724, 0.1762637495994568], "(1, 7, 2, 3)": [0.0, 0.0, 0.025410693138837814, 0.0, 0.5016306042671204], "(1, 1, 2, 2)": [1.3023420572280884, 0.05214765667915344, 0.0, 0.0, 0.0], "(3, 5, 2, 3)": [0.0, 0.0, 0.0, 0.057656772434711456, 0.0], "(3, 6, 2, 3)": [0.0, 0.0, 0.0, 0.05486352741718292, 0.02617158181965351], "(3, 7, 3, 3)": [0.0, 0.0, 0.6865803599357605, 0.0, 0.0], "(1, 2, 2, 2)": [0.05634141340851784, 0.05500076711177826, 0.07171911746263504, 0.0, 0.0], "(1, 2, 2, 1)": [0.0, 0.0, 0.0, 0.026756035163998604, 0.0], "(1, 1, 2, 1)": [0.0, 0.0, 0.0, 0.711438775062561, 0.0]}}