{"q_values": {"(2, 5, 2, 2)": [60.937381744384766, 60.998199462890625, 60.81395721435547, 60.654510498046875, 57.89469909667969], "(2, 6, 2, 2)": [57.639137268066406, 57.159915924072266, 57.261775970458984, 56.11794662475586, 56.3213996887207], "(2, 7, 2, 2)": [54.99348068237305, 54.76909255981445, 54.764278411865234, 54.80950927734375, 53.92845153808594], "(2, 3, 2, 2)": [56.33433532714844, 56.98114776611328, 57.599117279052734, 57.902400970458984, 56.67965316772461], "(2, 1, 2, 2)": [53.48350143432617, 54.05757141113281, 53.63689041137695, 54.30032730102539, 53.69279479980469], "(2, 2, 2, 2)": [51.76947784423828, 54.88555908203125, 53.84861373901367, 55.396915435791016, 54.66577911376953], "(2, 1, 2, 1)": [21.240291595458984, 16.977800369262695, 21.244937896728516, 20.167314529418945, 30.967205047607422], "(2, 6, 2, 3)": [26.147418975830078, 21.48805809020996, 11.713996887207031, 4.465177536010742, 6.733945846557617], "(2, 7, 2, 3)": [28.645458221435547, 30.60824203491211, 22.102664947509766, 14.214385986328125, 15.179020881652832], "(2, 4, 2, 2)": [59.57707595825195, 59.98626708984375, 60.36933898925781, 60.06261444091797, 57.96674346923828], "(2, 5, 2, 3)": [20.472299575805664, 22.56399917602539, 15.405330657958984, 2.9710657596588135, 2.6056103706359863], "(2, 2, 2, 1)": [5.197686195373535, 7.8225178718566895, 12.713537216186523, 19.40365982055664, 25.89696502685547], "(2, 3, 2, 3)": [3.5272483825683594, 7.643865585327148, 4.351692199707031, 0.15281976759433746, 0.5512080192565918], "(2, 4, 2, 3)": [6.609396934509277, 13.706863403320312, 11.996737480163574, 1.2272058725357056, 1.1569987535476685], "(2, 3, 2, 1)": [3.1232810020446777, 3.6834986209869385, 6.050559043884277, 20.489742279052734, 15.424887657165527], "(2, 5, 2, 1)": [0.12848985195159912, 0.18790596723556519, 7.178708553314209, 3.7252793312072754, 4.210954189300537], "(2, 4, 2, 1)": [1.0783460140228271, 0.5512057542800903, 6.217859268188477, 10.459497451782227, 15.909626007080078], "(2, 7, 3, 3)": [0.0, -0.017459800466895103, 1.9327749013900757, 0.25593146681785583, 1.3346171379089355], "(2, 6, 2, 1)": [0.0, 0.0, 1.1621315479278564, 0.0, 0.6645422577857971], "(3, 4, 2, 2)": [0.3129081726074219, 0.23620742559432983, 0.39018553495407104, 1.8457934856414795, 0.2525765001773834], "(3, 3, 2, 2)": [0.180356964468956, 0.288705974817276, 0.1452658772468567, 0.21137647330760956, 0.3994162380695343], "(2, 3, 3, 2)": [0.0, 0.19293510913848877, 0.0, 0.0, 0.0], "(3, 6, 2, 2)": [0.9106205701828003, 0.779610276222229, 0.7499526143074036, 1.988727331161499, 0.7906327247619629], "(3, 7, 2, 2)": [3.423577308654785, 0.48365873098373413, 1.9068777561187744, 5.555743217468262, 1.20255708694458], "(3, 5, 2, 2)": [0.4094468951225281, 0.5063004493713379, 0.604617714881897, 0.47574251890182495, 0.7571872472763062], "(3, 1, 2, 2)": [0.19656604528427124, 0.08137696981430054, 0.5861539840698242, 1.3196731805801392, 0.16873420774936676], "(3, 2, 2, 1)": [0.0, 0.0, 0.0, 0.0, 0.028150497004389763], "(3, 2, 2, 2)": [0.055464841425418854, 0.08614565432071686, 0.05661136284470558, 0.057113371789455414, 0.02768363244831562], "(2, 2, 2, 3)": [0.0, 0.0, 0.2764935791492462, 0.04314063489437103, 0.0], "(1, 5, 2, 2)": [0.5805695652961731, 0.47476738691329956, 0.37332525849342346, 0.53435218334198, 0.41175204515457153], "(1, 6, 2, 2)": [0.26808834075927734, 0.3201945424079895, 0.3510395288467407, 0.4742658734321594, 0.6325564384460449], "(1, 7, 2, 2)": [2.4957048892974854, 0.4599510133266449, 4.490654945373535, 3.0083913803100586, 0.6891312599182129], "(2, 4, 1, 1)": [0.02954661101102829, 0.0, 0.0, 0.268595427274704, 0.0], "(2, 3, 1, 1)": [0.0, 0.0, 0.028940534219145775, 0.0, 0.0], "(2, 2, 1, 1)": [0.0, 0.06225632131099701, 0.0, 0.0, 1.2618294954299927], "(2, 1, 1, 1)": [1.352020263671875, 0.0, 0.0, 1.8952572345733643, 0.4353715777397156], "(2, 5, 3, 3)": [0.5239105820655823, 0.6402232050895691, 0.0, 0.057032763957977295, 0.0], "(2, 6, 3, 3)": [0.0, 0.5171017050743103, 0.0, 0.05496431514620781, 0.025658832862973213], "(1, 4, 2, 2)": [0.30814671516418457, 0.3599003553390503, 0.3271563649177551, 0.41227665543556213, 0.3048650622367859], "(1, 3, 2, 2)": [0.42226067185401917, 0.12381447106599808, 0.472431480884552, 0.25930237770080566, 0.40383875370025635], "(1, 7, 2, 3)": [0.17736069858074188, 1.1082266569137573, 1.5377697944641113, 0.031273506581783295, 1.561946153640747], "(1, 1, 2, 2)": [4.541951656341553, 2.7139062881469727, 2.9058029651641846, 2.241539478302002, 0.726493775844574], "(3, 5, 2, 3)": [0.0, 0.0, 0.0, 0.057656772434711456, 0.0], "(3, 6, 2, 3)": [0.0, 0.0, 0.0, 0.05486352741718292, 0.02617158181965351], "(3, 7, 3, 3)": [0.0, 0.0, 0.6865803599357605, 0.0, 0.0], "(1, 2, 2, 2)": [0.27115967869758606, 0.5550563335418701, 0.27615657448768616, 0.3495928943157196, 0.09925786405801773], "(1, 2, 2, 1)": [0.0, 0.0, 0.0, 0.026756035163998604, 0.0], "(1, 1, 2, 1)": [1.1036980152130127, 0.8583201169967651, 0.0, 0.711438775062561, 0.0], "(2, 3, 1, 2)": [0.0, 0.0, 0.0, 0.0, 0.9865462779998779], "(1, 4, 2, 3)": [0.034880053251981735, 0.03244931250810623, 0.0, 0.0, 0.0], "(1, 5, 2, 3)": [0.0, 0.0, 0.0, 0.0, 0.04941471293568611], "(2, 4, 3, 3)": [0.0, 1.1180140972137451, 0.0, 0.029569920152425766, 0.0], "(2, 5, 1, 2)": [0.0, 0.0, 0.0, 0.0, 1.2393845319747925], "(3, 7, 2, 3)": [0.0, 0.07367099076509476, 0.0, 1.0034096240997314, 0.0], "(1, 6, 2, 3)": [0.0, 0.0, 0.060267023742198944, 0.0, 0.059735529124736786], "(3, 4, 2, 1)": [0.0, 0.0, 0.0, 0.03757285326719284, 0.0], "(1, 3, 1, 2)": [0.0, 0.0, 0.0, 0.0, 0.03343399241566658], "(1, 3, 2, 3)": [0.042344558984041214, 0.0, 0.0, 0.0, 0.0]}}