{"q_values": {"(2, 5, 2, 2)": [48.193450927734375, 48.702545166015625, 48.79621124267578, 48.51381301879883, 47.477874755859375], "(2, 6, 2, 2)": [46.643592834472656, 46.42862319946289, 46.120418548583984, 45.744789123535156, 44.46584701538086], "(2, 7, 2, 2)": [43.325775146484375, 42.9931640625, 43.388004302978516, 42.830955505371094, 42.968204498291016], "(2, 3, 2, 2)": [46.25435256958008, 46.7244873046875, 47.06018829345703, 46.88591384887695, 47.027523040771484], "(2, 1, 2, 2)": [41.033695220947266, 41.962425231933594, 42.44819641113281, 42.27791976928711, 42.08443069458008], "(2, 2, 2, 2)": [44.29328155517578, 44.48778533935547, 44.56581115722656, 44.93600845336914, 44.85293960571289], "(2, 1, 2, 1)": [10.420536041259766, 9.647507667541504, 15.30899429321289, 11.970052719116211, 19.774250030517578], "(2, 6, 2, 3)": [13.513222694396973, 17.38783836364746, 4.093928337097168, 1.9500492811203003, 2.1741743087768555], "(2, 7, 2, 3)": [17.15939712524414, 20.938934326171875, 13.22835922241211, 8.410937309265137, 8.006281852722168], "(2, 4, 2, 2)": [48.2457160949707, 49.167442321777344, 49.27714538574219, 49.14686584472656, 48.733123779296875], "(2, 5, 2, 3)": [10.752296447753906, 14.039106369018555, 9.430309295654297, 1.506933331489563, 1.3801649808883667], "(2, 2, 2, 1)": [1.8934950828552246, 3.8016250133514404, 7.911275386810303, 14.265151977539062, 17.8893985748291], "(2, 3, 2, 3)": [1.828330636024475, 4.461637496948242, 2.5847394466400146, 0.15281976759433746, 0.45665615797042847], "(2, 4, 2, 3)": [4.926277160644531, 11.26318073272705, 3.837224245071411, 0.7187862396240234, 0.22286349534988403], "(2, 3, 2, 1)": [2.7277719974517822, 2.3972291946411133, 4.622981071472168, 12.858091354370117, 9.597976684570312], "(2, 5, 2, 1)": [0.12848985195159912, 0.12961101531982422, 5.542862892150879, 2.0279619693756104, 2.5935890674591064], "(2, 4, 2, 1)": [1.0338236093521118, 0.44703805446624756, 4.824270248413086, 7.500243186950684, 11.95150089263916], "(2, 7, 3, 3)": [0.0, -0.017459800466895103, 0.32326826453208923, 0.25593146681785583, 0.0], "(2, 6, 2, 1)": [0.0, 0.0, 1.1621315479278564, 0.0, 0.6645422577857971], "(3, 4, 2, 2)": [0.2916596233844757, 0.23620742559432983, 0.39018553495407104, 0.25596165657043457, 0.2525765001773834], "(3, 3, 2, 2)": [0.180356964468956, 0.288705974817276, 0.1452658772468567, 0.21137647330760956, 0.3994162380695343], "(2, 3, 3, 2)": [0.0, 0.19293510913848877, 0.0, 0.0, 0.0], "(3, 6, 2, 2)": [0.44815948605537415, 0.531852662563324, 0.6848968267440796, 1.900155782699585, 0.5906215310096741], "(3, 7, 2, 2)": [1.6736407279968262, 0.20425093173980713, 0.30372658371925354, 3.230069875717163, 0.7762986421585083], "(3, 5, 2, 2)": [0.2451356202363968, 0.26416563987731934, 0.3095850944519043, 0.3122362792491913, 0.42868682742118835], "(3, 1, 2, 2)": [0.19656604528427124, 0.08137696981430054, 0.5861539840698242, 1.3196731805801392, 0.16873420774936676], "(3, 2, 2, 1)": [0.0, 0.0, 0.0, 0.0, 0.028150497004389763], "(3, 2, 2, 2)": [0.055464841425418854, 0.08614565432071686, 0.05661136284470558, 0.057113371789455414, 0.02768363244831562], "(2, 2, 2, 3)": [0.0, 0.0, 0.2764935791492462, 0.0, 0.0], "(1, 5, 2, 2)": [0.5607499480247498, 0.44178542494773865, 0.37332525849342346, 0.47389164566993713, 0.41175204515457153], "(1, 6, 2, 2)": [0.2331160306930542, 0.26472654938697815, 0.2576844394207001, 0.2972657084465027, 0.39653027057647705], "(1, 7, 2, 2)": [2.472503185272217, 0.13521723449230194, 1.7812162637710571, 0.08840901404619217, 0.22683410346508026], "(2, 4, 1, 1)": [0.02954661101102829, 0.0, 0.0, 0.268595427274704, 0.0], "(2, 3, 1, 1)": [0.0, 0.0, 0.028940534219145775, 0.0, 0.0], "(2, 2, 1, 1)": [0.0, 0.06225632131099701, 0.0, 0.0, 1.2618294954299927], "(2, 1, 1, 1)": [1.352020263671875, 0.0, 0.0, 0.18440602719783783, 0.4353715777397156], "(2, 5, 3, 3)": [0.5239105820655823, 0.0, 0.0, 0.057032763957977295, 0.0], "(2, 6, 3, 3)": [0.0, 0.5171017050743103, 0.0, 0.05496431514620781, 0.025658832862973213], "(1, 4, 2, 2)": [0.20649418234825134, 0.27007949352264404, 0.2681101858615875, 0.35599231719970703, 0.26614585518836975], "(1, 3, 2, 2)": [0.1491018682718277, 0.06146012246608734, 0.17749208211898804, 0.13416463136672974, 0.2808327078819275], "(1, 7, 2, 3)": [0.08026672899723053, 1.1082266569137573, 0.025410693138837814, 0.0, 1.561946153640747], "(1, 1, 2, 2)": [3.684004783630371, 1.101823329925537, 1.3744910955429077, 0.10011590272188187, 0.0884060263633728], "(3, 5, 2, 3)": [0.0, 0.0, 0.0, 0.057656772434711456, 0.0], "(3, 6, 2, 3)": [0.0, 0.0, 0.0, 0.05486352741718292, 0.02617158181965351], "(3, 7, 3, 3)": [0.0, 0.0, 0.6865803599357605, 0.0, 0.0], "(1, 2, 2, 2)": [0.1948486566543579, 0.1855286806821823, 0.09684646129608154, 0.030253184959292412, 0.06496505439281464], "(1, 2, 2, 1)": [0.0, 0.0, 0.0, 0.026756035163998604, 0.0], "(1, 1, 2, 1)": [1.1036980152130127, 0.8583201169967651, 0.0, 0.711438775062561, 0.0], "(2, 3, 1, 2)": [0.0, 0.0, 0.0, 0.0, 0.9865462779998779], "(1, 4, 2, 3)": [0.034880053251981735, 0.03244931250810623, 0.0, 0.0, 0.0], "(1, 5, 2, 3)": [0.0, 0.0, 0.0, 0.0, 0.04941471293568611], "(2, 4, 3, 3)": [0.0, 1.1180140972137451, 0.0, 0.029569920152425766, 0.0], "(2, 5, 1, 2)": [0.0, 0.0, 0.0, 0.0, 1.2393845319747925], "(3, 7, 2, 3)": [0.0, 0.07367099076509476, 0.0, 1.0034096240997314, 0.0], "(1, 6, 2, 3)": [0.0, 0.0, 0.060267023742198944, 0.0, 0.0]}}