{"q_values": {"(2, 5, 2, 2)": [44.657169342041016, 44.4302978515625, 44.57435607910156, 43.636409759521484, 44.0191535949707], "(2, 6, 2, 2)": [43.28337097167969, 43.07862091064453, 43.1671028137207, 42.7854118347168, 42.65248489379883], "(2, 7, 2, 2)": [40.67769241333008, 40.57234191894531, 40.190208435058594, 40.21152114868164, 39.706687927246094], "(2, 3, 2, 2)": [43.74290084838867, 44.426666259765625, 44.460960388183594, 44.38908386230469, 43.725189208984375], "(2, 1, 2, 2)": [38.575592041015625, 38.643951416015625, 39.07386779785156, 38.52033615112305, 38.72034454345703], "(2, 2, 2, 2)": [40.14735412597656, 40.76263427734375, 41.7584342956543, 41.8564567565918, 42.27497482299805], "(2, 1, 2, 1)": [8.388140678405762, 9.647507667541504, 13.67486572265625, 11.0189790725708, 19.092422485351562], "(2, 6, 2, 3)": [10.517431259155273, 14.00733470916748, 4.093928337097168, 1.9500492811203003, 1.7758092880249023], "(2, 7, 2, 3)": [12.800312042236328, 15.72712516784668, 12.409353256225586, 6.934403896331787, 6.994154930114746], "(2, 4, 2, 2)": [45.42599868774414, 45.904415130615234, 45.57133102416992, 45.46986389160156, 44.94416809082031], "(2, 5, 2, 3)": [10.752296447753906, 12.14008617401123, 7.131339073181152, 1.1713676452636719, 1.3801649808883667], "(2, 2, 2, 1)": [1.9234468936920166, 3.773671865463257, 6.595450401306152, 11.507868766784668, 14.804272651672363], "(2, 3, 2, 3)": [1.828330636024475, 4.461637496948242, 1.1665143966674805, 0.15281976759433746, 0.09152042120695114], "(2, 4, 2, 3)": [4.926277160644531, 11.26318073272705, 2.5229711532592773, 0.377860426902771, 0.1988963484764099], "(2, 3, 2, 1)": [2.0431175231933594, 1.5345817804336548, 3.341464042663574, 10.657418251037598, 8.432947158813477], "(2, 5, 2, 1)": [0.12848985195159912, 0.09886764734983444, 4.0323486328125, 2.0279619693756104, 2.5935890674591064], "(2, 4, 2, 1)": [0.6674613952636719, 0.44703805446624756, 3.5771420001983643, 6.285068511962891, 10.881383895874023], "(2, 7, 3, 3)": [0.0, -0.017459800466895103, 0.32326826453208923, 0.25593146681785583, 0.0], "(2, 6, 2, 1)": [0.0, 0.0, 1.1621315479278564, 0.0, 0.6645422577857971], "(3, 4, 2, 2)": [0.2916596233844757, 0.23620742559432983, 0.39018553495407104, 0.25596165657043457, 0.2525765001773834], "(3, 3, 2, 2)": [0.180356964468956, 0.288705974817276, 0.1452658772468567, 0.21137647330760956, 0.3994162380695343], "(2, 3, 3, 2)": [0.0, 0.19293510913848877, 0.0, 0.0, 0.0], "(3, 6, 2, 2)": [0.382532000541687, 0.5009181499481201, 0.5780453085899353, 0.5278960466384888, 0.5906215310096741], "(3, 7, 2, 2)": [1.6736407279968262, 0.20425093173980713, 0.30372658371925354, 3.230069875717163, 0.7762986421585083], "(3, 5, 2, 2)": [0.2451356202363968, 0.26416563987731934, 0.3095850944519043, 0.3122362792491913, 0.42868682742118835], "(3, 1, 2, 2)": [0.19656604528427124, 0.08137696981430054, 0.5861539840698242, 1.3196731805801392, 0.16873420774936676], "(3, 2, 2, 1)": [0.0, 0.0, 0.0, 0.0, 0.028150497004389763], "(3, 2, 2, 2)": [0.055464841425418854, 0.08614565432071686, 0.05661136284470558, 0.057113371789455414, 0.02768363244831562], "(2, 2, 2, 3)": [0.0, 0.0, 0.2764935791492462, 0.0, 0.0], "(1, 5, 2, 2)": [0.2643490433692932, 0.18553099036216736, 0.18940196931362152, 0.2736133337020874, 0.1909528523683548], "(1, 6, 2, 2)": [0.17071416974067688, 0.20350947976112366, 0.1981353759765625, 0.24363821744918823, 0.36035919189453125], "(1, 7, 2, 2)": [0.17734599113464355, 0.10620034486055374, 1.7796334028244019, 0.0609830766916275, 0.2008260190486908], "(2, 4, 1, 1)": [0.02954661101102829, 0.0, 0.0, 0.268595427274704, 0.0], "(2, 3, 1, 1)": [0.0, 0.0, 0.028940534219145775, 0.0, 0.0], "(2, 2, 1, 1)": [0.0, 0.031195448711514473, 0.0, 0.0, 1.2618294954299927], "(2, 1, 1, 1)": [1.352020263671875, 0.0, 0.0, 0.18440602719783783, 0.0], "(2, 5, 3, 3)": [0.0, 0.0, 0.0, 0.057032763957977295, 0.0], "(2, 6, 3, 3)": [0.0, 0.5171017050743103, 0.0, 0.05496431514620781, 0.025658832862973213], "(1, 4, 2, 2)": [0.20649418234825134, 0.20802605152130127, 0.209051713347435, 0.24082963168621063, 0.1742764115333557], "(1, 3, 2, 2)": [0.1491018682718277, 0.031444206833839417, 0.17749208211898804, 0.13416463136672974, 0.2808327078819275], "(1, 7, 2, 3)": [0.0, 1.1082266569137573, 0.025410693138837814, 0.0, 1.561946153640747], "(1, 1, 2, 2)": [2.479126214981079, 1.1074044704437256, 0.026808669790625572, 0.0, 0.0], "(3, 5, 2, 3)": [0.0, 0.0, 0.0, 0.057656772434711456, 0.0], "(3, 6, 2, 3)": [0.0, 0.0, 0.0, 0.05486352741718292, 0.02617158181965351], "(3, 7, 3, 3)": [0.0, 0.0, 0.6865803599357605, 0.0, 0.0], "(1, 2, 2, 2)": [0.11394944787025452, 0.13000492751598358, 0.09684646129608154, 0.0, 0.06496505439281464], "(1, 2, 2, 1)": [0.0, 0.0, 0.0, 0.026756035163998604, 0.0], "(1, 1, 2, 1)": [1.1036980152130127, 0.8583201169967651, 0.0, 0.711438775062561, 0.0], "(2, 3, 1, 2)": [0.0, 0.0, 0.0, 0.0, 0.9865462779998779], "(1, 4, 2, 3)": [0.034880053251981735, 0.03244931250810623, 0.0, 0.0, 0.0], "(1, 5, 2, 3)": [0.0, 0.0, 0.0, 0.0, 0.04941471293568611], "(2, 4, 3, 3)": [0.0, 1.1180140972137451, 0.0, 0.0, 0.0], "(2, 5, 1, 2)": [0.0, 0.0, 0.0, 0.0, 1.2393845319747925], "(3, 7, 2, 3)": [0.0, 0.07367099076509476, 0.0, 1.0034096240997314, 0.0]}}