{"q_values": {"(2, 5, 2, 2)": [14.507187843322754, 14.839254379272461, 14.70233154296875, 14.064057350158691, 14.420639991760254], "(2, 6, 2, 2)": [12.958534240722656, 13.406179428100586, 13.089231491088867, 13.004968643188477, 12.982340812683105], "(2, 7, 2, 2)": [11.159025192260742, 11.28530502319336, 11.16196346282959, 11.259112358093262, 11.123613357543945], "(2, 3, 2, 2)": [15.04035472869873, 14.909793853759766, 15.053277969360352, 15.494344711303711, 15.22407054901123], "(2, 1, 2, 2)": [11.54350471496582, 11.614582061767578, 11.652090072631836, 11.665101051330566, 11.449334144592285], "(2, 2, 2, 2)": [13.559974670410156, 13.339441299438477, 13.510808944702148, 13.83321475982666, 13.57612419128418], "(2, 1, 2, 1)": [1.052852988243103, 1.1099603176116943, 1.0847676992416382, 1.2688835859298706, 1.028861403465271], "(2, 6, 2, 3)": [1.4542710781097412, 1.709792971611023, 0.43129900097846985, 0.3375582695007324, 0.2501131594181061], "(2, 7, 2, 3)": [1.6310226917266846, 1.3930500745773315, 1.26334810256958, 0.32669714093208313, 0.7475605010986328], "(2, 4, 2, 2)": [15.049150466918945, 15.896562576293945, 15.793476104736328, 15.662318229675293, 15.523299217224121], "(2, 5, 2, 3)": [2.4323134422302246, 1.760319471359253, 0.40866905450820923, 0.06156483665108681, 0.25394314527511597], "(2, 2, 2, 1)": [0.21104316413402557, 0.4720151424407959, 0.3375682830810547, 1.7876025438308716, 1.766925573348999], "(2, 3, 2, 3)": [0.0, 0.0, 0.0, 0.08805901557207108, 0.06344309449195862], "(2, 4, 2, 3)": [0.5997321605682373, 1.4443755149841309, 0.07285988330841064, 0.09452736377716064, 0.08844265341758728], "(2, 3, 2, 1)": [0.1282888799905777, 0.3295203447341919, 0.20960041880607605, 1.0372713804244995, 0.029159141704440117], "(2, 5, 2, 1)": [0.0, 0.0, 0.0, 0.06559685617685318, 0.3694083094596863], "(2, 4, 2, 1)": [0.08992915600538254, 0.09586964547634125, 0.7573314905166626, 0.1261758804321289, 0.17558209598064423], "(2, 7, 3, 3)": [0.0, -0.017459800466895103, 0.0, 0.25593146681785583, 0.0], "(2, 6, 2, 1)": [0.0, 0.0, 0.11164463311433792, 0.0, 0.0], "(3, 4, 2, 2)": [0.17608952522277832, 0.20621895790100098, 0.25332632660865784, 0.1250729262828827, 0.06342905014753342], "(3, 3, 2, 2)": [0.0587746724486351, 0.11563993245363235, 0.0, 0.030612315982580185, 0.20955587923526764], "(2, 3, 3, 2)": [0.0, 0.19293510913848877, 0.0, 0.0, 0.0], "(3, 6, 2, 2)": [0.08714678883552551, 0.11439085006713867, 0.11321905255317688, 0.11380702257156372, 0.027037842199206352], "(3, 7, 2, 2)": [0.2679537236690521, 0.0, 0.15611734986305237, 0.025588320568203926, 0.027209900319576263], "(3, 5, 2, 2)": [0.029634667560458183, 0.030272018164396286, 0.0, 0.09038622677326202, 0.05893659591674805], "(3, 1, 2, 2)": [0.17115062475204468, 0.05310659110546112, 0.15063990652561188, 0.20310330390930176, 0.10976877063512802], "(3, 2, 2, 1)": [0.0, 0.0, 0.0, 0.0, 0.028150497004389763], "(3, 2, 2, 2)": [0.027904681861400604, 0.0, 0.0, 0.0, 0.02768363244831562], "(2, 2, 2, 3)": [0.0, 0.0, 0.2764935791492462, 0.0, 0.0], "(1, 5, 2, 2)": [0.11919607222080231, 0.08796769380569458, 0.03180288150906563, 0.09052201360464096, 0.16628101468086243], "(1, 6, 2, 2)": [0.10982371866703033, 0.05689070373773575, 0.08641033619642258, 0.10751080513000488, 0.055951379239559174], "(1, 7, 2, 2)": [0.17734599113464355, 0.025208737701177597, 0.8072838187217712, 0.03060956858098507, 0.15923230350017548], "(2, 4, 1, 1)": [0.02954661101102829, 0.0, 0.0, 0.0, 0.0], "(2, 3, 1, 1)": [0.0, 0.0, 0.028940534219145775, 0.0, 0.0], "(2, 2, 1, 1)": [0.0, 0.031195448711514473, 0.0, 0.0, 0.29758474230766296], "(2, 1, 1, 1)": [0.18288934230804443, 0.0, 0.0, 0.18440602719783783, 0.0], "(2, 5, 3, 3)": [0.0, 0.0, 0.0, 0.057032763957977295, 0.0], "(2, 6, 3, 3)": [0.0, 0.0, 0.0, 0.027316026389598846, 0.025658832862973213], "(1, 4, 2, 2)": [0.1501171588897705, 0.14705361425876617, 0.14732274413108826, 0.17970740795135498, 0.09156204015016556], "(1, 3, 2, 2)": [0.02983184903860092, 0.0, 0.02978004328906536, 0.0, 0.11950220167636871]}}