{"q_values": {"(2, 5, 2, 2)": [62.41577911376953, 62.940460205078125, 62.94046401977539, 63.0765380859375, 60.92802047729492], "(2, 6, 2, 2)": [61.19723129272461, 60.81966018676758, 60.48359298706055, 60.337154388427734, 58.155601501464844], "(2, 7, 2, 2)": [58.05104064941406, 58.28009033203125, 57.57282638549805, 57.91771697998047, 56.63188934326172], "(2, 3, 2, 2)": [62.22191619873047, 62.014244079589844, 62.75553894042969, 62.3516960144043, 62.27741241455078], "(2, 1, 2, 2)": [56.21528625488281, 57.01094436645508, 57.05323791503906, 57.74441146850586, 56.559566497802734], "(2, 2, 2, 2)": [57.31025314331055, 59.145111083984375, 59.08711242675781, 59.18718719482422, 57.97340393066406], "(2, 1, 2, 1)": [23.57902717590332, 21.22697639465332, 21.244937896728516, 23.262073516845703, 33.18024826049805], "(2, 6, 2, 3)": [28.067853927612305, 22.6561336517334, 12.179332733154297, 5.004240989685059, 6.961422443389893], "(2, 7, 2, 3)": [31.686906814575195, 32.29201889038086, 23.050857543945312, 18.108877182006836, 18.952943801879883], "(2, 4, 2, 2)": [61.21019744873047, 62.47962188720703, 62.993431091308594, 62.788665771484375, 62.62933349609375], "(2, 5, 2, 3)": [22.8576717376709, 25.978031158447266, 16.844322204589844, 3.5563511848449707, 3.2334659099578857], "(2, 2, 2, 1)": [5.577794075012207, 7.878393650054932, 12.713537216186523, 20.467254638671875, 27.72138786315918], "(2, 3, 2, 3)": [6.935091018676758, 7.643865585327148, 4.351692199707031, 0.28702887892723083, 0.9121567606925964], "(2, 4, 2, 3)": [6.609396934509277, 15.195072174072266, 12.077945709228516, 1.6824361085891724, 1.1569987535476685], "(2, 3, 2, 1)": [3.4396753311157227, 3.6834986209869385, 6.4166975021362305, 22.67867088317871, 20.374940872192383], "(2, 5, 2, 1)": [0.12848985195159912, 0.18790596723556519, 7.025688171386719, 3.7252793312072754, 4.210954189300537], "(2, 4, 2, 1)": [1.7561075687408447, 1.4240813255310059, 6.217859268188477, 10.459497451782227, 18.662649154663086], "(2, 7, 3, 3)": [0.0, -0.017459800466895103, 1.9327749013900757, 0.25593146681785583, 1.3346171379089355], "(2, 6, 2, 1)": [0.0, 0.0, 1.1621315479278564, 0.0, 0.6645422577857971], "(3, 4, 2, 2)": [0.418260782957077, 0.31046178936958313, 0.39018553495407104, 1.8089954853057861, 0.2967810332775116], "(3, 3, 2, 2)": [0.2698647677898407, 0.37659281492233276, 0.21370550990104675, 0.27016353607177734, 0.4784665107727051], "(2, 3, 3, 2)": [0.0, 0.19293510913848877, 0.0, 0.0, 0.0], "(3, 6, 2, 2)": [1.0472060441970825, 0.8347346186637878, 0.7499526143074036, 2.0189664363861084, 1.0908687114715576], "(3, 7, 2, 2)": [3.3475186824798584, 0.8134946823120117, 3.4528141021728516, 9.750086784362793, 1.4391640424728394], "(3, 5, 2, 2)": [0.5271390080451965, 0.5805849432945251, 0.7303120493888855, 0.5964124202728271, 0.8574540019035339], "(3, 1, 2, 2)": [2.0406134128570557, 1.6496140956878662, 0.7001263499259949, 1.3253816366195679, 0.207192063331604], "(3, 2, 2, 1)": [0.0, 0.0, 0.0, 0.0, 0.028150497004389763], "(3, 2, 2, 2)": [0.055464841425418854, 0.1937062293291092, 0.1264931857585907, 0.0847914069890976, 0.02768363244831562], "(2, 2, 2, 3)": [0.0, 0.0, 0.2764935791492462, 0.04314063489437103, 0.0], "(1, 5, 2, 2)": [0.6315487623214722, 0.5320186614990234, 2.1755595207214355, 0.53435218334198, 0.46963104605674744], "(1, 6, 2, 2)": [0.26808834075927734, 0.3201945424079895, 0.3510395288467407, 0.4742658734321594, 0.6325564384460449], "(1, 7, 2, 2)": [2.4957048892974854, 0.4599510133266449, 4.490654945373535, 3.0083913803100586, 0.6891312599182129], "(2, 4, 1, 1)": [0.02954661101102829, 0.0, 0.0, 0.268595427274704, 0.0], "(2, 3, 1, 1)": [0.0, 0.0, 0.028940534219145775, 0.0, 0.0], "(2, 2, 1, 1)": [0.0, 0.06225632131099701, 0.0, 0.0, 1.2618294954299927], "(2, 1, 1, 1)": [1.352020263671875, 0.0, 0.0, 1.8952572345733643, 0.4353715777397156], "(2, 5, 3, 3)": [0.5239105820655823, 0.6402232050895691, 0.0, 0.057032763957977295, 0.0], "(2, 6, 3, 3)": [0.0, 0.5171017050743103, 0.0, 0.05496431514620781, 0.025658832862973213], "(1, 4, 2, 2)": [0.33804744482040405, 0.4503364861011505, 0.3581121861934662, 0.4788127541542053, 0.3391522169113159], "(1, 3, 2, 2)": [0.4511662423610687, 0.15851286053657532, 0.5279502272605896, 0.3569580912590027, 0.48846539855003357], "(1, 7, 2, 3)": [0.17736069858074188, 1.1082266569137573, 1.5377697944641113, 0.031273506581783295, 1.561946153640747], "(1, 1, 2, 2)": [6.003359794616699, 2.9049553871154785, 4.67897891998291, 3.9323439598083496, 3.98812198638916], "(3, 5, 2, 3)": [0.0, 0.0, 0.0, 0.057656772434711456, 0.0], "(3, 6, 2, 3)": [0.0, 0.0, 0.0, 0.05486352741718292, 0.02617158181965351], "(3, 7, 3, 3)": [0.0, 0.0, 0.6865803599357605, 0.0, 0.0], "(1, 2, 2, 2)": [0.6481314897537231, 0.651921808719635, 0.27615657448768616, 0.37550124526023865, 0.3054680824279785], "(1, 2, 2, 1)": [0.0, 0.0, 0.0, 0.026756035163998604, 0.0], "(1, 1, 2, 1)": [1.1036980152130127, 0.8583201169967651, 0.0, 0.711438775062561, 0.0], "(2, 3, 1, 2)": [0.0, 0.0, 0.0, 0.0, 0.9865462779998779], "(1, 4, 2, 3)": [0.034880053251981735, 0.03244931250810623, 0.0, 0.0, 0.0], "(1, 5, 2, 3)": [0.0, 0.0, 0.0, 0.0, 0.04941471293568611], "(2, 4, 3, 3)": [0.0, 1.1180140972137451, 0.0, 0.029569920152425766, 0.0], "(2, 5, 1, 2)": [0.0, 0.0, 0.0, 0.0, 1.2393845319747925], "(3, 7, 2, 3)": [0.0, 0.07367099076509476, 0.0, 1.0034096240997314, 0.0], "(1, 6, 2, 3)": [0.0, 0.0, 0.060267023742198944, 0.0, 0.059735529124736786], "(3, 4, 2, 1)": [0.0, 0.0, 0.0, 0.03757285326719284, 0.03938349708914757], "(1, 3, 1, 2)": [0.0, 0.0, 0.0, 0.0, 0.03343399241566658], "(1, 3, 2, 3)": [0.042344558984041214, 0.0, 0.0, 0.0, 0.0]}}