{"q_values": {"(2, 5, 2, 2)": [78.94869232177734, 79.35975646972656, 78.951171875, 78.40341186523438, 77.67852783203125], "(2, 6, 2, 2)": [76.45037078857422, 77.28117370605469, 77.5447006225586, 77.09991455078125, 75.53958129882812], "(2, 7, 2, 2)": [74.44080352783203, 74.75328063964844, 74.5462646484375, 73.72445678710938, 74.41613006591797], "(2, 3, 2, 2)": [74.4049072265625, 75.8674545288086, 75.75790405273438, 75.79347229003906, 73.66822814941406], "(2, 1, 2, 2)": [73.24717712402344, 73.92317962646484, 73.46656036376953, 73.7930908203125, 73.86351776123047], "(2, 2, 2, 2)": [71.62580108642578, 74.58683776855469, 74.80793762207031, 74.63504028320312, 73.3994369506836], "(2, 1, 2, 1)": [35.690277099609375, 28.018667221069336, 30.714141845703125, 35.94852828979492, 52.37207794189453], "(2, 6, 2, 3)": [44.62240982055664, 28.943161010742188, 20.828155517578125, 9.84653377532959, 12.649158477783203], "(2, 7, 2, 3)": [41.76612091064453, 49.56629943847656, 36.99982452392578, 29.305038452148438, 29.39350700378418], "(2, 4, 2, 2)": [75.91151428222656, 77.97972106933594, 78.22579956054688, 77.7036361694336, 77.85723876953125], "(2, 5, 2, 3)": [39.555702209472656, 29.32156753540039, 27.36253547668457, 4.157951831817627, 7.2826433181762695], "(2, 2, 2, 1)": [13.817062377929688, 11.191131591796875, 20.209495544433594, 29.52857208251953, 45.36880874633789], "(2, 3, 2, 3)": [10.731454849243164, 13.404937744140625, 11.770116806030273, 1.2107398509979248, 1.5118885040283203], "(2, 4, 2, 3)": [17.50751304626465, 33.8836784362793, 13.738314628601074, 5.348687648773193, 3.4948530197143555], "(2, 3, 2, 1)": [5.993714332580566, 6.504354000091553, 11.472188949584961, 38.83320999145508, 31.18729019165039], "(2, 5, 2, 1)": [0.12848985195159912, 1.0243566036224365, 9.166914939880371, 7.488872051239014, 9.651443481445312], "(2, 4, 2, 1)": [4.923637866973877, 2.446425437927246, 10.79041862487793, 15.507431983947754, 26.08742332458496], "(2, 7, 3, 3)": [0.0, -0.017459800466895103, 1.9327749013900757, 0.25593146681785583, 1.3346171379089355], "(2, 6, 2, 1)": [0.04893524944782257, 0.034966807812452316, 1.1621315479278564, 2.136251926422119, 3.0265934467315674], "(3, 4, 2, 2)": [0.4781835079193115, 0.3444521129131317, 0.4926277697086334, 1.7956916093826294, 0.2967810332775116], "(3, 3, 2, 2)": [0.5036945343017578, 0.6936642527580261, 0.63370281457901, 0.47147685289382935, 0.7482412457466125], "(2, 3, 3, 2)": [0.0, 0.19293510913848877, 0.0, 0.0, 0.0], "(3, 6, 2, 2)": [1.2480717897415161, 1.0735739469528198, 0.9538147449493408, 2.15645432472229, 1.464235544204712], "(3, 7, 2, 2)": [4.954455852508545, 3.7614238262176514, 3.9492411613464355, 11.973328590393066, 5.852405548095703], "(3, 5, 2, 2)": [0.6454790234565735, 0.5805849432945251, 0.7303120493888855, 0.6259250640869141, 1.1054651737213135], "(3, 1, 2, 2)": [5.871140480041504, 1.7538206577301025, 3.855776309967041, 3.064650535583496, 0.6934574246406555], "(3, 2, 2, 1)": [0.0, 0.02830933965742588, 0.0, 0.026698235422372818, 0.06356549263000488], "(3, 2, 2, 2)": [0.40382808446884155, 0.34571051597595215, 0.22087380290031433, 0.21339987218379974, 0.02768363244831562], "(2, 2, 2, 3)": [0.0, 2.028308629989624, 0.2764935791492462, 0.04314063489437103, 0.0], "(1, 5, 2, 2)": [0.8974661827087402, 0.8806589245796204, 2.21024489402771, 0.7317471504211426, 0.6607717275619507], "(1, 6, 2, 2)": [0.554627537727356, 0.5255310535430908, 0.5467305779457092, 0.6591824293136597, 1.0261605978012085], "(1, 7, 2, 2)": [8.244063377380371, 0.8550645112991333, 4.478170871734619, 2.8750529289245605, 2.616633892059326], "(2, 4, 1, 1)": [0.02954661101102829, 0.0, 0.0, 2.5054593086242676, 0.0], "(2, 3, 1, 1)": [0.0, 0.0, 0.028940534219145775, 0.0, 0.0], "(2, 2, 1, 1)": [0.0, 0.14971555769443512, 0.0, 0.0, 4.7995171546936035], "(2, 1, 1, 1)": [1.352020263671875, 0.0, 0.0, 1.8952572345733643, 0.4353715777397156], "(2, 5, 3, 3)": [0.5239105820655823, 0.6402232050895691, 0.04391792416572571, 0.057032763957977295, 0.030955173075199127], "(2, 6, 3, 3)": [1.052781581878662, 0.5171017050743103, 0.5932179689407349, 0.05496431514620781, 0.025658832862973213], "(1, 4, 2, 2)": [0.6781964302062988, 0.6263545751571655, 0.4823272228240967, 0.8531859517097473, 0.5499764680862427], "(1, 3, 2, 2)": [0.7949830889701843, 0.4694238603115082, 0.6942037343978882, 0.6516901254653931, 2.8637285232543945], "(1, 7, 2, 3)": [0.17736069858074188, 1.1082266569137573, 1.5377697944641113, 0.031273506581783295, 1.561946153640747], "(1, 1, 2, 2)": [10.762725830078125, 6.7137250900268555, 5.248561382293701, 9.644449234008789, 4.125688552856445], "(3, 5, 2, 3)": [0.0, 0.0, 0.0, 0.057656772434711456, 0.0], "(3, 6, 2, 3)": [0.0, 0.0, 0.0, 0.05486352741718292, 0.02617158181965351], "(3, 7, 3, 3)": [0.0, 0.0, 0.6865803599357605, 0.0, 0.0], "(1, 2, 2, 2)": [1.325186848640442, 0.7704786658287048, 0.6639140248298645, 0.925511360168457, 0.4427913427352905], "(1, 2, 2, 1)": [0.0, 0.0, 0.0, 0.026756035163998604, 0.0], "(1, 1, 2, 1)": [3.2564525604248047, 0.8583201169967651, 0.047217514365911484, 0.711438775062561, 0.0], "(2, 3, 1, 2)": [0.0, 0.0, 0.0, 0.0, 0.9865462779998779], "(1, 4, 2, 3)": [0.034880053251981735, 0.03244931250810623, 0.0, 0.0, 0.0], "(1, 5, 2, 3)": [0.0, 0.0, 0.0, 0.0, 0.04941471293568611], "(2, 4, 3, 3)": [2.3408188819885254, 3.1511049270629883, 0.8091824650764465, 0.029569920152425766, 0.0], "(2, 5, 1, 2)": [0.0, 0.0, 0.0, 0.0, 1.2393845319747925], "(3, 7, 2, 3)": [0.0, 0.07367099076509476, 0.0, 1.0034096240997314, 0.0], "(1, 6, 2, 3)": [0.0, 0.0, 0.060267023742198944, 0.0, 0.059735529124736786], "(3, 4, 2, 1)": [0.0, 0.0, 0.0, 0.03757285326719284, 0.03938349708914757], "(1, 3, 1, 2)": [0.0, 0.0, 0.0, 0.0, 0.03343399241566658], "(1, 3, 2, 3)": [0.042344558984041214, 0.0, 0.0, 0.0, 0.0], "(2, 3, 3, 3)": [0.0, 0.0, 0.0, 0.02997138351202011, 0.029751203954219818], "(3, 1, 2, 1)": [0.02485128864645958, 3.9564576148986816, 0.0, 0.034045055508613586, 0.0], "(2, 5, 1, 1)": [0.029713382944464684, 0.0, 0.0, 0.0, 2.2680628299713135]}}