{"q_values": {"(2, 5, 2, 2)": [29.884754180908203, 29.5806827545166, 29.61219596862793, 29.529098510742188, 29.209625244140625], "(2, 6, 2, 2)": [27.159088134765625, 27.23293113708496, 26.926559448242188, 26.9888973236084, 25.767751693725586], "(2, 7, 2, 2)": [25.013612747192383, 24.997703552246094, 25.299333572387695, 25.163837432861328, 25.103012084960938], "(2, 3, 2, 2)": [27.635875701904297, 29.689584732055664, 29.458633422851562, 29.7974796295166, 29.086936950683594], "(2, 1, 2, 2)": [25.415069580078125, 25.32644271850586, 25.806419372558594, 26.186969757080078, 25.861614227294922], "(2, 2, 2, 2)": [27.589168548583984, 28.14438819885254, 27.812088012695312, 27.879196166992188, 28.362333297729492], "(2, 1, 2, 1)": [2.915921926498413, 3.664936065673828, 5.3446044921875, 6.466544151306152, 10.567984580993652], "(2, 6, 2, 3)": [5.537172317504883, 4.6023173332214355, 1.8164485692977905, 0.5462360978126526, 0.4628984034061432], "(2, 7, 2, 3)": [4.311710357666016, 6.728771686553955, 5.4835205078125, 1.5874173641204834, 2.318596124649048], "(2, 4, 2, 2)": [30.03693389892578, 30.248891830444336, 30.84011459350586, 30.642595291137695, 30.017667770385742], "(2, 5, 2, 3)": [4.094976425170898, 7.197688579559326, 0.9978606700897217, 0.15020744502544403, 0.45422130823135376], "(2, 2, 2, 1)": [1.3489460945129395, 1.3637605905532837, 1.6447222232818604, 5.172494888305664, 6.950469017028809], "(2, 3, 2, 3)": [0.7989088296890259, 0.9147301912307739, 0.03213246911764145, 0.12048722803592682, 0.06344309449195862], "(2, 4, 2, 3)": [2.651247262954712, 5.573565483093262, 0.1846211850643158, 0.15501916408538818, 0.1988963484764099], "(2, 3, 2, 1)": [0.863838791847229, 0.3922405540943146, 1.0081584453582764, 4.07256555557251, 3.052600145339966], "(2, 5, 2, 1)": [0.0, 0.0, 1.4011160135269165, 0.7842639088630676, 0.3694083094596863], "(2, 4, 2, 1)": [0.08992915600538254, 0.18340279161930084, 0.7710497975349426, 2.3670711517333984, 2.298044443130493], "(2, 7, 3, 3)": [0.0, -0.017459800466895103, 0.0, 0.25593146681785583, 0.0], "(2, 6, 2, 1)": [0.0, 0.0, 0.11164463311433792, 0.0, 0.6645422577857971], "(3, 4, 2, 2)": [0.2617693543434143, 0.23620742559432983, 0.36351364850997925, 0.19047659635543823, 0.2525765001773834], "(3, 3, 2, 2)": [0.11674389243125916, 0.15132467448711395, 0.07170403003692627, 0.1257777065038681, 0.3335781991481781], "(2, 3, 3, 2)": [0.0, 0.19293510913848877, 0.0, 0.0, 0.0], "(3, 6, 2, 2)": [0.22523699700832367, 0.28110232949256897, 0.28681623935699463, 0.2833244204521179, 0.39481058716773987], "(3, 7, 2, 2)": [0.5108663439750671, 0.1655271351337433, 0.26595067977905273, 1.4523887634277344, 0.7042751908302307], "(3, 5, 2, 2)": [0.18180593848228455, 0.26416563987731934, 0.2467498928308487, 0.15219110250473022, 0.2883949875831604], "(3, 1, 2, 2)": [0.17115062475204468, 0.05310659110546112, 0.5731905102729797, 0.20310330390930176, 0.10976877063512802], "(3, 2, 2, 1)": [0.0, 0.0, 0.0, 0.0, 0.028150497004389763], "(3, 2, 2, 2)": [0.055464841425418854, 0.05758024752140045, 0.0, 0.027536233887076378, 0.02768363244831562], "(2, 2, 2, 3)": [0.0, 0.0, 0.2764935791492462, 0.0, 0.0], "(1, 5, 2, 2)": [0.11919607222080231, 0.08796769380569458, 0.03180288150906563, 0.09052201360464096, 0.16628101468086243], "(1, 6, 2, 2)": [0.10982371866703033, 0.05689070373773575, 0.08641033619642258, 0.18836882710456848, 0.10865214467048645], "(1, 7, 2, 2)": [0.17734599113464355, 0.025208737701177597, 0.8072838187217712, 0.03060956858098507, 0.15923230350017548], "(2, 4, 1, 1)": [0.02954661101102829, 0.0, 0.0, 0.0, 0.0], "(2, 3, 1, 1)": [0.0, 0.0, 0.028940534219145775, 0.0, 0.0], "(2, 2, 1, 1)": [0.0, 0.031195448711514473, 0.0, 0.0, 0.9949930906295776], "(2, 1, 1, 1)": [0.18288934230804443, 0.0, 0.0, 0.18440602719783783, 0.0], "(2, 5, 3, 3)": [0.0, 0.0, 0.0, 0.057032763957977295, 0.0], "(2, 6, 3, 3)": [0.0, 0.5171017050743103, 0.0, 0.05496431514620781, 0.025658832862973213], "(1, 4, 2, 2)": [0.1501171588897705, 0.14705361425876617, 0.14732274413108826, 0.17970740795135498, 0.09156204015016556], "(1, 3, 2, 2)": [0.02983184903860092, 0.0, 0.02978004328906536, 0.0, 0.11950220167636871], "(1, 7, 2, 3)": [0.0, 0.0, 0.025410693138837814, 0.0, 0.5016306042671204], "(1, 1, 2, 2)": [0.5527796745300293, 0.0, 0.0, 0.0, 0.0], "(3, 5, 2, 3)": [0.0, 0.0, 0.0, 0.057656772434711456, 0.0], "(3, 6, 2, 3)": [0.0, 0.0, 0.0, 0.05486352741718292, 0.02617158181965351], "(3, 7, 3, 3)": [0.0, 0.0, 0.6865803599357605, 0.0, 0.0]}}