{"q_values": {"(2, 5, 2, 2)": [35.231101989746094, 35.09745407104492, 35.112674713134766, 34.98799133300781, 34.52823257446289], "(2, 6, 2, 2)": [33.17776107788086, 33.248138427734375, 33.31934356689453, 32.8183479309082, 30.816556930541992], "(2, 7, 2, 2)": [31.219133377075195, 30.509029388427734, 30.73575210571289, 30.92002296447754, 30.506946563720703], "(2, 3, 2, 2)": [33.38346862792969, 34.66981887817383, 35.206634521484375, 35.11237335205078, 33.600521087646484], "(2, 1, 2, 2)": [30.34699058532715, 30.566503524780273, 30.9312686920166, 31.24626922607422, 30.759645462036133], "(2, 2, 2, 2)": [31.01930809020996, 32.65357971191406, 33.135066986083984, 32.501033782958984, 33.03017044067383], "(2, 1, 2, 1)": [3.837245464324951, 6.712967872619629, 7.962278366088867, 7.190471172332764, 13.136199951171875], "(2, 6, 2, 3)": [7.031748294830322, 7.570198059082031, 3.431213617324829, 0.7736776471138, 1.2145262956619263], "(2, 7, 2, 3)": [8.452004432678223, 10.594681739807129, 8.074960708618164, 4.136783599853516, 5.478353977203369], "(2, 4, 2, 2)": [34.85757064819336, 36.11759567260742, 36.13207244873047, 36.3091926574707, 35.662452697753906], "(2, 5, 2, 3)": [7.105790615081787, 8.641534805297852, 1.2329100370407104, 0.7516852021217346, 0.6744152307510376], "(2, 2, 2, 1)": [1.679870367050171, 1.9550256729125977, 4.201337814331055, 7.5092692375183105, 9.697388648986816], "(2, 3, 2, 3)": [1.828330636024475, 1.8909677267074585, 0.03213246911764145, 0.15281976759433746, 0.09152042120695114], "(2, 4, 2, 3)": [2.651247262954712, 6.345236778259277, 1.296554446220398, 0.28978580236434937, 0.1988963484764099], "(2, 3, 2, 1)": [1.5235443115234375, 0.6061733961105347, 1.1964420080184937, 7.964781761169434, 5.690534591674805], "(2, 5, 2, 1)": [0.12848985195159912, 0.09886764734983444, 1.4011160135269165, 0.7842639088630676, 1.3385491371154785], "(2, 4, 2, 1)": [0.2842090129852295, 0.41703808307647705, 0.9829458594322205, 4.198692798614502, 4.04000186920166], "(2, 7, 3, 3)": [0.0, -0.017459800466895103, 0.32326826453208923, 0.25593146681785583, 0.0], "(2, 6, 2, 1)": [0.0, 0.0, 0.11164463311433792, 0.0, 0.6645422577857971], "(3, 4, 2, 2)": [0.2617693543434143, 0.23620742559432983, 0.36351364850997925, 0.19047659635543823, 0.2525765001773834], "(3, 3, 2, 2)": [0.11674389243125916, 0.15132467448711395, 0.07170403003692627, 0.1257777065038681, 0.3335781991481781], "(2, 3, 3, 2)": [0.0, 0.19293510913848877, 0.0, 0.0, 0.0], "(3, 6, 2, 2)": [0.2531968951225281, 0.28110232949256897, 0.28681623935699463, 0.371204137802124, 0.4223771393299103], "(3, 7, 2, 2)": [0.5108663439750671, 0.1655271351337433, 0.26595067977905273, 2.204709768295288, 0.7529817223548889], "(3, 5, 2, 2)": [0.18180593848228455, 0.26416563987731934, 0.2467498928308487, 0.18823890388011932, 0.2883949875831604], "(3, 1, 2, 2)": [0.17115062475204468, 0.05310659110546112, 0.5731905102729797, 0.20310330390930176, 0.10976877063512802], "(3, 2, 2, 1)": [0.0, 0.0, 0.0, 0.0, 0.028150497004389763], "(3, 2, 2, 2)": [0.055464841425418854, 0.05758024752140045, 0.0, 0.027536233887076378, 0.02768363244831562], "(2, 2, 2, 3)": [0.0, 0.0, 0.2764935791492462, 0.0, 0.0], "(1, 5, 2, 2)": [0.11919607222080231, 0.08796769380569458, 0.03180288150906563, 0.09052201360464096, 0.1909528523683548], "(1, 6, 2, 2)": [0.10982371866703033, 0.05689070373773575, 0.08641033619642258, 0.18836882710456848, 0.10865214467048645], "(1, 7, 2, 2)": [0.17734599113464355, 0.025208737701177597, 0.8072838187217712, 0.03060956858098507, 0.15923230350017548], "(2, 4, 1, 1)": [0.02954661101102829, 0.0, 0.0, 0.268595427274704, 0.0], "(2, 3, 1, 1)": [0.0, 0.0, 0.028940534219145775, 0.0, 0.0], "(2, 2, 1, 1)": [0.0, 0.031195448711514473, 0.0, 0.0, 0.9949930906295776], "(2, 1, 1, 1)": [0.18288934230804443, 0.0, 0.0, 0.18440602719783783, 0.0], "(2, 5, 3, 3)": [0.0, 0.0, 0.0, 0.057032763957977295, 0.0], "(2, 6, 3, 3)": [0.0, 0.5171017050743103, 0.0, 0.05496431514620781, 0.025658832862973213], "(1, 4, 2, 2)": [0.17549604177474976, 0.1770504266023636, 0.17818379402160645, 0.2095973640680313, 0.1188090443611145], "(1, 3, 2, 2)": [0.1491018682718277, 0.031444206833839417, 0.08596983551979065, 0.030133627355098724, 0.2542771100997925], "(1, 7, 2, 3)": [0.0, 0.0, 0.025410693138837814, 0.0, 0.5016306042671204], "(1, 1, 2, 2)": [1.3023420572280884, 0.05214765667915344, 0.0, 0.0, 0.0], "(3, 5, 2, 3)": [0.0, 0.0, 0.0, 0.057656772434711456, 0.0], "(3, 6, 2, 3)": [0.0, 0.0, 0.0, 0.05486352741718292, 0.02617158181965351], "(3, 7, 3, 3)": [0.0, 0.0, 0.6865803599357605, 0.0, 0.0], "(1, 2, 2, 2)": [0.11394944787025452, 0.13000492751598358, 0.07171911746263504, 0.0, 0.06496505439281464], "(1, 2, 2, 1)": [0.0, 0.0, 0.0, 0.026756035163998604, 0.0], "(1, 1, 2, 1)": [0.04698137938976288, 0.8583201169967651, 0.0, 0.711438775062561, 0.0], "(2, 3, 1, 2)": [0.0, 0.0, 0.0, 0.0, 0.9865462779998779], "(1, 4, 2, 3)": [0.034880053251981735, 0.0, 0.0, 0.0, 0.0], "(1, 5, 2, 3)": [0.0, 0.0, 0.0, 0.0, 0.04941471293568611], "(2, 4, 3, 3)": [0.0, 1.1180140972137451, 0.0, 0.0, 0.0]}}