{"q_values": {"(2, 5, 2, 2)": [2.647427558898926, 2.3957715034484863, 2.5523970127105713, 2.866654634475708, 2.5574917793273926], "(2, 6, 2, 2)": [1.9599395990371704, 2.1011829376220703, 2.238983631134033, 2.0353963375091553, 2.2125022411346436], "(2, 7, 2, 2)": [1.4238628149032593, 1.4100393056869507, 1.0579618215560913, 1.0102373361587524, 1.2084441184997559], "(2, 3, 2, 2)": [3.069157123565674, 3.201246738433838, 3.018191337585449, 3.1923513412475586, 3.146078109741211], "(2, 1, 2, 2)": [0.9240983128547668, 0.9697227478027344, 1.0383391380310059, 1.133393406867981, 1.124168038368225], "(2, 2, 2, 2)": [2.207005500793457, 2.4419190883636475, 2.4431140422821045, 2.396613597869873, 2.4134933948516846], "(2, 1, 2, 1)": [0.01767582818865776, -0.05987822636961937, 0.0, -0.03320246562361717, 0.11794941872358322], "(2, 6, 2, 3)": [0.07182927429676056, 0.129179447889328, 0.027056433260440826, 0.08147275447845459, 0.07880941778421402], "(2, 7, 2, 3)": [0.03366141393780708, -0.023031920194625854, -0.008454708382487297, 0.04162568598985672, -0.06112369894981384], "(2, 4, 2, 2)": [3.1916372776031494, 3.1577837467193604, 3.0164899826049805, 3.0090243816375732, 3.0865554809570312], "(2, 5, 2, 3)": [0.07214861363172531, 0.0, 0.0, 0.029517970979213715, 0.08780254423618317], "(2, 2, 2, 1)": [0.02747882530093193, 0.1037987619638443, 0.03482727333903313, 0.026194706559181213, 0.0574478954076767], "(2, 3, 2, 3)": [0.0, 0.0, 0.0, 0.02998531050980091, 0.0], "(2, 4, 2, 3)": [0.0, 0.06235438585281372, 0.0, 0.0, 0.030477751046419144], "(2, 3, 2, 1)": [0.028497150167822838, 0.057621248066425323, 0.0, 0.12004847824573517, 0.029159141704440117], "(2, 5, 2, 1)": [0.0, 0.0, 0.0, 0.06559685617685318, 0.0], "(2, 4, 2, 1)": [0.031372152268886566, 0.031444814056158066, 0.0, 0.0, 0.0], "(2, 7, 3, 3)": [0.0, -0.017459800466895103, 0.0, 0.0, 0.0]}}