{"q_values": {"(2, 5, 2, 2)": [22.86948013305664, 23.02523422241211, 23.08306884765625, 22.288532257080078, 22.441390991210938], "(2, 6, 2, 2)": [20.45063591003418, 20.629192352294922, 20.691503524780273, 20.315824508666992, 19.937088012695312], "(2, 7, 2, 2)": [18.108970642089844, 18.1787052154541, 18.30150604248047, 17.537141799926758, 17.801786422729492], "(2, 3, 2, 2)": [21.903820037841797, 22.205007553100586, 22.49907684326172, 22.339210510253906, 22.121103286743164], "(2, 1, 2, 2)": [18.110000610351562, 18.56580352783203, 18.74436378479004, 18.76390266418457, 18.557912826538086], "(2, 2, 2, 2)": [20.453645706176758, 20.774229049682617, 21.07137680053711, 20.718463897705078, 20.860437393188477], "(2, 1, 2, 1)": [1.3616533279418945, 1.2946515083312988, 2.977336883544922, 3.831961154937744, 6.631277084350586], "(2, 6, 2, 3)": [3.2587080001831055, 3.271925210952759, 0.8765366077423096, 0.3375582695007324, 0.2501131594181061], "(2, 7, 2, 3)": [1.999294400215149, 4.024848937988281, 3.464076042175293, 0.5266658067703247, 0.9025918841362], "(2, 4, 2, 2)": [23.122034072875977, 23.921911239624023, 23.86227035522461, 23.690153121948242, 23.707805633544922], "(2, 5, 2, 3)": [4.094976425170898, 2.4719016551971436, 0.9738227725028992, 0.15020744502544403, 0.4043024778366089], "(2, 2, 2, 1)": [0.4612939655780792, 0.8290531635284424, 1.0730080604553223, 3.1458492279052734, 4.147984027862549], "(2, 3, 2, 3)": [0.0, 0.0, 0.03213246911764145, 0.12048722803592682, 0.06344309449195862], "(2, 4, 2, 3)": [1.7867711782455444, 2.09633731842041, 0.1846211850643158, 0.09452736377716064, 0.1988963484764099], "(2, 3, 2, 1)": [0.21991634368896484, 0.3922405540943146, 0.9789066314697266, 2.568397283554077, 2.378856658935547], "(2, 5, 2, 1)": [0.0, 0.0, 0.5848263502120972, 0.7842639088630676, 0.3694083094596863], "(2, 4, 2, 1)": [0.08992915600538254, 0.15345154702663422, 0.7710497975349426, 1.466747522354126, 0.758708655834198], "(2, 7, 3, 3)": [0.0, -0.017459800466895103, 0.0, 0.25593146681785583, 0.0], "(2, 6, 2, 1)": [0.0, 0.0, 0.11164463311433792, 0.0, 0.6645422577857971], "(3, 4, 2, 2)": [0.2617693543434143, 0.20621895790100098, 0.27945250272750854, 0.1250729262828827, 0.06342905014753342], "(3, 3, 2, 2)": [0.11674389243125916, 0.11563993245363235, 0.0, 0.059536080807447433, 0.25653964281082153], "(2, 3, 3, 2)": [0.0, 0.19293510913848877, 0.0, 0.0, 0.0], "(3, 6, 2, 2)": [0.1405395269393921, 0.2247428148984909, 0.2009386420249939, 0.171500101685524, 0.20574836432933807], "(3, 7, 2, 2)": [0.3995790183544159, 0.1655271351337433, 0.26595067977905273, 0.08667010068893433, 0.6489097476005554], "(3, 5, 2, 2)": [0.029634667560458183, 0.09030809253454208, 0.09190092980861664, 0.11734335869550705, 0.08898574858903885], "(3, 1, 2, 2)": [0.17115062475204468, 0.05310659110546112, 0.5731905102729797, 0.20310330390930176, 0.10976877063512802], "(3, 2, 2, 1)": [0.0, 0.0, 0.0, 0.0, 0.028150497004389763], "(3, 2, 2, 2)": [0.055464841425418854, 0.05758024752140045, 0.0, 0.027536233887076378, 0.02768363244831562], "(2, 2, 2, 3)": [0.0, 0.0, 0.2764935791492462, 0.0, 0.0], "(1, 5, 2, 2)": [0.11919607222080231, 0.08796769380569458, 0.03180288150906563, 0.09052201360464096, 0.16628101468086243], "(1, 6, 2, 2)": [0.10982371866703033, 0.05689070373773575, 0.08641033619642258, 0.10751080513000488, 0.055951379239559174], "(1, 7, 2, 2)": [0.17734599113464355, 0.025208737701177597, 0.8072838187217712, 0.03060956858098507, 0.15923230350017548], "(2, 4, 1, 1)": [0.02954661101102829, 0.0, 0.0, 0.0, 0.0], "(2, 3, 1, 1)": [0.0, 0.0, 0.028940534219145775, 0.0, 0.0], "(2, 2, 1, 1)": [0.0, 0.031195448711514473, 0.0, 0.0, 0.29758474230766296], "(2, 1, 1, 1)": [0.18288934230804443, 0.0, 0.0, 0.18440602719783783, 0.0], "(2, 5, 3, 3)": [0.0, 0.0, 0.0, 0.057032763957977295, 0.0], "(2, 6, 3, 3)": [0.0, 0.5171017050743103, 0.0, 0.05496431514620781, 0.025658832862973213], "(1, 4, 2, 2)": [0.1501171588897705, 0.14705361425876617, 0.14732274413108826, 0.17970740795135498, 0.09156204015016556], "(1, 3, 2, 2)": [0.02983184903860092, 0.0, 0.02978004328906536, 0.0, 0.11950220167636871]}}