{"q_values": {"(2, 5, 2, 2)": [72.07655334472656, 73.5538330078125, 73.41526794433594, 73.35037994384766, 72.80585479736328], "(2, 6, 2, 2)": [72.1219253540039, 72.14418029785156, 72.2882080078125, 72.18054962158203, 69.64278411865234], "(2, 7, 2, 2)": [69.89329528808594, 70.00281524658203, 69.74262237548828, 69.41050720214844, 68.3768539428711], "(2, 3, 2, 2)": [70.5859146118164, 69.86164855957031, 71.050537109375, 71.21440124511719, 70.60955810546875], "(2, 1, 2, 2)": [67.62493133544922, 68.53539276123047, 67.87052917480469, 68.17241668701172, 68.20010375976562], "(2, 2, 2, 2)": [68.89942932128906, 69.336181640625, 70.1944808959961, 70.40703582763672, 70.06881713867188], "(2, 1, 2, 1)": [31.402341842651367, 26.558223724365234, 28.01895523071289, 28.427982330322266, 47.67770767211914], "(2, 6, 2, 3)": [38.80093765258789, 27.64602279663086, 20.418630599975586, 7.471549034118652, 9.515337944030762], "(2, 7, 2, 3)": [35.60160827636719, 43.09090042114258, 33.372859954833984, 27.482826232910156, 26.21324348449707], "(2, 4, 2, 2)": [71.19453430175781, 71.51275634765625, 72.25580596923828, 71.99085235595703, 69.34046936035156], "(2, 5, 2, 3)": [29.7164363861084, 27.84471893310547, 22.106842041015625, 4.157951831817627, 6.616509437561035], "(2, 2, 2, 1)": [10.110649108886719, 11.191131591796875, 16.489748001098633, 24.238271713256836, 36.617977142333984], "(2, 3, 2, 3)": [8.689521789550781, 7.643865585327148, 9.723636627197266, 1.2107398509979248, 0.959132194519043], "(2, 4, 2, 3)": [12.341619491577148, 26.77192497253418, 13.738314628601074, 3.9447689056396484, 2.163243532180786], "(2, 3, 2, 1)": [4.7526984214782715, 5.47975492477417, 11.067121505737305, 33.08314514160156, 25.733325958251953], "(2, 5, 2, 1)": [0.12848985195159912, 1.0243566036224365, 8.939901351928711, 7.488872051239014, 9.651443481445312], "(2, 4, 2, 1)": [2.3900179862976074, 2.446425437927246, 8.785530090332031, 15.507431983947754, 23.134204864501953], "(2, 7, 3, 3)": [0.0, -0.017459800466895103, 1.9327749013900757, 0.25593146681785583, 1.3346171379089355], "(2, 6, 2, 1)": [0.04893524944782257, 0.034966807812452316, 1.1621315479278564, 2.136251926422119, 0.6645422577857971], "(3, 4, 2, 2)": [0.4781835079193115, 0.3444521129131317, 0.4926277697086334, 1.7956916093826294, 0.2967810332775116], "(3, 3, 2, 2)": [0.5036945343017578, 0.6936642527580261, 0.63370281457901, 0.47147685289382935, 0.7482412457466125], "(2, 3, 3, 2)": [0.0, 0.19293510913848877, 0.0, 0.0, 0.0], "(3, 6, 2, 2)": [1.2480717897415161, 1.0735739469528198, 0.9538147449493408, 2.15645432472229, 1.464235544204712], "(3, 7, 2, 2)": [4.954455852508545, 3.7614238262176514, 3.9492411613464355, 10.087386131286621, 5.852405548095703], "(3, 5, 2, 2)": [0.6454790234565735, 0.5805849432945251, 0.7303120493888855, 0.6259250640869141, 1.1054651737213135], "(3, 1, 2, 2)": [5.871140480041504, 1.7538206577301025, 3.855776309967041, 3.064650535583496, 0.6934574246406555], "(3, 2, 2, 1)": [0.0, 0.02830933965742588, 0.0, 0.026698235422372818, 0.06356549263000488], "(3, 2, 2, 2)": [0.40382808446884155, 0.34571051597595215, 0.22087380290031433, 0.21339987218379974, 0.02768363244831562], "(2, 2, 2, 3)": [0.0, 2.028308629989624, 0.2764935791492462, 0.04314063489437103, 0.0], "(1, 5, 2, 2)": [0.6610562205314636, 0.6332613825798035, 2.16264271736145, 0.6132892966270447, 0.5050225257873535], "(1, 6, 2, 2)": [0.4353623688220978, 0.4976598024368286, 0.43574613332748413, 0.5634559392929077, 0.9873960614204407], "(1, 7, 2, 2)": [6.298908233642578, 0.8550645112991333, 4.394856929779053, 2.8569729328155518, 2.616633892059326], "(2, 4, 1, 1)": [0.02954661101102829, 0.0, 0.0, 0.268595427274704, 0.0], "(2, 3, 1, 1)": [0.0, 0.0, 0.028940534219145775, 0.0, 0.0], "(2, 2, 1, 1)": [0.0, 0.06225632131099701, 0.0, 0.0, 1.2618294954299927], "(2, 1, 1, 1)": [1.352020263671875, 0.0, 0.0, 1.8952572345733643, 0.4353715777397156], "(2, 5, 3, 3)": [0.5239105820655823, 0.6402232050895691, 0.04391792416572571, 0.057032763957977295, 0.030955173075199127], "(2, 6, 3, 3)": [1.052781581878662, 0.5171017050743103, 0.5932179689407349, 0.05496431514620781, 0.025658832862973213], "(1, 4, 2, 2)": [0.43185189366340637, 0.4503364861011505, 0.41934704780578613, 0.5935739874839783, 0.5199983716011047], "(1, 3, 2, 2)": [0.5509037971496582, 0.2998873293399811, 0.5279502272605896, 0.45557838678359985, 0.48846539855003357], "(1, 7, 2, 3)": [0.17736069858074188, 1.1082266569137573, 1.5377697944641113, 0.031273506581783295, 1.561946153640747], "(1, 1, 2, 2)": [8.827889442443848, 4.675546646118164, 4.768163204193115, 8.937017440795898, 4.052907466888428], "(3, 5, 2, 3)": [0.0, 0.0, 0.0, 0.057656772434711456, 0.0], "(3, 6, 2, 3)": [0.0, 0.0, 0.0, 0.05486352741718292, 0.02617158181965351], "(3, 7, 3, 3)": [0.0, 0.0, 0.6865803599357605, 0.0, 0.0], "(1, 2, 2, 2)": [0.9725525975227356, 0.7034475803375244, 0.5092954635620117, 0.81395423412323, 0.33295372128486633], "(1, 2, 2, 1)": [0.0, 0.0, 0.0, 0.026756035163998604, 0.0], "(1, 1, 2, 1)": [1.1036980152130127, 0.8583201169967651, 0.0, 0.711438775062561, 0.0], "(2, 3, 1, 2)": [0.0, 0.0, 0.0, 0.0, 0.9865462779998779], "(1, 4, 2, 3)": [0.034880053251981735, 0.03244931250810623, 0.0, 0.0, 0.0], "(1, 5, 2, 3)": [0.0, 0.0, 0.0, 0.0, 0.04941471293568611], "(2, 4, 3, 3)": [0.0, 3.1511049270629883, 0.8091824650764465, 0.029569920152425766, 0.0], "(2, 5, 1, 2)": [0.0, 0.0, 0.0, 0.0, 1.2393845319747925], "(3, 7, 2, 3)": [0.0, 0.07367099076509476, 0.0, 1.0034096240997314, 0.0], "(1, 6, 2, 3)": [0.0, 0.0, 0.060267023742198944, 0.0, 0.059735529124736786], "(3, 4, 2, 1)": [0.0, 0.0, 0.0, 0.03757285326719284, 0.03938349708914757], "(1, 3, 1, 2)": [0.0, 0.0, 0.0, 0.0, 0.03343399241566658], "(1, 3, 2, 3)": [0.042344558984041214, 0.0, 0.0, 0.0, 0.0], "(2, 3, 3, 3)": [0.0, 0.0, 0.0, 0.02997138351202011, 0.029751203954219818], "(3, 1, 2, 1)": [0.02485128864645958, 3.9564576148986816, 0.0, 0.034045055508613586, 0.0]}}