{"q_values": {"(3, 7, 2, 2)": [0.0, 0.0, 0.0, 0.0, 0.0, 0.0, 0.0, 0.0, 0.0, 0.0, 0.29775482416152954], "(3, 7, 3, 3)": [0.0, 0.0, 0.2955412268638611, 0.0, 0.2962955832481384, 0.0, 0.0, 0.0, 0.0, 0.0, 0.0], "(3, 8, 3, 3)": [0.0, 0.0, 0.4927904009819031, 0.3359467685222626, 0.0, 0.0, 0.0, 0.0, 0.0, 0.0, 0.548947811126709], "(3, 8, 2, 3)": [0.0, 0.2922450304031372, 0.0, 0.0, 0.0, 0.0, 0.0, 0.0, 0.0, 0.0, 0.0], "(3, 8, 2, 2)": [0.0, 0.0, 0.0, 0.0, 0.33990055322647095, 0.2940959632396698, 0.0, 0.0, 0.0, 0.2964140474796295, 0.0], "(3, 7, 2, 3)": [0.0, 0.0, 0.0, 0.0, 0.0, 0.0, 0.0, 0.0, 0.3460078835487366, 0.0, 0.0], "(3, 9, 3, 3)": [0.0, 0.3294694423675537, 0.28611329197883606, 0.28670811653137207, 0.0, 0.0, 0.0, 0.3202735483646393, 0.3253002464771271, 0.0, 0.0], "(3, 9, 2, 2)": [0.0, 0.0, 0.0, 0.0, 0.0, 0.0, 0.2859729826450348, 0.5636997818946838, 0.5689429044723511, 0.0, 0.0], "(3, 9, 2, 3)": [0.33478307723999023, 0.0, 0.0, 0.0, 0.0, 0.0, 0.32801228761672974, 0.0, 0.0, 0.27765822410583496, 0.33036088943481445], "(3, 10, 3, 3)": [0.4980538785457611, 0.0, 0.0, 0.27436333894729614, 0.0, 0.0, 0.312357097864151, 0.313102662563324, 0.0, 0.30392226576805115, 0.0], "(3, 11, 2, 3)": [0.0, 0.2569526731967926, 0.0, 0.0, 0.0, 0.0, 0.0, 0.2611360549926758, 0.0, 0.0, 0.0], "(3, 11, 3, 3)": [0.0, 0.0, 0.0, 0.29488837718963623, 0.0, 0.25787225365638733, 0.0, 0.0, -0.4651525318622589, 0.0, 0.0], "(3, 11, 2, 2)": [0.0, 0.26214277744293213, 0.0, 0.26924020051956177, 0.0, 0.0, 0.0, 0.0, 0.0, 0.0, 0.0], "(3, 10, 2, 2)": [0.0, 0.32360386848449707, 0.0, 0.0, 0.3254822790622711, 0.0, 0.0, 0.2746719717979431, 0.3179871439933777, 0.0, 0.0], "(4, 4, 2, 3)": [0.0, 0.0, 0.0, 0.0, 0.0, 0.0, 0.0, 0.0, 0.0, 0.0, 0.0]}}