{"q_values": {"(2, 5, 2, 2)": [688.2433471679688, 699.5836181640625, 702.516845703125, 700.0574951171875, 698.953857421875], "(2, 6, 2, 2)": [696.23876953125, 693.35009765625, 695.0706176757812, 699.7198486328125, 695.3651123046875], "(2, 7, 2, 2)": [696.9523315429688, 700.3524780273438, 696.0558471679688, 697.2809448242188, 692.9288940429688], "(2, 3, 2, 2)": [698.8763427734375, 702.2139282226562, 703.740966796875, 698.6187744140625, 698.9691772460938], "(2, 1, 2, 2)": [701.1886596679688, 701.4314575195312, 702.3084716796875, 703.6974487304688, 699.0598754882812], "(2, 2, 2, 2)": [703.2401733398438, 704.3656616210938, 707.1641235351562, 700.74169921875, 691.1461791992188], "(2, 4, 2, 2)": [692.9521484375, 697.6708984375, 692.29052734375, 691.7913818359375, 682.7070922851562], "(2, 6, 2, 3)": [553.309814453125, 348.8498229980469, 280.04071044921875, 227.3514404296875, 259.4034118652344], "(2, 2, 2, 1)": [244.3704376220703, 228.18894958496094, 285.6139221191406, 367.9378967285156, 579.302490234375], "(2, 1, 2, 1)": [391.0506286621094, 348.2760314941406, 376.7280578613281, 589.4762573242188, 391.4856262207031], "(2, 3, 2, 3)": [53.60588836669922, 337.5648193359375, 70.26215362548828, 25.688709259033203, 34.059608459472656], "(2, 4, 2, 3)": [180.1522979736328, 404.24993896484375, 143.64630126953125, 86.72972869873047, 107.511962890625], "(2, 7, 2, 3)": [382.89959716796875, 552.3175659179688, 373.82122802734375, 315.518310546875, 324.2477111816406], "(2, 5, 2, 3)": [297.2897644042969, 468.8599853515625, 216.7975311279297, 118.7242431640625, 155.9400634765625], "(2, 3, 2, 1)": [154.0430145263672, 214.4259033203125, 179.04115295410156, 224.1698455810547, 530.6661987304688], "(1, 3, 2, 2)": [10.852336883544922, 5.114863395690918, 3.8102834224700928, 6.507275104522705, 3.0245540142059326], "(1, 2, 2, 2)": [48.384559631347656, 27.090303421020508, 25.868444442749023, 19.81793785095215, 23.483280181884766], "(1, 4, 2, 2)": [8.817938804626465, 7.802074432373047, 9.062373161315918, 8.971973419189453, 16.98423194885254], "(1, 5, 2, 2)": [24.50731086730957, 22.203210830688477, 44.269493103027344, 18.025854110717773, 21.731342315673828], "(1, 6, 2, 2)": [33.55162811279297, 54.65015411376953, 48.94222640991211, 56.033729553222656, 66.58782958984375], "(1, 7, 2, 2)": [128.2200164794922, 151.87548828125, 114.46784973144531, 194.9694061279297, 128.77731323242188], "(2, 2, 1, 1)": [0.281083345413208, 0.5099550485610962, 3.0909698009490967, 9.737993240356445, 6.652221202850342], "(2, 1, 1, 1)": [52.19627380371094, 3.4409642219543457, 2.973663568496704, 1.3627827167510986, 10.187941551208496], "(2, 7, 3, 3)": [9.131487846374512, 0.6914678812026978, 4.989872932434082, 39.4962158203125, 15.321500778198242], "(2, 4, 2, 1)": [69.96100616455078, 102.23433685302734, 228.63465881347656, 164.71456909179688, 406.3554382324219], "(3, 7, 2, 2)": [210.12635803222656, 132.2338409423828, 138.0937042236328, 157.71676635742188, 312.9662170410156], "(2, 5, 2, 1)": [36.05836486816406, 12.140243530273438, 56.65106201171875, 222.83961486816406, 174.9163055419922], "(2, 4, 1, 1)": [0.0, 0.16917677223682404, 5.204235076904297, 22.857614517211914, 17.422809600830078], "(1, 1, 2, 2)": [203.1339569091797, 110.08416748046875, 83.57563781738281, 104.9136962890625, 98.0174331665039], "(3, 3, 2, 2)": [32.43726348876953, 22.670835494995117, 43.00040817260742, 25.47193145751953, 24.891807556152344], "(3, 2, 2, 2)": [106.96883392333984, 67.59931182861328, 59.90755844116211, 64.94255828857422, 56.919586181640625], "(3, 1, 2, 2)": [143.30838012695312, 189.7082061767578, 385.0841064453125, 209.97874450683594, 230.4398651123047], "(2, 6, 3, 3)": [9.565619468688965, 0.0, 0.04206636920571327, 0.6300723552703857, 0.028548723086714745], "(3, 6, 2, 2)": [82.5108413696289, 67.85199737548828, 116.47264099121094, 80.44664764404297, 78.24535369873047], "(3, 5, 2, 2)": [45.51525115966797, 44.802330017089844, 60.44069290161133, 45.642826080322266, 50.925079345703125], "(3, 4, 2, 2)": [37.14141845703125, 28.846506118774414, 28.777912139892578, 27.524349212646484, 43.522979736328125], "(3, 2, 2, 1)": [1.0698076486587524, 0.03355620056390762, 0.5452948212623596, 66.9188003540039, 10.987915992736816], "(3, 3, 2, 1)": [1.1329832077026367, 0.04255109280347824, 0.34206685423851013, 0.0, 3.140897750854492], "(1, 5, 2, 3)": [0.06606347858905792, 1.111043930053711, 0.865772545337677, 0.0553131066262722, 0.028267191722989082], "(1, 6, 2, 3)": [0.0, 7.481834411621094, 0.35836338996887207, 16.598445892333984, 16.412233352661133], "(1, 7, 2, 3)": [7.766885280609131, 19.08550453186035, 3.848905086517334, 95.99388122558594, 23.075654983520508], "(2, 2, 2, 3)": [12.980667114257812, 87.89483642578125, 0.0, 0.0, 9.082514762878418], "(3, 6, 2, 3)": [0.0, 3.1053802967071533, 0.0, 0.027122829109430313, 0.2284826785326004], "(3, 7, 2, 3)": [16.308019638061523, 1.9845155477523804, 13.388258934020996, 0.0, 5.054035663604736], "(3, 7, 3, 3)": [0.0, 0.0, 5.815621852874756, 6.538180828094482, 0.0], "(2, 6, 2, 1)": [5.0189104080200195, 5.746301651000977, 0.0, 9.935060501098633, 34.39939880371094], "(1, 1, 2, 1)": [23.772136688232422, 3.66152286529541, 86.87260437011719, 12.800440788269043, 12.96066951751709], "(3, 5, 3, 2)": [3.1426048278808594, 0.0, 0.0, 0.0, 0.0], "(3, 5, 2, 1)": [0.0, 0.35878854990005493, 0.0, 0.0, 0.0], "(2, 3, 1, 1)": [0.578481912612915, 0.0, 0.9743215441703796, 3.4154179096221924, 18.50562286376953], "(3, 4, 2, 3)": [0.0, 0.03956315293908119, 0.0, 0.0, 0.0], "(3, 4, 3, 3)": [0.05014127492904663, 0.0, 0.0, 0.0, 0.0], "(3, 1, 2, 1)": [58.60063934326172, 16.94023323059082, 35.28893280029297, 48.451499938964844, 76.44355773925781], "(2, 5, 3, 3)": [35.27124786376953, 20.997661590576172, 5.989740371704102, 0.2461867779493332, 0.06176266819238663], "(3, 4, 3, 2)": [0.6650533676147461, 1.29753577709198, 0.0, 0.0, 0.0], "(3, 7, 3, 2)": [0.0, 0.4873523712158203, 0.0, 0.0, 0.0], "(2, 4, 3, 3)": [0.0, 0.0, 0.0, 1.1257352828979492, 0.033927831798791885], "(2, 2, 3, 2)": [0.0, 0.0, 29.914955139160156, 0.0, 0.0], "(2, 3, 3, 2)": [0.0, 0.0, 0.0, 0.0887635350227356, 0.17471466958522797], "(2, 4, 3, 2)": [0.0, 4.824331283569336, 0.0308624729514122, 0.17470793426036835, 0.0], "(2, 3, 3, 3)": [7.9598259925842285, 5.907379627227783, 0.0, 0.0, 0.0], "(2, 4, 1, 2)": [0.02999945543706417, 0.0, 0.030824564397335052, 6.791592597961426, 0.0], "(3, 5, 2, 3)": [0.0, 0.0, 0.0, 0.029497656971216202, 0.0], "(2, 5, 1, 1)": [0.1880272477865219, 1.0589191913604736, 0.0, 0.0, 0.0], "(3, 4, 2, 1)": [0.0, 0.0, 2.2050533294677734, 0.0, 0.0], "(2, 5, 1, 2)": [0.03537904843688011, 0.0, 9.351530075073242, 0.0, 9.248817443847656], "(1, 3, 1, 1)": [0.056681420654058456, 0.0, 0.0, 1.018491506576538, 0.0], "(1, 2, 1, 1)": [0.0, 0.026179565116763115, 0.8476166129112244, 0.0, 2.596801996231079], "(1, 1, 1, 1)": [0.0, 0.0, 0.024836521595716476, 0.0, 12.988860130310059], "(2, 6, 1, 2)": [0.0, 0.334505170583725, 10.2811918258667, 0.0, 0.0], "(1, 4, 1, 1)": [0.0, 0.0, 0.0, 0.3950740694999695, 0.0], "(1, 4, 1, 2)": [0.12170377373695374, 0.03364897519350052, 0.033640358597040176, 0.0, 0.3935720920562744], "(1, 3, 1, 2)": [0.05931492894887924, 0.0, 0.0, 0.11765901744365692, 0.0], "(1, 2, 2, 1)": [0.0, 2.1630547046661377, 0.15351946651935577, 0.0, 0.0], "(1, 2, 1, 2)": [0.0, 0.0, 3.9288032054901123, 0.0, 0.0], "(1, 4, 2, 3)": [0.5483524203300476, 0.0, 0.0, 0.0, 0.0], "(1, 6, 1, 2)": [0.0, 0.13957570493221283, 0.0, 0.0, 0.0], "(1, 5, 1, 2)": [0.06225915998220444, 0.0, 0.060501277446746826, 0.0, 0.0]}}