{"q_values": {"(2, 5, 2, 2)": [480.239990234375, 480.9900207519531, 482.50469970703125, 481.11541748046875, 474.4740295410156], "(2, 6, 2, 2)": [469.9095764160156, 476.6981201171875, 478.55401611328125, 475.0088195800781, 476.07940673828125], "(2, 7, 2, 2)": [473.3283386230469, 474.46258544921875, 475.7017517089844, 473.5824890136719, 472.3348693847656], "(2, 3, 2, 2)": [480.2334899902344, 481.3830261230469, 483.0417785644531, 481.39312744140625, 482.01007080078125], "(2, 1, 2, 2)": [463.8649597167969, 471.5242004394531, 466.3074951171875, 466.6606750488281, 466.77166748046875], "(2, 2, 2, 2)": [470.6214904785156, 473.81085205078125, 474.82025146484375, 476.51593017578125, 475.38531494140625], "(2, 4, 2, 2)": [483.94482421875, 483.3880920410156, 485.20709228515625, 483.7947082519531, 479.5833435058594], "(2, 6, 2, 3)": [382.509765625, 202.54779052734375, 184.34561157226562, 165.74742126464844, 166.9445037841797], "(2, 2, 2, 1)": [147.00730895996094, 135.13949584960938, 213.40528869628906, 228.33807373046875, 335.6414489746094], "(2, 1, 2, 1)": [231.65220642089844, 230.9319305419922, 241.24114990234375, 355.1443786621094, 234.0693817138672], "(2, 3, 2, 3)": [16.506160736083984, 144.3917999267578, 19.865345001220703, 4.97235107421875, 18.774784088134766], "(2, 4, 2, 3)": [106.98795318603516, 229.8676300048828, 103.68151092529297, 73.09983825683594, 58.76295852661133], "(2, 7, 2, 3)": [274.89703369140625, 370.9621276855469, 250.09744262695312, 220.2647705078125, 219.67417907714844], "(2, 5, 2, 3)": [202.43057250976562, 324.2863464355469, 159.6040496826172, 62.05113220214844, 107.86971282958984], "(2, 3, 2, 1)": [103.55596160888672, 137.3192138671875, 129.87950134277344, 165.5269775390625, 335.5543518066406], "(1, 3, 2, 2)": [8.655862808227539, 3.382005214691162, 3.5636184215545654, 4.697990894317627, 2.578866720199585], "(1, 2, 2, 2)": [32.833534240722656, 26.175514221191406, 24.968576431274414, 11.162674903869629, 14.294771194458008], "(1, 4, 2, 2)": [7.343612194061279, 7.6175689697265625, 8.558233261108398, 8.223129272460938, 12.422389030456543], "(1, 5, 2, 2)": [17.83845329284668, 9.498042106628418, 22.277246475219727, 10.941976547241211, 10.122806549072266], "(1, 6, 2, 2)": [18.954814910888672, 18.178836822509766, 29.92168426513672, 25.567209243774414, 52.152774810791016], "(1, 7, 2, 2)": [86.23048400878906, 149.85784912109375, 78.4812240600586, 102.36951446533203, 108.04547119140625], "(2, 2, 1, 1)": [0.281083345413208, 0.5099550485610962, 3.0909698009490967, 9.737993240356445, 6.652221202850342], "(2, 1, 1, 1)": [19.993045806884766, 3.4409642219543457, 2.973663568496704, 1.3627827167510986, 10.187941551208496], "(2, 7, 3, 3)": [9.131487846374512, 0.6914678812026978, 4.989872932434082, 6.2084641456604, 0.07240787893533707], "(2, 4, 2, 1)": [38.87675476074219, 83.78514862060547, 132.9854278564453, 114.88211059570312, 273.31536865234375], "(3, 7, 2, 2)": [60.670814514160156, 47.29225158691406, 55.87031936645508, 79.70285034179688, 131.49209594726562], "(2, 5, 2, 1)": [14.678421974182129, 8.338082313537598, 51.93702697753906, 122.4023208618164, 64.66543579101562], "(2, 4, 1, 1)": [0.0, 0.16917677223682404, 5.204235076904297, 7.432178020477295, 17.422809600830078], "(1, 1, 2, 2)": [174.725830078125, 103.04109191894531, 77.92463684082031, 85.8802490234375, 55.09010314941406], "(3, 3, 2, 2)": [11.43486499786377, 11.361039161682129, 22.817901611328125, 8.830609321594238, 14.166064262390137], "(3, 2, 2, 2)": [54.27949905395508, 16.27478790283203, 16.24370574951172, 34.94550323486328, 25.909297943115234], "(3, 1, 2, 2)": [78.43595886230469, 74.66381072998047, 153.11146545410156, 76.96417236328125, 82.97749328613281], "(2, 6, 3, 3)": [9.565619468688965, 0.0, 0.04206636920571327, 0.6300723552703857, 0.028548723086714745], "(3, 6, 2, 2)": [28.287982940673828, 10.694560050964355, 38.38737487792969, 19.20071792602539, 21.19427490234375], "(3, 5, 2, 2)": [21.30643653869629, 6.827682018280029, 20.289714813232422, 8.804778099060059, 7.781559467315674], "(3, 4, 2, 2)": [35.273494720458984, 10.689906120300293, 8.90851879119873, 12.530374526977539, 11.889570236206055], "(3, 2, 2, 1)": [1.0698076486587524, 0.03355620056390762, 0.4249265789985657, 3.5215225219726562, 0.5108298659324646], "(3, 3, 2, 1)": [0.9700085520744324, 0.04255109280347824, 0.0, 0.0, 0.11454297602176666], "(1, 5, 2, 3)": [0.06606347858905792, 1.111043930053711, 0.865772545337677, 0.0553131066262722, 0.028267191722989082], "(1, 6, 2, 3)": [0.0, 1.1377294063568115, 0.35836338996887207, 1.8251359462738037, 0.028125043958425522], "(1, 7, 2, 3)": [7.766885280609131, 0.9927340745925903, 3.848905086517334, 48.145729064941406, 21.364547729492188], "(2, 2, 2, 3)": [12.980667114257812, 15.924689292907715, 0.0, 0.0, 0.26238200068473816], "(3, 6, 2, 3)": [0.0, 0.0, 0.0, 0.027122829109430313, 0.2284826785326004], "(3, 7, 2, 3)": [9.385798454284668, 1.9845155477523804, 13.388258934020996, 0.0, 5.054035663604736], "(3, 7, 3, 3)": [0.0, 0.0, 5.815621852874756, 6.538180828094482, 0.0], "(2, 6, 2, 1)": [5.0189104080200195, 5.746301651000977, 0.0, 9.935060501098633, 34.39939880371094], "(1, 1, 2, 1)": [0.0, 3.66152286529541, 29.0845890045166, 12.800440788269043, 12.96066951751709], "(3, 5, 3, 2)": [0.0341029092669487, 0.0, 0.0, 0.0, 0.0], "(3, 5, 2, 1)": [0.0, 0.35878854990005493, 0.0, 0.0, 0.0], "(2, 3, 1, 1)": [0.578481912612915, 0.0, 0.9743215441703796, 3.4154179096221924, 7.032608985900879], "(3, 4, 2, 3)": [0.0, 0.03956315293908119, 0.0, 0.0, 0.0], "(3, 4, 3, 3)": [0.05014127492904663, 0.0, 0.0, 0.0, 0.0], "(3, 1, 2, 1)": [29.42591094970703, 0.0, 0.5060556530952454, 0.0, 33.180999755859375], "(2, 5, 3, 3)": [5.831104278564453, 0.0, 5.989740371704102, 0.2461867779493332, 0.06176266819238663], "(3, 4, 3, 2)": [0.6650533676147461, 0.0, 0.0, 0.0, 0.0], "(3, 7, 3, 2)": [0.0, 0.4873523712158203, 0.0, 0.0, 0.0], "(2, 4, 3, 3)": [0.0, 0.0, 0.0, 0.03893950954079628, 0.033927831798791885], "(2, 2, 3, 2)": [0.0, 0.0, 12.612157821655273, 0.0, 0.0], "(2, 3, 3, 2)": [0.0, 0.0, 0.0, 0.05890467390418053, 0.0], "(2, 4, 3, 2)": [0.0, 4.824331283569336, 0.0, 0.0, 0.0], "(2, 3, 3, 3)": [7.9598259925842285, 5.907379627227783, 0.0, 0.0, 0.0], "(2, 4, 1, 2)": [0.02999945543706417, 0.0, 0.030824564397335052, 6.791592597961426, 0.0], "(3, 5, 2, 3)": [0.0, 0.0, 0.0, 0.029497656971216202, 0.0], "(2, 5, 1, 1)": [0.1880272477865219, 0.5218919515609741, 0.0, 0.0, 0.0], "(3, 4, 2, 1)": [0.0, 0.0, 0.17260512709617615, 0.0, 0.0], "(2, 5, 1, 2)": [0.03537904843688011, 0.0, 9.351530075073242, 0.0, 9.248817443847656], "(1, 3, 1, 1)": [0.056681420654058456, 0.0, 0.0, 1.018491506576538, 0.0], "(1, 2, 1, 1)": [0.0, 0.026179565116763115, 0.8476166129112244, 0.0, 2.596801996231079], "(1, 1, 1, 1)": [0.0, 0.0, 0.024836521595716476, 0.0, 12.988860130310059], "(2, 6, 1, 2)": [0.0, 0.334505170583725, 10.2811918258667, 0.0, 0.0], "(1, 4, 1, 1)": [0.0, 0.0, 0.0, 0.3950740694999695, 0.0], "(1, 4, 1, 2)": [0.12170377373695374, 0.03364897519350052, 0.033640358597040176, 0.0, 0.3935720920562744], "(1, 3, 1, 2)": [0.05931492894887924, 0.0, 0.0, 0.11765901744365692, 0.0], "(1, 2, 2, 1)": [0.0, 0.0, 0.12606917321681976, 0.0, 0.0], "(1, 2, 1, 2)": [0.0, 0.0, 3.9288032054901123, 0.0, 0.0], "(1, 4, 2, 3)": [0.5483524203300476, 0.0, 0.0, 0.0, 0.0], "(1, 6, 1, 2)": [0.0, 0.13957570493221283, 0.0, 0.0, 0.0], "(1, 5, 1, 2)": [0.06225915998220444, 0.0, 0.060501277446746826, 0.0, 0.0]}}