{"q_values": {"(2, 5, 2, 2)": [658.0079345703125, 658.2860717773438, 660.5763549804688, 652.5765991210938, 658.6129760742188], "(2, 6, 2, 2)": [656.786865234375, 656.7940063476562, 658.1558837890625, 655.9651489257812, 656.9537963867188], "(2, 7, 2, 2)": [650.4111328125, 650.2903442382812, 652.6590576171875, 650.7531127929688, 649.8588256835938], "(2, 3, 2, 2)": [644.1835327148438, 647.5209350585938, 644.2756958007812, 644.5103149414062, 641.2387084960938], "(2, 1, 2, 2)": [643.2987060546875, 648.214111328125, 651.5682983398438, 647.805419921875, 648.138427734375], "(2, 2, 2, 2)": [643.5609741210938, 645.0540771484375, 649.0333251953125, 644.8375854492188, 642.5613403320312], "(2, 4, 2, 2)": [649.8820190429688, 652.1007080078125, 655.2677612304688, 653.4816284179688, 652.2717895507812], "(2, 6, 2, 3)": [532.8795776367188, 348.8498229980469, 280.04071044921875, 227.3514404296875, 259.4034118652344], "(2, 2, 2, 1)": [191.09625244140625, 219.3072509765625, 254.8874969482422, 337.4272155761719, 504.8647766113281], "(2, 1, 2, 1)": [367.1716613769531, 330.95733642578125, 316.06427001953125, 534.4506225585938, 362.48779296875], "(2, 3, 2, 3)": [33.47416687011719, 303.7723388671875, 50.91714096069336, 16.012548446655273, 34.059608459472656], "(2, 4, 2, 3)": [164.07110595703125, 366.6333923339844, 136.11788940429688, 86.72972869873047, 110.80494689941406], "(2, 7, 2, 3)": [373.1422119140625, 530.2567138671875, 355.0377197265625, 304.1118469238281, 324.2477111816406], "(2, 5, 2, 3)": [285.010009765625, 462.77557373046875, 216.7975311279297, 118.7242431640625, 155.9400634765625], "(2, 3, 2, 1)": [154.0430145263672, 180.56808471679688, 129.87950134277344, 178.7026824951172, 504.76971435546875], "(1, 3, 2, 2)": [10.793466567993164, 4.908616542816162, 3.5636184215545654, 5.18393611907959, 3.0245540142059326], "(1, 2, 2, 2)": [48.272823333740234, 26.40386390686035, 25.868444442749023, 13.51922607421875, 17.550235748291016], "(1, 4, 2, 2)": [8.817938804626465, 7.802074432373047, 8.558233261108398, 8.463128089904785, 16.07330322265625], "(1, 5, 2, 2)": [24.50731086730957, 21.513866424560547, 43.50252151489258, 18.025854110717773, 21.027725219726562], "(1, 6, 2, 2)": [31.33357810974121, 49.58772659301758, 48.94222640991211, 51.65991973876953, 67.90729522705078], "(1, 7, 2, 2)": [128.2200164794922, 151.87548828125, 114.46784973144531, 183.17376708984375, 126.59146118164062], "(2, 2, 1, 1)": [0.281083345413208, 0.5099550485610962, 3.0909698009490967, 9.737993240356445, 6.652221202850342], "(2, 1, 1, 1)": [52.19627380371094, 3.4409642219543457, 2.973663568496704, 1.3627827167510986, 10.187941551208496], "(2, 7, 3, 3)": [9.131487846374512, 0.6914678812026978, 4.989872932434082, 39.4962158203125, 15.321500778198242], "(2, 4, 2, 1)": [69.96100616455078, 102.23433685302734, 228.63465881347656, 164.71456909179688, 389.161376953125], "(3, 7, 2, 2)": [210.12635803222656, 122.33799743652344, 133.02491760253906, 149.42079162597656, 250.06546020507812], "(2, 5, 2, 1)": [14.678421974182129, 12.140243530273438, 56.65106201171875, 208.07989501953125, 158.78602600097656], "(2, 4, 1, 1)": [0.0, 0.16917677223682404, 5.204235076904297, 7.432178020477295, 17.422809600830078], "(1, 1, 2, 2)": [187.79531860351562, 107.65071105957031, 83.57563781738281, 104.9136962890625, 79.70082092285156], "(3, 3, 2, 2)": [31.408287048339844, 22.729650497436523, 40.866798400878906, 21.263565063476562, 20.52351951599121], "(3, 2, 2, 2)": [97.394775390625, 58.33041000366211, 48.176300048828125, 62.70581817626953, 54.225223541259766], "(3, 1, 2, 2)": [129.31968688964844, 182.36056518554688, 333.2098388671875, 147.12860107421875, 197.18798828125], "(2, 6, 3, 3)": [9.565619468688965, 0.0, 0.04206636920571327, 0.6300723552703857, 0.028548723086714745], "(3, 6, 2, 2)": [76.85224151611328, 62.14630889892578, 107.0279541015625, 67.48092651367188, 76.36598205566406], "(3, 5, 2, 2)": [42.831382751464844, 43.936031341552734, 55.64113998413086, 43.20008850097656, 51.827362060546875], "(3, 4, 2, 2)": [35.72323226928711, 26.809476852416992, 27.82927131652832, 25.5396728515625, 42.79277801513672], "(3, 2, 2, 1)": [1.0698076486587524, 0.03355620056390762, 0.5452948212623596, 40.63960647583008, 10.987915992736816], "(3, 3, 2, 1)": [1.1329832077026367, 0.04255109280347824, 0.287588506937027, 0.0, 0.11454297602176666], "(1, 5, 2, 3)": [0.06606347858905792, 1.111043930053711, 0.865772545337677, 0.0553131066262722, 0.028267191722989082], "(1, 6, 2, 3)": [0.0, 7.481834411621094, 0.35836338996887207, 16.598445892333984, 0.2286861538887024], "(1, 7, 2, 3)": [7.766885280609131, 19.08550453186035, 3.848905086517334, 77.55194091796875, 23.075654983520508], "(2, 2, 2, 3)": [12.980667114257812, 49.430030822753906, 0.0, 0.0, 9.082514762878418], "(3, 6, 2, 3)": [0.0, 3.1053802967071533, 0.0, 0.027122829109430313, 0.2284826785326004], "(3, 7, 2, 3)": [16.308019638061523, 1.9845155477523804, 13.388258934020996, 0.0, 5.054035663604736], "(3, 7, 3, 3)": [0.0, 0.0, 5.815621852874756, 6.538180828094482, 0.0], "(2, 6, 2, 1)": [5.0189104080200195, 5.746301651000977, 0.0, 9.935060501098633, 34.39939880371094], "(1, 1, 2, 1)": [23.772136688232422, 3.66152286529541, 86.87260437011719, 12.800440788269043, 12.96066951751709], "(3, 5, 3, 2)": [1.340376377105713, 0.0, 0.0, 0.0, 0.0], "(3, 5, 2, 1)": [0.0, 0.35878854990005493, 0.0, 0.0, 0.0], "(2, 3, 1, 1)": [0.578481912612915, 0.0, 0.9743215441703796, 3.4154179096221924, 18.50562286376953], "(3, 4, 2, 3)": [0.0, 0.03956315293908119, 0.0, 0.0, 0.0], "(3, 4, 3, 3)": [0.05014127492904663, 0.0, 0.0, 0.0, 0.0], "(3, 1, 2, 1)": [58.60063934326172, 16.94023323059082, 35.28893280029297, 48.451499938964844, 68.1349105834961], "(2, 5, 3, 3)": [35.27124786376953, 0.0, 5.989740371704102, 0.2461867779493332, 0.06176266819238663], "(3, 4, 3, 2)": [0.6650533676147461, 0.0, 0.0, 0.0, 0.0], "(3, 7, 3, 2)": [0.0, 0.4873523712158203, 0.0, 0.0, 0.0], "(2, 4, 3, 3)": [0.0, 0.0, 0.0, 0.03893950954079628, 0.033927831798791885], "(2, 2, 3, 2)": [0.0, 0.0, 29.914955139160156, 0.0, 0.0], "(2, 3, 3, 2)": [0.0, 0.0, 0.0, 0.0887635350227356, 0.17471466958522797], "(2, 4, 3, 2)": [0.0, 4.824331283569336, 0.0308624729514122, 0.17470793426036835, 0.0], "(2, 3, 3, 3)": [7.9598259925842285, 5.907379627227783, 0.0, 0.0, 0.0], "(2, 4, 1, 2)": [0.02999945543706417, 0.0, 0.030824564397335052, 6.791592597961426, 0.0], "(3, 5, 2, 3)": [0.0, 0.0, 0.0, 0.029497656971216202, 0.0], "(2, 5, 1, 1)": [0.1880272477865219, 0.5218919515609741, 0.0, 0.0, 0.0], "(3, 4, 2, 1)": [0.0, 0.0, 0.9125449657440186, 0.0, 0.0], "(2, 5, 1, 2)": [0.03537904843688011, 0.0, 9.351530075073242, 0.0, 9.248817443847656], "(1, 3, 1, 1)": [0.056681420654058456, 0.0, 0.0, 1.018491506576538, 0.0], "(1, 2, 1, 1)": [0.0, 0.026179565116763115, 0.8476166129112244, 0.0, 2.596801996231079], "(1, 1, 1, 1)": [0.0, 0.0, 0.024836521595716476, 0.0, 12.988860130310059], "(2, 6, 1, 2)": [0.0, 0.334505170583725, 10.2811918258667, 0.0, 0.0], "(1, 4, 1, 1)": [0.0, 0.0, 0.0, 0.3950740694999695, 0.0], "(1, 4, 1, 2)": [0.12170377373695374, 0.03364897519350052, 0.033640358597040176, 0.0, 0.3935720920562744], "(1, 3, 1, 2)": [0.05931492894887924, 0.0, 0.0, 0.11765901744365692, 0.0], "(1, 2, 2, 1)": [0.0, 2.1630547046661377, 0.15351946651935577, 0.0, 0.0], "(1, 2, 1, 2)": [0.0, 0.0, 3.9288032054901123, 0.0, 0.0], "(1, 4, 2, 3)": [0.5483524203300476, 0.0, 0.0, 0.0, 0.0], "(1, 6, 1, 2)": [0.0, 0.13957570493221283, 0.0, 0.0, 0.0], "(1, 5, 1, 2)": [0.06225915998220444, 0.0, 0.060501277446746826, 0.0, 0.0]}}