{"q_values": {"(2, 5, 2, 2)": [592.7804565429688, 597.4007568359375, 593.5281372070312, 594.4255981445312, 594.0921020507812], "(2, 6, 2, 2)": [592.8118286132812, 595.1287841796875, 591.2037353515625, 589.8076171875, 585.7515869140625], "(2, 7, 2, 2)": [585.9910278320312, 587.5369262695312, 589.949951171875, 586.8184814453125, 587.4412231445312], "(2, 3, 2, 2)": [600.6756591796875, 591.2039794921875, 603.7599487304688, 592.7814331054688, 600.5477294921875], "(2, 1, 2, 2)": [593.275390625, 592.1234130859375, 595.5563354492188, 590.9959716796875, 588.8427734375], "(2, 2, 2, 2)": [596.7293090820312, 599.8276977539062, 600.6513671875, 602.354248046875, 600.4840087890625], "(2, 4, 2, 2)": [584.3005981445312, 595.638671875, 599.4346313476562, 591.4243774414062, 592.0719604492188], "(2, 6, 2, 3)": [490.56683349609375, 313.6612243652344, 272.99285888671875, 218.9556121826172, 233.97579956054688], "(2, 2, 2, 1)": [186.55821228027344, 194.92315673828125, 247.2369384765625, 299.0344543457031, 442.4639587402344], "(2, 1, 2, 1)": [306.5842590332031, 310.59222412109375, 306.66009521484375, 476.4067687988281, 320.1575622558594], "(2, 3, 2, 3)": [33.47416687011719, 249.40878295898438, 50.91714096069336, 16.012548446655273, 24.749122619628906], "(2, 4, 2, 3)": [118.60526275634766, 325.6670227050781, 136.11788940429688, 78.40458679199219, 95.21842956542969], "(2, 7, 2, 3)": [324.506591796875, 493.3824462890625, 329.2653503417969, 297.709228515625, 284.8686828613281], "(2, 5, 2, 3)": [254.52432250976562, 434.21002197265625, 216.7975311279297, 118.7242431640625, 136.09478759765625], "(2, 3, 2, 1)": [154.0430145263672, 172.2884979248047, 129.87950134277344, 178.7026824951172, 458.5999450683594], "(1, 3, 2, 2)": [10.793466567993164, 4.908616542816162, 3.5636184215545654, 5.18393611907959, 3.0245540142059326], "(1, 2, 2, 2)": [48.272823333740234, 26.40386390686035, 25.868444442749023, 13.51922607421875, 17.550235748291016], "(1, 4, 2, 2)": [7.536410808563232, 7.802074432373047, 8.558233261108398, 8.223129272460938, 14.41273021697998], "(1, 5, 2, 2)": [20.904861450195312, 15.052242279052734, 40.23809051513672, 13.368471145629883, 13.82870101928711], "(1, 6, 2, 2)": [25.818115234375, 47.21460723876953, 48.94222640991211, 47.9322509765625, 65.98633575439453], "(1, 7, 2, 2)": [111.77332305908203, 150.59486389160156, 111.42279815673828, 155.07643127441406, 122.46722412109375], "(2, 2, 1, 1)": [0.281083345413208, 0.5099550485610962, 3.0909698009490967, 9.737993240356445, 6.652221202850342], "(2, 1, 1, 1)": [34.1160774230957, 3.4409642219543457, 2.973663568496704, 1.3627827167510986, 10.187941551208496], "(2, 7, 3, 3)": [9.131487846374512, 0.6914678812026978, 4.989872932434082, 39.4962158203125, 15.321500778198242], "(2, 4, 2, 1)": [57.50656509399414, 93.55487060546875, 208.4794464111328, 164.71456909179688, 381.87164306640625], "(3, 7, 2, 2)": [170.3957977294922, 122.33799743652344, 105.18916320800781, 135.26773071289062, 249.83177185058594], "(2, 5, 2, 1)": [14.678421974182129, 12.140243530273438, 51.93702697753906, 208.07989501953125, 144.3516387939453], "(2, 4, 1, 1)": [0.0, 0.16917677223682404, 5.204235076904297, 7.432178020477295, 17.422809600830078], "(1, 1, 2, 2)": [174.83810424804688, 103.37747192382812, 80.72602081298828, 104.9136962890625, 58.57614517211914], "(3, 3, 2, 2)": [30.343130111694336, 21.12765121459961, 37.1600456237793, 17.564512252807617, 18.66227912902832], "(3, 2, 2, 2)": [90.33605194091797, 54.94606018066406, 46.62555694580078, 60.911399841308594, 45.74032211303711], "(3, 1, 2, 2)": [116.71582794189453, 177.08555603027344, 324.7257995605469, 123.9923095703125, 176.64889526367188], "(2, 6, 3, 3)": [9.565619468688965, 0.0, 0.04206636920571327, 0.6300723552703857, 0.028548723086714745], "(3, 6, 2, 2)": [64.48189544677734, 57.0743522644043, 92.6067886352539, 63.74163818359375, 65.39481353759766], "(3, 5, 2, 2)": [37.86159133911133, 39.37447738647461, 49.86042785644531, 40.781612396240234, 46.204776763916016], "(3, 4, 2, 2)": [33.77886962890625, 20.65812873840332, 21.064655303955078, 22.010229110717773, 38.24714660644531], "(3, 2, 2, 1)": [1.0698076486587524, 0.03355620056390762, 0.5452948212623596, 40.63960647583008, 10.987915992736816], "(3, 3, 2, 1)": [1.1329832077026367, 0.04255109280347824, 0.287588506937027, 0.0, 0.11454297602176666], "(1, 5, 2, 3)": [0.06606347858905792, 1.111043930053711, 0.865772545337677, 0.0553131066262722, 0.028267191722989082], "(1, 6, 2, 3)": [0.0, 5.782265663146973, 0.35836338996887207, 1.8251359462738037, 0.028125043958425522], "(1, 7, 2, 3)": [7.766885280609131, 0.9927340745925903, 3.848905086517334, 61.53867721557617, 21.364547729492188], "(2, 2, 2, 3)": [12.980667114257812, 49.430030822753906, 0.0, 0.0, 0.26238200068473816], "(3, 6, 2, 3)": [0.0, 0.0, 0.0, 0.027122829109430313, 0.2284826785326004], "(3, 7, 2, 3)": [16.308019638061523, 1.9845155477523804, 13.388258934020996, 0.0, 5.054035663604736], "(3, 7, 3, 3)": [0.0, 0.0, 5.815621852874756, 6.538180828094482, 0.0], "(2, 6, 2, 1)": [5.0189104080200195, 5.746301651000977, 0.0, 9.935060501098633, 34.39939880371094], "(1, 1, 2, 1)": [23.772136688232422, 3.66152286529541, 86.87260437011719, 12.800440788269043, 12.96066951751709], "(3, 5, 3, 2)": [1.340376377105713, 0.0, 0.0, 0.0, 0.0], "(3, 5, 2, 1)": [0.0, 0.35878854990005493, 0.0, 0.0, 0.0], "(2, 3, 1, 1)": [0.578481912612915, 0.0, 0.9743215441703796, 3.4154179096221924, 18.50562286376953], "(3, 4, 2, 3)": [0.0, 0.03956315293908119, 0.0, 0.0, 0.0], "(3, 4, 3, 3)": [0.05014127492904663, 0.0, 0.0, 0.0, 0.0], "(3, 1, 2, 1)": [40.72134017944336, 16.94023323059082, 35.28893280029297, 48.451499938964844, 68.1349105834961], "(2, 5, 3, 3)": [35.27124786376953, 0.0, 5.989740371704102, 0.2461867779493332, 0.06176266819238663], "(3, 4, 3, 2)": [0.6650533676147461, 0.0, 0.0, 0.0, 0.0], "(3, 7, 3, 2)": [0.0, 0.4873523712158203, 0.0, 0.0, 0.0], "(2, 4, 3, 3)": [0.0, 0.0, 0.0, 0.03893950954079628, 0.033927831798791885], "(2, 2, 3, 2)": [0.0, 0.0, 29.914955139160156, 0.0, 0.0], "(2, 3, 3, 2)": [0.0, 0.0, 0.0, 0.0887635350227356, 0.17471466958522797], "(2, 4, 3, 2)": [0.0, 4.824331283569336, 0.0308624729514122, 0.17470793426036835, 0.0], "(2, 3, 3, 3)": [7.9598259925842285, 5.907379627227783, 0.0, 0.0, 0.0], "(2, 4, 1, 2)": [0.02999945543706417, 0.0, 0.030824564397335052, 6.791592597961426, 0.0], "(3, 5, 2, 3)": [0.0, 0.0, 0.0, 0.029497656971216202, 0.0], "(2, 5, 1, 1)": [0.1880272477865219, 0.5218919515609741, 0.0, 0.0, 0.0], "(3, 4, 2, 1)": [0.0, 0.0, 0.9125449657440186, 0.0, 0.0], "(2, 5, 1, 2)": [0.03537904843688011, 0.0, 9.351530075073242, 0.0, 9.248817443847656], "(1, 3, 1, 1)": [0.056681420654058456, 0.0, 0.0, 1.018491506576538, 0.0], "(1, 2, 1, 1)": [0.0, 0.026179565116763115, 0.8476166129112244, 0.0, 2.596801996231079], "(1, 1, 1, 1)": [0.0, 0.0, 0.024836521595716476, 0.0, 12.988860130310059], "(2, 6, 1, 2)": [0.0, 0.334505170583725, 10.2811918258667, 0.0, 0.0], "(1, 4, 1, 1)": [0.0, 0.0, 0.0, 0.3950740694999695, 0.0], "(1, 4, 1, 2)": [0.12170377373695374, 0.03364897519350052, 0.033640358597040176, 0.0, 0.3935720920562744], "(1, 3, 1, 2)": [0.05931492894887924, 0.0, 0.0, 0.11765901744365692, 0.0], "(1, 2, 2, 1)": [0.0, 2.1630547046661377, 0.15351946651935577, 0.0, 0.0], "(1, 2, 1, 2)": [0.0, 0.0, 3.9288032054901123, 0.0, 0.0], "(1, 4, 2, 3)": [0.5483524203300476, 0.0, 0.0, 0.0, 0.0], "(1, 6, 1, 2)": [0.0, 0.13957570493221283, 0.0, 0.0, 0.0], "(1, 5, 1, 2)": [0.06225915998220444, 0.0, 0.060501277446746826, 0.0, 0.0]}}