{"q_values": {"(2, 5, 2, 2)": [832.641845703125, 836.5693359375, 824.4772338867188, 831.3316040039062, 824.1884155273438], "(2, 6, 2, 2)": [825.0390014648438, 824.1453247070312, 830.864501953125, 826.4067993164062, 825.5255126953125], "(2, 7, 2, 2)": [824.916015625, 825.17236328125, 829.5219116210938, 823.8843994140625, 808.1428833007812], "(2, 3, 2, 2)": [833.9501953125, 838.7538452148438, 842.3487548828125, 830.7001342773438, 838.1826782226562], "(2, 1, 2, 2)": [823.6144409179688, 827.8676147460938, 832.7134399414062, 829.1419677734375, 828.3279418945312], "(2, 2, 2, 2)": [827.8410034179688, 825.6503295898438, 826.4725341796875, 837.3401489257812, 831.964111328125], "(2, 4, 2, 2)": [839.4957275390625, 839.1975708007812, 842.881591796875, 838.581298828125, 824.2837524414062], "(2, 6, 2, 3)": [668.6513671875, 379.2729187011719, 344.31597900390625, 251.75360107421875, 333.4510192871094], "(2, 2, 2, 1)": [267.03570556640625, 315.7908935546875, 329.03594970703125, 367.9378967285156, 679.9860229492188], "(2, 1, 2, 1)": [453.0987243652344, 405.3713073730469, 426.603759765625, 681.2299194335938, 460.9227294921875], "(2, 3, 2, 3)": [53.60588836669922, 407.4483337402344, 70.26215362548828, 25.688709259033203, 34.059608459472656], "(2, 4, 2, 3)": [180.1522979736328, 526.2276000976562, 171.3625030517578, 145.9188995361328, 145.6480255126953], "(2, 7, 2, 3)": [465.5090637207031, 674.3933715820312, 444.79473876953125, 399.5086975097656, 414.3906555175781], "(2, 5, 2, 3)": [354.337890625, 622.6781616210938, 266.9257507324219, 148.03591918945312, 202.52957153320312], "(2, 3, 2, 1)": [209.10476684570312, 238.1399688720703, 239.12387084960938, 286.4574279785156, 652.821533203125], "(1, 3, 2, 2)": [14.452221870422363, 7.401246070861816, 5.557098388671875, 7.077437400817871, 3.8954880237579346], "(1, 2, 2, 2)": [57.304195404052734, 27.718324661254883, 25.868444442749023, 19.81793785095215, 37.54545211791992], "(1, 4, 2, 2)": [9.092825889587402, 9.20763874053955, 9.601201057434082, 10.685397148132324, 43.83999252319336], "(1, 5, 2, 2)": [35.02278137207031, 32.0020637512207, 55.94782257080078, 48.85746383666992, 64.87812805175781], "(1, 6, 2, 2)": [86.67869567871094, 99.55304718017578, 182.63671875, 103.1304931640625, 94.0517349243164], "(1, 7, 2, 2)": [227.1625213623047, 232.47132873535156, 181.1958770751953, 440.7763977050781, 260.311279296875], "(2, 2, 1, 1)": [0.281083345413208, 0.5099550485610962, 3.0909698009490967, 9.737993240356445, 6.652221202850342], "(2, 1, 1, 1)": [52.19627380371094, 3.4409642219543457, 2.973663568496704, 1.3627827167510986, 10.187941551208496], "(2, 7, 3, 3)": [9.131487846374512, 0.6914678812026978, 4.989872932434082, 39.4962158203125, 15.321500778198242], "(2, 4, 2, 1)": [83.57068634033203, 158.77764892578125, 234.25997924804688, 211.50692749023438, 522.6172485351562], "(3, 7, 2, 2)": [292.59796142578125, 245.407958984375, 193.9760284423828, 307.51019287109375, 475.2883605957031], "(2, 5, 2, 1)": [48.61986541748047, 32.30023193359375, 79.52584838867188, 337.0758056640625, 190.6759796142578], "(2, 4, 1, 1)": [0.0, 0.16917677223682404, 5.204235076904297, 22.857614517211914, 17.422809600830078], "(1, 1, 2, 2)": [218.6445770263672, 116.15868377685547, 90.81754302978516, 113.74861907958984, 157.66891479492188], "(3, 3, 2, 2)": [41.53915786743164, 42.4132080078125, 75.7685775756836, 35.270442962646484, 33.78037643432617], "(3, 2, 2, 2)": [188.97793579101562, 89.25174713134766, 79.18217468261719, 93.33300018310547, 82.76869201660156], "(3, 1, 2, 2)": [234.17578125, 226.35501098632812, 498.2259216308594, 284.9943542480469, 285.4151306152344], "(2, 6, 3, 3)": [9.565619468688965, 0.0, 0.04206636920571327, 0.6300723552703857, 0.028548723086714745], "(3, 6, 2, 2)": [115.56405639648438, 99.4129867553711, 200.03347778320312, 114.79972839355469, 129.77134704589844], "(3, 5, 2, 2)": [51.44854736328125, 51.25963592529297, 90.00076293945312, 59.940208435058594, 56.913272857666016], "(3, 4, 2, 2)": [41.632076263427734, 34.708133697509766, 35.76889419555664, 32.5455322265625, 51.50605010986328], "(3, 2, 2, 1)": [1.0698076486587524, 0.03355620056390762, 0.5452948212623596, 91.44117736816406, 25.321311950683594], "(3, 3, 2, 1)": [1.1329832077026367, 0.04255109280347824, 0.34206685423851013, 0.0, 3.140897750854492], "(1, 5, 2, 3)": [0.06606347858905792, 1.111043930053711, 0.865772545337677, 0.0553131066262722, 14.745635032653809], "(1, 6, 2, 3)": [0.0, 7.481834411621094, 0.35836338996887207, 16.598445892333984, 16.412233352661133], "(1, 7, 2, 3)": [7.766885280609131, 19.08550453186035, 3.848905086517334, 95.99388122558594, 23.075654983520508], "(2, 2, 2, 3)": [12.980667114257812, 87.89483642578125, 0.0, 0.0, 9.082514762878418], "(3, 6, 2, 3)": [0.0, 11.20595932006836, 0.0, 0.027122829109430313, 0.2284826785326004], "(3, 7, 2, 3)": [16.308019638061523, 24.014745712280273, 13.388258934020996, 21.53028678894043, 5.054035663604736], "(3, 7, 3, 3)": [0.0, 0.0, 5.815621852874756, 6.538180828094482, 0.0], "(2, 6, 2, 1)": [12.014399528503418, 5.746301651000977, 0.0, 9.935060501098633, 34.39939880371094], "(1, 1, 2, 1)": [23.772136688232422, 3.66152286529541, 126.74653625488281, 33.566734313964844, 12.96066951751709], "(3, 5, 3, 2)": [3.1426048278808594, 0.0, 0.0, 0.0, 0.0], "(3, 5, 2, 1)": [0.0, 0.35878854990005493, 0.0, 0.0, 0.0], "(2, 3, 1, 1)": [0.578481912612915, 0.0, 0.9743215441703796, 3.4154179096221924, 18.50562286376953], "(3, 4, 2, 3)": [0.0, 0.03956315293908119, 0.0, 0.0, 0.0], "(3, 4, 3, 3)": [0.05014127492904663, 0.0, 0.0, 0.0, 0.0], "(3, 1, 2, 1)": [60.353694915771484, 58.74034118652344, 60.48064041137695, 93.7412109375, 116.19213104248047], "(2, 5, 3, 3)": [57.80059814453125, 20.997661590576172, 5.989740371704102, 0.2461867779493332, 0.06176266819238663], "(3, 4, 3, 2)": [0.6650533676147461, 1.29753577709198, 0.0, 0.0, 0.0], "(3, 7, 3, 2)": [22.246559143066406, 0.4873523712158203, 0.0, 0.0, 0.0], "(2, 4, 3, 3)": [0.0, 0.0, 0.0, 2.2089896202087402, 0.033927831798791885], "(2, 2, 3, 2)": [0.0, 0.0, 29.914955139160156, 0.0, 0.0], "(2, 3, 3, 2)": [0.0, 0.0, 23.99524688720703, 0.0887635350227356, 0.17471466958522797], "(2, 4, 3, 2)": [0.0, 4.824331283569336, 0.0308624729514122, 0.17470793426036835, 0.0], "(2, 3, 3, 3)": [7.9598259925842285, 5.907379627227783, 0.0, 0.0, 0.0], "(2, 4, 1, 2)": [0.02999945543706417, 0.0, 0.030824564397335052, 6.791592597961426, 0.0], "(3, 5, 2, 3)": [0.0, 0.0, 2.1684021949768066, 0.26412448287010193, 0.0], "(2, 5, 1, 1)": [0.1880272477865219, 1.0589191913604736, 0.0, 0.0, 20.99665641784668], "(3, 4, 2, 1)": [0.0, 0.0, 2.2050533294677734, 0.0, 0.0], "(2, 5, 1, 2)": [0.03537904843688011, 0.0, 9.351530075073242, 0.0, 9.248817443847656], "(1, 3, 1, 1)": [0.056681420654058456, 0.0, 0.0, 1.018491506576538, 0.0], "(1, 2, 1, 1)": [0.0, 0.026179565116763115, 0.8476166129112244, 0.0, 2.596801996231079], "(1, 1, 1, 1)": [0.0, 0.0, 0.024836521595716476, 0.0, 18.54826545715332], "(2, 6, 1, 2)": [0.0, 0.334505170583725, 10.2811918258667, 0.0, 0.0], "(1, 4, 1, 1)": [0.0, 0.0, 0.0, 0.3950740694999695, 0.0], "(1, 4, 1, 2)": [0.12170377373695374, 0.03364897519350052, 0.033640358597040176, 0.0, 0.3935720920562744], "(1, 3, 1, 2)": [0.05931492894887924, 0.0, 0.0, 0.11765901744365692, 0.0], "(1, 2, 2, 1)": [0.0, 2.1630547046661377, 0.15351946651935577, 6.402807235717773, 0.0], "(1, 2, 1, 2)": [0.0, 0.1459154337644577, 9.932238578796387, 0.0, 0.0], "(1, 4, 2, 3)": [0.5483524203300476, 0.0, 0.0, 0.0, 0.0], "(1, 6, 1, 2)": [0.0, 0.13957570493221283, 0.0, 0.0, 0.0], "(1, 5, 1, 2)": [0.06225915998220444, 0.0, 0.060501277446746826, 0.0, 0.0], "(3, 3, 3, 3)": [1.3195366859436035, 0.0, 0.0, 0.0, 0.0]}}