{"q_values": {"(2, 5, 2, 2)": [851.5347900390625, 884.0302124023438, 889.0978393554688, 883.1224365234375, 875.2014770507812], "(2, 6, 2, 2)": [860.432861328125, 869.3091430664062, 845.6329345703125, 872.9848022460938, 871.1005249023438], "(2, 7, 2, 2)": [881.96728515625, 883.3336181640625, 882.898681640625, 883.0043334960938, 880.5239868164062], "(2, 3, 2, 2)": [887.662109375, 888.900634765625, 881.4926147460938, 876.66064453125, 883.2239990234375], "(2, 1, 2, 2)": [871.0911865234375, 877.2469482421875, 882.3067626953125, 875.547119140625, 877.5208740234375], "(2, 2, 2, 2)": [877.592529296875, 879.2407836914062, 858.713134765625, 886.5484008789062, 880.7391967773438], "(2, 4, 2, 2)": [883.4965209960938, 891.5652465820312, 881.2144775390625, 889.1604614257812, 877.6739501953125], "(2, 6, 2, 3)": [721.7628173828125, 379.2729187011719, 354.07379150390625, 277.9191589355469, 344.65509033203125], "(2, 2, 2, 1)": [279.882568359375, 327.1727600097656, 329.03594970703125, 378.03369140625, 717.3345947265625], "(2, 1, 2, 1)": [460.51971435546875, 405.3713073730469, 464.62896728515625, 735.92333984375, 505.5710754394531], "(2, 3, 2, 3)": [53.60588836669922, 420.8674621582031, 94.64971923828125, 25.688709259033203, 34.059608459472656], "(2, 4, 2, 3)": [180.1522979736328, 570.6265258789062, 171.3625030517578, 161.0265655517578, 196.8406982421875], "(2, 7, 2, 3)": [500.87969970703125, 721.4762573242188, 488.0992736816406, 399.5086975097656, 428.1057434082031], "(2, 5, 2, 3)": [354.337890625, 668.9598999023438, 301.887451171875, 148.03591918945312, 202.52957153320312], "(2, 3, 2, 1)": [223.96641540527344, 251.85464477539062, 239.12387084960938, 286.4574279785156, 678.2146606445312], "(1, 3, 2, 2)": [14.452221870422363, 7.401246070861816, 5.557098388671875, 7.077437400817871, 3.8954880237579346], "(1, 2, 2, 2)": [68.67854309082031, 27.718324661254883, 26.840551376342773, 26.783212661743164, 38.16751480102539], "(1, 4, 2, 2)": [9.092825889587402, 9.20763874053955, 9.601201057434082, 10.685397148132324, 43.83999252319336], "(1, 5, 2, 2)": [35.02278137207031, 32.0020637512207, 55.94782257080078, 48.85746383666992, 68.73487854003906], "(1, 6, 2, 2)": [129.9395751953125, 111.42274475097656, 212.52523803710938, 118.31523132324219, 129.3249053955078], "(1, 7, 2, 2)": [261.7981262207031, 270.0195617675781, 238.59239196777344, 545.1918334960938, 281.7257080078125], "(2, 2, 1, 1)": [0.281083345413208, 0.5099550485610962, 3.0909698009490967, 9.737993240356445, 6.652221202850342], "(2, 1, 1, 1)": [52.19627380371094, 3.4409642219543457, 2.973663568496704, 1.3627827167510986, 10.187941551208496], "(2, 7, 3, 3)": [9.131487846374512, 0.6914678812026978, 4.989872932434082, 39.4962158203125, 15.321500778198242], "(2, 4, 2, 1)": [83.57068634033203, 158.77764892578125, 234.25997924804688, 231.6077423095703, 562.7523193359375], "(3, 7, 2, 2)": [321.0394287109375, 269.6676025390625, 221.1785430908203, 329.7016296386719, 550.0752563476562], "(2, 5, 2, 1)": [48.61986541748047, 32.30023193359375, 93.13919067382812, 369.27252197265625, 211.50462341308594], "(2, 4, 1, 1)": [0.0, 0.16917677223682404, 5.204235076904297, 22.857614517211914, 17.422809600830078], "(1, 1, 2, 2)": [253.50430297851562, 119.84786224365234, 90.81754302978516, 113.74861907958984, 157.66891479492188], "(3, 3, 2, 2)": [50.167686462402344, 49.60251998901367, 82.9425048828125, 38.63968276977539, 43.23236846923828], "(3, 2, 2, 2)": [209.18966674804688, 109.40548706054688, 86.06306457519531, 117.03717041015625, 91.94445037841797], "(3, 1, 2, 2)": [280.42181396484375, 251.04302978515625, 558.378173828125, 317.8680725097656, 318.22821044921875], "(2, 6, 3, 3)": [9.565619468688965, 0.0, 0.04206636920571327, 0.6300723552703857, 0.028548723086714745], "(3, 6, 2, 2)": [136.2994384765625, 117.91905212402344, 228.29200744628906, 145.32672119140625, 150.13113403320312], "(3, 5, 2, 2)": [69.47941589355469, 62.896942138671875, 128.9020233154297, 77.7328109741211, 78.7822494506836], "(3, 4, 2, 2)": [44.182552337646484, 37.13409423828125, 37.75806427001953, 37.09983825683594, 59.232608795166016], "(3, 2, 2, 1)": [1.0698076486587524, 0.03355620056390762, 0.5452948212623596, 91.44117736816406, 25.321311950683594], "(3, 3, 2, 1)": [1.1329832077026367, 0.04255109280347824, 0.34206685423851013, 0.0, 3.140897750854492], "(1, 5, 2, 3)": [0.06606347858905792, 1.111043930053711, 0.865772545337677, 0.0553131066262722, 14.745635032653809], "(1, 6, 2, 3)": [0.0, 7.481834411621094, 0.35836338996887207, 16.598445892333984, 16.412233352661133], "(1, 7, 2, 3)": [7.766885280609131, 19.08550453186035, 3.848905086517334, 119.10443115234375, 23.075654983520508], "(2, 2, 2, 3)": [12.980667114257812, 87.89483642578125, 0.0, 0.0, 9.082514762878418], "(3, 6, 2, 3)": [0.0, 11.20595932006836, 0.0, 0.027122829109430313, 0.2284826785326004], "(3, 7, 2, 3)": [16.308019638061523, 24.014745712280273, 13.388258934020996, 21.53028678894043, 5.054035663604736], "(3, 7, 3, 3)": [0.0, 0.0, 5.815621852874756, 6.538180828094482, 0.0], "(2, 6, 2, 1)": [12.014399528503418, 5.746301651000977, 0.0, 35.80470275878906, 59.622657775878906], "(1, 1, 2, 1)": [23.772136688232422, 3.66152286529541, 149.53761291503906, 33.566734313964844, 12.96066951751709], "(3, 5, 3, 2)": [3.1426048278808594, 0.0, 0.0, 0.0, 0.0], "(3, 5, 2, 1)": [0.0, 0.35878854990005493, 0.0, 0.0, 0.0], "(2, 3, 1, 1)": [0.578481912612915, 0.0, 0.9743215441703796, 3.4154179096221924, 18.50562286376953], "(3, 4, 2, 3)": [0.0, 0.03956315293908119, 0.0, 0.0, 0.0], "(3, 4, 3, 3)": [2.9479968547821045, 0.0, 0.0, 0.0, 0.0], "(3, 1, 2, 1)": [60.353694915771484, 58.74034118652344, 60.48064041137695, 116.19532775878906, 184.0680389404297], "(2, 5, 3, 3)": [57.80059814453125, 20.997661590576172, 5.989740371704102, 0.2461867779493332, 0.06176266819238663], "(3, 4, 3, 2)": [0.6650533676147461, 4.37631893157959, 0.0, 0.0, 0.0], "(3, 7, 3, 2)": [22.246559143066406, 0.4873523712158203, 0.0, 0.0, 0.0], "(2, 4, 3, 3)": [0.0, 0.0, 0.0, 2.2089896202087402, 0.033927831798791885], "(2, 2, 3, 2)": [0.0, 0.0, 29.914955139160156, 0.0, 0.0], "(2, 3, 3, 2)": [0.0, 0.0, 23.99524688720703, 0.0887635350227356, 0.17471466958522797], "(2, 4, 3, 2)": [0.0, 4.824331283569336, 0.0308624729514122, 0.17470793426036835, 0.0], "(2, 3, 3, 3)": [7.9598259925842285, 5.907379627227783, 0.0, 0.0, 0.0], "(2, 4, 1, 2)": [0.02999945543706417, 0.0, 0.030824564397335052, 6.791592597961426, 0.0], "(3, 5, 2, 3)": [0.0, 0.0, 2.1684021949768066, 0.26412448287010193, 0.0], "(2, 5, 1, 1)": [0.1880272477865219, 1.0589191913604736, 0.0, 0.0, 20.99665641784668], "(3, 4, 2, 1)": [0.0, 0.0, 2.2050533294677734, 0.0, 0.0], "(2, 5, 1, 2)": [0.03537904843688011, 0.0, 9.351530075073242, 0.0, 9.248817443847656], "(1, 3, 1, 1)": [0.056681420654058456, 0.0, 0.0, 1.018491506576538, 0.0], "(1, 2, 1, 1)": [0.0, 0.026179565116763115, 0.8476166129112244, 0.0, 2.596801996231079], "(1, 1, 1, 1)": [0.0, 0.0, 0.024836521595716476, 0.0, 18.54826545715332], "(2, 6, 1, 2)": [0.0, 0.334505170583725, 10.2811918258667, 0.0, 0.0], "(1, 4, 1, 1)": [0.0, 0.0, 0.0, 0.3950740694999695, 0.0], "(1, 4, 1, 2)": [0.12170377373695374, 0.03364897519350052, 0.033640358597040176, 0.0, 0.3935720920562744], "(1, 3, 1, 2)": [0.05931492894887924, 0.0, 0.0, 0.11765901744365692, 0.0], "(1, 2, 2, 1)": [0.0, 2.1630547046661377, 0.15351946651935577, 6.402807235717773, 0.0], "(1, 2, 1, 2)": [0.0, 0.1459154337644577, 9.932238578796387, 0.0, 0.0], "(1, 4, 2, 3)": [0.5483524203300476, 0.0, 0.0, 0.0, 0.0], "(1, 6, 1, 2)": [0.0, 0.13957570493221283, 0.0, 0.0, 0.0], "(1, 5, 1, 2)": [0.06225915998220444, 0.0, 0.060501277446746826, 0.0, 0.0], "(3, 3, 3, 3)": [1.3195366859436035, 0.0, 0.0, 0.0, 0.0]}}