{"q_values": {"(2, 5, 2, 2)": [260.06475830078125, 253.04336547851562, 260.30517578125, 261.77716064453125, 256.34515380859375], "(2, 6, 2, 2)": [261.7243347167969, 261.32342529296875, 262.5877990722656, 261.42303466796875, 258.1736145019531], "(2, 7, 2, 2)": [259.5017395019531, 260.4395751953125, 259.8532409667969, 259.1359558105469, 256.11834716796875], "(2, 3, 2, 2)": [261.07086181640625, 260.244140625, 262.2613220214844, 260.02142333984375, 262.9356994628906], "(2, 1, 2, 2)": [255.5076904296875, 256.0745849609375, 256.27960205078125, 257.3544616699219, 256.4727478027344], "(2, 2, 2, 2)": [254.97372436523438, 257.8622741699219, 258.2734375, 259.2613220214844, 258.4538269042969], "(2, 4, 2, 2)": [262.3631591796875, 262.3775939941406, 263.9735412597656, 258.097900390625, 262.64141845703125], "(2, 6, 2, 3)": [170.17608642578125, 108.08184814453125, 87.10095977783203, 61.61259078979492, 81.95819091796875], "(2, 2, 2, 1)": [84.94914245605469, 62.85614013671875, 93.32463073730469, 109.80057525634766, 164.56201171875], "(2, 1, 2, 1)": [103.6017837524414, 110.72760772705078, 136.3964385986328, 172.79660034179688, 140.84754943847656], "(2, 3, 2, 3)": [7.851452350616455, 58.71113204956055, 19.865345001220703, 2.7168564796447754, 9.068795204162598], "(2, 4, 2, 3)": [87.91213989257812, 73.9098129272461, 51.1284065246582, 28.252470016479492, 28.521148681640625], "(2, 7, 2, 3)": [148.97850036621094, 185.31292724609375, 130.82470703125, 116.965576171875, 122.53964233398438], "(2, 5, 2, 3)": [105.16535186767578, 163.54347229003906, 84.4061050415039, 36.89885330200195, 52.19709396362305], "(2, 3, 2, 1)": [36.17634582519531, 50.571380615234375, 54.187870025634766, 90.09893035888672, 166.6302032470703], "(1, 3, 2, 2)": [1.5505123138427734, 1.1788485050201416, 1.1839017868041992, 1.0065135955810547, 1.3455005884170532], "(1, 2, 2, 2)": [2.702423572540283, 1.2139848470687866, 1.5442241430282593, 1.2021921873092651, 1.3456512689590454], "(1, 4, 2, 2)": [0.903957724571228, 1.1303608417510986, 1.4767149686813354, 1.3937671184539795, 2.0617690086364746], "(1, 5, 2, 2)": [1.4866459369659424, 1.0805795192718506, 1.1201220750808716, 1.0658793449401855, 0.9397196173667908], "(1, 6, 2, 2)": [0.7403141856193542, 1.0247523784637451, 2.373349666595459, 2.1881723403930664, 2.1872682571411133], "(1, 7, 2, 2)": [13.531893730163574, 24.394935607910156, 15.515527725219727, 22.937564849853516, 19.733558654785156], "(2, 2, 1, 1)": [0.281083345413208, 0.3778344392776489, 3.0909698009490967, 3.8676881790161133, 0.0], "(2, 1, 1, 1)": [10.914371490478516, 3.4409642219543457, 2.973663568496704, 1.3627827167510986, 0.0], "(2, 7, 3, 3)": [0.0, 0.6914678812026978, 4.989872932434082, 6.2084641456604, 0.07240787893533707], "(2, 4, 2, 1)": [21.28866195678711, 31.61444854736328, 57.207279205322266, 74.244140625, 110.05036926269531], "(3, 7, 2, 2)": [35.41596603393555, 27.27841567993164, 43.39277267456055, 45.31632614135742, 38.23489761352539], "(2, 5, 2, 1)": [3.352391004562378, 4.24736213684082, 24.87299346923828, 44.07707595825195, 40.10813522338867], "(2, 4, 1, 1)": [0.0, 0.038223281502723694, 0.0, 7.279539585113525, 5.268157005310059], "(1, 1, 2, 2)": [27.137474060058594, 24.309858322143555, 10.351512908935547, 9.885292053222656, 5.146299839019775], "(3, 3, 2, 2)": [2.861694812774658, 2.628256320953369, 3.1602094173431396, 2.837075710296631, 4.143682956695557], "(3, 2, 2, 2)": [9.282286643981934, 2.992847442626953, 7.728643417358398, 10.553611755371094, 5.941839218139648], "(3, 1, 2, 2)": [20.40105628967285, 30.520559310913086, 50.44753646850586, 23.92357063293457, 19.72573471069336], "(2, 6, 3, 3)": [9.565619468688965, 0.0, 0.04206636920571327, 0.11858318746089935, 0.028548723086714745], "(3, 6, 2, 2)": [12.19294548034668, 3.686005115509033, 6.969265937805176, 6.525842666625977, 5.022157669067383], "(3, 5, 2, 2)": [5.358018398284912, 4.652209758758545, 6.886994361877441, 4.1659932136535645, 4.3152947425842285], "(3, 4, 2, 2)": [12.199760437011719, 3.4033143520355225, 3.409390926361084, 3.578779697418213, 4.304032325744629], "(3, 2, 2, 1)": [0.4578891694545746, 0.03355620056390762, 0.14991502463817596, 0.3272126615047455, 0.0], "(3, 3, 2, 1)": [0.8156927824020386, 0.0, 0.0, 0.0, 0.11454297602176666], "(1, 5, 2, 3)": [0.06606347858905792, 0.0, 0.05967988073825836, 0.0, 0.028267191722989082], "(1, 6, 2, 3)": [0.0, 0.12682810425758362, 0.09176702797412872, 0.0, 0.028125043958425522], "(1, 7, 2, 3)": [0.16905412077903748, 0.0, 0.5350942015647888, 8.104622840881348, 0.0], "(2, 2, 2, 3)": [0.0, 7.788976669311523, 0.0, 0.0, 0.0], "(3, 6, 2, 3)": [0.0, 0.0, 0.0, 0.027122829109430313, 0.2284826785326004], "(3, 7, 2, 3)": [0.7370767593383789, 0.0, 0.0, 0.0, 5.054035663604736], "(3, 7, 3, 3)": [0.0, 0.0, 5.815621852874756, 6.538180828094482, 0.0], "(2, 6, 2, 1)": [3.3099007606506348, 0.09890739619731903, 0.0, 0.0, 0.0], "(1, 1, 2, 1)": [0.0, 3.3220105171203613, 0.0726991593837738, 0.0, 2.4678640365600586], "(3, 5, 3, 2)": [0.0341029092669487, 0.0, 0.0, 0.0, 0.0], "(3, 5, 2, 1)": [0.0, 0.35878854990005493, 0.0, 0.0, 0.0], "(2, 3, 1, 1)": [0.14482414722442627, 0.0, 0.9743215441703796, 3.4154179096221924, 0.0], "(3, 4, 2, 3)": [0.0, 0.03956315293908119, 0.0, 0.0, 0.0], "(3, 4, 3, 3)": [0.05014127492904663, 0.0, 0.0, 0.0, 0.0], "(3, 1, 2, 1)": [7.2967376708984375, 0.0, 0.0, 0.0, 8.409008026123047], "(2, 5, 3, 3)": [5.831104278564453, 0.0, 0.31435835361480713, 0.2461867779493332, 0.06176266819238663], "(3, 4, 3, 2)": [0.2870294749736786, 0.0, 0.0, 0.0, 0.0], "(3, 7, 3, 2)": [0.0, 0.4873523712158203, 0.0, 0.0, 0.0], "(2, 4, 3, 3)": [0.0, 0.0, 0.0, 0.03893950954079628, 0.033927831798791885], "(2, 2, 3, 2)": [0.0, 0.0, 4.7967939376831055, 0.0, 0.0], "(2, 3, 3, 2)": [0.0, 0.0, 0.0, 0.05890467390418053, 0.0], "(2, 4, 3, 2)": [0.0, 4.824331283569336, 0.0, 0.0, 0.0], "(2, 3, 3, 3)": [0.0, 5.907379627227783, 0.0, 0.0, 0.0], "(2, 4, 1, 2)": [0.02999945543706417, 0.0, 0.030824564397335052, 6.791592597961426, 0.0], "(3, 5, 2, 3)": [0.0, 0.0, 0.0, 0.029497656971216202, 0.0], "(2, 5, 1, 1)": [0.1880272477865219, 0.02979159541428089, 0.0, 0.0, 0.0]}}