{"q_values": {"(2, 5, 2, 2)": [169.3500518798828, 171.84165954589844, 171.3067626953125, 170.95037841796875, 171.10275268554688], "(2, 6, 2, 2)": [167.00633239746094, 165.34449768066406, 165.901123046875, 165.16036987304688, 165.08004760742188], "(2, 7, 2, 2)": [159.15113830566406, 162.1711883544922, 163.65467834472656, 162.47113037109375, 162.38058471679688], "(2, 3, 2, 2)": [170.05526733398438, 171.70921325683594, 172.3220977783203, 172.57814025878906, 168.92799377441406], "(2, 1, 2, 2)": [165.0643310546875, 165.25535583496094, 166.35826110839844, 165.9041290283203, 165.8473358154297], "(2, 2, 2, 2)": [164.15475463867188, 164.80307006835938, 167.53005981445312, 167.38905334472656, 166.5926055908203], "(2, 4, 2, 2)": [170.92047119140625, 173.2140350341797, 173.9038543701172, 173.1475067138672, 171.36697387695312], "(2, 6, 2, 3)": [80.971435546875, 67.16732025146484, 38.70193099975586, 32.58659744262695, 35.357147216796875], "(2, 2, 2, 1)": [51.61860275268555, 43.808555603027344, 54.676513671875, 84.349609375, 105.85784149169922], "(2, 1, 2, 1)": [67.72835540771484, 70.0438003540039, 74.4107894897461, 111.20457458496094, 87.63472747802734], "(2, 3, 2, 3)": [7.851452350616455, 26.172836303710938, 14.922185897827148, 2.7168564796447754, 5.5779709815979], "(2, 4, 2, 3)": [56.363922119140625, 39.64373779296875, 34.846900939941406, 17.4195556640625, 18.72687339782715], "(2, 7, 2, 3)": [77.78223419189453, 93.43284606933594, 69.2791519165039, 49.142852783203125, 67.3575439453125], "(2, 5, 2, 3)": [69.18106079101562, 90.2474594116211, 42.42696762084961, 26.324291229248047, 23.040403366088867], "(2, 3, 2, 1)": [28.366003036499023, 37.00164794921875, 37.33412170410156, 64.96522521972656, 93.94514465332031], "(1, 3, 2, 2)": [1.2835909128189087, 0.8426582217216492, 1.0670819282531738, 0.6955554485321045, 1.0202138423919678], "(1, 2, 2, 2)": [1.9759107828140259, 0.5686708688735962, 1.5024737119674683, 1.1286636590957642, 1.0179673433303833], "(1, 4, 2, 2)": [0.8394832611083984, 1.0728377103805542, 1.33189857006073, 1.2634984254837036, 1.9906342029571533], "(1, 5, 2, 2)": [1.2127196788787842, 0.8638348579406738, 0.8431707620620728, 0.5485296249389648, 0.7110170125961304], "(1, 6, 2, 2)": [0.5806207060813904, 0.6897463202476501, 1.057052731513977, 0.6206117868423462, 0.7956440448760986], "(1, 7, 2, 2)": [6.125290393829346, 5.575949668884277, 15.315380096435547, 7.603854656219482, 6.777148246765137], "(2, 2, 1, 1)": [0.1292809396982193, 0.24087011814117432, 3.0909698009490967, 3.8676881790161133, 0.0], "(2, 1, 1, 1)": [4.291600704193115, 3.4409642219543457, 2.973663568496704, 1.3627827167510986, 0.0], "(2, 7, 3, 3)": [0.0, 0.6914678812026978, 4.989872932434082, 0.2571549117565155, 0.07240787893533707], "(2, 4, 2, 1)": [16.54242515563965, 11.941606521606445, 39.93149185180664, 46.99229431152344, 54.86246109008789], "(3, 7, 2, 2)": [11.870157241821289, 8.941811561584473, 23.17664909362793, 23.760591506958008, 13.643197059631348], "(2, 5, 2, 1)": [0.08282316476106644, 3.629687547683716, 16.962244033813477, 23.23052215576172, 22.339391708374023], "(2, 4, 1, 1)": [0.0, 0.0, 0.0, 0.27462631464004517, 0.0], "(1, 1, 2, 2)": [20.014066696166992, 12.01880931854248, 7.83096981048584, 2.9525065422058105, 3.099487781524658], "(3, 3, 2, 2)": [1.053163766860962, 0.9875090718269348, 0.8577623963356018, 0.9038673639297485, 1.6109312772750854], "(3, 2, 2, 2)": [2.7838680744171143, 0.685791552066803, 1.978157639503479, 0.6763925552368164, 3.6512537002563477], "(3, 1, 2, 2)": [8.03072738647461, 12.71338176727295, 14.877384185791016, 7.419972896575928, 4.073823928833008], "(2, 6, 3, 3)": [7.245565414428711, 0.0, 0.04206636920571327, 0.11858318746089935, 0.028548723086714745], "(3, 6, 2, 2)": [1.3671914339065552, 1.1811052560806274, 2.7071518898010254, 3.6319687366485596, 2.2310996055603027], "(3, 5, 2, 2)": [4.887699604034424, 1.6134088039398193, 6.318521022796631, 2.510972499847412, 2.831096649169922], "(3, 4, 2, 2)": [4.952960014343262, 1.3030556440353394, 1.52432382106781, 1.426945686340332, 1.6261217594146729], "(3, 2, 2, 1)": [0.1850464940071106, 0.03355620056390762, 0.14991502463817596, 0.3272126615047455, 0.0], "(3, 3, 2, 1)": [0.8156927824020386, 0.0, 0.0, 0.0, 0.0], "(1, 5, 2, 3)": [0.0, 0.0, 0.02904522605240345, 0.0, 0.028267191722989082], "(1, 6, 2, 3)": [0.0, 0.035319190472364426, 0.09176702797412872, 0.0, 0.028125043958425522], "(1, 7, 2, 3)": [0.16905412077903748, 0.0, 0.0, 2.3841440677642822, 0.0], "(2, 2, 2, 3)": [0.0, 1.1963582038879395, 0.0, 0.0, 0.0], "(3, 6, 2, 3)": [0.0, 0.0, 0.0, 0.027122829109430313, 0.0], "(3, 7, 2, 3)": [0.7370767593383789, 0.0, 0.0, 0.0, 0.025836193934082985], "(3, 7, 3, 3)": [0.0, 0.0, 5.815621852874756, 0.0, 0.0], "(2, 6, 2, 1)": [2.190460681915283, 0.09890739619731903, 0.0, 0.0, 0.0], "(1, 1, 2, 1)": [0.0, 3.295747756958008, 0.0726991593837738, 0.0, 1.8950012922286987], "(3, 5, 3, 2)": [0.0341029092669487, 0.0, 0.0, 0.0, 0.0], "(3, 5, 2, 1)": [0.0, 0.35878854990005493, 0.0, 0.0, 0.0], "(2, 3, 1, 1)": [0.14482414722442627, 0.0, 0.9743215441703796, 3.4154179096221924, 0.0], "(3, 4, 2, 3)": [0.0, 0.03956315293908119, 0.0, 0.0, 0.0], "(3, 4, 3, 3)": [0.05014127492904663, 0.0, 0.0, 0.0, 0.0], "(3, 1, 2, 1)": [0.0, 0.0, 0.0, 0.0, 2.823518753051758], "(2, 5, 3, 3)": [0.0, 0.0, 0.31435835361480713, 0.0, 0.06176266819238663], "(3, 4, 3, 2)": [0.2870294749736786, 0.0, 0.0, 0.0, 0.0], "(3, 7, 3, 2)": [0.0, 0.4873523712158203, 0.0, 0.0, 0.0], "(2, 4, 3, 3)": [0.0, 0.0, 0.0, 0.0, 0.033927831798791885], "(2, 2, 3, 2)": [0.0, 0.0, 4.7967939376831055, 0.0, 0.0], "(2, 3, 3, 2)": [0.0, 0.0, 0.0, 0.05890467390418053, 0.0], "(2, 4, 3, 2)": [0.0, 4.824331283569336, 0.0, 0.0, 0.0]}}