{"q_values": {"(2, 5, 2, 2)": [424.28436279296875, 427.26348876953125, 422.94427490234375, 424.670166015625, 419.8438415527344], "(2, 6, 2, 2)": [423.2437438964844, 421.8257751464844, 425.48876953125, 421.7270202636719, 422.1969299316406], "(2, 7, 2, 2)": [420.854736328125, 418.6815185546875, 419.2984924316406, 417.0635070800781, 416.44793701171875], "(2, 3, 2, 2)": [416.157958984375, 419.33538818359375, 418.9749755859375, 421.15618896484375, 420.21929931640625], "(2, 1, 2, 2)": [406.70208740234375, 411.10546875, 413.93951416015625, 411.5042724609375, 411.97796630859375], "(2, 2, 2, 2)": [412.13555908203125, 411.7564697265625, 414.8020935058594, 412.6015319824219, 412.2897644042969], "(2, 4, 2, 2)": [411.3414611816406, 422.45684814453125, 426.627197265625, 425.7177734375, 420.9044189453125], "(2, 6, 2, 3)": [311.3694152832031, 186.35855102539062, 136.78704833984375, 137.2413787841797, 156.8795928955078], "(2, 2, 2, 1)": [135.55120849609375, 117.19952392578125, 178.97767639160156, 190.03004455566406, 304.09185791015625], "(2, 1, 2, 1)": [206.35462951660156, 217.81578063964844, 231.7614288330078, 307.5708923339844, 217.19979858398438], "(2, 3, 2, 3)": [16.506160736083984, 116.64410400390625, 19.865345001220703, 4.97235107421875, 18.774784088134766], "(2, 4, 2, 3)": [106.98795318603516, 172.56646728515625, 93.20425415039062, 52.7786979675293, 43.663917541503906], "(2, 7, 2, 3)": [235.82843017578125, 321.5882873535156, 219.66970825195312, 194.52886962890625, 197.07357788085938], "(2, 5, 2, 3)": [152.52503967285156, 259.0959167480469, 146.88125610351562, 47.68215560913086, 87.22761535644531], "(2, 3, 2, 1)": [83.577392578125, 107.04293060302734, 120.68466186523438, 148.24847412109375, 292.3103332519531], "(1, 3, 2, 2)": [7.166510581970215, 2.8823111057281494, 3.254032850265503, 3.6127920150756836, 2.2274484634399414], "(1, 2, 2, 2)": [25.101776123046875, 16.357887268066406, 20.012298583984375, 10.463455200195312, 14.294771194458008], "(1, 4, 2, 2)": [7.164034843444824, 7.2681565284729, 7.785151481628418, 7.575198650360107, 12.120110511779785], "(1, 5, 2, 2)": [17.274293899536133, 6.951356410980225, 9.103887557983398, 8.784684181213379, 9.01881217956543], "(1, 6, 2, 2)": [17.993894577026367, 18.178836822509766, 25.803653717041016, 23.22780418395996, 49.07581329345703], "(1, 7, 2, 2)": [83.47213745117188, 141.444091796875, 67.56041717529297, 100.87469482421875, 108.04547119140625], "(2, 2, 1, 1)": [0.281083345413208, 0.5099550485610962, 3.0909698009490967, 9.737993240356445, 6.652221202850342], "(2, 1, 1, 1)": [19.993045806884766, 3.4409642219543457, 2.973663568496704, 1.3627827167510986, 10.187941551208496], "(2, 7, 3, 3)": [9.131487846374512, 0.6914678812026978, 4.989872932434082, 6.2084641456604, 0.07240787893533707], "(2, 4, 2, 1)": [38.87675476074219, 77.06529235839844, 112.27278137207031, 104.58829498291016, 225.26596069335938], "(3, 7, 2, 2)": [55.42124938964844, 47.29225158691406, 51.43484115600586, 67.30181884765625, 125.53009033203125], "(2, 5, 2, 1)": [14.678421974182129, 8.338082313537598, 51.93702697753906, 122.4023208618164, 40.10813522338867], "(2, 4, 1, 1)": [0.0, 0.16917677223682404, 5.204235076904297, 7.432178020477295, 17.422809600830078], "(1, 1, 2, 2)": [146.54071044921875, 80.17716979980469, 77.92463684082031, 83.60350799560547, 48.019508361816406], "(3, 3, 2, 2)": [5.772470474243164, 6.477032661437988, 6.127439498901367, 6.798185348510742, 8.188091278076172], "(3, 2, 2, 2)": [34.250938415527344, 13.295697212219238, 12.203359603881836, 33.38621520996094, 14.660032272338867], "(3, 1, 2, 2)": [58.169612884521484, 68.28787231445312, 133.96653747558594, 54.477439880371094, 46.92317199707031], "(2, 6, 3, 3)": [9.565619468688965, 0.0, 0.04206636920571327, 0.6300723552703857, 0.028548723086714745], "(3, 6, 2, 2)": [14.09703540802002, 7.473496913909912, 22.83944320678711, 18.911270141601562, 8.153090476989746], "(3, 5, 2, 2)": [6.794557094573975, 5.931439399719238, 19.89896011352539, 6.591794013977051, 7.781559467315674], "(3, 4, 2, 2)": [23.060134887695312, 8.577086448669434, 7.439330577850342, 7.669170379638672, 8.233124732971191], "(3, 2, 2, 1)": [0.4578891694545746, 0.03355620056390762, 0.4249265789985657, 3.5215225219726562, 0.5108298659324646], "(3, 3, 2, 1)": [0.8617228269577026, 0.04255109280347824, 0.0, 0.0, 0.11454297602176666], "(1, 5, 2, 3)": [0.06606347858905792, 1.111043930053711, 0.865772545337677, 0.0553131066262722, 0.028267191722989082], "(1, 6, 2, 3)": [0.0, 1.1377294063568115, 0.35836338996887207, 1.8251359462738037, 0.028125043958425522], "(1, 7, 2, 3)": [7.766885280609131, 0.9927340745925903, 3.848905086517334, 48.145729064941406, 21.364547729492188], "(2, 2, 2, 3)": [0.0, 15.924689292907715, 0.0, 0.0, 0.26238200068473816], "(3, 6, 2, 3)": [0.0, 0.0, 0.0, 0.027122829109430313, 0.2284826785326004], "(3, 7, 2, 3)": [9.385798454284668, 1.9845155477523804, 0.0, 0.0, 5.054035663604736], "(3, 7, 3, 3)": [0.0, 0.0, 5.815621852874756, 6.538180828094482, 0.0], "(2, 6, 2, 1)": [5.0189104080200195, 5.746301651000977, 0.0, 9.935060501098633, 22.162513732910156], "(1, 1, 2, 1)": [0.0, 3.66152286529541, 25.051259994506836, 0.0, 12.96066951751709], "(3, 5, 3, 2)": [0.0341029092669487, 0.0, 0.0, 0.0, 0.0], "(3, 5, 2, 1)": [0.0, 0.35878854990005493, 0.0, 0.0, 0.0], "(2, 3, 1, 1)": [0.578481912612915, 0.0, 0.9743215441703796, 3.4154179096221924, 7.032608985900879], "(3, 4, 2, 3)": [0.0, 0.03956315293908119, 0.0, 0.0, 0.0], "(3, 4, 3, 3)": [0.05014127492904663, 0.0, 0.0, 0.0, 0.0], "(3, 1, 2, 1)": [15.970304489135742, 0.0, 0.5060556530952454, 0.0, 19.94588279724121], "(2, 5, 3, 3)": [5.831104278564453, 0.0, 5.989740371704102, 0.2461867779493332, 0.06176266819238663], "(3, 4, 3, 2)": [0.6650533676147461, 0.0, 0.0, 0.0, 0.0], "(3, 7, 3, 2)": [0.0, 0.4873523712158203, 0.0, 0.0, 0.0], "(2, 4, 3, 3)": [0.0, 0.0, 0.0, 0.03893950954079628, 0.033927831798791885], "(2, 2, 3, 2)": [0.0, 0.0, 12.612157821655273, 0.0, 0.0], "(2, 3, 3, 2)": [0.0, 0.0, 0.0, 0.05890467390418053, 0.0], "(2, 4, 3, 2)": [0.0, 4.824331283569336, 0.0, 0.0, 0.0], "(2, 3, 3, 3)": [7.9598259925842285, 5.907379627227783, 0.0, 0.0, 0.0], "(2, 4, 1, 2)": [0.02999945543706417, 0.0, 0.030824564397335052, 6.791592597961426, 0.0], "(3, 5, 2, 3)": [0.0, 0.0, 0.0, 0.029497656971216202, 0.0], "(2, 5, 1, 1)": [0.1880272477865219, 0.5218919515609741, 0.0, 0.0, 0.0], "(3, 4, 2, 1)": [0.0, 0.0, 0.17260512709617615, 0.0, 0.0], "(2, 5, 1, 2)": [0.03537904843688011, 0.0, 9.351530075073242, 0.0, 9.248817443847656], "(1, 3, 1, 1)": [0.056681420654058456, 0.0, 0.0, 1.018491506576538, 0.0], "(1, 2, 1, 1)": [0.0, 0.026179565116763115, 0.8476166129112244, 0.0, 2.596801996231079], "(1, 1, 1, 1)": [0.0, 0.0, 0.024836521595716476, 0.0, 12.988860130310059], "(2, 6, 1, 2)": [0.0, 0.334505170583725, 10.2811918258667, 0.0, 0.0], "(1, 4, 1, 1)": [0.0, 0.0, 0.0, 0.3950740694999695, 0.0], "(1, 4, 1, 2)": [0.12170377373695374, 0.0, 0.0, 0.0, 0.0], "(1, 3, 1, 2)": [0.05931492894887924, 0.0, 0.0, 0.11765901744365692, 0.0], "(1, 2, 2, 1)": [0.0, 0.0, 0.12606917321681976, 0.0, 0.0], "(1, 2, 1, 2)": [0.0, 0.0, 3.9288032054901123, 0.0, 0.0], "(1, 4, 2, 3)": [0.5483524203300476, 0.0, 0.0, 0.0, 0.0]}}