{"q_values": {"(2, 5, 2, 2)": [984.8588256835938, 966.6293334960938, 978.1660766601562, 981.64794921875, 976.7764282226562], "(2, 6, 2, 2)": [982.6967163085938, 983.0736083984375, 986.26171875, 981.47509765625, 976.6361083984375], "(2, 7, 2, 2)": [976.015380859375, 976.8556518554688, 980.9429931640625, 972.8746337890625, 969.72998046875], "(2, 3, 2, 2)": [968.745849609375, 968.23486328125, 978.2637329101562, 970.522705078125, 971.5076904296875], "(2, 1, 2, 2)": [970.9395141601562, 973.0741577148438, 978.2025146484375, 971.9136352539062, 971.9965209960938], "(2, 2, 2, 2)": [969.5131225585938, 968.5439453125, 977.4982299804688, 968.6725463867188, 969.8424682617188], "(2, 4, 2, 2)": [963.5020751953125, 955.784912109375, 979.2513427734375, 984.5550537109375, 977.977783203125], "(2, 6, 2, 3)": [835.1331176757812, 440.7359619140625, 392.19244384765625, 305.9800109863281, 371.2772521972656], "(2, 2, 2, 1)": [346.26739501953125, 392.10101318359375, 399.0702209472656, 435.90557861328125, 815.6736450195312], "(2, 1, 2, 1)": [468.8070373535156, 405.3713073730469, 464.62896728515625, 831.623291015625, 529.1486206054688], "(2, 3, 2, 3)": [78.93754577636719, 480.8618469238281, 94.64971923828125, 44.98923110961914, 59.19091033935547], "(2, 4, 2, 3)": [180.1522979736328, 668.0695190429688, 171.3625030517578, 259.65277099609375, 210.5046844482422], "(2, 7, 2, 3)": [535.734375, 824.953369140625, 554.3192138671875, 425.8539733886719, 461.18927001953125], "(2, 5, 2, 3)": [416.84375, 821.1744995117188, 402.20416259765625, 200.90647888183594, 202.52957153320312], "(2, 3, 2, 1)": [239.91712951660156, 279.89569091796875, 305.1659240722656, 305.38623046875, 757.0463256835938], "(1, 3, 2, 2)": [16.254484176635742, 9.441067695617676, 5.853981971740723, 7.077437400817871, 5.003929138183594], "(1, 2, 2, 2)": [78.46200561523438, 29.089513778686523, 34.70293045043945, 28.07138442993164, 44.32878112792969], "(1, 4, 2, 2)": [10.97626781463623, 14.520660400390625, 36.91261291503906, 10.685397148132324, 71.14405822753906], "(1, 5, 2, 2)": [41.73625946044922, 44.531028747558594, 74.65865325927734, 64.2591323852539, 171.29336547851562], "(1, 6, 2, 2)": [160.2174072265625, 145.17193603515625, 258.1467590332031, 141.35731506347656, 161.7040557861328], "(1, 7, 2, 2)": [289.037353515625, 315.21441650390625, 303.3969421386719, 578.6074829101562, 322.0610046386719], "(2, 2, 1, 1)": [0.281083345413208, 0.5099550485610962, 3.0909698009490967, 9.737993240356445, 6.652221202850342], "(2, 1, 1, 1)": [52.19627380371094, 3.4409642219543457, 2.973663568496704, 1.3627827167510986, 10.187941551208496], "(2, 7, 3, 3)": [9.131487846374512, 0.6914678812026978, 4.989872932434082, 39.4962158203125, 15.321500778198242], "(2, 4, 2, 1)": [132.68032836914062, 187.5443878173828, 256.1986389160156, 271.04638671875, 641.0153198242188], "(3, 7, 2, 2)": [328.81280517578125, 288.60113525390625, 243.8437957763672, 388.15350341796875, 610.9959716796875], "(2, 5, 2, 1)": [48.61986541748047, 32.30023193359375, 93.13919067382812, 401.6905822753906, 211.50462341308594], "(2, 4, 1, 1)": [0.0, 0.16917677223682404, 5.204235076904297, 22.857614517211914, 17.422809600830078], "(1, 1, 2, 2)": [306.8496398925781, 124.3481674194336, 115.45462799072266, 117.96775817871094, 160.56982421875], "(3, 3, 2, 2)": [58.37316131591797, 65.11983489990234, 99.84300231933594, 67.12739562988281, 60.6663932800293], "(3, 2, 2, 2)": [221.5379180908203, 119.37630462646484, 127.00205993652344, 141.257568359375, 115.80924224853516], "(3, 1, 2, 2)": [345.4162292480469, 330.7701721191406, 612.1045532226562, 317.8680725097656, 350.52032470703125], "(2, 6, 3, 3)": [9.565619468688965, 0.0, 0.04206636920571327, 0.6300723552703857, 0.028548723086714745], "(3, 6, 2, 2)": [173.3208465576172, 176.12635803222656, 298.4502868652344, 181.51622009277344, 163.5010223388672], "(3, 5, 2, 2)": [111.34913635253906, 105.75212860107422, 157.3542022705078, 119.43317413330078, 113.17108154296875], "(3, 4, 2, 2)": [48.09999084472656, 47.33586502075195, 42.70056915283203, 46.07286071777344, 90.65825653076172], "(3, 2, 2, 1)": [1.0698076486587524, 0.03355620056390762, 0.5452948212623596, 136.2665252685547, 25.321311950683594], "(3, 3, 2, 1)": [1.1329832077026367, 0.04255109280347824, 0.34206685423851013, 0.0, 3.140897750854492], "(1, 5, 2, 3)": [0.06606347858905792, 1.111043930053711, 0.865772545337677, 0.5802462697029114, 39.244327545166016], "(1, 6, 2, 3)": [0.0, 7.481834411621094, 23.47572135925293, 16.626195907592773, 16.412233352661133], "(1, 7, 2, 3)": [7.766885280609131, 19.08550453186035, 3.848905086517334, 142.9302215576172, 23.075654983520508], "(2, 2, 2, 3)": [12.980667114257812, 87.89483642578125, 0.0, 0.0, 9.082514762878418], "(3, 6, 2, 3)": [0.0, 18.249019622802734, 0.0, 0.027122829109430313, 0.2284826785326004], "(3, 7, 2, 3)": [16.308019638061523, 24.014745712280273, 42.048095703125, 21.53028678894043, 5.054035663604736], "(3, 7, 3, 3)": [0.0, 0.0, 5.815621852874756, 6.538180828094482, 0.0], "(2, 6, 2, 1)": [12.014399528503418, 5.746301651000977, 0.0, 35.80470275878906, 59.622657775878906], "(1, 1, 2, 1)": [23.772136688232422, 3.66152286529541, 172.0110626220703, 33.566734313964844, 12.96066951751709], "(3, 5, 3, 2)": [3.1426048278808594, 0.0, 0.0, 0.0, 0.0], "(3, 5, 2, 1)": [0.0, 0.35878854990005493, 0.0, 0.0, 0.0], "(2, 3, 1, 1)": [0.578481912612915, 0.0, 0.9743215441703796, 3.4154179096221924, 18.50562286376953], "(3, 4, 2, 3)": [0.0, 0.03956315293908119, 0.0, 0.0, 0.0], "(3, 4, 3, 3)": [2.9479968547821045, 0.0, 0.0, 0.0, 0.0], "(3, 1, 2, 1)": [60.353694915771484, 64.450927734375, 60.48064041137695, 116.19532775878906, 306.29437255859375], "(2, 5, 3, 3)": [57.80059814453125, 20.997661590576172, 5.989740371704102, 0.2461867779493332, 0.06176266819238663], "(3, 4, 3, 2)": [0.6650533676147461, 8.149784088134766, 0.0, 0.0, 0.0], "(3, 7, 3, 2)": [22.246559143066406, 0.4873523712158203, 0.0, 0.0, 0.0], "(2, 4, 3, 3)": [0.0, 26.936046600341797, 0.0, 2.2089896202087402, 0.033927831798791885], "(2, 2, 3, 2)": [0.0, 0.0, 29.914955139160156, 0.0, 0.0], "(2, 3, 3, 2)": [0.0, 0.0, 23.99524688720703, 0.0887635350227356, 0.17471466958522797], "(2, 4, 3, 2)": [0.0, 31.61781883239746, 0.0308624729514122, 0.17470793426036835, 0.0], "(2, 3, 3, 3)": [7.9598259925842285, 5.907379627227783, 26.37575340270996, 0.0, 0.0], "(2, 4, 1, 2)": [0.02999945543706417, 0.0, 0.030824564397335052, 6.791592597961426, 0.0], "(3, 5, 2, 3)": [0.0, 0.0, 2.1684021949768066, 0.26412448287010193, 0.0], "(2, 5, 1, 1)": [0.1880272477865219, 1.0589191913604736, 0.0, 0.0, 20.99665641784668], "(3, 4, 2, 1)": [0.0, 0.0, 2.2050533294677734, 0.0, 0.0], "(2, 5, 1, 2)": [0.03537904843688011, 0.0, 9.351530075073242, 0.0, 9.248817443847656], "(1, 3, 1, 1)": [0.056681420654058456, 0.0, 0.0, 1.018491506576538, 0.0], "(1, 2, 1, 1)": [0.0, 0.026179565116763115, 0.8476166129112244, 0.0, 2.596801996231079], "(1, 1, 1, 1)": [0.0, 0.0, 0.024836521595716476, 0.0, 18.54826545715332], "(2, 6, 1, 2)": [0.0, 0.334505170583725, 10.2811918258667, 0.0, 0.0], "(1, 4, 1, 1)": [0.0, 0.0, 0.0, 0.3950740694999695, 0.0], "(1, 4, 1, 2)": [0.12170377373695374, 0.03364897519350052, 0.033640358597040176, 0.0, 0.3935720920562744], "(1, 3, 1, 2)": [0.05931492894887924, 0.0, 0.0, 0.11765901744365692, 0.0], "(1, 2, 2, 1)": [0.0, 2.1630547046661377, 8.356101036071777, 6.402807235717773, 0.0], "(1, 2, 1, 2)": [0.0, 0.1459154337644577, 9.932238578796387, 0.0, 0.0], "(1, 4, 2, 3)": [0.5483524203300476, 0.0, 0.0, 0.0, 0.0], "(1, 6, 1, 2)": [0.0, 0.13957570493221283, 0.0, 0.0, 0.0], "(1, 5, 1, 2)": [0.06225915998220444, 0.0, 0.060501277446746826, 0.0, 0.0], "(3, 3, 3, 3)": [1.3195366859436035, 0.0, 0.0, 0.0, 0.0]}}