{"q_values": {"(2, 5, 2, 2)": [132.53952026367188, 133.17005920410156, 133.48931884765625, 132.84539794921875, 131.9177703857422], "(2, 6, 2, 2)": [129.95346069335938, 128.85964965820312, 129.26641845703125, 128.90882873535156, 127.69770050048828], "(2, 7, 2, 2)": [123.6966323852539, 124.04535675048828, 125.00276184082031, 123.1969985961914, 122.9005355834961], "(2, 3, 2, 2)": [127.22867584228516, 131.91879272460938, 132.96902465820312, 132.3594207763672, 130.8001708984375], "(2, 1, 2, 2)": [122.81151580810547, 123.5432357788086, 124.51062774658203, 124.08338165283203, 125.08551025390625], "(2, 2, 2, 2)": [126.4718017578125, 128.0140380859375, 127.72265625, 128.15708923339844, 129.45013427734375], "(2, 4, 2, 2)": [133.64344787597656, 134.09588623046875, 133.57212829589844, 133.5349884033203, 130.1991729736328], "(2, 6, 2, 3)": [63.294979095458984, 51.19304656982422, 24.65630531311035, 20.70653533935547, 20.673751831054688], "(2, 2, 2, 1)": [28.909879684448242, 24.822927474975586, 42.26313018798828, 65.30903625488281, 67.19501495361328], "(2, 1, 2, 1)": [39.11901092529297, 46.453460693359375, 59.05317687988281, 72.1863784790039, 59.41323471069336], "(2, 3, 2, 3)": [7.851452350616455, 18.86322784423828, 11.152153015136719, 0.5471572875976562, 0.6694294810295105], "(2, 4, 2, 3)": [44.408363342285156, 23.995765686035156, 20.0396671295166, 10.365151405334473, 6.085330486297607], "(2, 7, 2, 3)": [60.72142791748047, 66.92379760742188, 42.707950592041016, 43.44748306274414, 50.18201446533203], "(2, 5, 2, 3)": [32.704368591308594, 67.97515106201172, 20.978208541870117, 18.500837326049805, 16.18726348876953], "(2, 3, 2, 1)": [18.06724739074707, 21.043703079223633, 27.900012969970703, 47.726898193359375, 60.290035247802734], "(1, 3, 2, 2)": [1.0150325298309326, 0.8013079166412354, 1.0314494371414185, 0.6005451679229736, 0.8067885637283325], "(1, 2, 2, 2)": [0.7339991927146912, 0.5074823498725891, 0.7361646890640259, 0.6265977621078491, 0.7955493927001953], "(1, 4, 2, 2)": [0.7053303718566895, 0.9533823728561401, 1.1998683214187622, 1.2398719787597656, 1.9606530666351318], "(1, 5, 2, 2)": [1.1587255001068115, 0.8638348579406738, 0.75827956199646, 0.5485296249389648, 0.577467143535614], "(1, 6, 2, 2)": [0.5381325483322144, 0.6500471234321594, 1.0009506940841675, 0.6206117868423462, 0.3195189833641052], "(1, 7, 2, 2)": [6.125290393829346, 5.575949668884277, 15.290141105651855, 3.2791659832000732, 1.0336341857910156], "(2, 2, 1, 1)": [0.0, 0.10020878165960312, 0.0, 3.8676881790161133, 0.0], "(2, 1, 1, 1)": [0.0, 3.4409642219543457, 0.030107084661722183, 1.3627827167510986, 0.0], "(2, 7, 3, 3)": [0.0, 0.6914678812026978, 3.04805326461792, 0.2571549117565155, 0.07240787893533707], "(2, 4, 2, 1)": [7.876869201660156, 11.20873737335205, 25.55998420715332, 21.010604858398438, 41.81124496459961], "(3, 7, 2, 2)": [6.395088195800781, 8.586624145507812, 10.50333023071289, 11.695801734924316, 13.612861633300781], "(2, 5, 2, 1)": [0.08282316476106644, 1.936941146850586, 11.892035484313965, 14.877151489257812, 17.720678329467773], "(2, 4, 1, 1)": [0.0, 0.0, 0.0, 0.27462631464004517, 0.0], "(1, 1, 2, 2)": [2.756057024002075, 7.128128528594971, 3.6173791885375977, 1.3653150796890259, 1.757682204246521], "(3, 3, 2, 2)": [0.9654697179794312, 0.8996173143386841, 0.8577623963356018, 0.8080389499664307, 1.3724451065063477], "(3, 2, 2, 2)": [2.411369562149048, 0.46619731187820435, 1.2987874746322632, 0.5679980516433716, 3.2474215030670166], "(3, 1, 2, 2)": [2.7407073974609375, 7.513865947723389, 7.245404243469238, 6.291084289550781, 2.065850019454956], "(2, 6, 3, 3)": [5.161429405212402, 0.0, 0.04206636920571327, 0.0, 0.028548723086714745], "(3, 6, 2, 2)": [1.2835776805877686, 0.9693775177001953, 1.7772879600524902, 3.0409433841705322, 1.6199288368225098], "(3, 5, 2, 2)": [4.437180519104004, 1.369640827178955, 1.4074912071228027, 1.286087155342102, 1.4041496515274048], "(3, 4, 2, 2)": [0.6440022587776184, 1.0110485553741455, 1.3873625993728638, 0.977904200553894, 1.2283060550689697], "(3, 2, 2, 1)": [0.1850464940071106, 0.0, 0.14991502463817596, 0.07696384191513062, 0.0], "(3, 3, 2, 1)": [0.8156927824020386, 0.0, 0.0, 0.0, 0.0], "(1, 5, 2, 3)": [0.0, 0.0, 0.02904522605240345, 0.0, 0.028267191722989082], "(1, 6, 2, 3)": [0.0, 0.035319190472364426, 0.09176702797412872, 0.0, 0.028125043958425522], "(1, 7, 2, 3)": [0.16905412077903748, 0.0, 0.0, 2.3841440677642822, 0.0], "(2, 2, 2, 3)": [0.0, 1.1963582038879395, 0.0, 0.0, 0.0], "(3, 6, 2, 3)": [0.0, 0.0, 0.0, 0.027122829109430313, 0.0], "(3, 7, 2, 3)": [0.0, 0.0, 0.0, 0.0, 0.025836193934082985], "(3, 7, 3, 3)": [0.0, 0.0, 1.2083364725112915, 0.0, 0.0], "(2, 6, 2, 1)": [1.1118086576461792, 0.09890739619731903, 0.0, 0.0, 0.0], "(1, 1, 2, 1)": [0.0, 3.295747756958008, 0.0726991593837738, 0.0, 1.8950012922286987], "(3, 5, 3, 2)": [0.0341029092669487, 0.0, 0.0, 0.0, 0.0], "(3, 5, 2, 1)": [0.0, 0.35878854990005493, 0.0, 0.0, 0.0], "(2, 3, 1, 1)": [0.0, 0.0, 0.9743215441703796, 0.9465529322624207, 0.0], "(3, 4, 2, 3)": [0.0, 0.03956315293908119, 0.0, 0.0, 0.0], "(3, 4, 3, 3)": [0.05014127492904663, 0.0, 0.0, 0.0, 0.0], "(3, 1, 2, 1)": [0.0, 0.0, 0.0, 0.0, 2.823518753051758], "(2, 5, 3, 3)": [0.0, 0.0, 0.13491299748420715, 0.0, 0.02916325069963932]}}