{"q_values": {"(2, 5, 2, 2)": [921.7977905273438, 922.062744140625, 921.0177001953125, 925.96435546875, 917.3657836914062], "(2, 6, 2, 2)": [923.5863647460938, 923.1947021484375, 927.9411010742188, 923.3638305664062, 918.8695678710938], "(2, 7, 2, 2)": [919.72216796875, 916.6301879882812, 920.948486328125, 919.3980712890625, 918.1962280273438], "(2, 3, 2, 2)": [908.5419921875, 921.7363891601562, 916.23828125, 917.4418334960938, 913.246337890625], "(2, 1, 2, 2)": [917.6103515625, 918.695556640625, 924.6709594726562, 921.5682373046875, 921.7814331054688], "(2, 2, 2, 2)": [914.6865844726562, 922.4274291992188, 916.5455932617188, 914.4736328125, 917.3270263671875], "(2, 4, 2, 2)": [923.1367797851562, 923.0509643554688, 921.2554321289062, 927.9219360351562, 925.0303344726562], "(2, 6, 2, 3)": [797.5472412109375, 409.9472351074219, 379.2109375, 305.9800109863281, 358.0259094238281], "(2, 2, 2, 1)": [346.26739501953125, 378.81036376953125, 399.0702209472656, 404.166748046875, 800.494873046875], "(2, 1, 2, 1)": [468.8070373535156, 405.3713073730469, 464.62896728515625, 813.9105224609375, 529.1486206054688], "(2, 3, 2, 3)": [78.93754577636719, 480.8618469238281, 94.64971923828125, 25.688709259033203, 46.11882019042969], "(2, 4, 2, 3)": [180.1522979736328, 651.3091430664062, 171.3625030517578, 243.36410522460938, 196.8406982421875], "(2, 7, 2, 3)": [535.734375, 794.779296875, 530.099853515625, 425.8539733886719, 461.18927001953125], "(2, 5, 2, 3)": [416.84375, 770.6886596679688, 366.6226501464844, 182.94979858398438, 202.52957153320312], "(2, 3, 2, 1)": [239.91712951660156, 279.89569091796875, 291.3418884277344, 305.38623046875, 751.1586303710938], "(1, 3, 2, 2)": [16.254484176635742, 9.441067695617676, 5.853981971740723, 7.077437400817871, 5.003929138183594], "(1, 2, 2, 2)": [78.46200561523438, 29.089513778686523, 34.70293045043945, 28.07138442993164, 44.32878112792969], "(1, 4, 2, 2)": [10.97626781463623, 14.520660400390625, 36.91261291503906, 10.685397148132324, 71.14405822753906], "(1, 5, 2, 2)": [37.6241340637207, 32.0020637512207, 68.37529754638672, 57.3240966796875, 173.6853790283203], "(1, 6, 2, 2)": [154.61317443847656, 138.621826171875, 248.51092529296875, 141.35731506347656, 158.98838806152344], "(1, 7, 2, 2)": [289.037353515625, 315.21441650390625, 303.3969421386719, 566.1054077148438, 322.0610046386719], "(2, 2, 1, 1)": [0.281083345413208, 0.5099550485610962, 3.0909698009490967, 9.737993240356445, 6.652221202850342], "(2, 1, 1, 1)": [52.19627380371094, 3.4409642219543457, 2.973663568496704, 1.3627827167510986, 10.187941551208496], "(2, 7, 3, 3)": [9.131487846374512, 0.6914678812026978, 4.989872932434082, 39.4962158203125, 15.321500778198242], "(2, 4, 2, 1)": [117.54227447509766, 187.5443878173828, 234.25997924804688, 271.04638671875, 621.1441040039062], "(3, 7, 2, 2)": [328.81280517578125, 278.69940185546875, 221.1785430908203, 388.15350341796875, 607.8724365234375], "(2, 5, 2, 1)": [48.61986541748047, 32.30023193359375, 93.13919067382812, 401.6905822753906, 211.50462341308594], "(2, 4, 1, 1)": [0.0, 0.16917677223682404, 5.204235076904297, 22.857614517211914, 17.422809600830078], "(1, 1, 2, 2)": [306.8496398925781, 124.3481674194336, 115.45462799072266, 117.96775817871094, 160.56982421875], "(3, 3, 2, 2)": [58.37316131591797, 65.11983489990234, 95.92729949951172, 67.12739562988281, 59.54582595825195], "(3, 2, 2, 2)": [224.54566955566406, 119.37630462646484, 127.00205993652344, 141.257568359375, 115.80924224853516], "(3, 1, 2, 2)": [347.19525146484375, 330.7701721191406, 612.1045532226562, 317.8680725097656, 350.52032470703125], "(2, 6, 3, 3)": [9.565619468688965, 0.0, 0.04206636920571327, 0.6300723552703857, 0.028548723086714745], "(3, 6, 2, 2)": [166.19847106933594, 169.18170166015625, 282.3783264160156, 171.4450225830078, 163.5010223388672], "(3, 5, 2, 2)": [101.92125701904297, 88.7373275756836, 160.79473876953125, 116.52173614501953, 108.67587280273438], "(3, 4, 2, 2)": [46.961082458496094, 42.66982650756836, 41.391868591308594, 44.8693733215332, 78.93733978271484], "(3, 2, 2, 1)": [1.0698076486587524, 0.03355620056390762, 0.5452948212623596, 121.5223388671875, 25.321311950683594], "(3, 3, 2, 1)": [1.1329832077026367, 0.04255109280347824, 0.34206685423851013, 0.0, 3.140897750854492], "(1, 5, 2, 3)": [0.06606347858905792, 1.111043930053711, 0.865772545337677, 0.5802462697029114, 14.745635032653809], "(1, 6, 2, 3)": [0.0, 7.481834411621094, 23.47572135925293, 16.626195907592773, 16.412233352661133], "(1, 7, 2, 3)": [7.766885280609131, 19.08550453186035, 3.848905086517334, 142.9302215576172, 23.075654983520508], "(2, 2, 2, 3)": [12.980667114257812, 87.89483642578125, 0.0, 0.0, 9.082514762878418], "(3, 6, 2, 3)": [0.0, 18.249019622802734, 0.0, 0.027122829109430313, 0.2284826785326004], "(3, 7, 2, 3)": [16.308019638061523, 24.014745712280273, 13.388258934020996, 21.53028678894043, 5.054035663604736], "(3, 7, 3, 3)": [0.0, 0.0, 5.815621852874756, 6.538180828094482, 0.0], "(2, 6, 2, 1)": [12.014399528503418, 5.746301651000977, 0.0, 35.80470275878906, 59.622657775878906], "(1, 1, 2, 1)": [23.772136688232422, 3.66152286529541, 172.0110626220703, 33.566734313964844, 12.96066951751709], "(3, 5, 3, 2)": [3.1426048278808594, 0.0, 0.0, 0.0, 0.0], "(3, 5, 2, 1)": [0.0, 0.35878854990005493, 0.0, 0.0, 0.0], "(2, 3, 1, 1)": [0.578481912612915, 0.0, 0.9743215441703796, 3.4154179096221924, 18.50562286376953], "(3, 4, 2, 3)": [0.0, 0.03956315293908119, 0.0, 0.0, 0.0], "(3, 4, 3, 3)": [2.9479968547821045, 0.0, 0.0, 0.0, 0.0], "(3, 1, 2, 1)": [60.353694915771484, 64.450927734375, 60.48064041137695, 116.19532775878906, 287.0408935546875], "(2, 5, 3, 3)": [57.80059814453125, 20.997661590576172, 5.989740371704102, 0.2461867779493332, 0.06176266819238663], "(3, 4, 3, 2)": [0.6650533676147461, 8.149784088134766, 0.0, 0.0, 0.0], "(3, 7, 3, 2)": [22.246559143066406, 0.4873523712158203, 0.0, 0.0, 0.0], "(2, 4, 3, 3)": [0.0, 26.936046600341797, 0.0, 2.2089896202087402, 0.033927831798791885], "(2, 2, 3, 2)": [0.0, 0.0, 29.914955139160156, 0.0, 0.0], "(2, 3, 3, 2)": [0.0, 0.0, 23.99524688720703, 0.0887635350227356, 0.17471466958522797], "(2, 4, 3, 2)": [0.0, 31.61781883239746, 0.0308624729514122, 0.17470793426036835, 0.0], "(2, 3, 3, 3)": [7.9598259925842285, 5.907379627227783, 26.37575340270996, 0.0, 0.0], "(2, 4, 1, 2)": [0.02999945543706417, 0.0, 0.030824564397335052, 6.791592597961426, 0.0], "(3, 5, 2, 3)": [0.0, 0.0, 2.1684021949768066, 0.26412448287010193, 0.0], "(2, 5, 1, 1)": [0.1880272477865219, 1.0589191913604736, 0.0, 0.0, 20.99665641784668], "(3, 4, 2, 1)": [0.0, 0.0, 2.2050533294677734, 0.0, 0.0], "(2, 5, 1, 2)": [0.03537904843688011, 0.0, 9.351530075073242, 0.0, 9.248817443847656], "(1, 3, 1, 1)": [0.056681420654058456, 0.0, 0.0, 1.018491506576538, 0.0], "(1, 2, 1, 1)": [0.0, 0.026179565116763115, 0.8476166129112244, 0.0, 2.596801996231079], "(1, 1, 1, 1)": [0.0, 0.0, 0.024836521595716476, 0.0, 18.54826545715332], "(2, 6, 1, 2)": [0.0, 0.334505170583725, 10.2811918258667, 0.0, 0.0], "(1, 4, 1, 1)": [0.0, 0.0, 0.0, 0.3950740694999695, 0.0], "(1, 4, 1, 2)": [0.12170377373695374, 0.03364897519350052, 0.033640358597040176, 0.0, 0.3935720920562744], "(1, 3, 1, 2)": [0.05931492894887924, 0.0, 0.0, 0.11765901744365692, 0.0], "(1, 2, 2, 1)": [0.0, 2.1630547046661377, 8.356101036071777, 6.402807235717773, 0.0], "(1, 2, 1, 2)": [0.0, 0.1459154337644577, 9.932238578796387, 0.0, 0.0], "(1, 4, 2, 3)": [0.5483524203300476, 0.0, 0.0, 0.0, 0.0], "(1, 6, 1, 2)": [0.0, 0.13957570493221283, 0.0, 0.0, 0.0], "(1, 5, 1, 2)": [0.06225915998220444, 0.0, 0.060501277446746826, 0.0, 0.0], "(3, 3, 3, 3)": [1.3195366859436035, 0.0, 0.0, 0.0, 0.0]}}