{"q_values": {"(2, 5, 2, 2)": [365.3155517578125, 365.6881103515625, 366.9448547363281, 364.1917724609375, 363.62005615234375], "(2, 6, 2, 2)": [362.8725891113281, 362.80218505859375, 364.2505798339844, 362.5075378417969, 361.1406555175781], "(2, 7, 2, 2)": [360.85015869140625, 361.1463928222656, 360.95831298828125, 362.69683837890625, 359.8132629394531], "(2, 3, 2, 2)": [362.9543762207031, 363.4612731933594, 365.13079833984375, 363.7159423828125, 364.30169677734375], "(2, 1, 2, 2)": [357.5615539550781, 360.77093505859375, 362.216796875, 360.8460998535156, 361.0408020019531], "(2, 2, 2, 2)": [361.31793212890625, 361.6154479980469, 363.5229797363281, 362.2572021484375, 362.00958251953125], "(2, 4, 2, 2)": [364.96405029296875, 365.4570617675781, 367.17138671875, 365.72210693359375, 363.6643981933594], "(2, 6, 2, 3)": [256.03314208984375, 168.6581573486328, 119.30994415283203, 106.32476043701172, 120.93855285644531], "(2, 2, 2, 1)": [125.40999603271484, 94.91217041015625, 138.2435760498047, 171.87721252441406, 252.86212158203125], "(2, 1, 2, 1)": [166.54412841796875, 184.72036743164062, 203.10169982910156, 260.3443298339844, 194.28958129882812], "(2, 3, 2, 3)": [16.506160736083984, 89.16490173339844, 19.865345001220703, 4.97235107421875, 16.567256927490234], "(2, 4, 2, 3)": [106.98795318603516, 125.35658264160156, 69.70584869384766, 34.10579299926758, 34.909664154052734], "(2, 7, 2, 3)": [215.318603515625, 275.5351867675781, 183.97659301757812, 188.2420654296875, 179.01742553710938], "(2, 5, 2, 3)": [145.03187561035156, 212.73199462890625, 118.6053695678711, 47.68215560913086, 69.41949462890625], "(2, 3, 2, 1)": [83.577392578125, 91.0497055053711, 105.92059326171875, 125.1430892944336, 235.7852020263672], "(1, 3, 2, 2)": [3.794616460800171, 2.0848793983459473, 2.7317616939544678, 2.3017044067382812, 1.932642936706543], "(1, 2, 2, 2)": [8.379630088806152, 6.6787824630737305, 15.603151321411133, 4.776364803314209, 9.883895874023438], "(1, 4, 2, 2)": [3.8059725761413574, 5.063535690307617, 4.66072416305542, 4.416633605957031, 11.097257614135742], "(1, 5, 2, 2)": [14.75626277923584, 2.8307347297668457, 2.553654909133911, 1.9467391967773438, 3.462343215942383], "(1, 6, 2, 2)": [8.023154258728027, 5.935965538024902, 21.94028663635254, 5.700080394744873, 25.008548736572266], "(1, 7, 2, 2)": [55.15238571166992, 127.71650695800781, 54.24851989746094, 62.548622131347656, 64.03688049316406], "(2, 2, 1, 1)": [0.281083345413208, 0.5099550485610962, 3.0909698009490967, 9.737993240356445, 6.652221202850342], "(2, 1, 1, 1)": [19.993045806884766, 3.4409642219543457, 2.973663568496704, 1.3627827167510986, 10.187941551208496], "(2, 7, 3, 3)": [9.131487846374512, 0.6914678812026978, 4.989872932434082, 6.2084641456604, 0.07240787893533707], "(2, 4, 2, 1)": [29.4294490814209, 65.49663543701172, 94.05131530761719, 95.5311279296875, 182.14859008789062], "(3, 7, 2, 2)": [38.692543029785156, 33.73115921020508, 51.43484115600586, 54.12308120727539, 91.4836196899414], "(2, 5, 2, 1)": [15.093034744262695, 5.928787708282471, 46.30427551269531, 85.24478149414062, 40.10813522338867], "(2, 4, 1, 1)": [0.0, 0.16917677223682404, 5.204235076904297, 7.432178020477295, 5.268157005310059], "(1, 1, 2, 2)": [100.65815734863281, 63.361175537109375, 37.715354919433594, 47.42932891845703, 28.462261199951172], "(3, 3, 2, 2)": [4.4186692237854, 5.166550159454346, 4.623532772064209, 5.975650310516357, 6.68604040145874], "(3, 2, 2, 2)": [17.283884048461914, 11.607755661010742, 11.524697303771973, 16.120990753173828, 10.558493614196777], "(3, 1, 2, 2)": [42.26634216308594, 57.635963439941406, 91.53170013427734, 51.29058074951172, 39.877132415771484], "(2, 6, 3, 3)": [9.565619468688965, 0.0, 0.04206636920571327, 0.6300723552703857, 0.028548723086714745], "(3, 6, 2, 2)": [13.835914611816406, 5.129749298095703, 17.10941505432129, 13.340498924255371, 7.8457350730896], "(3, 5, 2, 2)": [6.153852462768555, 5.836783409118652, 8.02276611328125, 5.938166618347168, 5.732821941375732], "(3, 4, 2, 2)": [11.283405303955078, 7.034984111785889, 6.341033935546875, 6.231849193572998, 7.445822238922119], "(3, 2, 2, 1)": [0.4578891694545746, 0.03355620056390762, 0.4249265789985657, 0.3272126615047455, 0.5108298659324646], "(3, 3, 2, 1)": [0.8617228269577026, 0.04255109280347824, 0.0, 0.0, 0.11454297602176666], "(1, 5, 2, 3)": [0.06606347858905792, 0.0, 0.05967988073825836, 0.0, 0.028267191722989082], "(1, 6, 2, 3)": [0.0, 0.3932156562805176, 0.35836338996887207, 0.364772766828537, 0.028125043958425522], "(1, 7, 2, 3)": [0.16905412077903748, 0.9927340745925903, 0.5350942015647888, 15.384779930114746, 8.751644134521484], "(2, 2, 2, 3)": [0.0, 15.924689292907715, 0.0, 0.0, 0.26238200068473816], "(3, 6, 2, 3)": [0.0, 0.0, 0.0, 0.027122829109430313, 0.2284826785326004], "(3, 7, 2, 3)": [9.385798454284668, 1.9845155477523804, 0.0, 0.0, 5.054035663604736], "(3, 7, 3, 3)": [0.0, 0.0, 5.815621852874756, 6.538180828094482, 0.0], "(2, 6, 2, 1)": [5.0189104080200195, 0.09890739619731903, 0.0, 9.935060501098633, 10.2677583694458], "(1, 1, 2, 1)": [0.0, 3.66152286529541, 10.795077323913574, 0.0, 12.96066951751709], "(3, 5, 3, 2)": [0.0341029092669487, 0.0, 0.0, 0.0, 0.0], "(3, 5, 2, 1)": [0.0, 0.35878854990005493, 0.0, 0.0, 0.0], "(2, 3, 1, 1)": [0.578481912612915, 0.0, 0.9743215441703796, 3.4154179096221924, 7.032608985900879], "(3, 4, 2, 3)": [0.0, 0.03956315293908119, 0.0, 0.0, 0.0], "(3, 4, 3, 3)": [0.05014127492904663, 0.0, 0.0, 0.0, 0.0], "(3, 1, 2, 1)": [7.355771064758301, 0.0, 0.5060556530952454, 0.0, 17.451242446899414], "(2, 5, 3, 3)": [5.831104278564453, 0.0, 5.989740371704102, 0.2461867779493332, 0.06176266819238663], "(3, 4, 3, 2)": [0.6650533676147461, 0.0, 0.0, 0.0, 0.0], "(3, 7, 3, 2)": [0.0, 0.4873523712158203, 0.0, 0.0, 0.0], "(2, 4, 3, 3)": [0.0, 0.0, 0.0, 0.03893950954079628, 0.033927831798791885], "(2, 2, 3, 2)": [0.0, 0.0, 12.612157821655273, 0.0, 0.0], "(2, 3, 3, 2)": [0.0, 0.0, 0.0, 0.05890467390418053, 0.0], "(2, 4, 3, 2)": [0.0, 4.824331283569336, 0.0, 0.0, 0.0], "(2, 3, 3, 3)": [7.9598259925842285, 5.907379627227783, 0.0, 0.0, 0.0], "(2, 4, 1, 2)": [0.02999945543706417, 0.0, 0.030824564397335052, 6.791592597961426, 0.0], "(3, 5, 2, 3)": [0.0, 0.0, 0.0, 0.029497656971216202, 0.0], "(2, 5, 1, 1)": [0.1880272477865219, 0.27724525332450867, 0.0, 0.0, 0.0], "(3, 4, 2, 1)": [0.0, 0.0, 0.17260512709617615, 0.0, 0.0], "(2, 5, 1, 2)": [0.03537904843688011, 0.0, 9.351530075073242, 0.0, 9.248817443847656], "(1, 3, 1, 1)": [0.056681420654058456, 0.0, 0.0, 0.0, 0.0], "(1, 2, 1, 1)": [0.0, 0.026179565116763115, 0.027377262711524963, 0.0, 2.596801996231079], "(1, 1, 1, 1)": [0.0, 0.0, 0.024836521595716476, 0.0, 9.086532592773438], "(2, 6, 1, 2)": [0.0, 0.334505170583725, 10.2811918258667, 0.0, 0.0], "(1, 4, 1, 1)": [0.0, 0.0, 0.0, 0.3950740694999695, 0.0], "(1, 4, 1, 2)": [0.07032224535942078, 0.0, 0.0, 0.0, 0.0], "(1, 3, 1, 2)": [0.029420414939522743, 0.0, 0.0, 0.11765901744365692, 0.0], "(1, 2, 2, 1)": [0.0, 0.0, 0.12606917321681976, 0.0, 0.0]}}