{"q_values": {"(2, 5, 2, 2)": [531.8245849609375, 532.1360473632812, 534.8228759765625, 532.6592407226562, 530.3209838867188], "(2, 6, 2, 2)": [530.963134765625, 531.0302124023438, 532.76513671875, 530.348388671875, 528.9217529296875], "(2, 7, 2, 2)": [527.466552734375, 527.7125854492188, 530.8045654296875, 527.8416137695312, 527.521484375], "(2, 3, 2, 2)": [531.9009399414062, 534.2788696289062, 535.85400390625, 532.3754272460938, 533.5467529296875], "(2, 1, 2, 2)": [530.8958129882812, 532.8535766601562, 533.0580444335938, 535.0899658203125, 532.8467407226562], "(2, 2, 2, 2)": [533.7403564453125, 536.2457885742188, 534.02099609375, 533.9362182617188, 533.714599609375], "(2, 4, 2, 2)": [519.8698120117188, 531.5321044921875, 531.2726440429688, 533.7186279296875, 530.5435180664062], "(2, 6, 2, 3)": [411.24176025390625, 242.64295959472656, 208.68263244628906, 210.8233184814453, 193.3564453125], "(2, 2, 2, 1)": [154.74024963378906, 149.32183837890625, 227.66041564941406, 277.0334777832031, 383.6976013183594], "(2, 1, 2, 1)": [279.0906982421875, 247.1558837890625, 267.1492919921875, 394.86663818359375, 298.4678039550781], "(2, 3, 2, 3)": [16.506160736083984, 205.6309814453125, 34.34659194946289, 10.117454528808594, 18.774784088134766], "(2, 4, 2, 3)": [118.60526275634766, 293.10430908203125, 136.11788940429688, 78.40458679199219, 75.56156921386719], "(2, 7, 2, 3)": [302.3789978027344, 412.3441467285156, 280.4634094238281, 281.3569641113281, 246.73980712890625], "(2, 5, 2, 3)": [244.02862548828125, 379.5853576660156, 176.90618896484375, 80.07207489013672, 116.22254180908203], "(2, 3, 2, 1)": [133.97056579589844, 155.47052001953125, 129.87950134277344, 165.5269775390625, 379.75286865234375], "(1, 3, 2, 2)": [9.568926811218262, 3.7525603771209717, 3.5636184215545654, 4.846863746643066, 2.7914040088653564], "(1, 2, 2, 2)": [41.33159637451172, 26.40386390686035, 25.868444442749023, 12.629878044128418, 17.550235748291016], "(1, 4, 2, 2)": [7.536410808563232, 7.802074432373047, 8.558233261108398, 8.223129272460938, 12.67697811126709], "(1, 5, 2, 2)": [19.17949676513672, 11.209370613098145, 23.175674438476562, 11.668449401855469, 10.514041900634766], "(1, 6, 2, 2)": [22.879817962646484, 29.84161949157715, 36.997982025146484, 30.140403747558594, 55.39622497558594], "(1, 7, 2, 2)": [95.37806701660156, 150.30239868164062, 111.42279815673828, 128.36260986328125, 109.33607482910156], "(2, 2, 1, 1)": [0.281083345413208, 0.5099550485610962, 3.0909698009490967, 9.737993240356445, 6.652221202850342], "(2, 1, 1, 1)": [34.1160774230957, 3.4409642219543457, 2.973663568496704, 1.3627827167510986, 10.187941551208496], "(2, 7, 3, 3)": [9.131487846374512, 0.6914678812026978, 4.989872932434082, 6.2084641456604, 15.321500778198242], "(2, 4, 2, 1)": [38.87675476074219, 83.78514862060547, 143.5674285888672, 138.37940979003906, 301.0498046875], "(3, 7, 2, 2)": [70.82910919189453, 79.87567138671875, 76.09819793701172, 93.25589752197266, 174.78688049316406], "(2, 5, 2, 1)": [14.678421974182129, 8.338082313537598, 51.93702697753906, 134.0900421142578, 103.26846313476562], "(2, 4, 1, 1)": [0.0, 0.16917677223682404, 5.204235076904297, 7.432178020477295, 17.422809600830078], "(1, 1, 2, 2)": [181.22421264648438, 103.37747192382812, 80.72602081298828, 88.4427490234375, 58.57614517211914], "(3, 3, 2, 2)": [24.64690589904785, 12.098187446594238, 25.10076141357422, 9.345587730407715, 14.52112102508545], "(3, 2, 2, 2)": [72.16362762451172, 23.419301986694336, 24.140785217285156, 42.56718826293945, 37.10970687866211], "(3, 1, 2, 2)": [89.86544799804688, 118.14761352539062, 202.79844665527344, 83.2925033569336, 93.74229431152344], "(2, 6, 3, 3)": [9.565619468688965, 0.0, 0.04206636920571327, 0.6300723552703857, 0.028548723086714745], "(3, 6, 2, 2)": [35.95674133300781, 17.74764633178711, 56.33526611328125, 22.02094841003418, 23.87107276916504], "(3, 5, 2, 2)": [22.285863876342773, 8.338502883911133, 20.461244583129883, 26.65999412536621, 9.103288650512695], "(3, 4, 2, 2)": [33.02504348754883, 11.83004379272461, 10.42184066772461, 13.868043899536133, 15.14332103729248], "(3, 2, 2, 1)": [1.0698076486587524, 0.03355620056390762, 0.5452948212623596, 8.634845733642578, 1.517115831375122], "(3, 3, 2, 1)": [1.103761911392212, 0.04255109280347824, 0.0, 0.0, 0.11454297602176666], "(1, 5, 2, 3)": [0.06606347858905792, 1.111043930053711, 0.865772545337677, 0.0553131066262722, 0.028267191722989082], "(1, 6, 2, 3)": [0.0, 1.1377294063568115, 0.35836338996887207, 1.8251359462738037, 0.028125043958425522], "(1, 7, 2, 3)": [7.766885280609131, 0.9927340745925903, 3.848905086517334, 61.53867721557617, 21.364547729492188], "(2, 2, 2, 3)": [12.980667114257812, 15.924689292907715, 0.0, 0.0, 0.26238200068473816], "(3, 6, 2, 3)": [0.0, 0.0, 0.0, 0.027122829109430313, 0.2284826785326004], "(3, 7, 2, 3)": [9.385798454284668, 1.9845155477523804, 13.388258934020996, 0.0, 5.054035663604736], "(3, 7, 3, 3)": [0.0, 0.0, 5.815621852874756, 6.538180828094482, 0.0], "(2, 6, 2, 1)": [5.0189104080200195, 5.746301651000977, 0.0, 9.935060501098633, 34.39939880371094], "(1, 1, 2, 1)": [0.0, 3.66152286529541, 56.409515380859375, 12.800440788269043, 12.96066951751709], "(3, 5, 3, 2)": [0.0341029092669487, 0.0, 0.0, 0.0, 0.0], "(3, 5, 2, 1)": [0.0, 0.35878854990005493, 0.0, 0.0, 0.0], "(2, 3, 1, 1)": [0.578481912612915, 0.0, 0.9743215441703796, 3.4154179096221924, 7.032608985900879], "(3, 4, 2, 3)": [0.0, 0.03956315293908119, 0.0, 0.0, 0.0], "(3, 4, 3, 3)": [0.05014127492904663, 0.0, 0.0, 0.0, 0.0], "(3, 1, 2, 1)": [29.42591094970703, 0.0, 0.5060556530952454, 14.648798942565918, 36.80391311645508], "(2, 5, 3, 3)": [5.831104278564453, 0.0, 5.989740371704102, 0.2461867779493332, 0.06176266819238663], "(3, 4, 3, 2)": [0.6650533676147461, 0.0, 0.0, 0.0, 0.0], "(3, 7, 3, 2)": [0.0, 0.4873523712158203, 0.0, 0.0, 0.0], "(2, 4, 3, 3)": [0.0, 0.0, 0.0, 0.03893950954079628, 0.033927831798791885], "(2, 2, 3, 2)": [0.0, 0.0, 12.612157821655273, 0.0, 0.0], "(2, 3, 3, 2)": [0.0, 0.0, 0.0, 0.05890467390418053, 0.0], "(2, 4, 3, 2)": [0.0, 4.824331283569336, 0.0, 0.0, 0.0], "(2, 3, 3, 3)": [7.9598259925842285, 5.907379627227783, 0.0, 0.0, 0.0], "(2, 4, 1, 2)": [0.02999945543706417, 0.0, 0.030824564397335052, 6.791592597961426, 0.0], "(3, 5, 2, 3)": [0.0, 0.0, 0.0, 0.029497656971216202, 0.0], "(2, 5, 1, 1)": [0.1880272477865219, 0.5218919515609741, 0.0, 0.0, 0.0], "(3, 4, 2, 1)": [0.0, 0.0, 0.9125449657440186, 0.0, 0.0], "(2, 5, 1, 2)": [0.03537904843688011, 0.0, 9.351530075073242, 0.0, 9.248817443847656], "(1, 3, 1, 1)": [0.056681420654058456, 0.0, 0.0, 1.018491506576538, 0.0], "(1, 2, 1, 1)": [0.0, 0.026179565116763115, 0.8476166129112244, 0.0, 2.596801996231079], "(1, 1, 1, 1)": [0.0, 0.0, 0.024836521595716476, 0.0, 12.988860130310059], "(2, 6, 1, 2)": [0.0, 0.334505170583725, 10.2811918258667, 0.0, 0.0], "(1, 4, 1, 1)": [0.0, 0.0, 0.0, 0.3950740694999695, 0.0], "(1, 4, 1, 2)": [0.12170377373695374, 0.03364897519350052, 0.033640358597040176, 0.0, 0.3935720920562744], "(1, 3, 1, 2)": [0.05931492894887924, 0.0, 0.0, 0.11765901744365692, 0.0], "(1, 2, 2, 1)": [0.0, 0.0, 0.12606917321681976, 0.0, 0.0], "(1, 2, 1, 2)": [0.0, 0.0, 3.9288032054901123, 0.0, 0.0], "(1, 4, 2, 3)": [0.5483524203300476, 0.0, 0.0, 0.0, 0.0], "(1, 6, 1, 2)": [0.0, 0.13957570493221283, 0.0, 0.0, 0.0], "(1, 5, 1, 2)": [0.06225915998220444, 0.0, 0.060501277446746826, 0.0, 0.0]}}