{"q_values": {"(2, 5, 2, 2)": [773.0020751953125, 773.813720703125, 777.4972534179688, 774.4808959960938, 773.0006713867188], "(2, 6, 2, 2)": [756.2705688476562, 773.947998046875, 769.6138305664062, 770.6627197265625, 767.5628662109375], "(2, 7, 2, 2)": [760.9132080078125, 758.2599487304688, 765.2239379882812, 762.1265258789062, 758.7559814453125], "(2, 3, 2, 2)": [770.19873046875, 773.0618286132812, 766.0814208984375, 760.1849365234375, 769.9948120117188], "(2, 1, 2, 2)": [761.5923461914062, 760.960205078125, 766.8742065429688, 760.8677978515625, 762.01318359375], "(2, 2, 2, 2)": [767.0198364257812, 767.5576171875, 770.43896484375, 771.9100952148438, 770.1361083984375], "(2, 4, 2, 2)": [771.0938110351562, 771.6173095703125, 771.4353637695312, 776.0143432617188, 759.6317138671875], "(2, 6, 2, 3)": [618.4182739257812, 366.3367919921875, 324.50946044921875, 238.83123779296875, 313.4087219238281], "(2, 2, 2, 1)": [267.03570556640625, 282.6566162109375, 308.42230224609375, 367.9378967285156, 651.0501098632812], "(2, 1, 2, 1)": [405.15203857421875, 389.302490234375, 426.603759765625, 632.6295166015625, 438.48944091796875], "(2, 3, 2, 3)": [53.60588836669922, 395.2267150878906, 70.26215362548828, 25.688709259033203, 34.059608459472656], "(2, 4, 2, 3)": [180.1522979736328, 478.899169921875, 171.3625030517578, 107.996826171875, 132.46624755859375], "(2, 7, 2, 3)": [422.98492431640625, 615.2041625976562, 427.4013977050781, 347.5540771484375, 368.0946960449219], "(2, 5, 2, 3)": [311.0321044921875, 557.0975952148438, 251.14768981933594, 131.90492248535156, 189.1855010986328], "(2, 3, 2, 1)": [179.9003143310547, 225.9972381591797, 227.16981506347656, 253.90577697753906, 602.932373046875], "(1, 3, 2, 2)": [14.452221870422363, 7.401246070861816, 5.557098388671875, 7.077437400817871, 3.8954880237579346], "(1, 2, 2, 2)": [52.15285110473633, 27.718324661254883, 25.868444442749023, 19.81793785095215, 37.54545211791992], "(1, 4, 2, 2)": [9.092825889587402, 8.107505798339844, 9.601201057434082, 9.25664234161377, 20.185014724731445], "(1, 5, 2, 2)": [30.969762802124023, 25.616046905517578, 52.46045684814453, 48.276981353759766, 30.06447410583496], "(1, 6, 2, 2)": [57.39632034301758, 83.17169952392578, 150.63638305664062, 83.59307861328125, 83.73356628417969], "(1, 7, 2, 2)": [181.8016815185547, 197.6486053466797, 150.3172149658203, 395.19122314453125, 197.08038330078125], "(2, 2, 1, 1)": [0.281083345413208, 0.5099550485610962, 3.0909698009490967, 9.737993240356445, 6.652221202850342], "(2, 1, 1, 1)": [52.19627380371094, 3.4409642219543457, 2.973663568496704, 1.3627827167510986, 10.187941551208496], "(2, 7, 3, 3)": [9.131487846374512, 0.6914678812026978, 4.989872932434082, 39.4962158203125, 15.321500778198242], "(2, 4, 2, 1)": [69.96100616455078, 129.620361328125, 234.25997924804688, 164.71456909179688, 486.7596435546875], "(3, 7, 2, 2)": [242.27513122558594, 214.62693786621094, 177.86512756347656, 219.09104919433594, 422.5971984863281], "(2, 5, 2, 1)": [35.03825378417969, 32.30023193359375, 79.52584838867188, 308.3042907714844, 190.6759796142578], "(2, 4, 1, 1)": [0.0, 0.16917677223682404, 5.204235076904297, 22.857614517211914, 17.422809600830078], "(1, 1, 2, 2)": [222.08445739746094, 112.96305084228516, 90.81754302978516, 113.74861907958984, 136.95431518554688], "(3, 3, 2, 2)": [36.79793930053711, 38.741607666015625, 59.774314880371094, 34.48216247558594, 31.88200569152832], "(3, 2, 2, 2)": [159.66526794433594, 71.50981140136719, 79.18217468261719, 85.80073547363281, 71.572021484375], "(3, 1, 2, 2)": [207.79872131347656, 219.1387176513672, 458.8163146972656, 248.3621063232422, 265.9475402832031], "(2, 6, 3, 3)": [9.565619468688965, 0.0, 0.04206636920571327, 0.6300723552703857, 0.028548723086714745], "(3, 6, 2, 2)": [97.08990478515625, 82.23945617675781, 171.67718505859375, 104.89503479003906, 117.98847198486328], "(3, 5, 2, 2)": [48.18247985839844, 50.453792572021484, 74.13809967041016, 54.87154006958008, 55.1822509765625], "(3, 4, 2, 2)": [39.83077621459961, 33.36644744873047, 33.802791595458984, 31.96380615234375, 49.15121078491211], "(3, 2, 2, 1)": [1.0698076486587524, 0.03355620056390762, 0.5452948212623596, 89.09671020507812, 10.987915992736816], "(3, 3, 2, 1)": [1.1329832077026367, 0.04255109280347824, 0.34206685423851013, 0.0, 3.140897750854492], "(1, 5, 2, 3)": [0.06606347858905792, 1.111043930053711, 0.865772545337677, 0.0553131066262722, 14.745635032653809], "(1, 6, 2, 3)": [0.0, 7.481834411621094, 0.35836338996887207, 16.598445892333984, 16.412233352661133], "(1, 7, 2, 3)": [7.766885280609131, 19.08550453186035, 3.848905086517334, 95.99388122558594, 23.075654983520508], "(2, 2, 2, 3)": [12.980667114257812, 87.89483642578125, 0.0, 0.0, 9.082514762878418], "(3, 6, 2, 3)": [0.0, 11.20595932006836, 0.0, 0.027122829109430313, 0.2284826785326004], "(3, 7, 2, 3)": [16.308019638061523, 24.014745712280273, 13.388258934020996, 21.53028678894043, 5.054035663604736], "(3, 7, 3, 3)": [0.0, 0.0, 5.815621852874756, 6.538180828094482, 0.0], "(2, 6, 2, 1)": [12.014399528503418, 5.746301651000977, 0.0, 9.935060501098633, 34.39939880371094], "(1, 1, 2, 1)": [23.772136688232422, 3.66152286529541, 105.69141387939453, 33.566734313964844, 12.96066951751709], "(3, 5, 3, 2)": [3.1426048278808594, 0.0, 0.0, 0.0, 0.0], "(3, 5, 2, 1)": [0.0, 0.35878854990005493, 0.0, 0.0, 0.0], "(2, 3, 1, 1)": [0.578481912612915, 0.0, 0.9743215441703796, 3.4154179096221924, 18.50562286376953], "(3, 4, 2, 3)": [0.0, 0.03956315293908119, 0.0, 0.0, 0.0], "(3, 4, 3, 3)": [0.05014127492904663, 0.0, 0.0, 0.0, 0.0], "(3, 1, 2, 1)": [60.353694915771484, 58.74034118652344, 58.73139953613281, 48.451499938964844, 116.19213104248047], "(2, 5, 3, 3)": [35.27124786376953, 20.997661590576172, 5.989740371704102, 0.2461867779493332, 0.06176266819238663], "(3, 4, 3, 2)": [0.6650533676147461, 1.29753577709198, 0.0, 0.0, 0.0], "(3, 7, 3, 2)": [22.246559143066406, 0.4873523712158203, 0.0, 0.0, 0.0], "(2, 4, 3, 3)": [0.0, 0.0, 0.0, 1.1257352828979492, 0.033927831798791885], "(2, 2, 3, 2)": [0.0, 0.0, 29.914955139160156, 0.0, 0.0], "(2, 3, 3, 2)": [0.0, 0.0, 0.0, 0.0887635350227356, 0.17471466958522797], "(2, 4, 3, 2)": [0.0, 4.824331283569336, 0.0308624729514122, 0.17470793426036835, 0.0], "(2, 3, 3, 3)": [7.9598259925842285, 5.907379627227783, 0.0, 0.0, 0.0], "(2, 4, 1, 2)": [0.02999945543706417, 0.0, 0.030824564397335052, 6.791592597961426, 0.0], "(3, 5, 2, 3)": [0.0, 0.0, 2.1684021949768066, 0.26412448287010193, 0.0], "(2, 5, 1, 1)": [0.1880272477865219, 1.0589191913604736, 0.0, 0.0, 20.99665641784668], "(3, 4, 2, 1)": [0.0, 0.0, 2.2050533294677734, 0.0, 0.0], "(2, 5, 1, 2)": [0.03537904843688011, 0.0, 9.351530075073242, 0.0, 9.248817443847656], "(1, 3, 1, 1)": [0.056681420654058456, 0.0, 0.0, 1.018491506576538, 0.0], "(1, 2, 1, 1)": [0.0, 0.026179565116763115, 0.8476166129112244, 0.0, 2.596801996231079], "(1, 1, 1, 1)": [0.0, 0.0, 0.024836521595716476, 0.0, 18.54826545715332], "(2, 6, 1, 2)": [0.0, 0.334505170583725, 10.2811918258667, 0.0, 0.0], "(1, 4, 1, 1)": [0.0, 0.0, 0.0, 0.3950740694999695, 0.0], "(1, 4, 1, 2)": [0.12170377373695374, 0.03364897519350052, 0.033640358597040176, 0.0, 0.3935720920562744], "(1, 3, 1, 2)": [0.05931492894887924, 0.0, 0.0, 0.11765901744365692, 0.0], "(1, 2, 2, 1)": [0.0, 2.1630547046661377, 0.15351946651935577, 6.402807235717773, 0.0], "(1, 2, 1, 2)": [0.0, 0.1459154337644577, 9.932238578796387, 0.0, 0.0], "(1, 4, 2, 3)": [0.5483524203300476, 0.0, 0.0, 0.0, 0.0], "(1, 6, 1, 2)": [0.0, 0.13957570493221283, 0.0, 0.0, 0.0], "(1, 5, 1, 2)": [0.06225915998220444, 0.0, 0.060501277446746826, 0.0, 0.0], "(3, 3, 3, 3)": [1.3195366859436035, 0.0, 0.0, 0.0, 0.0]}}