{"q_values": {"(2, 5, 2, 2)": [310.7317810058594, 316.5712585449219, 308.1369934082031, 316.06683349609375, 312.56439208984375], "(2, 6, 2, 2)": [312.3615417480469, 312.530517578125, 313.1494445800781, 312.41571044921875, 307.8453369140625], "(2, 7, 2, 2)": [308.6922607421875, 305.0871887207031, 306.1339416503906, 306.02203369140625, 303.4709777832031], "(2, 3, 2, 2)": [309.19268798828125, 310.4604797363281, 312.70538330078125, 311.273193359375, 311.9112854003906], "(2, 1, 2, 2)": [302.2738952636719, 305.7596435546875, 308.0101623535156, 305.63580322265625, 305.3863220214844], "(2, 2, 2, 2)": [306.3224182128906, 308.50482177734375, 307.8719177246094, 310.47894287109375, 301.93292236328125], "(2, 4, 2, 2)": [311.8696594238281, 313.8355407714844, 315.13623046875, 314.17108154296875, 313.5853576660156], "(2, 6, 2, 3)": [221.49607849121094, 137.6241455078125, 104.52961730957031, 83.3892822265625, 101.14131164550781], "(2, 2, 2, 1)": [101.54560852050781, 74.67387390136719, 125.09889221191406, 159.21578979492188, 201.65174865722656], "(2, 1, 2, 1)": [131.6517791748047, 144.32676696777344, 166.43698120117188, 214.91995239257812, 165.4051971435547], "(2, 3, 2, 3)": [16.506160736083984, 89.16490173339844, 19.865345001220703, 4.97235107421875, 16.567256927490234], "(2, 4, 2, 3)": [100.42412567138672, 104.23937225341797, 69.70584869384766, 34.10579299926758, 34.909664154052734], "(2, 7, 2, 3)": [187.64010620117188, 222.19454956054688, 152.51565551757812, 150.98751831054688, 157.20098876953125], "(2, 5, 2, 3)": [132.42100524902344, 199.94381713867188, 104.03570556640625, 41.71028518676758, 65.23190307617188], "(2, 3, 2, 1)": [67.42891693115234, 68.88587951660156, 92.05915069580078, 103.95685577392578, 205.78199768066406], "(1, 3, 2, 2)": [1.930939793586731, 1.3654005527496338, 1.5244183540344238, 1.1223170757293701, 1.4188158512115479], "(1, 2, 2, 2)": [6.677562236785889, 2.256051778793335, 8.180928230285645, 1.8711727857589722, 5.738016128540039], "(1, 4, 2, 2)": [1.7700201272964478, 3.2914133071899414, 2.8201980590820312, 2.4481613636016846, 11.667387008666992], "(1, 5, 2, 2)": [2.9942750930786133, 1.230831265449524, 1.7380192279815674, 1.336900234222412, 1.3928977251052856], "(1, 6, 2, 2)": [2.370992660522461, 1.3836581707000732, 12.59157943725586, 3.277416229248047, 6.138459205627441], "(1, 7, 2, 2)": [16.996013641357422, 63.18603515625, 33.983055114746094, 34.64007568359375, 46.889286041259766], "(2, 2, 1, 1)": [0.281083345413208, 0.5099550485610962, 3.0909698009490967, 9.737993240356445, 0.0], "(2, 1, 1, 1)": [10.914371490478516, 3.4409642219543457, 2.973663568496704, 1.3627827167510986, 0.0], "(2, 7, 3, 3)": [9.131487846374512, 0.6914678812026978, 4.989872932434082, 6.2084641456604, 0.07240787893533707], "(2, 4, 2, 1)": [29.4294490814209, 49.80443572998047, 73.9653091430664, 87.39755249023438, 163.02210998535156], "(3, 7, 2, 2)": [37.24518585205078, 32.12976837158203, 51.43484115600586, 54.12308120727539, 84.63631439208984], "(2, 5, 2, 1)": [4.8363189697265625, 5.928787708282471, 33.060035705566406, 69.55343627929688, 40.10813522338867], "(2, 4, 1, 1)": [0.0, 0.038223281502723694, 0.0, 7.432178020477295, 5.268157005310059], "(1, 1, 2, 2)": [78.52959442138672, 39.346920013427734, 21.02683448791504, 34.584869384765625, 18.40489959716797], "(3, 3, 2, 2)": [4.21356725692749, 4.630543231964111, 4.355961322784424, 5.892666816711426, 6.219335079193115], "(3, 2, 2, 2)": [12.40970230102539, 9.181319236755371, 11.35399341583252, 16.006637573242188, 10.359126091003418], "(3, 1, 2, 2)": [42.26634216308594, 39.809818267822266, 83.54529571533203, 47.85990524291992, 39.877132415771484], "(2, 6, 3, 3)": [9.565619468688965, 0.0, 0.04206636920571327, 0.6300723552703857, 0.028548723086714745], "(3, 6, 2, 2)": [13.733606338500977, 5.129749298095703, 17.02420425415039, 10.675010681152344, 7.8457350730896], "(3, 5, 2, 2)": [5.607233047485352, 5.33960485458374, 7.338168621063232, 5.575899600982666, 5.220247745513916], "(3, 4, 2, 2)": [11.183123588562012, 6.862432479858398, 5.970301628112793, 6.001233100891113, 6.9880547523498535], "(3, 2, 2, 1)": [0.4578891694545746, 0.03355620056390762, 0.4249265789985657, 0.3272126615047455, 0.0], "(3, 3, 2, 1)": [0.8617228269577026, 0.0, 0.0, 0.0, 0.11454297602176666], "(1, 5, 2, 3)": [0.06606347858905792, 0.0, 0.05967988073825836, 0.0, 0.028267191722989082], "(1, 6, 2, 3)": [0.0, 0.3932156562805176, 0.35836338996887207, 0.039143599569797516, 0.028125043958425522], "(1, 7, 2, 3)": [0.16905412077903748, 0.9927340745925903, 0.5350942015647888, 8.129446029663086, 8.751644134521484], "(2, 2, 2, 3)": [0.0, 15.924689292907715, 0.0, 0.0, 0.26238200068473816], "(3, 6, 2, 3)": [0.0, 0.0, 0.0, 0.027122829109430313, 0.2284826785326004], "(3, 7, 2, 3)": [9.385798454284668, 1.9845155477523804, 0.0, 0.0, 5.054035663604736], "(3, 7, 3, 3)": [0.0, 0.0, 5.815621852874756, 6.538180828094482, 0.0], "(2, 6, 2, 1)": [5.0189104080200195, 0.09890739619731903, 0.0, 0.0, 0.0], "(1, 1, 2, 1)": [0.0, 3.3220105171203613, 0.0726991593837738, 0.0, 2.4678640365600586], "(3, 5, 3, 2)": [0.0341029092669487, 0.0, 0.0, 0.0, 0.0], "(3, 5, 2, 1)": [0.0, 0.35878854990005493, 0.0, 0.0, 0.0], "(2, 3, 1, 1)": [0.14482414722442627, 0.0, 0.9743215441703796, 3.4154179096221924, 0.0], "(3, 4, 2, 3)": [0.0, 0.03956315293908119, 0.0, 0.0, 0.0], "(3, 4, 3, 3)": [0.05014127492904663, 0.0, 0.0, 0.0, 0.0], "(3, 1, 2, 1)": [7.355771064758301, 0.0, 0.5060556530952454, 0.0, 17.451242446899414], "(2, 5, 3, 3)": [5.831104278564453, 0.0, 5.989740371704102, 0.2461867779493332, 0.06176266819238663], "(3, 4, 3, 2)": [0.6650533676147461, 0.0, 0.0, 0.0, 0.0], "(3, 7, 3, 2)": [0.0, 0.4873523712158203, 0.0, 0.0, 0.0], "(2, 4, 3, 3)": [0.0, 0.0, 0.0, 0.03893950954079628, 0.033927831798791885], "(2, 2, 3, 2)": [0.0, 0.0, 12.612157821655273, 0.0, 0.0], "(2, 3, 3, 2)": [0.0, 0.0, 0.0, 0.05890467390418053, 0.0], "(2, 4, 3, 2)": [0.0, 4.824331283569336, 0.0, 0.0, 0.0], "(2, 3, 3, 3)": [7.9598259925842285, 5.907379627227783, 0.0, 0.0, 0.0], "(2, 4, 1, 2)": [0.02999945543706417, 0.0, 0.030824564397335052, 6.791592597961426, 0.0], "(3, 5, 2, 3)": [0.0, 0.0, 0.0, 0.029497656971216202, 0.0], "(2, 5, 1, 1)": [0.1880272477865219, 0.27724525332450867, 0.0, 0.0, 0.0], "(3, 4, 2, 1)": [0.0, 0.0, 0.17260512709617615, 0.0, 0.0], "(2, 5, 1, 2)": [0.03537904843688011, 0.0, 9.351530075073242, 0.0, 9.248817443847656], "(1, 3, 1, 1)": [0.056681420654058456, 0.0, 0.0, 0.0, 0.0], "(1, 2, 1, 1)": [0.0, 0.026179565116763115, 0.027377262711524963, 0.0, 0.0], "(1, 1, 1, 1)": [0.0, 0.0, 0.024836521595716476, 0.0, 9.086532592773438], "(2, 6, 1, 2)": [0.0, 0.334505170583725, 0.0, 0.0, 0.0]}}