{"q_values": {"(2, 5, 2, 2)": [210.1876983642578, 212.0843048095703, 213.61216735839844, 211.94297790527344, 208.9154052734375], "(2, 6, 2, 2)": [207.6061248779297, 207.3118133544922, 202.3935089111328, 208.35951232910156, 202.95181274414062], "(2, 7, 2, 2)": [206.845947265625, 207.70022583007812, 203.281982421875, 205.6978759765625, 205.1670379638672], "(2, 3, 2, 2)": [206.3624267578125, 216.5867462158203, 217.15931701660156, 216.69692993164062, 216.89002990722656], "(2, 1, 2, 2)": [206.94332885742188, 207.27801513671875, 207.81338500976562, 208.38609313964844, 207.14459228515625], "(2, 2, 2, 2)": [208.05599975585938, 212.50755310058594, 213.5923614501953, 213.5051727294922, 215.12106323242188], "(2, 4, 2, 2)": [217.36048889160156, 217.39697265625, 218.09283447265625, 217.64476013183594, 216.1634521484375], "(2, 6, 2, 3)": [103.6842269897461, 90.23836517333984, 58.43442916870117, 44.431514739990234, 42.828651428222656], "(2, 2, 2, 1)": [63.62972640991211, 50.2032585144043, 82.50469970703125, 93.65801239013672, 133.82412719726562], "(2, 1, 2, 1)": [90.282470703125, 92.75275421142578, 109.77555084228516, 147.64300537109375, 121.42980194091797], "(2, 3, 2, 3)": [7.851452350616455, 36.40080642700195, 19.865345001220703, 2.7168564796447754, 7.056678295135498], "(2, 4, 2, 3)": [68.59115600585938, 57.58694076538086, 46.87612533569336, 28.252470016479492, 18.93825912475586], "(2, 7, 2, 3)": [106.27454376220703, 137.20172119140625, 103.85025787353516, 80.71974182128906, 89.26963806152344], "(2, 5, 2, 3)": [83.39189910888672, 108.93217468261719, 54.775543212890625, 30.916641235351562, 33.97773361206055], "(2, 3, 2, 1)": [33.18458557128906, 43.90892791748047, 45.69937515258789, 77.04525756835938, 125.92249298095703], "(1, 3, 2, 2)": [1.4015592336654663, 1.0540056228637695, 1.14551842212677, 0.7429860234260559, 1.309456467628479], "(1, 2, 2, 2)": [2.6278772354125977, 1.2139848470687866, 1.5442241430282593, 1.2021921873092651, 1.3456512689590454], "(1, 4, 2, 2)": [0.8394832611083984, 1.1303608417510986, 1.33189857006073, 1.2634984254837036, 1.9907710552215576], "(1, 5, 2, 2)": [1.3109235763549805, 0.8638348579406738, 0.8431707620620728, 0.7416713237762451, 0.7966441512107849], "(1, 6, 2, 2)": [0.5806207060813904, 0.7466881275177002, 2.1491639614105225, 1.1224619150161743, 0.8865137100219727], "(1, 7, 2, 2)": [13.214881896972656, 16.99180793762207, 15.515527725219727, 8.642438888549805, 13.683717727661133], "(2, 2, 1, 1)": [0.1292809396982193, 0.24087011814117432, 3.0909698009490967, 3.8676881790161133, 0.0], "(2, 1, 1, 1)": [4.291600704193115, 3.4409642219543457, 2.973663568496704, 1.3627827167510986, 0.0], "(2, 7, 3, 3)": [0.0, 0.6914678812026978, 4.989872932434082, 6.2084641456604, 0.07240787893533707], "(2, 4, 2, 1)": [18.96217155456543, 23.010587692260742, 49.23134231567383, 60.89741897583008, 72.79087829589844], "(3, 7, 2, 2)": [20.71725845336914, 14.362271308898926, 28.26458168029785, 39.543087005615234, 15.20960807800293], "(2, 5, 2, 1)": [2.0621094703674316, 4.24736213684082, 22.938756942749023, 38.52383804321289, 27.940349578857422], "(2, 4, 1, 1)": [0.0, 0.038223281502723694, 0.0, 0.27462631464004517, 5.268157005310059], "(1, 1, 2, 2)": [20.14811134338379, 17.94949722290039, 10.351512908935547, 9.885292053222656, 5.146299839019775], "(3, 3, 2, 2)": [1.6114282608032227, 1.9166451692581177, 1.8722907304763794, 1.8463749885559082, 3.1343348026275635], "(3, 2, 2, 2)": [8.026910781860352, 2.273723602294922, 5.075628280639648, 8.780536651611328, 4.926630973815918], "(3, 1, 2, 2)": [19.453048706054688, 15.022168159484863, 31.92839813232422, 23.482120513916016, 11.827920913696289], "(2, 6, 3, 3)": [9.565619468688965, 0.0, 0.04206636920571327, 0.11858318746089935, 0.028548723086714745], "(3, 6, 2, 2)": [3.1972522735595703, 3.1696035861968994, 4.050235748291016, 5.074750900268555, 3.1014106273651123], "(3, 5, 2, 2)": [5.122185230255127, 4.180785655975342, 6.70587158203125, 3.9381508827209473, 4.078064441680908], "(3, 4, 2, 2)": [5.245150089263916, 2.729137897491455, 2.311506986618042, 2.7230608463287354, 3.1482043266296387], "(3, 2, 2, 1)": [0.1850464940071106, 0.03355620056390762, 0.14991502463817596, 0.3272126615047455, 0.0], "(3, 3, 2, 1)": [0.8156927824020386, 0.0, 0.0, 0.0, 0.11454297602176666], "(1, 5, 2, 3)": [0.06606347858905792, 0.0, 0.02904522605240345, 0.0, 0.028267191722989082], "(1, 6, 2, 3)": [0.0, 0.035319190472364426, 0.09176702797412872, 0.0, 0.028125043958425522], "(1, 7, 2, 3)": [0.16905412077903748, 0.0, 0.0, 8.104622840881348, 0.0], "(2, 2, 2, 3)": [0.0, 1.1963582038879395, 0.0, 0.0, 0.0], "(3, 6, 2, 3)": [0.0, 0.0, 0.0, 0.027122829109430313, 0.0], "(3, 7, 2, 3)": [0.7370767593383789, 0.0, 0.0, 0.0, 5.054035663604736], "(3, 7, 3, 3)": [0.0, 0.0, 5.815621852874756, 0.0, 0.0], "(2, 6, 2, 1)": [3.3099007606506348, 0.09890739619731903, 0.0, 0.0, 0.0], "(1, 1, 2, 1)": [0.0, 3.295747756958008, 0.0726991593837738, 0.0, 1.8950012922286987], "(3, 5, 3, 2)": [0.0341029092669487, 0.0, 0.0, 0.0, 0.0], "(3, 5, 2, 1)": [0.0, 0.35878854990005493, 0.0, 0.0, 0.0], "(2, 3, 1, 1)": [0.14482414722442627, 0.0, 0.9743215441703796, 3.4154179096221924, 0.0], "(3, 4, 2, 3)": [0.0, 0.03956315293908119, 0.0, 0.0, 0.0], "(3, 4, 3, 3)": [0.05014127492904663, 0.0, 0.0, 0.0, 0.0], "(3, 1, 2, 1)": [0.0, 0.0, 0.0, 0.0, 8.409008026123047], "(2, 5, 3, 3)": [5.831104278564453, 0.0, 0.31435835361480713, 0.2461867779493332, 0.06176266819238663], "(3, 4, 3, 2)": [0.2870294749736786, 0.0, 0.0, 0.0, 0.0], "(3, 7, 3, 2)": [0.0, 0.4873523712158203, 0.0, 0.0, 0.0], "(2, 4, 3, 3)": [0.0, 0.0, 0.0, 0.03893950954079628, 0.033927831798791885], "(2, 2, 3, 2)": [0.0, 0.0, 4.7967939376831055, 0.0, 0.0], "(2, 3, 3, 2)": [0.0, 0.0, 0.0, 0.05890467390418053, 0.0], "(2, 4, 3, 2)": [0.0, 4.824331283569336, 0.0, 0.0, 0.0], "(2, 3, 3, 3)": [0.0, 5.907379627227783, 0.0, 0.0, 0.0]}}