{"q_values": {"(2, 5, 2, 2)": [94.34388732910156, 95.33019256591797, 93.62698364257812, 93.92802429199219, 91.41429138183594], "(2, 6, 2, 2)": [88.5748062133789, 88.19583129882812, 88.050048828125, 88.12580871582031, 82.54664611816406], "(2, 7, 2, 2)": [85.73858642578125, 85.13249969482422, 85.6949234008789, 85.7017822265625, 84.64070129394531], "(2, 3, 2, 2)": [92.0062255859375, 93.19105529785156, 93.45327758789062, 93.9649429321289, 93.99797058105469], "(2, 1, 2, 2)": [85.76092529296875, 85.6446762084961, 87.03193664550781, 86.70244598388672, 87.19031524658203], "(2, 2, 2, 2)": [87.0352783203125, 88.61798858642578, 88.38967895507812, 87.5699691772461, 88.4568862915039], "(2, 4, 2, 2)": [95.34955596923828, 95.84553527832031, 96.26703643798828, 95.93580627441406, 95.74068450927734], "(2, 6, 2, 3)": [38.11852264404297, 25.042402267456055, 14.922652244567871, 12.62695598602295, 11.202786445617676], "(2, 2, 2, 1)": [12.84914779663086, 9.745403289794922, 26.587440490722656, 37.317901611328125, 43.458072662353516], "(2, 1, 2, 1)": [25.993249893188477, 28.261018753051758, 30.56845474243164, 42.85621643066406, 39.85728073120117], "(2, 3, 2, 3)": [1.039153814315796, 5.947934150695801, 2.520867347717285, 0.5471572875976562, 0.4756007790565491], "(2, 4, 2, 3)": [24.81257438659668, 15.228240013122559, 10.034074783325195, 4.882601737976074, 0.5417654514312744], "(2, 7, 2, 3)": [35.701175689697266, 42.32091522216797, 27.096994400024414, 27.909282684326172, 29.668533325195312], "(2, 5, 2, 3)": [22.480913162231445, 33.48631286621094, 10.961562156677246, 6.503868579864502, 8.222001075744629], "(2, 3, 2, 1)": [9.306360244750977, 9.156435012817383, 16.139820098876953, 20.562362670898438, 37.36197280883789], "(1, 3, 2, 2)": [1.0150325298309326, 0.8013079166412354, 1.0314494371414185, 0.6005451679229736, 0.8067885637283325], "(1, 2, 2, 2)": [0.7339991927146912, 0.5074823498725891, 0.7361646890640259, 0.6265977621078491, 0.7955493927001953], "(1, 4, 2, 2)": [0.6372720003128052, 0.7641780376434326, 0.9829975366592407, 0.6780588030815125, 1.9077092409133911], "(1, 5, 2, 2)": [0.531173050403595, 0.35419854521751404, 0.4301215708255768, 0.34220895171165466, 0.25404664874076843], "(1, 6, 2, 2)": [0.18246117234230042, 0.24583488702774048, 0.22484718263149261, 0.36209967732429504, 0.3195189833641052], "(1, 7, 2, 2)": [1.3043855428695679, 1.120646595954895, 5.5791826248168945, 1.7696928977966309, 0.09117370843887329], "(2, 2, 1, 1)": [0.0, 0.10020878165960312, 0.0, 0.18569433689117432, 0.0], "(2, 1, 1, 1)": [0.0, 3.4409642219543457, 0.030107084661722183, 1.3627827167510986, 0.0], "(2, 7, 3, 3)": [0.0, 0.6914678812026978, 0.1415756642818451, 0.2571549117565155, 0.02698582224547863], "(2, 4, 2, 1)": [2.791083574295044, 2.9941751956939697, 12.330896377563477, 11.904583930969238, 20.77176284790039], "(3, 7, 2, 2)": [2.0034372806549072, 2.855268955230713, 3.590006113052368, 7.141504287719727, 10.612109184265137], "(2, 5, 2, 1)": [0.08282316476106644, 0.36436912417411804, 2.0869860649108887, 9.070085525512695, 10.975191116333008], "(2, 4, 1, 1)": [0.0, 0.0, 0.0, 0.27462631464004517, 0.0], "(1, 1, 2, 2)": [2.756057024002075, 4.333320617675781, 3.518826961517334, 1.2471399307250977, 1.757682204246521], "(3, 3, 2, 2)": [0.5041021108627319, 0.5173684358596802, 0.4189983308315277, 0.5851276516914368, 0.7848781943321228], "(3, 2, 2, 2)": [0.4047212600708008, 0.25813448429107666, 0.7882623076438904, 0.4579341411590576, 3.1981287002563477], "(3, 1, 2, 2)": [2.4663491249084473, 3.8267452716827393, 3.6419076919555664, 6.291084289550781, 1.6710554361343384], "(2, 6, 3, 3)": [3.555499315261841, 0.0, 0.04206636920571327, 0.0, 0.028548723086714745], "(3, 6, 2, 2)": [0.8228042125701904, 0.6694381833076477, 1.3581669330596924, 1.424734354019165, 0.6639593839645386], "(3, 5, 2, 2)": [0.6230630874633789, 0.6280670166015625, 0.9052568674087524, 0.7066936492919922, 0.5644239187240601], "(3, 4, 2, 2)": [0.38689035177230835, 0.5819870829582214, 0.7356480360031128, 0.4127371609210968, 0.5317119359970093], "(3, 2, 2, 1)": [0.1850464940071106, 0.0, 0.0, 0.07696384191513062, 0.0], "(3, 3, 2, 1)": [0.8156927824020386, 0.0, 0.0, 0.0, 0.0], "(1, 5, 2, 3)": [0.0, 0.0, 0.02904522605240345, 0.0, 0.028267191722989082], "(1, 6, 2, 3)": [0.0, 0.035319190472364426, 0.09176702797412872, 0.0, 0.028125043958425522], "(1, 7, 2, 3)": [0.16905412077903748, 0.0, 0.0, 2.3841440677642822, 0.0], "(2, 2, 2, 3)": [0.0, 1.1963582038879395, 0.0, 0.0, 0.0], "(3, 6, 2, 3)": [0.0, 0.0, 0.0, 0.027122829109430313, 0.0], "(3, 7, 2, 3)": [0.0, 0.0, 0.0, 0.0, 0.025836193934082985], "(3, 7, 3, 3)": [0.0, 0.0, 1.2083364725112915, 0.0, 0.0], "(2, 6, 2, 1)": [0.6556119918823242, 0.09890739619731903, 0.0, 0.0, 0.0], "(1, 1, 2, 1)": [0.0, 3.295747756958008, 0.0726991593837738, 0.0, 1.8950012922286987], "(3, 5, 3, 2)": [0.0341029092669487, 0.0, 0.0, 0.0, 0.0], "(3, 5, 2, 1)": [0.0, 0.35878854990005493, 0.0, 0.0, 0.0], "(2, 3, 1, 1)": [0.0, 0.0, 0.9743215441703796, 0.9465529322624207, 0.0], "(3, 4, 2, 3)": [0.0, 0.03956315293908119, 0.0, 0.0, 0.0], "(3, 4, 3, 3)": [0.05014127492904663, 0.0, 0.0, 0.0, 0.0]}}