{"q_values": {"(2, 5, 2, 2)": [26.97298240661621, 26.97014617919922, 27.03253173828125, 26.8094539642334, 25.6137752532959], "(2, 6, 2, 2)": [24.713794708251953, 24.742462158203125, 24.487239837646484, 24.700122833251953, 24.391063690185547], "(2, 7, 2, 2)": [23.450881958007812, 23.184614181518555, 23.151588439941406, 22.69857406616211, 22.516820907592773], "(2, 3, 2, 2)": [27.33119773864746, 27.924007415771484, 28.374534606933594, 28.239084243774414, 28.08867645263672], "(2, 1, 2, 2)": [21.908235549926758, 22.002084732055664, 22.61391830444336, 22.31296157836914, 22.026220321655273], "(2, 2, 2, 2)": [25.788450241088867, 26.514236450195312, 26.430273056030273, 26.49977684020996, 26.621337890625], "(2, 4, 2, 2)": [28.87649917602539, 28.677122116088867, 28.908002853393555, 28.742687225341797, 28.755624771118164], "(2, 6, 2, 3)": [4.190984725952148, 1.580735445022583, 1.8007352352142334, 0.7123515605926514, 0.4344969093799591], "(2, 2, 2, 1)": [0.6718454360961914, 0.8820754289627075, 1.8149762153625488, 5.255029678344727, 2.2526047229766846], "(2, 1, 2, 1)": [2.4844837188720703, 4.255650043487549, 3.1700050830841064, 5.510854721069336, 3.109419345855713], "(2, 3, 2, 3)": [0.0, 0.0, 0.5520365238189697, 0.128343865275383, 0.1257195621728897], "(2, 4, 2, 3)": [1.997800588607788, 2.2325072288513184, 1.5821014642715454, 0.3640691041946411, 0.08233924210071564], "(2, 7, 2, 3)": [2.738114833831787, 1.8991377353668213, 2.8206844329833984, 1.600702166557312, 3.4283313751220703], "(2, 5, 2, 3)": [1.627751350402832, 4.307490348815918, 0.5804838538169861, 0.161983460187912, 0.3227311372756958], "(2, 3, 2, 1)": [0.6859862208366394, 0.2494499385356903, 0.9934276342391968, 2.848196268081665, 3.3894686698913574], "(1, 3, 2, 2)": [0.03237195312976837, 0.05994576960802078, 0.11503873765468597, 0.0, 0.06375851482152939], "(1, 2, 2, 2)": [0.09306858479976654, 0.05834776908159256, 0.12338942289352417, 0.12400844693183899, 0.16909128427505493], "(1, 4, 2, 2)": [0.0298090148717165, 0.03088744916021824, 0.0, 0.030841687694191933, 0.029994836077094078], "(1, 5, 2, 2)": [0.0, 0.028563519939780235, 0.03030121885240078, 0.0, 0.05870961397886276], "(1, 6, 2, 2)": [0.0, 0.0, 0.02715231664478779, 0.0, 0.02794872410595417], "(1, 7, 2, 2)": [0.026468448340892792, 0.022011570632457733, 0.025889473035931587, 0.0, 0.0], "(2, 2, 1, 1)": [0.0, 0.027112895622849464, 0.0, 0.0, 0.0], "(2, 1, 1, 1)": [0.0, 0.43154165148735046, 0.030107084661722183, 0.0, 0.0], "(2, 7, 3, 3)": [0.0, 0.05776429548859596, 0.1415756642818451, 0.2571549117565155, 0.02698582224547863], "(2, 4, 2, 1)": [0.0707380399107933, 0.0, 1.6455579996109009, 1.7640810012817383, 1.1544058322906494], "(3, 7, 2, 2)": [0.13570533692836761, 0.026425398886203766, 0.059909507632255554, 0.0, 0.8988103270530701], "(2, 5, 2, 1)": [0.08282316476106644, 0.0, 0.2606073021888733, 0.0, 0.8393313884735107], "(2, 4, 1, 1)": [0.0, 0.0, 0.0, 0.27462631464004517, 0.0], "(1, 1, 2, 2)": [0.7461152672767639, 0.33550429344177246, 0.08555217832326889, 0.43645814061164856, 0.09307825565338135], "(3, 3, 2, 2)": [0.18430328369140625, 0.18068012595176697, 0.09536192566156387, 0.06530633568763733, 0.12124989926815033], "(3, 2, 2, 2)": [0.09082020074129105, 0.058674752712249756, 0.09438984096050262, 0.1961231529712677, 0.09898647665977478], "(3, 1, 2, 2)": [0.47081196308135986, 0.05224895477294922, 0.09707868099212646, 0.0765293687582016, 0.6077009439468384], "(2, 6, 3, 3)": [0.0, 0.0, 0.04206636920571327, 0.0, 0.028548723086714745], "(3, 6, 2, 2)": [0.0, 0.0, 0.056039199233055115, 0.031321920454502106, 0.0]}}